cycle,i_word
1,0
2,0.000244141
3,-0.000244141
4,7.99976
5,-8
6,0.00195313
7,0.00170898
8,0.00219727
9,-0.00195313
10,-0.00219727
11,-0.00170898
12,0.0478516
13,0.0568848
14,0.065918
15,0.0749512
16,0.0839844
17,0
18,0.000244141
19,-0.000244141
20,7.99976
21,-8
22,0.00195313
23,0.00170898
24,0.00219727
25,-0.00195313
26,-0.00219727
27,-0.00170898
28,0.192383
29,0.201416
30,0.210449
31,0.219482
32,0.228516
33,0
34,0.000244141
35,-0.000244141
36,7.99976
37,-8
38,0.00195313
39,0.00170898
40,0.00219727
41,-0.00195313
42,-0.00219727
43,-0.00170898
44,0.336914
45,0.345947
46,0.35498
47,0.364014
48,0.373047
49,0
50,0.000244141
51,-0.000244141
52,7.99976
53,-8
54,0.00195313
55,0.00170898
56,0.00219727
57,-0.00195313
58,-0.00219727
59,-0.00170898
60,0.481445
61,0.490479
62,0.499512
63,0.508545
64,0.517578
65,0
66,0.000244141
67,-0.000244141
68,7.99976
69,-8
70,0.00195313
71,0.00170898
72,0.00219727
73,-0.00195313
74,-0.00219727
75,-0.00170898
76,0.625977
77,0.63501
78,0.644043
79,0.653076
80,0.662109
81,0
82,0.000244141
83,-0.000244141
84,7.99976
85,-8
86,0.00195313
87,0.00170898
88,0.00219727
89,-0.00195313
90,-0.00219727
91,-0.00170898
92,0.770508
93,0.779541
94,0.788574
95,0.797607
96,0.806641
97,0
98,0.000244141
99,-0.000244141
100,7.99976
101,-8
102,0.00195313
103,0.00170898
104,0.00219727
105,-0.00195313
106,-0.00219727
107,-0.00170898
108,0.915039
109,0.924072
110,0.933105
111,0.942139
112,0.951172
113,0
114,0.000244141
115,-0.000244141
116,7.99976
117,-8
118,0.00195313
119,0.00170898
120,0.00219727
121,-0.00195313
122,-0.00219727
123,-0.00170898
124,1.05957
125,1.0686
126,1.07764
127,1.08667
128,1.0957
129,0
130,0.000244141
131,-0.000244141
132,7.99976
133,-8
134,0.00195313
135,0.00170898
136,0.00219727
137,-0.00195313
138,-0.00219727
139,-0.00170898
140,1.2041
141,1.21313
142,1.22217
143,1.2312
144,1.24023
145,0
146,0.000244141
147,-0.000244141
148,7.99976
149,-8
150,0.00195313
151,0.00170898
152,0.00219727
153,-0.00195313
154,-0.00219727
155,-0.00170898
156,1.34863
157,1.35767
158,1.3667
159,1.37573
160,1.38477
161,0
162,0.000244141
163,-0.000244141
164,7.99976
165,-8
166,0.00195313
167,0.00170898
168,0.00219727
169,-0.00195313
170,-0.00219727
171,-0.00170898
172,1.49316
173,1.5022
174,1.51123
175,1.52026
176,1.5293
177,0
178,0.000244141
179,-0.000244141
180,7.99976
181,-8
182,0.00195313
183,0.00170898
184,0.00219727
185,-0.00195313
186,-0.00219727
187,-0.00170898
188,1.6377
189,1.64673
190,1.65576
191,1.66479
192,1.67383
193,0
194,0.000244141
195,-0.000244141
196,7.99976
197,-8
198,0.00195313
199,0.00170898
200,0.00219727
201,-0.00195313
202,-0.00219727
203,-0.00170898
204,1.78223
205,1.79126
206,1.80029
207,1.80933
208,1.81836
209,0
210,0.000244141
211,-0.000244141
212,7.99976
213,-8
214,0.00195313
215,0.00170898
216,0.00219727
217,-0.00195313
218,-0.00219727
219,-0.00170898
220,1.92676
221,1.93579
222,1.94482
223,1.95386
224,1.96289
225,0
226,0.000244141
227,-0.000244141
228,7.99976
229,-8
230,0.00195313
231,0.00170898
232,0.00219727
233,-0.00195313
234,-0.00219727
235,-0.00170898
236,2.07129
237,2.08032
238,2.08936
239,2.09839
240,2.10742
241,0
242,0.000244141
243,-0.000244141
244,7.99976
245,-8
246,0.00195313
247,0.00170898
248,0.00219727
249,-0.00195313
250,-0.00219727
251,-0.00170898
252,2.21582
253,2.22485
254,2.23389
255,2.24292
256,2.25195
257,0
258,0.000244141
259,-0.000244141
260,7.99976
261,-8
262,0.00195313
263,0.00170898
264,0.00219727
265,-0.00195313
266,-0.00219727
267,-0.00170898
268,2.36035
269,2.36938
270,2.37842
271,2.38745
272,2.39648
273,0
274,0.000244141
275,-0.000244141
276,7.99976
277,-8
278,0.00195313
279,0.00170898
280,0.00219727
281,-0.00195313
282,-0.00219727
283,-0.00170898
284,2.50488
285,2.51392
286,2.52295
287,2.53198
288,2.54102
289,0
290,0.000244141
291,-0.000244141
292,7.99976
293,-8
294,0.00195313
295,0.00170898
296,0.00219727
297,-0.00195313
298,-0.00219727
299,-0.00170898
300,2.64941
301,2.65845
302,2.66748
303,2.67651
304,2.68555
305,0
306,0.000244141
307,-0.000244141
308,7.99976
309,-8
310,0.00195313
311,0.00170898
312,0.00219727
313,-0.00195313
314,-0.00219727
315,-0.00170898
316,2.79395
317,2.80298
318,2.81201
319,2.82104
320,2.83008
321,0
322,0.000244141
323,-0.000244141
324,7.99976
325,-8
326,0.00195313
327,0.00170898
328,0.00219727
329,-0.00195313
330,-0.00219727
331,-0.00170898
332,2.93848
333,2.94751
334,2.95654
335,2.96558
336,2.97461
337,0
338,0.000244141
339,-0.000244141
340,7.99976
341,-8
342,0.00195313
343,0.00170898
344,0.00219727
345,-0.00195313
346,-0.00219727
347,-0.00170898
348,3.08301
349,3.09204
350,3.10107
351,3.11011
352,3.11914
353,0
354,0.000244141
355,-0.000244141
356,7.99976
357,-8
358,0.00195313
359,0.00170898
360,0.00219727
361,-0.00195313
362,-0.00219727
363,-0.00170898
364,3.22754
365,3.23657
366,3.24561
367,3.25464
368,3.26367
369,0
370,0.000244141
371,-0.000244141
372,7.99976
373,-8
374,0.00195313
375,0.00170898
376,0.00219727
377,-0.00195313
378,-0.00219727
379,-0.00170898
380,3.37207
381,3.3811
382,3.39014
383,3.39917
384,3.4082
385,0
386,0.000244141
387,-0.000244141
388,7.99976
389,-8
390,0.00195313
391,0.00170898
392,0.00219727
393,-0.00195313
394,-0.00219727
395,-0.00170898
396,3.5166
397,3.52563
398,3.53467
399,3.5437
400,3.55273
401,0
402,0.000244141
403,-0.000244141
404,7.99976
405,-8
406,0.00195313
407,0.00170898
408,0.00219727
409,-0.00195313
410,-0.00219727
411,-0.00170898
412,3.66113
413,3.67017
414,3.6792
415,3.68823
416,3.69727
417,0
418,0.000244141
419,-0.000244141
420,7.99976
421,-8
422,0.00195313
423,0.00170898
424,0.00219727
425,-0.00195313
426,-0.00219727
427,-0.00170898
428,3.80566
429,3.8147
430,3.82373
431,3.83276
432,3.8418
433,0
434,0.000244141
435,-0.000244141
436,7.99976
437,-8
438,0.00195313
439,0.00170898
440,0.00219727
441,-0.00195313
442,-0.00219727
443,-0.00170898
444,3.9502
445,3.95923
446,3.96826
447,3.97729
448,3.98633
449,0
450,0.000244141
451,-0.000244141
452,7.99976
453,-8
454,0.00195313
455,0.00170898
456,0.00219727
457,-0.00195313
458,-0.00219727
459,-0.00170898
460,4.09473
461,4.10376
462,4.11279
463,4.12183
464,4.13086
465,0
466,0.000244141
467,-0.000244141
468,7.99976
469,-8
470,0.00195313
471,0.00170898
472,0.00219727
473,-0.00195313
474,-0.00219727
475,-0.00170898
476,4.23926
477,4.24829
478,4.25732
479,4.26636
480,4.27539
481,0
482,0.000244141
483,-0.000244141
484,7.99976
485,-8
486,0.00195313
487,0.00170898
488,0.00219727
489,-0.00195313
490,-0.00219727
491,-0.00170898
492,4.38379
493,4.39282
494,4.40186
495,4.41089
496,4.41992
497,0
498,0.000244141
499,-0.000244141
500,7.99976
501,-8
502,0.00195313
503,0.00170898
504,0.00219727
505,-0.00195313
506,-0.00219727
507,-0.00170898
508,4.52832
509,4.53735
510,4.54639
511,4.55542
512,4.56445
513,0
514,0.000244141
515,-0.000244141
516,7.99976
517,-8
518,0.00195313
519,0.00170898
520,0.00219727
521,-0.00195313
522,-0.00219727
523,-0.00170898
524,4.67285
525,4.68188
526,4.69092
527,4.69995
528,4.70898
529,0
530,0.000244141
531,-0.000244141
532,7.99976
533,-8
534,0.00195313
535,0.00170898
536,0.00219727
537,-0.00195313
538,-0.00219727
539,-0.00170898
540,4.81738
541,4.82642
542,4.83545
543,4.84448
544,4.85352
545,0
546,0.000244141
547,-0.000244141
548,7.99976
549,-8
550,0.00195313
551,0.00170898
552,0.00219727
553,-0.00195313
554,-0.00219727
555,-0.00170898
556,4.96191
557,4.97095
558,4.97998
559,4.98901
560,4.99805
561,0
562,0.000244141
563,-0.000244141
564,7.99976
565,-8
566,0.00195313
567,0.00170898
568,0.00219727
569,-0.00195313
570,-0.00219727
571,-0.00170898
572,5.10645
573,5.11548
574,5.12451
575,5.13354
576,5.14258
577,0
578,0.000244141
579,-0.000244141
580,7.99976
581,-8
582,0.00195313
583,0.00170898
584,0.00219727
585,-0.00195313
586,-0.00219727
587,-0.00170898
588,5.25098
589,5.26001
590,5.26904
591,5.27808
592,5.28711
593,0
594,0.000244141
595,-0.000244141
596,7.99976
597,-8
598,0.00195313
599,0.00170898
600,0.00219727
601,-0.00195313
602,-0.00219727
603,-0.00170898
604,5.39551
605,5.40454
606,5.41357
607,5.42261
608,5.43164
609,0
610,0.000244141
611,-0.000244141
612,7.99976
613,-8
614,0.00195313
615,0.00170898
616,0.00219727
617,-0.00195313
618,-0.00219727
619,-0.00170898
620,5.54004
621,5.54907
622,5.55811
623,5.56714
624,5.57617
625,0
626,0.000244141
627,-0.000244141
628,7.99976
629,-8
630,0.00195313
631,0.00170898
632,0.00219727
633,-0.00195313
634,-0.00219727
635,-0.00170898
636,5.68457
637,5.6936
638,5.70264
639,5.71167
640,5.7207
641,0
642,0.000244141
643,-0.000244141
644,7.99976
645,-8
646,0.00195313
647,0.00170898
648,0.00219727
649,-0.00195313
650,-0.00219727
651,-0.00170898
652,5.8291
653,5.83813
654,5.84717
655,5.8562
656,5.86523
657,0
658,0.000244141
659,-0.000244141
660,7.99976
661,-8
662,0.00195313
663,0.00170898
664,0.00219727
665,-0.00195313
666,-0.00219727
667,-0.00170898
668,5.97363
669,5.98267
670,5.9917
671,6.00073
672,6.00977
673,0
674,0.000244141
675,-0.000244141
676,7.99976
677,-8
678,0.00195313
679,0.00170898
680,0.00219727
681,-0.00195313
682,-0.00219727
683,-0.00170898
684,6.11816
685,6.1272
686,6.13623
687,6.14526
688,6.1543
689,0
690,0.000244141
691,-0.000244141
692,7.99976
693,-8
694,0.00195313
695,0.00170898
696,0.00219727
697,-0.00195313
698,-0.00219727
699,-0.00170898
700,6.2627
701,6.27173
702,6.28076
703,6.28979
704,6.29883
705,0
706,0.000244141
707,-0.000244141
708,7.99976
709,-8
710,0.00195313
711,0.00170898
712,0.00219727
713,-0.00195313
714,-0.00219727
715,-0.00170898
716,6.40723
717,6.41626
718,6.42529
719,6.43433
720,6.44336
721,0
722,0.000244141
723,-0.000244141
724,7.99976
725,-8
726,0.00195313
727,0.00170898
728,0.00219727
729,-0.00195313
730,-0.00219727
731,-0.00170898
732,6.55176
733,6.56079
734,6.56982
735,6.57886
736,6.58789
737,0
738,0.000244141
739,-0.000244141
740,7.99976
741,-8
742,0.00195313
743,0.00170898
744,0.00219727
745,-0.00195313
746,-0.00219727
747,-0.00170898
748,6.69629
749,6.70532
750,6.71436
751,6.72339
752,6.73242
753,0
754,0.000244141
755,-0.000244141
756,7.99976
757,-8
758,0.00195313
759,0.00170898
760,0.00219727
761,-0.00195313
762,-0.00219727
763,-0.00170898
764,6.84082
765,6.84985
766,6.85889
767,6.86792
768,6.87695
769,0
770,0.000244141
771,-0.000244141
772,7.99976
773,-8
774,0.00195313
775,0.00170898
776,0.00219727
777,-0.00195313
778,-0.00219727
779,-0.00170898
780,6.98535
781,6.99438
782,7.00342
783,7.01245
784,7.02148
785,0
786,0.000244141
787,-0.000244141
788,7.99976
789,-8
790,0.00195313
791,0.00170898
792,0.00219727
793,-0.00195313
794,-0.00219727
795,-0.00170898
796,7.12988
797,7.13892
798,7.14795
799,7.15698
800,7.16602
801,0
802,0.000244141
803,-0.000244141
804,7.99976
805,-8
806,0.00195313
807,0.00170898
808,0.00219727
809,-0.00195313
810,-0.00219727
811,-0.00170898
812,7.27441
813,7.28345
814,7.29248
815,7.30151
816,7.31055
817,0
818,0.000244141
819,-0.000244141
820,7.99976
821,-8
822,0.00195313
823,0.00170898
824,0.00219727
825,-0.00195313
826,-0.00219727
827,-0.00170898
828,7.41895
829,7.42798
830,7.43701
831,7.44604
832,7.45508
833,0
834,0.000244141
835,-0.000244141
836,7.99976
837,-8
838,0.00195313
839,0.00170898
840,0.00219727
841,-0.00195313
842,-0.00219727
843,-0.00170898
844,7.56348
845,7.57251
846,7.58154
847,7.59058
848,7.59961
849,0
850,0.000244141
851,-0.000244141
852,7.99976
853,-8
854,0.00195313
855,0.00170898
856,0.00219727
857,-0.00195313
858,-0.00219727
859,-0.00170898
860,7.70801
861,7.71704
862,7.72607
863,7.73511
864,7.74414
865,0
866,0.000244141
867,-0.000244141
868,7.99976
869,-8
870,0.00195313
871,0.00170898
872,0.00219727
873,-0.00195313
874,-0.00219727
875,-0.00170898
876,7.85254
877,7.86157
878,7.87061
879,7.87964
880,7.88867
881,0
882,0.000244141
883,-0.000244141
884,7.99976
885,-8
886,0.00195313
887,0.00170898
888,0.00219727
889,-0.00195313
890,-0.00219727
891,-0.00170898
892,7.99707
893,-7.9939
894,-7.98486
895,-7.97583
896,-7.9668
897,0
898,0.000244141
899,-0.000244141
900,7.99976
901,-8
902,0.00195313
903,0.00170898
904,0.00219727
905,-0.00195313
906,-0.00219727
907,-0.00170898
908,-7.8584
909,-7.84937
910,-7.84033
911,-7.8313
912,-7.82227
913,0
914,0.000244141
915,-0.000244141
916,7.99976
917,-8
918,0.00195313
919,0.00170898
920,0.00219727
921,-0.00195313
922,-0.00219727
923,-0.00170898
924,-7.71387
925,-7.70483
926,-7.6958
927,-7.68677
928,-7.67773
929,0
930,0.000244141
931,-0.000244141
932,7.99976
933,-8
934,0.00195313
935,0.00170898
936,0.00219727
937,-0.00195313
938,-0.00219727
939,-0.00170898
940,-7.56934
941,-7.5603
942,-7.55127
943,-7.54224
944,-7.5332
945,0
946,0.000244141
947,-0.000244141
948,7.99976
949,-8
950,0.00195313
951,0.00170898
952,0.00219727
953,-0.00195313
954,-0.00219727
955,-0.00170898
956,-7.4248
957,-7.41577
958,-7.40674
959,-7.39771
960,-7.38867
961,0
962,0.000244141
963,-0.000244141
964,7.99976
965,-8
966,0.00195313
967,0.00170898
968,0.00219727
969,-0.00195313
970,-0.00219727
971,-0.00170898
972,-7.28027
973,-7.27124
974,-7.26221
975,-7.25317
976,-7.24414
977,0
978,0.000244141
979,-0.000244141
980,7.99976
981,-8
982,0.00195313
983,0.00170898
984,0.00219727
985,-0.00195313
986,-0.00219727
987,-0.00170898
988,-7.13574
989,-7.12671
990,-7.11768
991,-7.10864
992,-7.09961
993,0
994,0.000244141
995,-0.000244141
996,7.99976
997,-8
998,0.00195313
999,0.00170898
1000,0.00219727
1001,-0.00195313
1002,-0.00219727
1003,-0.00170898
1004,-6.99121
1005,-6.98218
1006,-6.97314
1007,-6.96411
1008,-6.95508
1009,0
1010,0.000244141
1011,-0.000244141
1012,7.99976
1013,-8
1014,0.00195313
1015,0.00170898
1016,0.00219727
1017,-0.00195313
1018,-0.00219727
1019,-0.00170898
1020,-6.84668
1021,-6.83765
1022,-6.82861
1023,-6.81958
1024,-6.81055
1025,0
1026,0.000244141
1027,-0.000244141
1028,7.99976
1029,-8
1030,0.00195313
1031,0.00170898
1032,0.00219727
1033,-0.00195313
1034,-0.00219727
1035,-0.00170898
1036,-6.70215
1037,-6.69312
1038,-6.68408
1039,-6.67505
1040,-6.66602
1041,0
1042,0.000244141
1043,-0.000244141
1044,7.99976
1045,-8
1046,0.00195313
1047,0.00170898
1048,0.00219727
1049,-0.00195313
1050,-0.00219727
1051,-0.00170898
1052,-6.55762
1053,-6.54858
1054,-6.53955
1055,-6.53052
1056,-6.52148
1057,0
1058,0.000244141
1059,-0.000244141
1060,7.99976
1061,-8
1062,0.00195313
1063,0.00170898
1064,0.00219727
1065,-0.00195313
1066,-0.00219727
1067,-0.00170898
1068,-6.41309
1069,-6.40405
1070,-6.39502
1071,-6.38599
1072,-6.37695
1073,0
1074,0.000244141
1075,-0.000244141
1076,7.99976
1077,-8
1078,0.00195313
1079,0.00170898
1080,0.00219727
1081,-0.00195313
1082,-0.00219727
1083,-0.00170898
1084,-6.26855
1085,-6.25952
1086,-6.25049
1087,-6.24146
1088,-6.23242
1089,0
1090,0.000244141
1091,-0.000244141
1092,7.99976
1093,-8
1094,0.00195313
1095,0.00170898
1096,0.00219727
1097,-0.00195313
1098,-0.00219727
1099,-0.00170898
1100,-6.12402
1101,-6.11499
1102,-6.10596
1103,-6.09692
1104,-6.08789
1105,0
1106,0.000244141
1107,-0.000244141
1108,7.99976
1109,-8
1110,0.00195313
1111,0.00170898
1112,0.00219727
1113,-0.00195313
1114,-0.00219727
1115,-0.00170898
1116,-5.97949
1117,-5.97046
1118,-5.96143
1119,-5.95239
1120,-5.94336
1121,0
1122,0.000244141
1123,-0.000244141
1124,7.99976
1125,-8
1126,0.00195313
1127,0.00170898
1128,0.00219727
1129,-0.00195313
1130,-0.00219727
1131,-0.00170898
1132,-5.83496
1133,-5.82593
1134,-5.81689
1135,-5.80786
1136,-5.79883
1137,0
1138,0.000244141
1139,-0.000244141
1140,7.99976
1141,-8
1142,0.00195313
1143,0.00170898
1144,0.00219727
1145,-0.00195313
1146,-0.00219727
1147,-0.00170898
1148,-5.69043
1149,-5.6814
1150,-5.67236
1151,-5.66333
1152,-5.6543
1153,0
1154,0.000244141
1155,-0.000244141
1156,7.99976
1157,-8
1158,0.00195313
1159,0.00170898
1160,0.00219727
1161,-0.00195313
1162,-0.00219727
1163,-0.00170898
1164,-5.5459
1165,-5.53687
1166,-5.52783
1167,-5.5188
1168,-5.50977
1169,0
1170,0.000244141
1171,-0.000244141
1172,7.99976
1173,-8
1174,0.00195313
1175,0.00170898
1176,0.00219727
1177,-0.00195313
1178,-0.00219727
1179,-0.00170898
1180,-5.40137
1181,-5.39233
1182,-5.3833
1183,-5.37427
1184,-5.36523
1185,0
1186,0.000244141
1187,-0.000244141
1188,7.99976
1189,-8
1190,0.00195313
1191,0.00170898
1192,0.00219727
1193,-0.00195313
1194,-0.00219727
1195,-0.00170898
1196,-5.25684
1197,-5.2478
1198,-5.23877
1199,-5.22974
1200,-5.2207
1201,0
1202,0.000244141
1203,-0.000244141
1204,7.99976
1205,-8
1206,0.00195313
1207,0.00170898
1208,0.00219727
1209,-0.00195313
1210,-0.00219727
1211,-0.00170898
1212,-5.1123
1213,-5.10327
1214,-5.09424
1215,-5.08521
1216,-5.07617
1217,0
1218,0.000244141
1219,-0.000244141
1220,7.99976
1221,-8
1222,0.00195313
1223,0.00170898
1224,0.00219727
1225,-0.00195313
1226,-0.00219727
1227,-0.00170898
1228,-4.96777
1229,-4.95874
1230,-4.94971
1231,-4.94067
1232,-4.93164
1233,0
1234,0.000244141
1235,-0.000244141
1236,7.99976
1237,-8
1238,0.00195313
1239,0.00170898
1240,0.00219727
1241,-0.00195313
1242,-0.00219727
1243,-0.00170898
1244,-4.82324
1245,-4.81421
1246,-4.80518
1247,-4.79614
1248,-4.78711
1249,0
1250,0.000244141
1251,-0.000244141
1252,7.99976
1253,-8
1254,0.00195313
1255,0.00170898
1256,0.00219727
1257,-0.00195313
1258,-0.00219727
1259,-0.00170898
1260,-4.67871
1261,-4.66968
1262,-4.66064
1263,-4.65161
1264,-4.64258
1265,0
1266,0.000244141
1267,-0.000244141
1268,7.99976
1269,-8
1270,0.00195313
1271,0.00170898
1272,0.00219727
1273,-0.00195313
1274,-0.00219727
1275,-0.00170898
1276,-4.53418
1277,-4.52515
1278,-4.51611
1279,-4.50708
1280,-4.49805
1281,0
1282,0.000244141
1283,-0.000244141
1284,7.99976
1285,-8
1286,0.00195313
1287,0.00170898
1288,0.00219727
1289,-0.00195313
1290,-0.00219727
1291,-0.00170898
1292,-4.38965
1293,-4.38062
1294,-4.37158
1295,-4.36255
1296,-4.35352
1297,0
1298,0.000244141
1299,-0.000244141
1300,7.99976
1301,-8
1302,0.00195313
1303,0.00170898
1304,0.00219727
1305,-0.00195313
1306,-0.00219727
1307,-0.00170898
1308,-4.24512
1309,-4.23608
1310,-4.22705
1311,-4.21802
1312,-4.20898
1313,0
1314,0.000244141
1315,-0.000244141
1316,7.99976
1317,-8
1318,0.00195313
1319,0.00170898
1320,0.00219727
1321,-0.00195313
1322,-0.00219727
1323,-0.00170898
1324,-4.10059
1325,-4.09155
1326,-4.08252
1327,-4.07349
1328,-4.06445
1329,0
1330,0.000244141
1331,-0.000244141
1332,7.99976
1333,-8
1334,0.00195313
1335,0.00170898
1336,0.00219727
1337,-0.00195313
1338,-0.00219727
1339,-0.00170898
1340,-3.95605
1341,-3.94702
1342,-3.93799
1343,-3.92896
1344,-3.91992
1345,0
1346,0.000244141
1347,-0.000244141
1348,7.99976
1349,-8
1350,0.00195313
1351,0.00170898
1352,0.00219727
1353,-0.00195313
1354,-0.00219727
1355,-0.00170898
1356,-3.81152
1357,-3.80249
1358,-3.79346
1359,-3.78442
1360,-3.77539
1361,0
1362,0.000244141
1363,-0.000244141
1364,7.99976
1365,-8
1366,0.00195313
1367,0.00170898
1368,0.00219727
1369,-0.00195313
1370,-0.00219727
1371,-0.00170898
1372,-3.66699
1373,-3.65796
1374,-3.64893
1375,-3.63989
1376,-3.63086
1377,0
1378,0.000244141
1379,-0.000244141
1380,7.99976
1381,-8
1382,0.00195313
1383,0.00170898
1384,0.00219727
1385,-0.00195313
1386,-0.00219727
1387,-0.00170898
1388,-3.52246
1389,-3.51343
1390,-3.50439
1391,-3.49536
1392,-3.48633
1393,0
1394,0.000244141
1395,-0.000244141
1396,7.99976
1397,-8
1398,0.00195313
1399,0.00170898
1400,0.00219727
1401,-0.00195313
1402,-0.00219727
1403,-0.00170898
1404,-3.37793
1405,-3.3689
1406,-3.35986
1407,-3.35083
1408,-3.3418
1409,0
1410,0.000244141
1411,-0.000244141
1412,7.99976
1413,-8
1414,0.00195313
1415,0.00170898
1416,0.00219727
1417,-0.00195313
1418,-0.00219727
1419,-0.00170898
1420,-3.2334
1421,-3.22437
1422,-3.21533
1423,-3.2063
1424,-3.19727
1425,0
1426,0.000244141
1427,-0.000244141
1428,7.99976
1429,-8
1430,0.00195313
1431,0.00170898
1432,0.00219727
1433,-0.00195313
1434,-0.00219727
1435,-0.00170898
1436,-3.08887
1437,-3.07983
1438,-3.0708
1439,-3.06177
1440,-3.05273
1441,0
1442,0.000244141
1443,-0.000244141
1444,7.99976
1445,-8
1446,0.00195313
1447,0.00170898
1448,0.00219727
1449,-0.00195313
1450,-0.00219727
1451,-0.00170898
1452,-2.94434
1453,-2.9353
1454,-2.92627
1455,-2.91724
1456,-2.9082
1457,0
1458,0.000244141
1459,-0.000244141
1460,7.99976
1461,-8
1462,0.00195313
1463,0.00170898
1464,0.00219727
1465,-0.00195313
1466,-0.00219727
1467,-0.00170898
1468,-2.7998
1469,-2.79077
1470,-2.78174
1471,-2.77271
1472,-2.76367
1473,0
1474,0.000244141
1475,-0.000244141
1476,7.99976
1477,-8
1478,0.00195313
1479,0.00170898
1480,0.00219727
1481,-0.00195313
1482,-0.00219727
1483,-0.00170898
1484,-2.65527
1485,-2.64624
1486,-2.63721
1487,-2.62817
1488,-2.61914
1489,0
1490,0.000244141
1491,-0.000244141
1492,7.99976
1493,-8
1494,0.00195313
1495,0.00170898
1496,0.00219727
1497,-0.00195313
1498,-0.00219727
1499,-0.00170898
1500,-2.51074
1501,-2.50171
1502,-2.49268
1503,-2.48364
1504,-2.47461
1505,0
1506,0.000244141
1507,-0.000244141
1508,7.99976
1509,-8
1510,0.00195313
1511,0.00170898
1512,0.00219727
1513,-0.00195313
1514,-0.00219727
1515,-0.00170898
1516,-2.36621
1517,-2.35718
1518,-2.34814
1519,-2.33911
1520,-2.33008
1521,0
1522,0.000244141
1523,-0.000244141
1524,7.99976
1525,-8
1526,0.00195313
1527,0.00170898
1528,0.00219727
1529,-0.00195313
1530,-0.00219727
1531,-0.00170898
1532,-2.22168
1533,-2.21265
1534,-2.20361
1535,-2.19458
1536,-2.18555
1537,0
1538,0.000244141
1539,-0.000244141
1540,7.99976
1541,-8
1542,0.00195313
1543,0.00170898
1544,0.00219727
1545,-0.00195313
1546,-0.00219727
1547,-0.00170898
1548,-2.07715
1549,-2.06812
1550,-2.05908
1551,-2.05005
1552,-2.04102
1553,0
1554,0.000244141
1555,-0.000244141
1556,7.99976
1557,-8
1558,0.00195313
1559,0.00170898
1560,0.00219727
1561,-0.00195313
1562,-0.00219727
1563,-0.00170898
1564,-1.93262
1565,-1.92358
1566,-1.91455
1567,-1.90552
1568,-1.89648
1569,0
1570,0.000244141
1571,-0.000244141
1572,7.99976
1573,-8
1574,0.00195313
1575,0.00170898
1576,0.00219727
1577,-0.00195313
1578,-0.00219727
1579,-0.00170898
1580,-1.78809
1581,-1.77905
1582,-1.77002
1583,-1.76099
1584,-1.75195
1585,0
1586,0.000244141
1587,-0.000244141
1588,7.99976
1589,-8
1590,0.00195313
1591,0.00170898
1592,0.00219727
1593,-0.00195313
1594,-0.00219727
1595,-0.00170898
1596,-1.64355
1597,-1.63452
1598,-1.62549
1599,-1.61646
1600,-1.60742
1601,0
1602,0.000244141
1603,-0.000244141
1604,7.99976
1605,-8
1606,0.00195313
1607,0.00170898
1608,0.00219727
1609,-0.00195313
1610,-0.00219727
1611,-0.00170898
1612,-1.49902
1613,-1.48999
1614,-1.48096
1615,-1.47192
1616,-1.46289
1617,0
1618,0.000244141
1619,-0.000244141
1620,7.99976
1621,-8
1622,0.00195313
1623,0.00170898
1624,0.00219727
1625,-0.00195313
1626,-0.00219727
1627,-0.00170898
1628,-1.35449
1629,-1.34546
1630,-1.33643
1631,-1.32739
1632,-1.31836
1633,0
1634,0.000244141
1635,-0.000244141
1636,7.99976
1637,-8
1638,0.00195313
1639,0.00170898
1640,0.00219727
1641,-0.00195313
1642,-0.00219727
1643,-0.00170898
1644,-1.20996
1645,-1.20093
1646,-1.19189
1647,-1.18286
1648,-1.17383
1649,0
1650,0.000244141
1651,-0.000244141
1652,7.99976
1653,-8
1654,0.00195313
1655,0.00170898
1656,0.00219727
1657,-0.00195313
1658,-0.00219727
1659,-0.00170898
1660,-1.06543
1661,-1.0564
1662,-1.04736
1663,-1.03833
1664,-1.0293
1665,0
1666,0.000244141
1667,-0.000244141
1668,7.99976
1669,-8
1670,0.00195313
1671,0.00170898
1672,0.00219727
1673,-0.00195313
1674,-0.00219727
1675,-0.00170898
1676,-0.920898
1677,-0.911865
1678,-0.902832
1679,-0.893799
1680,-0.884766
1681,0
1682,0.000244141
1683,-0.000244141
1684,7.99976
1685,-8
1686,0.00195313
1687,0.00170898
1688,0.00219727
1689,-0.00195313
1690,-0.00219727
1691,-0.00170898
1692,-0.776367
1693,-0.767334
1694,-0.758301
1695,-0.749268
1696,-0.740234
1697,0
1698,0.000244141
1699,-0.000244141
1700,7.99976
1701,-8
1702,0.00195313
1703,0.00170898
1704,0.00219727
1705,-0.00195313
1706,-0.00219727
1707,-0.00170898
1708,-0.631836
1709,-0.622803
1710,-0.61377
1711,-0.604736
1712,-0.595703
1713,0
1714,0.000244141
1715,-0.000244141
1716,7.99976
1717,-8
1718,0.00195313
1719,0.00170898
1720,0.00219727
1721,-0.00195313
1722,-0.00219727
1723,-0.00170898
1724,-0.487305
1725,-0.478271
1726,-0.469238
1727,-0.460205
1728,-0.451172
1729,0
1730,0.000244141
1731,-0.000244141
1732,7.99976
1733,-8
1734,0.00195313
1735,0.00170898
1736,0.00219727
1737,-0.00195313
1738,-0.00219727
1739,-0.00170898
1740,-0.342773
1741,-0.33374
1742,-0.324707
1743,-0.315674
1744,-0.306641
1745,0
1746,0.000244141
1747,-0.000244141
1748,7.99976
1749,-8
1750,0.00195313
1751,0.00170898
1752,0.00219727
1753,-0.00195313
1754,-0.00219727
1755,-0.00170898
1756,-0.198242
1757,-0.189209
1758,-0.180176
1759,-0.171143
1760,-0.162109
1761,0
1762,0.000244141
1763,-0.000244141
1764,7.99976
1765,-8
1766,0.00195313
1767,0.00170898
1768,0.00219727
1769,-0.00195313
1770,-0.00219727
1771,-0.00170898
1772,-0.0537109
1773,-0.0446777
1774,-0.0356445
1775,-0.0266113
1776,-0.0175781
1777,0
1778,0.000244141
1779,-0.000244141
1780,7.99976
1781,-8
1782,0.00195313
1783,0.00170898
1784,0.00219727
1785,-0.00195313
1786,-0.00219727
1787,-0.00170898
1788,0.0908203
1789,0.0998535
1790,0.108887
1791,0.11792
1792,0.126953
1793,0
1794,0.000244141
1795,-0.000244141
1796,7.99976
1797,-8
1798,0.00195313
1799,0.00170898
1800,0.00219727
1801,-0.00195313
1802,-0.00219727
1803,-0.00170898
1804,0.235352
1805,0.244385
1806,0.253418
1807,0.262451
1808,0.271484
1809,0
1810,0.000244141
1811,-0.000244141
1812,7.99976
1813,-8
1814,0.00195313
1815,0.00170898
1816,0.00219727
1817,-0.00195313
1818,-0.00219727
1819,-0.00170898
1820,0.379883
1821,0.388916
1822,0.397949
1823,0.406982
1824,0.416016
1825,0
1826,0.000244141
1827,-0.000244141
1828,7.99976
1829,-8
1830,0.00195313
1831,0.00170898
1832,0.00219727
1833,-0.00195313
1834,-0.00219727
1835,-0.00170898
1836,0.524414
1837,0.533447
1838,0.54248
1839,0.551514
1840,0.560547
1841,0
1842,0.000244141
1843,-0.000244141
1844,7.99976
1845,-8
1846,0.00195313
1847,0.00170898
1848,0.00219727
1849,-0.00195313
1850,-0.00219727
1851,-0.00170898
1852,0.668945
1853,0.677979
1854,0.687012
1855,0.696045
1856,0.705078
1857,0
1858,0.000244141
1859,-0.000244141
1860,7.99976
1861,-8
1862,0.00195313
1863,0.00170898
1864,0.00219727
1865,-0.00195313
1866,-0.00219727
1867,-0.00170898
1868,0.813477
1869,0.82251
1870,0.831543
1871,0.840576
1872,0.849609
1873,0
1874,0.000244141
1875,-0.000244141
1876,7.99976
1877,-8
1878,0.00195313
1879,0.00170898
1880,0.00219727
1881,-0.00195313
1882,-0.00219727
1883,-0.00170898
1884,0.958008
1885,0.967041
1886,0.976074
1887,0.985107
1888,0.994141
1889,0
1890,0.000244141
1891,-0.000244141
1892,7.99976
1893,-8
1894,0.00195313
1895,0.00170898
1896,0.00219727
1897,-0.00195313
1898,-0.00219727
1899,-0.00170898
1900,1.10254
1901,1.11157
1902,1.12061
1903,1.12964
1904,1.13867
1905,0
1906,0.000244141
1907,-0.000244141
1908,7.99976
1909,-8
1910,0.00195313
1911,0.00170898
1912,0.00219727
1913,-0.00195313
1914,-0.00219727
1915,-0.00170898
1916,1.24707
1917,1.2561
1918,1.26514
1919,1.27417
1920,1.2832
1921,0
1922,0.000244141
1923,-0.000244141
1924,7.99976
1925,-8
1926,0.00195313
1927,0.00170898
1928,0.00219727
1929,-0.00195313
1930,-0.00219727
1931,-0.00170898
1932,1.3916
1933,1.40063
1934,1.40967
1935,1.4187
1936,1.42773
1937,0
1938,0.000244141
1939,-0.000244141
1940,7.99976
1941,-8
1942,0.00195313
1943,0.00170898
1944,0.00219727
1945,-0.00195313
1946,-0.00219727
1947,-0.00170898
1948,1.53613
1949,1.54517
1950,1.5542
1951,1.56323
1952,1.57227
1953,0
1954,0.000244141
1955,-0.000244141
1956,7.99976
1957,-8
1958,0.00195313
1959,0.00170898
1960,0.00219727
1961,-0.00195313
1962,-0.00219727
1963,-0.00170898
1964,1.68066
1965,1.6897
1966,1.69873
1967,1.70776
1968,1.7168
1969,0
1970,0.000244141
1971,-0.000244141
1972,7.99976
1973,-8
1974,0.00195313
1975,0.00170898
1976,0.00219727
1977,-0.00195313
1978,-0.00219727
1979,-0.00170898
1980,1.8252
1981,1.83423
1982,1.84326
1983,1.85229
1984,1.86133
1985,0
1986,0.000244141
1987,-0.000244141
1988,7.99976
1989,-8
1990,0.00195313
1991,0.00170898
1992,0.00219727
1993,-0.00195313
1994,-0.00219727
1995,-0.00170898
1996,1.96973
1997,1.97876
1998,1.98779
1999,1.99683
2000,2.00586
2001,0
2002,0.000244141
2003,-0.000244141
2004,7.99976
2005,-8
2006,0.00195313
2007,0.00170898
2008,0.00219727
2009,-0.00195313
2010,-0.00219727
2011,-0.00170898
2012,2.11426
2013,2.12329
2014,2.13232
2015,2.14136
2016,2.15039
2017,0
2018,0.000244141
2019,-0.000244141
2020,7.99976
2021,-8
2022,0.00195313
2023,0.00170898
2024,0.00219727
2025,-0.00195313
2026,-0.00219727
2027,-0.00170898
2028,2.25879
2029,2.26782
2030,2.27686
2031,2.28589
2032,2.29492
2033,0
2034,0.000244141
2035,-0.000244141
2036,7.99976
2037,-8
2038,0.00195313
2039,0.00170898
2040,0.00219727
2041,-0.00195313
2042,-0.00219727
2043,-0.00170898
2044,2.40332
2045,2.41235
2046,2.42139
2047,2.43042
2048,2.43945
2049,0
2050,0.000244141
2051,-0.000244141
2052,7.99976
2053,-8
2054,0.00195313
2055,0.00170898
2056,0.00219727
2057,-0.00195313
2058,-0.00219727
2059,-0.00170898
2060,2.54785
2061,2.55688
2062,2.56592
2063,2.57495
2064,2.58398
2065,0
2066,0.000244141
2067,-0.000244141
2068,7.99976
2069,-8
2070,0.00195313
2071,0.00170898
2072,0.00219727
2073,-0.00195313
2074,-0.00219727
2075,-0.00170898
2076,2.69238
2077,2.70142
2078,2.71045
2079,2.71948
2080,2.72852
2081,0
2082,0.000244141
2083,-0.000244141
2084,7.99976
2085,-8
2086,0.00195313
2087,0.00170898
2088,0.00219727
2089,-0.00195313
2090,-0.00219727
2091,-0.00170898
2092,2.83691
2093,2.84595
2094,2.85498
2095,2.86401
2096,2.87305
2097,0
2098,0.000244141
2099,-0.000244141
2100,7.99976
2101,-8
2102,0.00195313
2103,0.00170898
2104,0.00219727
2105,-0.00195313
2106,-0.00219727
2107,-0.00170898
2108,2.98145
2109,2.99048
2110,2.99951
2111,3.00854
2112,3.01758
2113,0
2114,0.000244141
2115,-0.000244141
2116,7.99976
2117,-8
2118,0.00195313
2119,0.00170898
2120,0.00219727
2121,-0.00195313
2122,-0.00219727
2123,-0.00170898
2124,3.12598
2125,3.13501
2126,3.14404
2127,3.15308
2128,3.16211
2129,0
2130,0.000244141
2131,-0.000244141
2132,7.99976
2133,-8
2134,0.00195313
2135,0.00170898
2136,0.00219727
2137,-0.00195313
2138,-0.00219727
2139,-0.00170898
2140,3.27051
2141,3.27954
2142,3.28857
2143,3.29761
2144,3.30664
2145,0
2146,0.000244141
2147,-0.000244141
2148,7.99976
2149,-8
2150,0.00195313
2151,0.00170898
2152,0.00219727
2153,-0.00195313
2154,-0.00219727
2155,-0.00170898
2156,3.41504
2157,3.42407
2158,3.43311
2159,3.44214
2160,3.45117
2161,0
2162,0.000244141
2163,-0.000244141
2164,7.99976
2165,-8
2166,0.00195313
2167,0.00170898
2168,0.00219727
2169,-0.00195313
2170,-0.00219727
2171,-0.00170898
2172,3.55957
2173,3.5686
2174,3.57764
2175,3.58667
2176,3.5957
2177,0
2178,0.000244141
2179,-0.000244141
2180,7.99976
2181,-8
2182,0.00195313
2183,0.00170898
2184,0.00219727
2185,-0.00195313
2186,-0.00219727
2187,-0.00170898
2188,3.7041
2189,3.71313
2190,3.72217
2191,3.7312
2192,3.74023
2193,0
2194,0.000244141
2195,-0.000244141
2196,7.99976
2197,-8
2198,0.00195313
2199,0.00170898
2200,0.00219727
2201,-0.00195313
2202,-0.00219727
2203,-0.00170898
2204,3.84863
2205,3.85767
2206,3.8667
2207,3.87573
2208,3.88477
2209,0
2210,0.000244141
2211,-0.000244141
2212,7.99976
2213,-8
2214,0.00195313
2215,0.00170898
2216,0.00219727
2217,-0.00195313
2218,-0.00219727
2219,-0.00170898
2220,3.99316
2221,4.0022
2222,4.01123
2223,4.02026
2224,4.0293
2225,0
2226,0.000244141
2227,-0.000244141
2228,7.99976
2229,-8
2230,0.00195313
2231,0.00170898
2232,0.00219727
2233,-0.00195313
2234,-0.00219727
2235,-0.00170898
2236,4.1377
2237,4.14673
2238,4.15576
2239,4.16479
2240,4.17383
2241,0
2242,0.000244141
2243,-0.000244141
2244,7.99976
2245,-8
2246,0.00195313
2247,0.00170898
2248,0.00219727
2249,-0.00195313
2250,-0.00219727
2251,-0.00170898
2252,4.28223
2253,4.29126
2254,4.30029
2255,4.30933
2256,4.31836
2257,0
2258,0.000244141
2259,-0.000244141
2260,7.99976
2261,-8
2262,0.00195313
2263,0.00170898
2264,0.00219727
2265,-0.00195313
2266,-0.00219727
2267,-0.00170898
2268,4.42676
2269,4.43579
2270,4.44482
2271,4.45386
2272,4.46289
2273,0
2274,0.000244141
2275,-0.000244141
2276,7.99976
2277,-8
2278,0.00195313
2279,0.00170898
2280,0.00219727
2281,-0.00195313
2282,-0.00219727
2283,-0.00170898
2284,4.57129
2285,4.58032
2286,4.58936
2287,4.59839
2288,4.60742
2289,0
2290,0.000244141
2291,-0.000244141
2292,7.99976
2293,-8
2294,0.00195313
2295,0.00170898
2296,0.00219727
2297,-0.00195313
2298,-0.00219727
2299,-0.00170898
2300,4.71582
2301,4.72485
2302,4.73389
2303,4.74292
2304,4.75195
2305,0
2306,0.000244141
2307,-0.000244141
2308,7.99976
2309,-8
2310,0.00195313
2311,0.00170898
2312,0.00219727
2313,-0.00195313
2314,-0.00219727
2315,-0.00170898
2316,4.86035
2317,4.86938
2318,4.87842
2319,4.88745
2320,4.89648
2321,0
2322,0.000244141
2323,-0.000244141
2324,7.99976
2325,-8
2326,0.00195313
2327,0.00170898
2328,0.00219727
2329,-0.00195313
2330,-0.00219727
2331,-0.00170898
2332,5.00488
2333,5.01392
2334,5.02295
2335,5.03198
2336,5.04102
2337,0
2338,0.000244141
2339,-0.000244141
2340,7.99976
2341,-8
2342,0.00195313
2343,0.00170898
2344,0.00219727
2345,-0.00195313
2346,-0.00219727
2347,-0.00170898
2348,5.14941
2349,5.15845
2350,5.16748
2351,5.17651
2352,5.18555
2353,0
2354,0.000244141
2355,-0.000244141
2356,7.99976
2357,-8
2358,0.00195313
2359,0.00170898
2360,0.00219727
2361,-0.00195313
2362,-0.00219727
2363,-0.00170898
2364,5.29395
2365,5.30298
2366,5.31201
2367,5.32104
2368,5.33008
2369,0
2370,0.000244141
2371,-0.000244141
2372,7.99976
2373,-8
2374,0.00195313
2375,0.00170898
2376,0.00219727
2377,-0.00195313
2378,-0.00219727
2379,-0.00170898
2380,5.43848
2381,5.44751
2382,5.45654
2383,5.46558
2384,5.47461
2385,0
2386,0.000244141
2387,-0.000244141
2388,7.99976
2389,-8
2390,0.00195313
2391,0.00170898
2392,0.00219727
2393,-0.00195313
2394,-0.00219727
2395,-0.00170898
2396,5.58301
2397,5.59204
2398,5.60107
2399,5.61011
2400,5.61914
2401,0
2402,0.000244141
2403,-0.000244141
2404,7.99976
2405,-8
2406,0.00195313
2407,0.00170898
2408,0.00219727
2409,-0.00195313
2410,-0.00219727
2411,-0.00170898
2412,5.72754
2413,5.73657
2414,5.74561
2415,5.75464
2416,5.76367
2417,0
2418,0.000244141
2419,-0.000244141
2420,7.99976
2421,-8
2422,0.00195313
2423,0.00170898
2424,0.00219727
2425,-0.00195313
2426,-0.00219727
2427,-0.00170898
2428,5.87207
2429,5.8811
2430,5.89014
2431,5.89917
2432,5.9082
2433,0
2434,0.000244141
2435,-0.000244141
2436,7.99976
2437,-8
2438,0.00195313
2439,0.00170898
2440,0.00219727
2441,-0.00195313
2442,-0.00219727
2443,-0.00170898
2444,6.0166
2445,6.02563
2446,6.03467
2447,6.0437
2448,6.05273
2449,0
2450,0.000244141
2451,-0.000244141
2452,7.99976
2453,-8
2454,0.00195313
2455,0.00170898
2456,0.00219727
2457,-0.00195313
2458,-0.00219727
2459,-0.00170898
2460,6.16113
2461,6.17017
2462,6.1792
2463,6.18823
2464,6.19727
2465,0
2466,0.000244141
2467,-0.000244141
2468,7.99976
2469,-8
2470,0.00195313
2471,0.00170898
2472,0.00219727
2473,-0.00195313
2474,-0.00219727
2475,-0.00170898
2476,6.30566
2477,6.3147
2478,6.32373
2479,6.33276
2480,6.3418
2481,0
2482,0.000244141
2483,-0.000244141
2484,7.99976
2485,-8
2486,0.00195313
2487,0.00170898
2488,0.00219727
2489,-0.00195313
2490,-0.00219727
2491,-0.00170898
2492,6.4502
2493,6.45923
2494,6.46826
2495,6.47729
2496,6.48633
2497,0
2498,0.000244141
2499,-0.000244141
2500,7.99976
2501,-8
2502,0.00195313
2503,0.00170898
2504,0.00219727
2505,-0.00195313
2506,-0.00219727
2507,-0.00170898
2508,6.59473
2509,6.60376
2510,6.61279
2511,6.62183
2512,6.63086
2513,0
2514,0.000244141
2515,-0.000244141
2516,7.99976
2517,-8
2518,0.00195313
2519,0.00170898
2520,0.00219727
2521,-0.00195313
2522,-0.00219727
2523,-0.00170898
2524,6.73926
2525,6.74829
2526,6.75732
2527,6.76636
2528,6.77539
2529,0
2530,0.000244141
2531,-0.000244141
2532,7.99976
2533,-8
2534,0.00195313
2535,0.00170898
2536,0.00219727
2537,-0.00195313
2538,-0.00219727
2539,-0.00170898
2540,6.88379
2541,6.89282
2542,6.90186
2543,6.91089
2544,6.91992
2545,0
2546,0.000244141
2547,-0.000244141
2548,7.99976
2549,-8
2550,0.00195313
2551,0.00170898
2552,0.00219727
2553,-0.00195313
2554,-0.00219727
2555,-0.00170898
2556,7.02832
2557,7.03735
2558,7.04639
2559,7.05542
2560,7.06445
2561,0
2562,0.000244141
2563,-0.000244141
2564,7.99976
2565,-8
2566,0.00195313
2567,0.00170898
2568,0.00219727
2569,-0.00195313
2570,-0.00219727
2571,-0.00170898
2572,7.17285
2573,7.18188
2574,7.19092
2575,7.19995
2576,7.20898
2577,0
2578,0.000244141
2579,-0.000244141
2580,7.99976
2581,-8
2582,0.00195313
2583,0.00170898
2584,0.00219727
2585,-0.00195313
2586,-0.00219727
2587,-0.00170898
2588,7.31738
2589,7.32642
2590,7.33545
2591,7.34448
2592,7.35352
2593,0
2594,0.000244141
2595,-0.000244141
2596,7.99976
2597,-8
2598,0.00195313
2599,0.00170898
2600,0.00219727
2601,-0.00195313
2602,-0.00219727
2603,-0.00170898
2604,7.46191
2605,7.47095
2606,7.47998
2607,7.48901
2608,7.49805
2609,0
2610,0.000244141
2611,-0.000244141
2612,7.99976
2613,-8
2614,0.00195313
2615,0.00170898
2616,0.00219727
2617,-0.00195313
2618,-0.00219727
2619,-0.00170898
2620,7.60645
2621,7.61548
2622,7.62451
2623,7.63354
2624,7.64258
2625,0
2626,0.000244141
2627,-0.000244141
2628,7.99976
2629,-8
2630,0.00195313
2631,0.00170898
2632,0.00219727
2633,-0.00195313
2634,-0.00219727
2635,-0.00170898
2636,7.75098
2637,7.76001
2638,7.76904
2639,7.77808
2640,7.78711
2641,0
2642,0.000244141
2643,-0.000244141
2644,7.99976
2645,-8
2646,0.00195313
2647,0.00170898
2648,0.00219727
2649,-0.00195313
2650,-0.00219727
2651,-0.00170898
2652,7.89551
2653,7.90454
2654,7.91357
2655,7.92261
2656,7.93164
2657,0
2658,0.000244141
2659,-0.000244141
2660,7.99976
2661,-8
2662,0.00195313
2663,0.00170898
2664,0.00219727
2665,-0.00195313
2666,-0.00219727
2667,-0.00170898
2668,-7.95996
2669,-7.95093
2670,-7.94189
2671,-7.93286
2672,-7.92383
2673,0
2674,0.000244141
2675,-0.000244141
2676,7.99976
2677,-8
2678,0.00195313
2679,0.00170898
2680,0.00219727
2681,-0.00195313
2682,-0.00219727
2683,-0.00170898
2684,-7.81543
2685,-7.8064
2686,-7.79736
2687,-7.78833
2688,-7.7793
2689,0
2690,0.000244141
2691,-0.000244141
2692,7.99976
2693,-8
2694,0.00195313
2695,0.00170898
2696,0.00219727
2697,-0.00195313
2698,-0.00219727
2699,-0.00170898
2700,-7.6709
2701,-7.66187
2702,-7.65283
2703,-7.6438
2704,-7.63477
2705,0
2706,0.000244141
2707,-0.000244141
2708,7.99976
2709,-8
2710,0.00195313
2711,0.00170898
2712,0.00219727
2713,-0.00195313
2714,-0.00219727
2715,-0.00170898
2716,-7.52637
2717,-7.51733
2718,-7.5083
2719,-7.49927
2720,-7.49023
2721,0
2722,0.000244141
2723,-0.000244141
2724,7.99976
2725,-8
2726,0.00195313
2727,0.00170898
2728,0.00219727
2729,-0.00195313
2730,-0.00219727
2731,-0.00170898
2732,-7.38184
2733,-7.3728
2734,-7.36377
2735,-7.35474
2736,-7.3457
2737,0
2738,0.000244141
2739,-0.000244141
2740,7.99976
2741,-8
2742,0.00195313
2743,0.00170898
2744,0.00219727
2745,-0.00195313
2746,-0.00219727
2747,-0.00170898
2748,-7.2373
2749,-7.22827
2750,-7.21924
2751,-7.21021
2752,-7.20117
2753,0
2754,0.000244141
2755,-0.000244141
2756,7.99976
2757,-8
2758,0.00195313
2759,0.00170898
2760,0.00219727
2761,-0.00195313
2762,-0.00219727
2763,-0.00170898
2764,-7.09277
2765,-7.08374
2766,-7.07471
2767,-7.06567
2768,-7.05664
2769,0
2770,0.000244141
2771,-0.000244141
2772,7.99976
2773,-8
2774,0.00195313
2775,0.00170898
2776,0.00219727
2777,-0.00195313
2778,-0.00219727
2779,-0.00170898
2780,-6.94824
2781,-6.93921
2782,-6.93018
2783,-6.92114
2784,-6.91211
2785,0
2786,0.000244141
2787,-0.000244141
2788,7.99976
2789,-8
2790,0.00195313
2791,0.00170898
2792,0.00219727
2793,-0.00195313
2794,-0.00219727
2795,-0.00170898
2796,-6.80371
2797,-6.79468
2798,-6.78564
2799,-6.77661
2800,-6.76758
2801,0
2802,0.000244141
2803,-0.000244141
2804,7.99976
2805,-8
2806,0.00195313
2807,0.00170898
2808,0.00219727
2809,-0.00195313
2810,-0.00219727
2811,-0.00170898
2812,-6.65918
2813,-6.65015
2814,-6.64111
2815,-6.63208
2816,-6.62305
2817,0
2818,0.000244141
2819,-0.000244141
2820,7.99976
2821,-8
2822,0.00195313
2823,0.00170898
2824,0.00219727
2825,-0.00195313
2826,-0.00219727
2827,-0.00170898
2828,-6.51465
2829,-6.50562
2830,-6.49658
2831,-6.48755
2832,-6.47852
2833,0
2834,0.000244141
2835,-0.000244141
2836,7.99976
2837,-8
2838,0.00195313
2839,0.00170898
2840,0.00219727
2841,-0.00195313
2842,-0.00219727
2843,-0.00170898
2844,-6.37012
2845,-6.36108
2846,-6.35205
2847,-6.34302
2848,-6.33398
2849,0
2850,0.000244141
2851,-0.000244141
2852,7.99976
2853,-8
2854,0.00195313
2855,0.00170898
2856,0.00219727
2857,-0.00195313
2858,-0.00219727
2859,-0.00170898
2860,-6.22559
2861,-6.21655
2862,-6.20752
2863,-6.19849
2864,-6.18945
2865,0
2866,0.000244141
2867,-0.000244141
2868,7.99976
2869,-8
2870,0.00195313
2871,0.00170898
2872,0.00219727
2873,-0.00195313
2874,-0.00219727
2875,-0.00170898
2876,-6.08105
2877,-6.07202
2878,-6.06299
2879,-6.05396
2880,-6.04492
2881,0
2882,0.000244141
2883,-0.000244141
2884,7.99976
2885,-8
2886,0.00195313
2887,0.00170898
2888,0.00219727
2889,-0.00195313
2890,-0.00219727
2891,-0.00170898
2892,-5.93652
2893,-5.92749
2894,-5.91846
2895,-5.90942
2896,-5.90039
2897,0
2898,0.000244141
2899,-0.000244141
2900,7.99976
2901,-8
2902,0.00195313
2903,0.00170898
2904,0.00219727
2905,-0.00195313
2906,-0.00219727
2907,-0.00170898
2908,-5.79199
2909,-5.78296
2910,-5.77393
2911,-5.76489
2912,-5.75586
2913,0
2914,0.000244141
2915,-0.000244141
2916,7.99976
2917,-8
2918,0.00195313
2919,0.00170898
2920,0.00219727
2921,-0.00195313
2922,-0.00219727
2923,-0.00170898
2924,-5.64746
2925,-5.63843
2926,-5.62939
2927,-5.62036
2928,-5.61133
2929,0
2930,0.000244141
2931,-0.000244141
2932,7.99976
2933,-8
2934,0.00195313
2935,0.00170898
2936,0.00219727
2937,-0.00195313
2938,-0.00219727
2939,-0.00170898
2940,-5.50293
2941,-5.4939
2942,-5.48486
2943,-5.47583
2944,-5.4668
2945,0
2946,0.000244141
2947,-0.000244141
2948,7.99976
2949,-8
2950,0.00195313
2951,0.00170898
2952,0.00219727
2953,-0.00195313
2954,-0.00219727
2955,-0.00170898
2956,-5.3584
2957,-5.34937
2958,-5.34033
2959,-5.3313
2960,-5.32227
2961,0
2962,0.000244141
2963,-0.000244141
2964,7.99976
2965,-8
2966,0.00195313
2967,0.00170898
2968,0.00219727
2969,-0.00195313
2970,-0.00219727
2971,-0.00170898
2972,-5.21387
2973,-5.20483
2974,-5.1958
2975,-5.18677
2976,-5.17773
2977,0
2978,0.000244141
2979,-0.000244141
2980,7.99976
2981,-8
2982,0.00195313
2983,0.00170898
2984,0.00219727
2985,-0.00195313
2986,-0.00219727
2987,-0.00170898
2988,-5.06934
2989,-5.0603
2990,-5.05127
2991,-5.04224
2992,-5.0332
2993,0
2994,0.000244141
2995,-0.000244141
2996,7.99976
2997,-8
2998,0.00195313
2999,0.00170898
3000,0.00219727
3001,-0.00195313
3002,-0.00219727
3003,-0.00170898
3004,-4.9248
3005,-4.91577
3006,-4.90674
3007,-4.89771
3008,-4.88867
3009,0
3010,0.000244141
3011,-0.000244141
3012,7.99976
3013,-8
3014,0.00195313
3015,0.00170898
3016,0.00219727
3017,-0.00195313
3018,-0.00219727
3019,-0.00170898
3020,-4.78027
3021,-4.77124
3022,-4.76221
3023,-4.75317
3024,-4.74414
3025,0
3026,0.000244141
3027,-0.000244141
3028,7.99976
3029,-8
3030,0.00195313
3031,0.00170898
3032,0.00219727
3033,-0.00195313
3034,-0.00219727
3035,-0.00170898
3036,-4.63574
3037,-4.62671
3038,-4.61768
3039,-4.60864
3040,-4.59961
3041,0
3042,0.000244141
3043,-0.000244141
3044,7.99976
3045,-8
3046,0.00195313
3047,0.00170898
3048,0.00219727
3049,-0.00195313
3050,-0.00219727
3051,-0.00170898
3052,-4.49121
3053,-4.48218
3054,-4.47314
3055,-4.46411
3056,-4.45508
3057,0
3058,0.000244141
3059,-0.000244141
3060,7.99976
3061,-8
3062,0.00195313
3063,0.00170898
3064,0.00219727
3065,-0.00195313
3066,-0.00219727
3067,-0.00170898
3068,-4.34668
3069,-4.33765
3070,-4.32861
3071,-4.31958
3072,-4.31055
3073,0
3074,0.000244141
3075,-0.000244141
3076,7.99976
3077,-8
3078,0.00195313
3079,0.00170898
3080,0.00219727
3081,-0.00195313
3082,-0.00219727
3083,-0.00170898
3084,-4.20215
3085,-4.19312
3086,-4.18408
3087,-4.17505
3088,-4.16602
3089,0
3090,0.000244141
3091,-0.000244141
3092,7.99976
3093,-8
3094,0.00195313
3095,0.00170898
3096,0.00219727
3097,-0.00195313
3098,-0.00219727
3099,-0.00170898
3100,-4.05762
3101,-4.04858
3102,-4.03955
3103,-4.03052
3104,-4.02148
3105,0
3106,0.000244141
3107,-0.000244141
3108,7.99976
3109,-8
3110,0.00195313
3111,0.00170898
3112,0.00219727
3113,-0.00195313
3114,-0.00219727
3115,-0.00170898
3116,-3.91309
3117,-3.90405
3118,-3.89502
3119,-3.88599
3120,-3.87695
3121,0
3122,0.000244141
3123,-0.000244141
3124,7.99976
3125,-8
3126,0.00195313
3127,0.00170898
3128,0.00219727
3129,-0.00195313
3130,-0.00219727
3131,-0.00170898
3132,-3.76855
3133,-3.75952
3134,-3.75049
3135,-3.74146
3136,-3.73242
3137,0
3138,0.000244141
3139,-0.000244141
3140,7.99976
3141,-8
3142,0.00195313
3143,0.00170898
3144,0.00219727
3145,-0.00195313
3146,-0.00219727
3147,-0.00170898
3148,-3.62402
3149,-3.61499
3150,-3.60596
3151,-3.59692
3152,-3.58789
3153,0
3154,0.000244141
3155,-0.000244141
3156,7.99976
3157,-8
3158,0.00195313
3159,0.00170898
3160,0.00219727
3161,-0.00195313
3162,-0.00219727
3163,-0.00170898
3164,-3.47949
3165,-3.47046
3166,-3.46143
3167,-3.45239
3168,-3.44336
3169,0
3170,0.000244141
3171,-0.000244141
3172,7.99976
3173,-8
3174,0.00195313
3175,0.00170898
3176,0.00219727
3177,-0.00195313
3178,-0.00219727
3179,-0.00170898
3180,-3.33496
3181,-3.32593
3182,-3.31689
3183,-3.30786
3184,-3.29883
3185,0
3186,0.000244141
3187,-0.000244141
3188,7.99976
3189,-8
3190,0.00195313
3191,0.00170898
3192,0.00219727
3193,-0.00195313
3194,-0.00219727
3195,-0.00170898
3196,-3.19043
3197,-3.1814
3198,-3.17236
3199,-3.16333
3200,-3.1543
3201,0
3202,0.000244141
3203,-0.000244141
3204,7.99976
3205,-8
3206,0.00195313
3207,0.00170898
3208,0.00219727
3209,-0.00195313
3210,-0.00219727
3211,-0.00170898
3212,-3.0459
3213,-3.03687
3214,-3.02783
3215,-3.0188
3216,-3.00977
3217,0
3218,0.000244141
3219,-0.000244141
3220,7.99976
3221,-8
3222,0.00195313
3223,0.00170898
3224,0.00219727
3225,-0.00195313
3226,-0.00219727
3227,-0.00170898
3228,-2.90137
3229,-2.89233
3230,-2.8833
3231,-2.87427
3232,-2.86523
3233,0
3234,0.000244141
3235,-0.000244141
3236,7.99976
3237,-8
3238,0.00195313
3239,0.00170898
3240,0.00219727
3241,-0.00195313
3242,-0.00219727
3243,-0.00170898
3244,-2.75684
3245,-2.7478
3246,-2.73877
3247,-2.72974
3248,-2.7207
3249,0
3250,0.000244141
3251,-0.000244141
3252,7.99976
3253,-8
3254,0.00195313
3255,0.00170898
3256,0.00219727
3257,-0.00195313
3258,-0.00219727
3259,-0.00170898
3260,-2.6123
3261,-2.60327
3262,-2.59424
3263,-2.58521
3264,-2.57617
3265,0
3266,0.000244141
3267,-0.000244141
3268,7.99976
3269,-8
3270,0.00195313
3271,0.00170898
3272,0.00219727
3273,-0.00195313
3274,-0.00219727
3275,-0.00170898
3276,-2.46777
3277,-2.45874
3278,-2.44971
3279,-2.44067
3280,-2.43164
3281,0
3282,0.000244141
3283,-0.000244141
3284,7.99976
3285,-8
3286,0.00195313
3287,0.00170898
3288,0.00219727
3289,-0.00195313
3290,-0.00219727
3291,-0.00170898
3292,-2.32324
3293,-2.31421
3294,-2.30518
3295,-2.29614
3296,-2.28711
3297,0
3298,0.000244141
3299,-0.000244141
3300,7.99976
3301,-8
3302,0.00195313
3303,0.00170898
3304,0.00219727
3305,-0.00195313
3306,-0.00219727
3307,-0.00170898
3308,-2.17871
3309,-2.16968
3310,-2.16064
3311,-2.15161
3312,-2.14258
3313,0
3314,0.000244141
3315,-0.000244141
3316,7.99976
3317,-8
3318,0.00195313
3319,0.00170898
3320,0.00219727
3321,-0.00195313
3322,-0.00219727
3323,-0.00170898
3324,-2.03418
3325,-2.02515
3326,-2.01611
3327,-2.00708
3328,-1.99805
3329,0
3330,0.000244141
3331,-0.000244141
3332,7.99976
3333,-8
3334,0.00195313
3335,0.00170898
3336,0.00219727
3337,-0.00195313
3338,-0.00219727
3339,-0.00170898
3340,-1.88965
3341,-1.88062
3342,-1.87158
3343,-1.86255
3344,-1.85352
3345,0
3346,0.000244141
3347,-0.000244141
3348,7.99976
3349,-8
3350,0.00195313
3351,0.00170898
3352,0.00219727
3353,-0.00195313
3354,-0.00219727
3355,-0.00170898
3356,-1.74512
3357,-1.73608
3358,-1.72705
3359,-1.71802
3360,-1.70898
3361,0
3362,0.000244141
3363,-0.000244141
3364,7.99976
3365,-8
3366,0.00195313
3367,0.00170898
3368,0.00219727
3369,-0.00195313
3370,-0.00219727
3371,-0.00170898
3372,-1.60059
3373,-1.59155
3374,-1.58252
3375,-1.57349
3376,-1.56445
3377,0
3378,0.000244141
3379,-0.000244141
3380,7.99976
3381,-8
3382,0.00195313
3383,0.00170898
3384,0.00219727
3385,-0.00195313
3386,-0.00219727
3387,-0.00170898
3388,-1.45605
3389,-1.44702
3390,-1.43799
3391,-1.42896
3392,-1.41992
3393,0
3394,0.000244141
3395,-0.000244141
3396,7.99976
3397,-8
3398,0.00195313
3399,0.00170898
3400,0.00219727
3401,-0.00195313
3402,-0.00219727
3403,-0.00170898
3404,-1.31152
3405,-1.30249
3406,-1.29346
3407,-1.28442
3408,-1.27539
3409,0
3410,0.000244141
3411,-0.000244141
3412,7.99976
3413,-8
3414,0.00195313
3415,0.00170898
3416,0.00219727
3417,-0.00195313
3418,-0.00219727
3419,-0.00170898
3420,-1.16699
3421,-1.15796
3422,-1.14893
3423,-1.13989
3424,-1.13086
3425,0
3426,0.000244141
3427,-0.000244141
3428,7.99976
3429,-8
3430,0.00195313
3431,0.00170898
3432,0.00219727
3433,-0.00195313
3434,-0.00219727
3435,-0.00170898
3436,-1.02246
3437,-1.01343
3438,-1.00439
3439,-0.995361
3440,-0.986328
3441,0
3442,0.000244141
3443,-0.000244141
3444,7.99976
3445,-8
3446,0.00195313
3447,0.00170898
3448,0.00219727
3449,-0.00195313
3450,-0.00219727
3451,-0.00170898
3452,-0.87793
3453,-0.868896
3454,-0.859863
3455,-0.85083
3456,-0.841797
3457,0
3458,0.000244141
3459,-0.000244141
3460,7.99976
3461,-8
3462,0.00195313
3463,0.00170898
3464,0.00219727
3465,-0.00195313
3466,-0.00219727
3467,-0.00170898
3468,-0.733398
3469,-0.724365
3470,-0.715332
3471,-0.706299
3472,-0.697266
3473,0
3474,0.000244141
3475,-0.000244141
3476,7.99976
3477,-8
3478,0.00195313
3479,0.00170898
3480,0.00219727
3481,-0.00195313
3482,-0.00219727
3483,-0.00170898
3484,-0.588867
3485,-0.579834
3486,-0.570801
3487,-0.561768
3488,-0.552734
3489,0
3490,0.000244141
3491,-0.000244141
3492,7.99976
3493,-8
3494,0.00195313
3495,0.00170898
3496,0.00219727
3497,-0.00195313
3498,-0.00219727
3499,-0.00170898
3500,-0.444336
3501,-0.435303
3502,-0.42627
3503,-0.417236
3504,-0.408203
3505,0
3506,0.000244141
3507,-0.000244141
3508,7.99976
3509,-8
3510,0.00195313
3511,0.00170898
3512,0.00219727
3513,-0.00195313
3514,-0.00219727
3515,-0.00170898
3516,-0.299805
3517,-0.290771
3518,-0.281738
3519,-0.272705
3520,-0.263672
3521,0
3522,0.000244141
3523,-0.000244141
3524,7.99976
3525,-8
3526,0.00195313
3527,0.00170898
3528,0.00219727
3529,-0.00195313
3530,-0.00219727
3531,-0.00170898
3532,-0.155273
3533,-0.14624
3534,-0.137207
3535,-0.128174
3536,-0.119141
3537,0
3538,0.000244141
3539,-0.000244141
3540,7.99976
3541,-8
3542,0.00195313
3543,0.00170898
3544,0.00219727
3545,-0.00195313
3546,-0.00219727
3547,-0.00170898
3548,-0.0107422
3549,-0.00170898
3550,0.00732422
3551,0.0163574
3552,0.0253906
3553,0
3554,0.000244141
3555,-0.000244141
3556,7.99976
3557,-8
3558,0.00195313
3559,0.00170898
3560,0.00219727
3561,-0.00195313
3562,-0.00219727
3563,-0.00170898
3564,0.133789
3565,0.142822
3566,0.151855
3567,0.160889
3568,0.169922
3569,0
3570,0.000244141
3571,-0.000244141
3572,7.99976
3573,-8
3574,0.00195313
3575,0.00170898
3576,0.00219727
3577,-0.00195313
3578,-0.00219727
3579,-0.00170898
3580,0.27832
3581,0.287354
3582,0.296387
3583,0.30542
3584,0.314453
3585,0
3586,0.000244141
3587,-0.000244141
3588,7.99976
3589,-8
3590,0.00195313
3591,0.00170898
3592,0.00219727
3593,-0.00195313
3594,-0.00219727
3595,-0.00170898
3596,0.422852
3597,0.431885
3598,0.440918
3599,0.449951
3600,0.458984
3601,0
3602,0.000244141
3603,-0.000244141
3604,7.99976
3605,-8
3606,0.00195313
3607,0.00170898
3608,0.00219727
3609,-0.00195313
3610,-0.00219727
3611,-0.00170898
3612,0.567383
3613,0.576416
3614,0.585449
3615,0.594482
3616,0.603516
3617,0
3618,0.000244141
3619,-0.000244141
3620,7.99976
3621,-8
3622,0.00195313
3623,0.00170898
3624,0.00219727
3625,-0.00195313
3626,-0.00219727
3627,-0.00170898
3628,0.711914
3629,0.720947
3630,0.72998
3631,0.739014
3632,0.748047
3633,0
3634,0.000244141
3635,-0.000244141
3636,7.99976
3637,-8
3638,0.00195313
3639,0.00170898
3640,0.00219727
3641,-0.00195313
3642,-0.00219727
3643,-0.00170898
3644,0.856445
3645,0.865479
3646,0.874512
3647,0.883545
3648,0.892578
3649,0
3650,0.000244141
3651,-0.000244141
3652,7.99976
3653,-8
3654,0.00195313
3655,0.00170898
3656,0.00219727
3657,-0.00195313
3658,-0.00219727
3659,-0.00170898
3660,1.00098
3661,1.01001
3662,1.01904
3663,1.02808
3664,1.03711
3665,0
3666,0.000244141
3667,-0.000244141
3668,7.99976
3669,-8
3670,0.00195313
3671,0.00170898
3672,0.00219727
3673,-0.00195313
3674,-0.00219727
3675,-0.00170898
3676,1.14551
3677,1.15454
3678,1.16357
3679,1.17261
3680,1.18164
3681,0
3682,0.000244141
3683,-0.000244141
3684,7.99976
3685,-8
3686,0.00195313
3687,0.00170898
3688,0.00219727
3689,-0.00195313
3690,-0.00219727
3691,-0.00170898
3692,1.29004
3693,1.29907
3694,1.30811
3695,1.31714
3696,1.32617
3697,0
3698,0.000244141
3699,-0.000244141
3700,7.99976
3701,-8
3702,0.00195313
3703,0.00170898
3704,0.00219727
3705,-0.00195313
3706,-0.00219727
3707,-0.00170898
3708,1.43457
3709,1.4436
3710,1.45264
3711,1.46167
3712,1.4707
3713,0
3714,0.000244141
3715,-0.000244141
3716,7.99976
3717,-8
3718,0.00195313
3719,0.00170898
3720,0.00219727
3721,-0.00195313
3722,-0.00219727
3723,-0.00170898
3724,1.5791
3725,1.58813
3726,1.59717
3727,1.6062
3728,1.61523
3729,0
3730,0.000244141
3731,-0.000244141
3732,7.99976
3733,-8
3734,0.00195313
3735,0.00170898
3736,0.00219727
3737,-0.00195313
3738,-0.00219727
3739,-0.00170898
3740,1.72363
3741,1.73267
3742,1.7417
3743,1.75073
3744,1.75977
3745,0
3746,0.000244141
3747,-0.000244141
3748,7.99976
3749,-8
3750,0.00195313
3751,0.00170898
3752,0.00219727
3753,-0.00195313
3754,-0.00219727
3755,-0.00170898
3756,1.86816
3757,1.8772
3758,1.88623
3759,1.89526
3760,1.9043
3761,0
3762,0.000244141
3763,-0.000244141
3764,7.99976
3765,-8
3766,0.00195313
3767,0.00170898
3768,0.00219727
3769,-0.00195313
3770,-0.00219727
3771,-0.00170898
3772,2.0127
3773,2.02173
3774,2.03076
3775,2.03979
3776,2.04883
3777,0
3778,0.000244141
3779,-0.000244141
3780,7.99976
3781,-8
3782,0.00195313
3783,0.00170898
3784,0.00219727
3785,-0.00195313
3786,-0.00219727
3787,-0.00170898
3788,2.15723
3789,2.16626
3790,2.17529
3791,2.18433
3792,2.19336
3793,0
3794,0.000244141
3795,-0.000244141
3796,7.99976
3797,-8
3798,0.00195313
3799,0.00170898
3800,0.00219727
3801,-0.00195313
3802,-0.00219727
3803,-0.00170898
3804,2.30176
3805,2.31079
3806,2.31982
3807,2.32886
3808,2.33789
3809,0
3810,0.000244141
3811,-0.000244141
3812,7.99976
3813,-8
3814,0.00195313
3815,0.00170898
3816,0.00219727
3817,-0.00195313
3818,-0.00219727
3819,-0.00170898
3820,2.44629
3821,2.45532
3822,2.46436
3823,2.47339
3824,2.48242
3825,0
3826,0.000244141
3827,-0.000244141
3828,7.99976
3829,-8
3830,0.00195313
3831,0.00170898
3832,0.00219727
3833,-0.00195313
3834,-0.00219727
3835,-0.00170898
3836,2.59082
3837,2.59985
3838,2.60889
3839,2.61792
3840,2.62695
3841,0
3842,0.000244141
3843,-0.000244141
3844,7.99976
3845,-8
3846,0.00195313
3847,0.00170898
3848,0.00219727
3849,-0.00195313
3850,-0.00219727
3851,-0.00170898
3852,2.73535
3853,2.74438
3854,2.75342
3855,2.76245
3856,2.77148
3857,0
3858,0.000244141
3859,-0.000244141
3860,7.99976
3861,-8
3862,0.00195313
3863,0.00170898
3864,0.00219727
3865,-0.00195313
3866,-0.00219727
3867,-0.00170898
3868,2.87988
3869,2.88892
3870,2.89795
3871,2.90698
3872,2.91602
3873,0
3874,0.000244141
3875,-0.000244141
3876,7.99976
3877,-8
3878,0.00195313
3879,0.00170898
3880,0.00219727
3881,-0.00195313
3882,-0.00219727
3883,-0.00170898
3884,3.02441
3885,3.03345
3886,3.04248
3887,3.05151
3888,3.06055
3889,0
3890,0.000244141
3891,-0.000244141
3892,7.99976
3893,-8
3894,0.00195313
3895,0.00170898
3896,0.00219727
3897,-0.00195313
3898,-0.00219727
3899,-0.00170898
3900,3.16895
3901,3.17798
3902,3.18701
3903,3.19604
3904,3.20508
3905,0
3906,0.000244141
3907,-0.000244141
3908,7.99976
3909,-8
3910,0.00195313
3911,0.00170898
3912,0.00219727
3913,-0.00195313
3914,-0.00219727
3915,-0.00170898
3916,3.31348
3917,3.32251
3918,3.33154
3919,3.34058
3920,3.34961
3921,0
3922,0.000244141
3923,-0.000244141
3924,7.99976
3925,-8
3926,0.00195313
3927,0.00170898
3928,0.00219727
3929,-0.00195313
3930,-0.00219727
3931,-0.00170898
3932,3.45801
3933,3.46704
3934,3.47607
3935,3.48511
3936,3.49414
3937,0
3938,0.000244141
3939,-0.000244141
3940,7.99976
3941,-8
3942,0.00195313
3943,0.00170898
3944,0.00219727
3945,-0.00195313
3946,-0.00219727
3947,-0.00170898
3948,3.60254
3949,3.61157
3950,3.62061
3951,3.62964
3952,3.63867
3953,0
3954,0.000244141
3955,-0.000244141
3956,7.99976
3957,-8
3958,0.00195313
3959,0.00170898
3960,0.00219727
3961,-0.00195313
3962,-0.00219727
3963,-0.00170898
3964,3.74707
3965,3.7561
3966,3.76514
3967,3.77417
3968,3.7832
3969,0
3970,0.000244141
3971,-0.000244141
3972,7.99976
3973,-8
3974,0.00195313
3975,0.00170898
3976,0.00219727
3977,-0.00195313
3978,-0.00219727
3979,-0.00170898
3980,3.8916
3981,3.90063
3982,3.90967
3983,3.9187
3984,3.92773
3985,0
3986,0.000244141
3987,-0.000244141
3988,7.99976
3989,-8
3990,0.00195313
3991,0.00170898
3992,0.00219727
3993,-0.00195313
3994,-0.00219727
3995,-0.00170898
3996,4.03613
3997,4.04517
3998,4.0542
3999,4.06323
4000,4.07227
4001,0
4002,0.000244141
4003,-0.000244141
4004,7.99976
4005,-8
4006,0.00195313
4007,0.00170898
4008,0.00219727
4009,-0.00195313
4010,-0.00219727
4011,-0.00170898
4012,4.18066
4013,4.1897
4014,4.19873
4015,4.20776
4016,4.2168
4017,0
4018,0.000244141
4019,-0.000244141
4020,7.99976
4021,-8
4022,0.00195313
4023,0.00170898
4024,0.00219727
4025,-0.00195313
4026,-0.00219727
4027,-0.00170898
4028,4.3252
4029,4.33423
4030,4.34326
4031,4.35229
4032,4.36133
4033,0
4034,0.000244141
4035,-0.000244141
4036,7.99976
4037,-8
4038,0.00195313
4039,0.00170898
4040,0.00219727
4041,-0.00195313
4042,-0.00219727
4043,-0.00170898
4044,4.46973
4045,4.47876
4046,4.48779
4047,4.49683
4048,4.50586
4049,0
4050,0.000244141
4051,-0.000244141
4052,7.99976
4053,-8
4054,0.00195313
4055,0.00170898
4056,0.00219727
4057,-0.00195313
4058,-0.00219727
4059,-0.00170898
4060,4.61426
4061,4.62329
4062,4.63232
4063,4.64136
4064,4.65039
4065,0
4066,0.000244141
4067,-0.000244141
4068,7.99976
4069,-8
4070,0.00195313
4071,0.00170898
4072,0.00219727
4073,-0.00195313
4074,-0.00219727
4075,-0.00170898
4076,4.75879
4077,4.76782
4078,4.77686
4079,4.78589
4080,4.79492
4081,0
4082,0.000244141
4083,-0.000244141
4084,7.99976
4085,-8
4086,0.00195313
4087,0.00170898
4088,0.00219727
4089,-0.00195313
4090,-0.00219727
4091,-0.00170898
4092,4.90332
4093,4.91235
4094,4.92139
4095,4.93042
4096,4.93945
4097,0
4098,0.000244141
4099,-0.000244141
4100,7.99976
4101,-8
4102,0.00195313
4103,0.00170898
4104,0.00219727
4105,-0.00195313
4106,-0.00219727
4107,-0.00170898
4108,5.04785
4109,5.05688
4110,5.06592
4111,5.07495
4112,5.08398
4113,0
4114,0.000244141
4115,-0.000244141
4116,7.99976
4117,-8
4118,0.00195313
4119,0.00170898
4120,0.00219727
4121,-0.00195313
4122,-0.00219727
4123,-0.00170898
4124,5.19238
4125,5.20142
4126,5.21045
4127,5.21948
4128,5.22852
4129,0
4130,0.000244141
4131,-0.000244141
4132,7.99976
4133,-8
4134,0.00195313
4135,0.00170898
4136,0.00219727
4137,-0.00195313
4138,-0.00219727
4139,-0.00170898
4140,5.33691
4141,5.34595
4142,5.35498
4143,5.36401
4144,5.37305
4145,0
4146,0.000244141
4147,-0.000244141
4148,7.99976
4149,-8
4150,0.00195313
4151,0.00170898
4152,0.00219727
4153,-0.00195313
4154,-0.00219727
4155,-0.00170898
4156,5.48145
4157,5.49048
4158,5.49951
4159,5.50854
4160,5.51758
4161,0
4162,0.000244141
4163,-0.000244141
4164,7.99976
4165,-8
4166,0.00195313
4167,0.00170898
4168,0.00219727
4169,-0.00195313
4170,-0.00219727
4171,-0.00170898
4172,5.62598
4173,5.63501
4174,5.64404
4175,5.65308
4176,5.66211
4177,0
4178,0.000244141
4179,-0.000244141
4180,7.99976
4181,-8
4182,0.00195313
4183,0.00170898
4184,0.00219727
4185,-0.00195313
4186,-0.00219727
4187,-0.00170898
4188,5.77051
4189,5.77954
4190,5.78857
4191,5.79761
4192,5.80664
4193,0
4194,0.000244141
4195,-0.000244141
4196,7.99976
4197,-8
4198,0.00195313
4199,0.00170898
4200,0.00219727
4201,-0.00195313
4202,-0.00219727
4203,-0.00170898
4204,5.91504
4205,5.92407
4206,5.93311
4207,5.94214
4208,5.95117
4209,0
4210,0.000244141
4211,-0.000244141
4212,7.99976
4213,-8
4214,0.00195313
4215,0.00170898
4216,0.00219727
4217,-0.00195313
4218,-0.00219727
4219,-0.00170898
4220,6.05957
4221,6.0686
4222,6.07764
4223,6.08667
4224,6.0957
4225,0
4226,0.000244141
4227,-0.000244141
4228,7.99976
4229,-8
4230,0.00195313
4231,0.00170898
4232,0.00219727
4233,-0.00195313
4234,-0.00219727
4235,-0.00170898
4236,6.2041
4237,6.21313
4238,6.22217
4239,6.2312
4240,6.24023
4241,0
4242,0.000244141
4243,-0.000244141
4244,7.99976
4245,-8
4246,0.00195313
4247,0.00170898
4248,0.00219727
4249,-0.00195313
4250,-0.00219727
4251,-0.00170898
4252,6.34863
4253,6.35767
4254,6.3667
4255,6.37573
4256,6.38477
4257,0
4258,0.000244141
4259,-0.000244141
4260,7.99976
4261,-8
4262,0.00195313
4263,0.00170898
4264,0.00219727
4265,-0.00195313
4266,-0.00219727
4267,-0.00170898
4268,6.49316
4269,6.5022
4270,6.51123
4271,6.52026
4272,6.5293
4273,0
4274,0.000244141
4275,-0.000244141
4276,7.99976
4277,-8
4278,0.00195313
4279,0.00170898
4280,0.00219727
4281,-0.00195313
4282,-0.00219727
4283,-0.00170898
4284,6.6377
4285,6.64673
4286,6.65576
4287,6.66479
4288,6.67383
4289,0
4290,0.000244141
4291,-0.000244141
4292,7.99976
4293,-8
4294,0.00195313
4295,0.00170898
4296,0.00219727
4297,-0.00195313
4298,-0.00219727
4299,-0.00170898
4300,6.78223
4301,6.79126
4302,6.80029
4303,6.80933
4304,6.81836
4305,0
4306,0.000244141
4307,-0.000244141
4308,7.99976
4309,-8
4310,0.00195313
4311,0.00170898
4312,0.00219727
4313,-0.00195313
4314,-0.00219727
4315,-0.00170898
4316,6.92676
4317,6.93579
4318,6.94482
4319,6.95386
4320,6.96289
4321,0
4322,0.000244141
4323,-0.000244141
4324,7.99976
4325,-8
4326,0.00195313
4327,0.00170898
4328,0.00219727
4329,-0.00195313
4330,-0.00219727
4331,-0.00170898
4332,7.07129
4333,7.08032
4334,7.08936
4335,7.09839
4336,7.10742
4337,0
4338,0.000244141
4339,-0.000244141
4340,7.99976
4341,-8
4342,0.00195313
4343,0.00170898
4344,0.00219727
4345,-0.00195313
4346,-0.00219727
4347,-0.00170898
4348,7.21582
4349,7.22485
4350,7.23389
4351,7.24292
4352,7.25195
4353,0
4354,0.000244141
4355,-0.000244141
4356,7.99976
4357,-8
4358,0.00195313
4359,0.00170898
4360,0.00219727
4361,-0.00195313
4362,-0.00219727
4363,-0.00170898
4364,7.36035
4365,7.36938
4366,7.37842
4367,7.38745
4368,7.39648
4369,0
4370,0.000244141
4371,-0.000244141
4372,7.99976
4373,-8
4374,0.00195313
4375,0.00170898
4376,0.00219727
4377,-0.00195313
4378,-0.00219727
4379,-0.00170898
4380,7.50488
4381,7.51392
4382,7.52295
4383,7.53198
4384,7.54102
4385,0
4386,0.000244141
4387,-0.000244141
4388,7.99976
4389,-8
4390,0.00195313
4391,0.00170898
4392,0.00219727
4393,-0.00195313
4394,-0.00219727
4395,-0.00170898
4396,7.64941
4397,7.65845
4398,7.66748
4399,7.67651
4400,7.68555
4401,0
4402,0.000244141
4403,-0.000244141
4404,7.99976
4405,-8
4406,0.00195313
4407,0.00170898
4408,0.00219727
4409,-0.00195313
4410,-0.00219727
4411,-0.00170898
4412,7.79395
4413,7.80298
4414,7.81201
4415,7.82104
4416,7.83008
4417,0
4418,0.000244141
4419,-0.000244141
4420,7.99976
4421,-8
4422,0.00195313
4423,0.00170898
4424,0.00219727
4425,-0.00195313
4426,-0.00219727
4427,-0.00170898
4428,7.93848
4429,7.94751
4430,7.95654
4431,7.96558
4432,7.97461
4433,0
4434,0.000244141
4435,-0.000244141
4436,7.99976
4437,-8
4438,0.00195313
4439,0.00170898
4440,0.00219727
4441,-0.00195313
4442,-0.00219727
4443,-0.00170898
4444,-7.91699
4445,-7.90796
4446,-7.89893
4447,-7.88989
4448,-7.88086
4449,0
4450,0.000244141
4451,-0.000244141
4452,7.99976
4453,-8
4454,0.00195313
4455,0.00170898
4456,0.00219727
4457,-0.00195313
4458,-0.00219727
4459,-0.00170898
4460,-7.77246
4461,-7.76343
4462,-7.75439
4463,-7.74536
4464,-7.73633
4465,0
4466,0.000244141
4467,-0.000244141
4468,7.99976
4469,-8
4470,0.00195313
4471,0.00170898
4472,0.00219727
4473,-0.00195313
4474,-0.00219727
4475,-0.00170898
4476,-7.62793
4477,-7.6189
4478,-7.60986
4479,-7.60083
4480,-7.5918
4481,0
4482,0.000244141
4483,-0.000244141
4484,7.99976
4485,-8
4486,0.00195313
4487,0.00170898
4488,0.00219727
4489,-0.00195313
4490,-0.00219727
4491,-0.00170898
4492,-7.4834
4493,-7.47437
4494,-7.46533
4495,-7.4563
4496,-7.44727
4497,0
4498,0.000244141
4499,-0.000244141
4500,7.99976
4501,-8
4502,0.00195313
4503,0.00170898
4504,0.00219727
4505,-0.00195313
4506,-0.00219727
4507,-0.00170898
4508,-7.33887
4509,-7.32983
4510,-7.3208
4511,-7.31177
4512,-7.30273
4513,0
4514,0.000244141
4515,-0.000244141
4516,7.99976
4517,-8
4518,0.00195313
4519,0.00170898
4520,0.00219727
4521,-0.00195313
4522,-0.00219727
4523,-0.00170898
4524,-7.19434
4525,-7.1853
4526,-7.17627
4527,-7.16724
4528,-7.1582
4529,0
4530,0.000244141
4531,-0.000244141
4532,7.99976
4533,-8
4534,0.00195313
4535,0.00170898
4536,0.00219727
4537,-0.00195313
4538,-0.00219727
4539,-0.00170898
4540,-7.0498
4541,-7.04077
4542,-7.03174
4543,-7.02271
4544,-7.01367
4545,0
4546,0.000244141
4547,-0.000244141
4548,7.99976
4549,-8
4550,0.00195313
4551,0.00170898
4552,0.00219727
4553,-0.00195313
4554,-0.00219727
4555,-0.00170898
4556,-6.90527
4557,-6.89624
4558,-6.88721
4559,-6.87817
4560,-6.86914
4561,0
4562,0.000244141
4563,-0.000244141
4564,7.99976
4565,-8
4566,0.00195313
4567,0.00170898
4568,0.00219727
4569,-0.00195313
4570,-0.00219727
4571,-0.00170898
4572,-6.76074
4573,-6.75171
4574,-6.74268
4575,-6.73364
4576,-6.72461
4577,0
4578,0.000244141
4579,-0.000244141
4580,7.99976
4581,-8
4582,0.00195313
4583,0.00170898
4584,0.00219727
4585,-0.00195313
4586,-0.00219727
4587,-0.00170898
4588,-6.61621
4589,-6.60718
4590,-6.59814
4591,-6.58911
4592,-6.58008
4593,0
4594,0.000244141
4595,-0.000244141
4596,7.99976
4597,-8
4598,0.00195313
4599,0.00170898
4600,0.00219727
4601,-0.00195313
4602,-0.00219727
4603,-0.00170898
4604,-6.47168
4605,-6.46265
4606,-6.45361
4607,-6.44458
4608,-6.43555
4609,0
4610,0.000244141
4611,-0.000244141
4612,7.99976
4613,-8
4614,0.00195313
4615,0.00170898
4616,0.00219727
4617,-0.00195313
4618,-0.00219727
4619,-0.00170898
4620,-6.32715
4621,-6.31812
4622,-6.30908
4623,-6.30005
4624,-6.29102
4625,0
4626,0.000244141
4627,-0.000244141
4628,7.99976
4629,-8
4630,0.00195313
4631,0.00170898
4632,0.00219727
4633,-0.00195313
4634,-0.00219727
4635,-0.00170898
4636,-6.18262
4637,-6.17358
4638,-6.16455
4639,-6.15552
4640,-6.14648
4641,0
4642,0.000244141
4643,-0.000244141
4644,7.99976
4645,-8
4646,0.00195313
4647,0.00170898
4648,0.00219727
4649,-0.00195313
4650,-0.00219727
4651,-0.00170898
4652,-6.03809
4653,-6.02905
4654,-6.02002
4655,-6.01099
4656,-6.00195
4657,0
4658,0.000244141
4659,-0.000244141
4660,7.99976
4661,-8
4662,0.00195313
4663,0.00170898
4664,0.00219727
4665,-0.00195313
4666,-0.00219727
4667,-0.00170898
4668,-5.89355
4669,-5.88452
4670,-5.87549
4671,-5.86646
4672,-5.85742
4673,0
4674,0.000244141
4675,-0.000244141
4676,7.99976
4677,-8
4678,0.00195313
4679,0.00170898
4680,0.00219727
4681,-0.00195313
4682,-0.00219727
4683,-0.00170898
4684,-5.74902
4685,-5.73999
4686,-5.73096
4687,-5.72192
4688,-5.71289
4689,0
4690,0.000244141
4691,-0.000244141
4692,7.99976
4693,-8
4694,0.00195313
4695,0.00170898
4696,0.00219727
4697,-0.00195313
4698,-0.00219727
4699,-0.00170898
4700,-5.60449
4701,-5.59546
4702,-5.58643
4703,-5.57739
4704,-5.56836
4705,0
4706,0.000244141
4707,-0.000244141
4708,7.99976
4709,-8
4710,0.00195313
4711,0.00170898
4712,0.00219727
4713,-0.00195313
4714,-0.00219727
4715,-0.00170898
4716,-5.45996
4717,-5.45093
4718,-5.44189
4719,-5.43286
4720,-5.42383
4721,0
4722,0.000244141
4723,-0.000244141
4724,7.99976
4725,-8
4726,0.00195313
4727,0.00170898
4728,0.00219727
4729,-0.00195313
4730,-0.00219727
4731,-0.00170898
4732,-5.31543
4733,-5.3064
4734,-5.29736
4735,-5.28833
4736,-5.2793
4737,0
4738,0.000244141
4739,-0.000244141
4740,7.99976
4741,-8
4742,0.00195313
4743,0.00170898
4744,0.00219727
4745,-0.00195313
4746,-0.00219727
4747,-0.00170898
4748,-5.1709
4749,-5.16187
4750,-5.15283
4751,-5.1438
4752,-5.13477
4753,0
4754,0.000244141
4755,-0.000244141
4756,7.99976
4757,-8
4758,0.00195313
4759,0.00170898
4760,0.00219727
4761,-0.00195313
4762,-0.00219727
4763,-0.00170898
4764,-5.02637
4765,-5.01733
4766,-5.0083
4767,-4.99927
4768,-4.99023
4769,0
4770,0.000244141
4771,-0.000244141
4772,7.99976
4773,-8
4774,0.00195313
4775,0.00170898
4776,0.00219727
4777,-0.00195313
4778,-0.00219727
4779,-0.00170898
4780,-4.88184
4781,-4.8728
4782,-4.86377
4783,-4.85474
4784,-4.8457
4785,0
4786,0.000244141
4787,-0.000244141
4788,7.99976
4789,-8
4790,0.00195313
4791,0.00170898
4792,0.00219727
4793,-0.00195313
4794,-0.00219727
4795,-0.00170898
4796,-4.7373
4797,-4.72827
4798,-4.71924
4799,-4.71021
4800,-4.70117
4801,0
4802,0.000244141
4803,-0.000244141
4804,7.99976
4805,-8
4806,0.00195313
4807,0.00170898
4808,0.00219727
4809,-0.00195313
4810,-0.00219727
4811,-0.00170898
4812,-4.59277
4813,-4.58374
4814,-4.57471
4815,-4.56567
4816,-4.55664
4817,0
4818,0.000244141
4819,-0.000244141
4820,7.99976
4821,-8
4822,0.00195313
4823,0.00170898
4824,0.00219727
4825,-0.00195313
4826,-0.00219727
4827,-0.00170898
4828,-4.44824
4829,-4.43921
4830,-4.43018
4831,-4.42114
4832,-4.41211
4833,0
4834,0.000244141
4835,-0.000244141
4836,7.99976
4837,-8
4838,0.00195313
4839,0.00170898
4840,0.00219727
4841,-0.00195313
4842,-0.00219727
4843,-0.00170898
4844,-4.30371
4845,-4.29468
4846,-4.28564
4847,-4.27661
4848,-4.26758
4849,0
4850,0.000244141
4851,-0.000244141
4852,7.99976
4853,-8
4854,0.00195313
4855,0.00170898
4856,0.00219727
4857,-0.00195313
4858,-0.00219727
4859,-0.00170898
4860,-4.15918
4861,-4.15015
4862,-4.14111
4863,-4.13208
4864,-4.12305
4865,0
4866,0.000244141
4867,-0.000244141
4868,7.99976
4869,-8
4870,0.00195313
4871,0.00170898
4872,0.00219727
4873,-0.00195313
4874,-0.00219727
4875,-0.00170898
4876,-4.01465
4877,-4.00562
4878,-3.99658
4879,-3.98755
4880,-3.97852
4881,0
4882,0.000244141
4883,-0.000244141
4884,7.99976
4885,-8
4886,0.00195313
4887,0.00170898
4888,0.00219727
4889,-0.00195313
4890,-0.00219727
4891,-0.00170898
4892,-3.87012
4893,-3.86108
4894,-3.85205
4895,-3.84302
4896,-3.83398
4897,0
4898,0.000244141
4899,-0.000244141
4900,7.99976
4901,-8
4902,0.00195313
4903,0.00170898
4904,0.00219727
4905,-0.00195313
4906,-0.00219727
4907,-0.00170898
4908,-3.72559
4909,-3.71655
4910,-3.70752
4911,-3.69849
4912,-3.68945
4913,0
4914,0.000244141
4915,-0.000244141
4916,7.99976
4917,-8
4918,0.00195313
4919,0.00170898
4920,0.00219727
4921,-0.00195313
4922,-0.00219727
4923,-0.00170898
4924,-3.58105
4925,-3.57202
4926,-3.56299
4927,-3.55396
4928,-3.54492
4929,0
4930,0.000244141
4931,-0.000244141
4932,7.99976
4933,-8
4934,0.00195313
4935,0.00170898
4936,0.00219727
4937,-0.00195313
4938,-0.00219727
4939,-0.00170898
4940,-3.43652
4941,-3.42749
4942,-3.41846
4943,-3.40942
4944,-3.40039
4945,0
4946,0.000244141
4947,-0.000244141
4948,7.99976
4949,-8
4950,0.00195313
4951,0.00170898
4952,0.00219727
4953,-0.00195313
4954,-0.00219727
4955,-0.00170898
4956,-3.29199
4957,-3.28296
4958,-3.27393
4959,-3.26489
4960,-3.25586
4961,0
4962,0.000244141
4963,-0.000244141
4964,7.99976
4965,-8
4966,0.00195313
4967,0.00170898
4968,0.00219727
4969,-0.00195313
4970,-0.00219727
4971,-0.00170898
4972,-3.14746
4973,-3.13843
4974,-3.12939
4975,-3.12036
4976,-3.11133
4977,0
4978,0.000244141
4979,-0.000244141
4980,7.99976
4981,-8
4982,0.00195313
4983,0.00170898
4984,0.00219727
4985,-0.00195313
4986,-0.00219727
4987,-0.00170898
4988,-3.00293
4989,-2.9939
4990,-2.98486
4991,-2.97583
4992,-2.9668
4993,0
4994,0.000244141
4995,-0.000244141
4996,7.99976
4997,-8
4998,0.00195313
4999,0.00170898
5000,0.00219727
5001,-0.00195313
5002,-0.00219727
5003,-0.00170898
5004,-2.8584
5005,-2.84937
5006,-2.84033
5007,-2.8313
5008,-2.82227
5009,0
5010,0.000244141
5011,-0.000244141
5012,7.99976
5013,-8
5014,0.00195313
5015,0.00170898
5016,0.00219727
5017,-0.00195313
5018,-0.00219727
5019,-0.00170898
5020,-2.71387
5021,-2.70483
5022,-2.6958
5023,-2.68677
5024,-2.67773
5025,0
5026,0.000244141
5027,-0.000244141
5028,7.99976
5029,-8
5030,0.00195313
5031,0.00170898
5032,0.00219727
5033,-0.00195313
5034,-0.00219727
5035,-0.00170898
5036,-2.56934
5037,-2.5603
5038,-2.55127
5039,-2.54224
5040,-2.5332
5041,0
5042,0.000244141
5043,-0.000244141
5044,7.99976
5045,-8
5046,0.00195313
5047,0.00170898
5048,0.00219727
5049,-0.00195313
5050,-0.00219727
5051,-0.00170898
5052,-2.4248
5053,-2.41577
5054,-2.40674
5055,-2.39771
5056,-2.38867
5057,0
5058,0.000244141
5059,-0.000244141
5060,7.99976
5061,-8
5062,0.00195313
5063,0.00170898
5064,0.00219727
5065,-0.00195313
5066,-0.00219727
5067,-0.00170898
5068,-2.28027
5069,-2.27124
5070,-2.26221
5071,-2.25317
5072,-2.24414
5073,0
5074,0.000244141
5075,-0.000244141
5076,7.99976
5077,-8
5078,0.00195313
5079,0.00170898
5080,0.00219727
5081,-0.00195313
5082,-0.00219727
5083,-0.00170898
5084,-2.13574
5085,-2.12671
5086,-2.11768
5087,-2.10864
5088,-2.09961
5089,0
5090,0.000244141
5091,-0.000244141
5092,7.99976
5093,-8
5094,0.00195313
5095,0.00170898
5096,0.00219727
5097,-0.00195313
5098,-0.00219727
5099,-0.00170898
5100,-1.99121
5101,-1.98218
5102,-1.97314
5103,-1.96411
5104,-1.95508
5105,0
5106,0.000244141
5107,-0.000244141
5108,7.99976
5109,-8
5110,0.00195313
5111,0.00170898
5112,0.00219727
5113,-0.00195313
5114,-0.00219727
5115,-0.00170898
5116,-1.84668
5117,-1.83765
5118,-1.82861
5119,-1.81958
5120,-1.81055
5121,0
5122,0.000244141
5123,-0.000244141
5124,7.99976
5125,-8
5126,0.00195313
5127,0.00170898
5128,0.00219727
5129,-0.00195313
5130,-0.00219727
5131,-0.00170898
5132,-1.70215
5133,-1.69312
5134,-1.68408
5135,-1.67505
5136,-1.66602
5137,0
5138,0.000244141
5139,-0.000244141
5140,7.99976
5141,-8
5142,0.00195313
5143,0.00170898
5144,0.00219727
5145,-0.00195313
5146,-0.00219727
5147,-0.00170898
5148,-1.55762
5149,-1.54858
5150,-1.53955
5151,-1.53052
5152,-1.52148
5153,0
5154,0.000244141
5155,-0.000244141
5156,7.99976
5157,-8
5158,0.00195313
5159,0.00170898
5160,0.00219727
5161,-0.00195313
5162,-0.00219727
5163,-0.00170898
5164,-1.41309
5165,-1.40405
5166,-1.39502
5167,-1.38599
5168,-1.37695
5169,0
5170,0.000244141
5171,-0.000244141
5172,7.99976
5173,-8
5174,0.00195313
5175,0.00170898
5176,0.00219727
5177,-0.00195313
5178,-0.00219727
5179,-0.00170898
5180,-1.26855
5181,-1.25952
5182,-1.25049
5183,-1.24146
5184,-1.23242
5185,0
5186,0.000244141
5187,-0.000244141
5188,7.99976
5189,-8
5190,0.00195313
5191,0.00170898
5192,0.00219727
5193,-0.00195313
5194,-0.00219727
5195,-0.00170898
5196,-1.12402
5197,-1.11499
5198,-1.10596
5199,-1.09692
5200,-1.08789
5201,0
5202,0.000244141
5203,-0.000244141
5204,7.99976
5205,-8
5206,0.00195313
5207,0.00170898
5208,0.00219727
5209,-0.00195313
5210,-0.00219727
5211,-0.00170898
5212,-0.979492
5213,-0.970459
5214,-0.961426
5215,-0.952393
5216,-0.943359
5217,0
5218,0.000244141
5219,-0.000244141
5220,7.99976
5221,-8
5222,0.00195313
5223,0.00170898
5224,0.00219727
5225,-0.00195313
5226,-0.00219727
5227,-0.00170898
5228,-0.834961
5229,-0.825928
5230,-0.816895
5231,-0.807861
5232,-0.798828
5233,0
5234,0.000244141
5235,-0.000244141
5236,7.99976
5237,-8
5238,0.00195313
5239,0.00170898
5240,0.00219727
5241,-0.00195313
5242,-0.00219727
5243,-0.00170898
5244,-0.69043
5245,-0.681396
5246,-0.672363
5247,-0.66333
5248,-0.654297
5249,0
5250,0.000244141
5251,-0.000244141
5252,7.99976
5253,-8
5254,0.00195313
5255,0.00170898
5256,0.00219727
5257,-0.00195313
5258,-0.00219727
5259,-0.00170898
5260,-0.545898
5261,-0.536865
5262,-0.527832
5263,-0.518799
5264,-0.509766
5265,0
5266,0.000244141
5267,-0.000244141
5268,7.99976
5269,-8
5270,0.00195313
5271,0.00170898
5272,0.00219727
5273,-0.00195313
5274,-0.00219727
5275,-0.00170898
5276,-0.401367
5277,-0.392334
5278,-0.383301
5279,-0.374268
5280,-0.365234
5281,0
5282,0.000244141
5283,-0.000244141
5284,7.99976
5285,-8
5286,0.00195313
5287,0.00170898
5288,0.00219727
5289,-0.00195313
5290,-0.00219727
5291,-0.00170898
5292,-0.256836
5293,-0.247803
5294,-0.23877
5295,-0.229736
5296,-0.220703
5297,0
5298,0.000244141
5299,-0.000244141
5300,7.99976
5301,-8
5302,0.00195313
5303,0.00170898
5304,0.00219727
5305,-0.00195313
5306,-0.00219727
5307,-0.00170898
5308,-0.112305
5309,-0.103271
5310,-0.0942383
5311,-0.0852051
5312,-0.0761719
5313,0
5314,0.000244141
5315,-0.000244141
5316,7.99976
5317,-8
5318,0.00195313
5319,0.00170898
5320,0.00219727
5321,-0.00195313
5322,-0.00219727
5323,-0.00170898
5324,0.0322266
5325,0.0412598
5326,0.050293
5327,0.0593262
5328,0.0683594
5329,0
5330,0.000244141
5331,-0.000244141
5332,7.99976
5333,-8
5334,0.00195313
5335,0.00170898
5336,0.00219727
5337,-0.00195313
5338,-0.00219727
5339,-0.00170898
5340,0.176758
5341,0.185791
5342,0.194824
5343,0.203857
5344,0.212891
5345,0
5346,0.000244141
5347,-0.000244141
5348,7.99976
5349,-8
5350,0.00195313
5351,0.00170898
5352,0.00219727
5353,-0.00195313
5354,-0.00219727
5355,-0.00170898
5356,0.321289
5357,0.330322
5358,0.339355
5359,0.348389
5360,0.357422
5361,0
5362,0.000244141
5363,-0.000244141
5364,7.99976
5365,-8
5366,0.00195313
5367,0.00170898
5368,0.00219727
5369,-0.00195313
5370,-0.00219727
5371,-0.00170898
5372,0.46582
5373,0.474854
5374,0.483887
5375,0.49292
5376,0.501953
5377,0
5378,0.000244141
5379,-0.000244141
5380,7.99976
5381,-8
5382,0.00195313
5383,0.00170898
5384,0.00219727
5385,-0.00195313
5386,-0.00219727
5387,-0.00170898
5388,0.610352
5389,0.619385
5390,0.628418
5391,0.637451
5392,0.646484
5393,0
5394,0.000244141
5395,-0.000244141
5396,7.99976
5397,-8
5398,0.00195313
5399,0.00170898
5400,0.00219727
5401,-0.00195313
5402,-0.00219727
5403,-0.00170898
5404,0.754883
5405,0.763916
5406,0.772949
5407,0.781982
5408,0.791016
5409,0
5410,0.000244141
5411,-0.000244141
5412,7.99976
5413,-8
5414,0.00195313
5415,0.00170898
5416,0.00219727
5417,-0.00195313
5418,-0.00219727
5419,-0.00170898
5420,0.899414
5421,0.908447
5422,0.91748
5423,0.926514
5424,0.935547
5425,0
5426,0.000244141
5427,-0.000244141
5428,7.99976
5429,-8
5430,0.00195313
5431,0.00170898
5432,0.00219727
5433,-0.00195313
5434,-0.00219727
5435,-0.00170898
5436,1.04395
5437,1.05298
5438,1.06201
5439,1.07104
5440,1.08008
5441,0
5442,0.000244141
5443,-0.000244141
5444,7.99976
5445,-8
5446,0.00195313
5447,0.00170898
5448,0.00219727
5449,-0.00195313
5450,-0.00219727
5451,-0.00170898
5452,1.18848
5453,1.19751
5454,1.20654
5455,1.21558
5456,1.22461
5457,0
5458,0.000244141
5459,-0.000244141
5460,7.99976
5461,-8
5462,0.00195313
5463,0.00170898
5464,0.00219727
5465,-0.00195313
5466,-0.00219727
5467,-0.00170898
5468,1.33301
5469,1.34204
5470,1.35107
5471,1.36011
5472,1.36914
5473,0
5474,0.000244141
5475,-0.000244141
5476,7.99976
5477,-8
5478,0.00195313
5479,0.00170898
5480,0.00219727
5481,-0.00195313
5482,-0.00219727
5483,-0.00170898
5484,1.47754
5485,1.48657
5486,1.49561
5487,1.50464
5488,1.51367
5489,0
5490,0.000244141
5491,-0.000244141
5492,7.99976
5493,-8
5494,0.00195313
5495,0.00170898
5496,0.00219727
5497,-0.00195313
5498,-0.00219727
5499,-0.00170898
5500,1.62207
5501,1.6311
5502,1.64014
5503,1.64917
5504,1.6582
5505,0
5506,0.000244141
5507,-0.000244141
5508,7.99976
5509,-8
5510,0.00195313
5511,0.00170898
5512,0.00219727
5513,-0.00195313
5514,-0.00219727
5515,-0.00170898
5516,1.7666
5517,1.77563
5518,1.78467
5519,1.7937
5520,1.80273
5521,0
5522,0.000244141
5523,-0.000244141
5524,7.99976
5525,-8
5526,0.00195313
5527,0.00170898
5528,0.00219727
5529,-0.00195313
5530,-0.00219727
5531,-0.00170898
5532,1.91113
5533,1.92017
5534,1.9292
5535,1.93823
5536,1.94727
5537,0
5538,0.000244141
5539,-0.000244141
5540,7.99976
5541,-8
5542,0.00195313
5543,0.00170898
5544,0.00219727
5545,-0.00195313
5546,-0.00219727
5547,-0.00170898
5548,2.05566
5549,2.0647
5550,2.07373
5551,2.08276
5552,2.0918
5553,0
5554,0.000244141
5555,-0.000244141
5556,7.99976
5557,-8
5558,0.00195313
5559,0.00170898
5560,0.00219727
5561,-0.00195313
5562,-0.00219727
5563,-0.00170898
5564,2.2002
5565,2.20923
5566,2.21826
5567,2.22729
5568,2.23633
5569,0
5570,0.000244141
5571,-0.000244141
5572,7.99976
5573,-8
5574,0.00195313
5575,0.00170898
5576,0.00219727
5577,-0.00195313
5578,-0.00219727
5579,-0.00170898
5580,2.34473
5581,2.35376
5582,2.36279
5583,2.37183
5584,2.38086
5585,0
5586,0.000244141
5587,-0.000244141
5588,7.99976
5589,-8
5590,0.00195313
5591,0.00170898
5592,0.00219727
5593,-0.00195313
5594,-0.00219727
5595,-0.00170898
5596,2.48926
5597,2.49829
5598,2.50732
5599,2.51636
5600,2.52539
5601,0
5602,0.000244141
5603,-0.000244141
5604,7.99976
5605,-8
5606,0.00195313
5607,0.00170898
5608,0.00219727
5609,-0.00195313
5610,-0.00219727
5611,-0.00170898
5612,2.63379
5613,2.64282
5614,2.65186
5615,2.66089
5616,2.66992
5617,0
5618,0.000244141
5619,-0.000244141
5620,7.99976
5621,-8
5622,0.00195313
5623,0.00170898
5624,0.00219727
5625,-0.00195313
5626,-0.00219727
5627,-0.00170898
5628,2.77832
5629,2.78735
5630,2.79639
5631,2.80542
5632,2.81445
5633,0
5634,0.000244141
5635,-0.000244141
5636,7.99976
5637,-8
5638,0.00195313
5639,0.00170898
5640,0.00219727
5641,-0.00195313
5642,-0.00219727
5643,-0.00170898
5644,2.92285
5645,2.93188
5646,2.94092
5647,2.94995
5648,2.95898
5649,0
5650,0.000244141
5651,-0.000244141
5652,7.99976
5653,-8
5654,0.00195313
5655,0.00170898
5656,0.00219727
5657,-0.00195313
5658,-0.00219727
5659,-0.00170898
5660,3.06738
5661,3.07642
5662,3.08545
5663,3.09448
5664,3.10352
5665,0
5666,0.000244141
5667,-0.000244141
5668,7.99976
5669,-8
5670,0.00195313
5671,0.00170898
5672,0.00219727
5673,-0.00195313
5674,-0.00219727
5675,-0.00170898
5676,3.21191
5677,3.22095
5678,3.22998
5679,3.23901
5680,3.24805
5681,0
5682,0.000244141
5683,-0.000244141
5684,7.99976
5685,-8
5686,0.00195313
5687,0.00170898
5688,0.00219727
5689,-0.00195313
5690,-0.00219727
5691,-0.00170898
5692,3.35645
5693,3.36548
5694,3.37451
5695,3.38354
5696,3.39258
5697,0
5698,0.000244141
5699,-0.000244141
5700,7.99976
5701,-8
5702,0.00195313
5703,0.00170898
5704,0.00219727
5705,-0.00195313
5706,-0.00219727
5707,-0.00170898
5708,3.50098
5709,3.51001
5710,3.51904
5711,3.52808
5712,3.53711
5713,0
5714,0.000244141
5715,-0.000244141
5716,7.99976
5717,-8
5718,0.00195313
5719,0.00170898
5720,0.00219727
5721,-0.00195313
5722,-0.00219727
5723,-0.00170898
5724,3.64551
5725,3.65454
5726,3.66357
5727,3.67261
5728,3.68164
5729,0
5730,0.000244141
5731,-0.000244141
5732,7.99976
5733,-8
5734,0.00195313
5735,0.00170898
5736,0.00219727
5737,-0.00195313
5738,-0.00219727
5739,-0.00170898
5740,3.79004
5741,3.79907
5742,3.80811
5743,3.81714
5744,3.82617
5745,0
5746,0.000244141
5747,-0.000244141
5748,7.99976
5749,-8
5750,0.00195313
5751,0.00170898
5752,0.00219727
5753,-0.00195313
5754,-0.00219727
5755,-0.00170898
5756,3.93457
5757,3.9436
5758,3.95264
5759,3.96167
5760,3.9707
5761,0
5762,0.000244141
5763,-0.000244141
5764,7.99976
5765,-8
5766,0.00195313
5767,0.00170898
5768,0.00219727
5769,-0.00195313
5770,-0.00219727
5771,-0.00170898
5772,4.0791
5773,4.08813
5774,4.09717
5775,4.1062
5776,4.11523
5777,0
5778,0.000244141
5779,-0.000244141
5780,7.99976
5781,-8
5782,0.00195313
5783,0.00170898
5784,0.00219727
5785,-0.00195313
5786,-0.00219727
5787,-0.00170898
5788,4.22363
5789,4.23267
5790,4.2417
5791,4.25073
5792,4.25977
5793,0
5794,0.000244141
5795,-0.000244141
5796,7.99976
5797,-8
5798,0.00195313
5799,0.00170898
5800,0.00219727
5801,-0.00195313
5802,-0.00219727
5803,-0.00170898
5804,4.36816
5805,4.3772
5806,4.38623
5807,4.39526
5808,4.4043
5809,0
5810,0.000244141
5811,-0.000244141
5812,7.99976
5813,-8
5814,0.00195313
5815,0.00170898
5816,0.00219727
5817,-0.00195313
5818,-0.00219727
5819,-0.00170898
5820,4.5127
5821,4.52173
5822,4.53076
5823,4.53979
5824,4.54883
5825,0
5826,0.000244141
5827,-0.000244141
5828,7.99976
5829,-8
5830,0.00195313
5831,0.00170898
5832,0.00219727
5833,-0.00195313
5834,-0.00219727
5835,-0.00170898
5836,4.65723
5837,4.66626
5838,4.67529
5839,4.68433
5840,4.69336
5841,0
5842,0.000244141
5843,-0.000244141
5844,7.99976
5845,-8
5846,0.00195313
5847,0.00170898
5848,0.00219727
5849,-0.00195313
5850,-0.00219727
5851,-0.00170898
5852,4.80176
5853,4.81079
5854,4.81982
5855,4.82886
5856,4.83789
5857,0
5858,0.000244141
5859,-0.000244141
5860,7.99976
5861,-8
5862,0.00195313
5863,0.00170898
5864,0.00219727
5865,-0.00195313
5866,-0.00219727
5867,-0.00170898
5868,4.94629
5869,4.95532
5870,4.96436
5871,4.97339
5872,4.98242
5873,0
5874,0.000244141
5875,-0.000244141
5876,7.99976
5877,-8
5878,0.00195313
5879,0.00170898
5880,0.00219727
5881,-0.00195313
5882,-0.00219727
5883,-0.00170898
5884,5.09082
5885,5.09985
5886,5.10889
5887,5.11792
5888,5.12695
5889,0
5890,0.000244141
5891,-0.000244141
5892,7.99976
5893,-8
5894,0.00195313
5895,0.00170898
5896,0.00219727
5897,-0.00195313
5898,-0.00219727
5899,-0.00170898
5900,5.23535
5901,5.24438
5902,5.25342
5903,5.26245
5904,5.27148
5905,0
5906,0.000244141
5907,-0.000244141
5908,7.99976
5909,-8
5910,0.00195313
5911,0.00170898
5912,0.00219727
5913,-0.00195313
5914,-0.00219727
5915,-0.00170898
5916,5.37988
5917,5.38892
5918,5.39795
5919,5.40698
5920,5.41602
5921,0
5922,0.000244141
5923,-0.000244141
5924,7.99976
5925,-8
5926,0.00195313
5927,0.00170898
5928,0.00219727
5929,-0.00195313
5930,-0.00219727
5931,-0.00170898
5932,5.52441
5933,5.53345
5934,5.54248
5935,5.55151
5936,5.56055
5937,0
5938,0.000244141
5939,-0.000244141
5940,7.99976
5941,-8
5942,0.00195313
5943,0.00170898
5944,0.00219727
5945,-0.00195313
5946,-0.00219727
5947,-0.00170898
5948,5.66895
5949,5.67798
5950,5.68701
5951,5.69604
5952,5.70508
5953,0
5954,0.000244141
5955,-0.000244141
5956,7.99976
5957,-8
5958,0.00195313
5959,0.00170898
5960,0.00219727
5961,-0.00195313
5962,-0.00219727
5963,-0.00170898
5964,5.81348
5965,5.82251
5966,5.83154
5967,5.84058
5968,5.84961
5969,0
5970,0.000244141
5971,-0.000244141
5972,7.99976
5973,-8
5974,0.00195313
5975,0.00170898
5976,0.00219727
5977,-0.00195313
5978,-0.00219727
5979,-0.00170898
5980,5.95801
5981,5.96704
5982,5.97607
5983,5.98511
5984,5.99414
5985,0
5986,0.000244141
5987,-0.000244141
5988,7.99976
5989,-8
5990,0.00195313
5991,0.00170898
5992,0.00219727
5993,-0.00195313
5994,-0.00219727
5995,-0.00170898
5996,6.10254
5997,6.11157
5998,6.12061
5999,6.12964
6000,6.13867
6001,0
6002,0.000244141
6003,-0.000244141
6004,7.99976
6005,-8
6006,0.00195313
6007,0.00170898
6008,0.00219727
6009,-0.00195313
6010,-0.00219727
6011,-0.00170898
6012,6.24707
6013,6.2561
6014,6.26514
6015,6.27417
6016,6.2832
6017,0
6018,0.000244141
6019,-0.000244141
6020,7.99976
6021,-8
6022,0.00195313
6023,0.00170898
6024,0.00219727
6025,-0.00195313
6026,-0.00219727
6027,-0.00170898
6028,6.3916
6029,6.40063
6030,6.40967
6031,6.4187
6032,6.42773
6033,0
6034,0.000244141
6035,-0.000244141
6036,7.99976
6037,-8
6038,0.00195313
6039,0.00170898
6040,0.00219727
6041,-0.00195313
6042,-0.00219727
6043,-0.00170898
6044,6.53613
6045,6.54517
6046,6.5542
6047,6.56323
6048,6.57227
6049,0
6050,0.000244141
6051,-0.000244141
6052,7.99976
6053,-8
6054,0.00195313
6055,0.00170898
6056,0.00219727
6057,-0.00195313
6058,-0.00219727
6059,-0.00170898
6060,6.68066
6061,6.6897
6062,6.69873
6063,6.70776
6064,6.7168
6065,0
6066,0.000244141
6067,-0.000244141
6068,7.99976
6069,-8
6070,0.00195313
6071,0.00170898
6072,0.00219727
6073,-0.00195313
6074,-0.00219727
6075,-0.00170898
6076,6.8252
6077,6.83423
6078,6.84326
6079,6.85229
6080,6.86133
6081,0
6082,0.000244141
6083,-0.000244141
6084,7.99976
6085,-8
6086,0.00195313
6087,0.00170898
6088,0.00219727
6089,-0.00195313
6090,-0.00219727
6091,-0.00170898
6092,6.96973
6093,6.97876
6094,6.98779
6095,6.99683
6096,7.00586
6097,0
6098,0.000244141
6099,-0.000244141
6100,7.99976
6101,-8
6102,0.00195313
6103,0.00170898
6104,0.00219727
6105,-0.00195313
6106,-0.00219727
6107,-0.00170898
6108,7.11426
6109,7.12329
6110,7.13232
6111,7.14136
6112,7.15039
6113,0
6114,0.000244141
6115,-0.000244141
6116,7.99976
6117,-8
6118,0.00195313
6119,0.00170898
6120,0.00219727
6121,-0.00195313
6122,-0.00219727
6123,-0.00170898
6124,7.25879
6125,7.26782
6126,7.27686
6127,7.28589
6128,7.29492
6129,0
6130,0.000244141
6131,-0.000244141
6132,7.99976
6133,-8
6134,0.00195313
6135,0.00170898
6136,0.00219727
6137,-0.00195313
6138,-0.00219727
6139,-0.00170898
6140,7.40332
6141,7.41235
6142,7.42139
6143,7.43042
6144,7.43945
6145,0
6146,0.000244141
6147,-0.000244141
6148,7.99976
6149,-8
6150,0.00195313
6151,0.00170898
6152,0.00219727
6153,-0.00195313
6154,-0.00219727
6155,-0.00170898
6156,7.54785
6157,7.55688
6158,7.56592
6159,7.57495
6160,7.58398
6161,0
6162,0.000244141
6163,-0.000244141
6164,7.99976
6165,-8
6166,0.00195313
6167,0.00170898
6168,0.00219727
6169,-0.00195313
6170,-0.00219727
6171,-0.00170898
6172,7.69238
6173,7.70142
6174,7.71045
6175,7.71948
6176,7.72852
6177,0
6178,0.000244141
6179,-0.000244141
6180,7.99976
6181,-8
6182,0.00195313
6183,0.00170898
6184,0.00219727
6185,-0.00195313
6186,-0.00219727
6187,-0.00170898
6188,7.83691
6189,7.84595
6190,7.85498
6191,7.86401
6192,7.87305
6193,0
6194,0.000244141
6195,-0.000244141
6196,7.99976
6197,-8
6198,0.00195313
6199,0.00170898
6200,0.00219727
6201,-0.00195313
6202,-0.00219727
6203,-0.00170898
6204,7.98145
6205,7.99048
6206,7.99951
6207,-7.99146
6208,-7.98242
6209,0
6210,0.000244141
6211,-0.000244141
6212,7.99976
6213,-8
6214,0.00195313
6215,0.00170898
6216,0.00219727
6217,-0.00195313
6218,-0.00219727
6219,-0.00170898
6220,-7.87402
6221,-7.86499
6222,-7.85596
6223,-7.84692
6224,-7.83789
6225,0
6226,0.000244141
6227,-0.000244141
6228,7.99976
6229,-8
6230,0.00195313
6231,0.00170898
6232,0.00219727
6233,-0.00195313
6234,-0.00219727
6235,-0.00170898
6236,-7.72949
6237,-7.72046
6238,-7.71143
6239,-7.70239
6240,-7.69336
6241,0
6242,0.000244141
6243,-0.000244141
6244,7.99976
6245,-8
6246,0.00195313
6247,0.00170898
6248,0.00219727
6249,-0.00195313
6250,-0.00219727
6251,-0.00170898
6252,-7.58496
6253,-7.57593
6254,-7.56689
6255,-7.55786
6256,-7.54883
6257,0
6258,0.000244141
6259,-0.000244141
6260,7.99976
6261,-8
6262,0.00195313
6263,0.00170898
6264,0.00219727
6265,-0.00195313
6266,-0.00219727
6267,-0.00170898
6268,-7.44043
6269,-7.4314
6270,-7.42236
6271,-7.41333
6272,-7.4043
6273,0
6274,0.000244141
6275,-0.000244141
6276,7.99976
6277,-8
6278,0.00195313
6279,0.00170898
6280,0.00219727
6281,-0.00195313
6282,-0.00219727
6283,-0.00170898
6284,-7.2959
6285,-7.28687
6286,-7.27783
6287,-7.2688
6288,-7.25977
6289,0
6290,0.000244141
6291,-0.000244141
6292,7.99976
6293,-8
6294,0.00195313
6295,0.00170898
6296,0.00219727
6297,-0.00195313
6298,-0.00219727
6299,-0.00170898
6300,-7.15137
6301,-7.14233
6302,-7.1333
6303,-7.12427
6304,-7.11523
6305,0
6306,0.000244141
6307,-0.000244141
6308,7.99976
6309,-8
6310,0.00195313
6311,0.00170898
6312,0.00219727
6313,-0.00195313
6314,-0.00219727
6315,-0.00170898
6316,-7.00684
6317,-6.9978
6318,-6.98877
6319,-6.97974
6320,-6.9707
6321,0
6322,0.000244141
6323,-0.000244141
6324,7.99976
6325,-8
6326,0.00195313
6327,0.00170898
6328,0.00219727
6329,-0.00195313
6330,-0.00219727
6331,-0.00170898
6332,-6.8623
6333,-6.85327
6334,-6.84424
6335,-6.83521
6336,-6.82617
6337,0
6338,0.000244141
6339,-0.000244141
6340,7.99976
6341,-8
6342,0.00195313
6343,0.00170898
6344,0.00219727
6345,-0.00195313
6346,-0.00219727
6347,-0.00170898
6348,-6.71777
6349,-6.70874
6350,-6.69971
6351,-6.69067
6352,-6.68164
6353,0
6354,0.000244141
6355,-0.000244141
6356,7.99976
6357,-8
6358,0.00195313
6359,0.00170898
6360,0.00219727
6361,-0.00195313
6362,-0.00219727
6363,-0.00170898
6364,-6.57324
6365,-6.56421
6366,-6.55518
6367,-6.54614
6368,-6.53711
6369,0
6370,0.000244141
6371,-0.000244141
6372,7.99976
6373,-8
6374,0.00195313
6375,0.00170898
6376,0.00219727
6377,-0.00195313
6378,-0.00219727
6379,-0.00170898
6380,-6.42871
6381,-6.41968
6382,-6.41064
6383,-6.40161
6384,-6.39258
6385,0
6386,0.000244141
6387,-0.000244141
6388,7.99976
6389,-8
6390,0.00195313
6391,0.00170898
6392,0.00219727
6393,-0.00195313
6394,-0.00219727
6395,-0.00170898
6396,-6.28418
6397,-6.27515
6398,-6.26611
6399,-6.25708
6400,-6.24805
6401,0
6402,0.000244141
6403,-0.000244141
6404,7.99976
6405,-8
6406,0.00195313
6407,0.00170898
6408,0.00219727
6409,-0.00195313
6410,-0.00219727
6411,-0.00170898
6412,-6.13965
6413,-6.13062
6414,-6.12158
6415,-6.11255
6416,-6.10352
6417,0
6418,0.000244141
6419,-0.000244141
6420,7.99976
6421,-8
6422,0.00195313
6423,0.00170898
6424,0.00219727
6425,-0.00195313
6426,-0.00219727
6427,-0.00170898
6428,-5.99512
6429,-5.98608
6430,-5.97705
6431,-5.96802
6432,-5.95898
6433,0
6434,0.000244141
6435,-0.000244141
6436,7.99976
6437,-8
6438,0.00195313
6439,0.00170898
6440,0.00219727
6441,-0.00195313
6442,-0.00219727
6443,-0.00170898
6444,-5.85059
6445,-5.84155
6446,-5.83252
6447,-5.82349
6448,-5.81445
6449,0
6450,0.000244141
6451,-0.000244141
6452,7.99976
6453,-8
6454,0.00195313
6455,0.00170898
6456,0.00219727
6457,-0.00195313
6458,-0.00219727
6459,-0.00170898
6460,-5.70605
6461,-5.69702
6462,-5.68799
6463,-5.67896
6464,-5.66992
6465,0
6466,0.000244141
6467,-0.000244141
6468,7.99976
6469,-8
6470,0.00195313
6471,0.00170898
6472,0.00219727
6473,-0.00195313
6474,-0.00219727
6475,-0.00170898
6476,-5.56152
6477,-5.55249
6478,-5.54346
6479,-5.53442
6480,-5.52539
6481,0
6482,0.000244141
6483,-0.000244141
6484,7.99976
6485,-8
6486,0.00195313
6487,0.00170898
6488,0.00219727
6489,-0.00195313
6490,-0.00219727
6491,-0.00170898
6492,-5.41699
6493,-5.40796
6494,-5.39893
6495,-5.38989
6496,-5.38086
6497,0
6498,0.000244141
6499,-0.000244141
6500,7.99976
6501,-8
6502,0.00195313
6503,0.00170898
6504,0.00219727
6505,-0.00195313
6506,-0.00219727
6507,-0.00170898
6508,-5.27246
6509,-5.26343
6510,-5.25439
6511,-5.24536
6512,-5.23633
6513,0
6514,0.000244141
6515,-0.000244141
6516,7.99976
6517,-8
6518,0.00195313
6519,0.00170898
6520,0.00219727
6521,-0.00195313
6522,-0.00219727
6523,-0.00170898
6524,-5.12793
6525,-5.1189
6526,-5.10986
6527,-5.10083
6528,-5.0918
6529,0
6530,0.000244141
6531,-0.000244141
6532,7.99976
6533,-8
6534,0.00195313
6535,0.00170898
6536,0.00219727
6537,-0.00195313
6538,-0.00219727
6539,-0.00170898
6540,-4.9834
6541,-4.97437
6542,-4.96533
6543,-4.9563
6544,-4.94727
6545,0
6546,0.000244141
6547,-0.000244141
6548,7.99976
6549,-8
6550,0.00195313
6551,0.00170898
6552,0.00219727
6553,-0.00195313
6554,-0.00219727
6555,-0.00170898
6556,-4.83887
6557,-4.82983
6558,-4.8208
6559,-4.81177
6560,-4.80273
6561,0
6562,0.000244141
6563,-0.000244141
6564,7.99976
6565,-8
6566,0.00195313
6567,0.00170898
6568,0.00219727
6569,-0.00195313
6570,-0.00219727
6571,-0.00170898
6572,-4.69434
6573,-4.6853
6574,-4.67627
6575,-4.66724
6576,-4.6582
6577,0
6578,0.000244141
6579,-0.000244141
6580,7.99976
6581,-8
6582,0.00195313
6583,0.00170898
6584,0.00219727
6585,-0.00195313
6586,-0.00219727
6587,-0.00170898
6588,-4.5498
6589,-4.54077
6590,-4.53174
6591,-4.52271
6592,-4.51367
6593,0
6594,0.000244141
6595,-0.000244141
6596,7.99976
6597,-8
6598,0.00195313
6599,0.00170898
6600,0.00219727
6601,-0.00195313
6602,-0.00219727
6603,-0.00170898
6604,-4.40527
6605,-4.39624
6606,-4.38721
6607,-4.37817
6608,-4.36914
6609,0
6610,0.000244141
6611,-0.000244141
6612,7.99976
6613,-8
6614,0.00195313
6615,0.00170898
6616,0.00219727
6617,-0.00195313
6618,-0.00219727
6619,-0.00170898
6620,-4.26074
6621,-4.25171
6622,-4.24268
6623,-4.23364
6624,-4.22461
6625,0
6626,0.000244141
6627,-0.000244141
6628,7.99976
6629,-8
6630,0.00195313
6631,0.00170898
6632,0.00219727
6633,-0.00195313
6634,-0.00219727
6635,-0.00170898
6636,-4.11621
6637,-4.10718
6638,-4.09814
6639,-4.08911
6640,-4.08008
6641,0
6642,0.000244141
6643,-0.000244141
6644,7.99976
6645,-8
6646,0.00195313
6647,0.00170898
6648,0.00219727
6649,-0.00195313
6650,-0.00219727
6651,-0.00170898
6652,-3.97168
6653,-3.96265
6654,-3.95361
6655,-3.94458
6656,-3.93555
6657,0
6658,0.000244141
6659,-0.000244141
6660,7.99976
6661,-8
6662,0.00195313
6663,0.00170898
6664,0.00219727
6665,-0.00195313
6666,-0.00219727
6667,-0.00170898
6668,-3.82715
6669,-3.81812
6670,-3.80908
6671,-3.80005
6672,-3.79102
6673,0
6674,0.000244141
6675,-0.000244141
6676,7.99976
6677,-8
6678,0.00195313
6679,0.00170898
6680,0.00219727
6681,-0.00195313
6682,-0.00219727
6683,-0.00170898
6684,-3.68262
6685,-3.67358
6686,-3.66455
6687,-3.65552
6688,-3.64648
6689,0
6690,0.000244141
6691,-0.000244141
6692,7.99976
6693,-8
6694,0.00195313
6695,0.00170898
6696,0.00219727
6697,-0.00195313
6698,-0.00219727
6699,-0.00170898
6700,-3.53809
6701,-3.52905
6702,-3.52002
6703,-3.51099
6704,-3.50195
6705,0
6706,0.000244141
6707,-0.000244141
6708,7.99976
6709,-8
6710,0.00195313
6711,0.00170898
6712,0.00219727
6713,-0.00195313
6714,-0.00219727
6715,-0.00170898
6716,-3.39355
6717,-3.38452
6718,-3.37549
6719,-3.36646
6720,-3.35742
6721,0
6722,0.000244141
6723,-0.000244141
6724,7.99976
6725,-8
6726,0.00195313
6727,0.00170898
6728,0.00219727
6729,-0.00195313
6730,-0.00219727
6731,-0.00170898
6732,-3.24902
6733,-3.23999
6734,-3.23096
6735,-3.22192
6736,-3.21289
6737,0
6738,0.000244141
6739,-0.000244141
6740,7.99976
6741,-8
6742,0.00195313
6743,0.00170898
6744,0.00219727
6745,-0.00195313
6746,-0.00219727
6747,-0.00170898
6748,-3.10449
6749,-3.09546
6750,-3.08643
6751,-3.07739
6752,-3.06836
6753,0
6754,0.000244141
6755,-0.000244141
6756,7.99976
6757,-8
6758,0.00195313
6759,0.00170898
6760,0.00219727
6761,-0.00195313
6762,-0.00219727
6763,-0.00170898
6764,-2.95996
6765,-2.95093
6766,-2.94189
6767,-2.93286
6768,-2.92383
6769,0
6770,0.000244141
6771,-0.000244141
6772,7.99976
6773,-8
6774,0.00195313
6775,0.00170898
6776,0.00219727
6777,-0.00195313
6778,-0.00219727
6779,-0.00170898
6780,-2.81543
6781,-2.8064
6782,-2.79736
6783,-2.78833
6784,-2.7793
6785,0
6786,0.000244141
6787,-0.000244141
6788,7.99976
6789,-8
6790,0.00195313
6791,0.00170898
6792,0.00219727
6793,-0.00195313
6794,-0.00219727
6795,-0.00170898
6796,-2.6709
6797,-2.66187
6798,-2.65283
6799,-2.6438
6800,-2.63477
6801,0
6802,0.000244141
6803,-0.000244141
6804,7.99976
6805,-8
6806,0.00195313
6807,0.00170898
6808,0.00219727
6809,-0.00195313
6810,-0.00219727
6811,-0.00170898
6812,-2.52637
6813,-2.51733
6814,-2.5083
6815,-2.49927
6816,-2.49023
6817,0
6818,0.000244141
6819,-0.000244141
6820,7.99976
6821,-8
6822,0.00195313
6823,0.00170898
6824,0.00219727
6825,-0.00195313
6826,-0.00219727
6827,-0.00170898
6828,-2.38184
6829,-2.3728
6830,-2.36377
6831,-2.35474
6832,-2.3457
6833,0
6834,0.000244141
6835,-0.000244141
6836,7.99976
6837,-8
6838,0.00195313
6839,0.00170898
6840,0.00219727
6841,-0.00195313
6842,-0.00219727
6843,-0.00170898
6844,-2.2373
6845,-2.22827
6846,-2.21924
6847,-2.21021
6848,-2.20117
6849,0
6850,0.000244141
6851,-0.000244141
6852,7.99976
6853,-8
6854,0.00195313
6855,0.00170898
6856,0.00219727
6857,-0.00195313
6858,-0.00219727
6859,-0.00170898
6860,-2.09277
6861,-2.08374
6862,-2.07471
6863,-2.06567
6864,-2.05664
6865,0
6866,0.000244141
6867,-0.000244141
6868,7.99976
6869,-8
6870,0.00195313
6871,0.00170898
6872,0.00219727
6873,-0.00195313
6874,-0.00219727
6875,-0.00170898
6876,-1.94824
6877,-1.93921
6878,-1.93018
6879,-1.92114
6880,-1.91211
6881,0
6882,0.000244141
6883,-0.000244141
6884,7.99976
6885,-8
6886,0.00195313
6887,0.00170898
6888,0.00219727
6889,-0.00195313
6890,-0.00219727
6891,-0.00170898
6892,-1.80371
6893,-1.79468
6894,-1.78564
6895,-1.77661
6896,-1.76758
6897,0
6898,0.000244141
6899,-0.000244141
6900,7.99976
6901,-8
6902,0.00195313
6903,0.00170898
6904,0.00219727
6905,-0.00195313
6906,-0.00219727
6907,-0.00170898
6908,-1.65918
6909,-1.65015
6910,-1.64111
6911,-1.63208
6912,-1.62305
6913,0
6914,0.000244141
6915,-0.000244141
6916,7.99976
6917,-8
6918,0.00195313
6919,0.00170898
6920,0.00219727
6921,-0.00195313
6922,-0.00219727
6923,-0.00170898
6924,-1.51465
6925,-1.50562
6926,-1.49658
6927,-1.48755
6928,-1.47852
6929,0
6930,0.000244141
6931,-0.000244141
6932,7.99976
6933,-8
6934,0.00195313
6935,0.00170898
6936,0.00219727
6937,-0.00195313
6938,-0.00219727
6939,-0.00170898
6940,-1.37012
6941,-1.36108
6942,-1.35205
6943,-1.34302
6944,-1.33398
6945,0
6946,0.000244141
6947,-0.000244141
6948,7.99976
6949,-8
6950,0.00195313
6951,0.00170898
6952,0.00219727
6953,-0.00195313
6954,-0.00219727
6955,-0.00170898
6956,-1.22559
6957,-1.21655
6958,-1.20752
6959,-1.19849
6960,-1.18945
6961,0
6962,0.000244141
6963,-0.000244141
6964,7.99976
6965,-8
6966,0.00195313
6967,0.00170898
6968,0.00219727
6969,-0.00195313
6970,-0.00219727
6971,-0.00170898
6972,-1.08105
6973,-1.07202
6974,-1.06299
6975,-1.05396
6976,-1.04492
6977,0
6978,0.000244141
6979,-0.000244141
6980,7.99976
6981,-8
6982,0.00195313
6983,0.00170898
6984,0.00219727
6985,-0.00195313
6986,-0.00219727
6987,-0.00170898
6988,-0.936523
6989,-0.92749
6990,-0.918457
6991,-0.909424
6992,-0.900391
6993,0
6994,0.000244141
6995,-0.000244141
6996,7.99976
6997,-8
6998,0.00195313
6999,0.00170898
7000,0.00219727
7001,-0.00195313
7002,-0.00219727
7003,-0.00170898
7004,-0.791992
7005,-0.782959
7006,-0.773926
7007,-0.764893
7008,-0.755859
7009,0
7010,0.000244141
7011,-0.000244141
7012,7.99976
7013,-8
7014,0.00195313
7015,0.00170898
7016,0.00219727
7017,-0.00195313
7018,-0.00219727
7019,-0.00170898
7020,-0.647461
7021,-0.638428
7022,-0.629395
7023,-0.620361
7024,-0.611328
7025,0
7026,0.000244141
7027,-0.000244141
7028,7.99976
7029,-8
7030,0.00195313
7031,0.00170898
7032,0.00219727
7033,-0.00195313
7034,-0.00219727
7035,-0.00170898
7036,-0.50293
7037,-0.493896
7038,-0.484863
7039,-0.47583
7040,-0.466797
7041,0
7042,0.000244141
7043,-0.000244141
7044,7.99976
7045,-8
7046,0.00195313
7047,0.00170898
7048,0.00219727
7049,-0.00195313
7050,-0.00219727
7051,-0.00170898
7052,-0.358398
7053,-0.349365
7054,-0.340332
7055,-0.331299
7056,-0.322266
7057,0
7058,0.000244141
7059,-0.000244141
7060,7.99976
7061,-8
7062,0.00195313
7063,0.00170898
7064,0.00219727
7065,-0.00195313
7066,-0.00219727
7067,-0.00170898
7068,-0.213867
7069,-0.204834
7070,-0.195801
7071,-0.186768
7072,-0.177734
7073,0
7074,0.000244141
7075,-0.000244141
7076,7.99976
7077,-8
7078,0.00195313
7079,0.00170898
7080,0.00219727
7081,-0.00195313
7082,-0.00219727
7083,-0.00170898
7084,-0.0693359
7085,-0.0603027
7086,-0.0512695
7087,-0.0422363
7088,-0.0332031
7089,0
7090,0.000244141
7091,-0.000244141
7092,7.99976
7093,-8
7094,0.00195313
7095,0.00170898
7096,0.00219727
7097,-0.00195313
7098,-0.00219727
7099,-0.00170898
7100,0.0751953
7101,0.0842285
7102,0.0932617
7103,0.102295
7104,0.111328
7105,0
7106,0.000244141
7107,-0.000244141
7108,7.99976
7109,-8
7110,0.00195313
7111,0.00170898
7112,0.00219727
7113,-0.00195313
7114,-0.00219727
7115,-0.00170898
7116,0.219727
7117,0.22876
7118,0.237793
7119,0.246826
7120,0.255859
7121,0
7122,0.000244141
7123,-0.000244141
7124,7.99976
7125,-8
7126,0.00195313
7127,0.00170898
7128,0.00219727
7129,-0.00195313
7130,-0.00219727
7131,-0.00170898
7132,0.364258
7133,0.373291
7134,0.382324
7135,0.391357
7136,0.400391
7137,0
7138,0.000244141
7139,-0.000244141
7140,7.99976
7141,-8
7142,0.00195313
7143,0.00170898
7144,0.00219727
7145,-0.00195313
7146,-0.00219727
7147,-0.00170898
7148,0.508789
7149,0.517822
7150,0.526855
7151,0.535889
7152,0.544922
7153,0
7154,0.000244141
7155,-0.000244141
7156,7.99976
7157,-8
7158,0.00195313
7159,0.00170898
7160,0.00219727
7161,-0.00195313
7162,-0.00219727
7163,-0.00170898
7164,0.65332
7165,0.662354
7166,0.671387
7167,0.68042
7168,0.689453
7169,0
7170,0.000244141
7171,-0.000244141
7172,7.99976
7173,-8
7174,0.00195313
7175,0.00170898
7176,0.00219727
7177,-0.00195313
7178,-0.00219727
7179,-0.00170898
7180,0.797852
7181,0.806885
7182,0.815918
7183,0.824951
7184,0.833984
7185,0
7186,0.000244141
7187,-0.000244141
7188,7.99976
7189,-8
7190,0.00195313
7191,0.00170898
7192,0.00219727
7193,-0.00195313
7194,-0.00219727
7195,-0.00170898
7196,0.942383
7197,0.951416
7198,0.960449
7199,0.969482
7200,0.978516
7201,0
7202,0.000244141
7203,-0.000244141
7204,7.99976
7205,-8
7206,0.00195313
7207,0.00170898
7208,0.00219727
7209,-0.00195313
7210,-0.00219727
7211,-0.00170898
7212,1.08691
7213,1.09595
7214,1.10498
7215,1.11401
7216,1.12305
7217,0
7218,0.000244141
7219,-0.000244141
7220,7.99976
7221,-8
7222,0.00195313
7223,0.00170898
7224,0.00219727
7225,-0.00195313
7226,-0.00219727
7227,-0.00170898
7228,1.23145
7229,1.24048
7230,1.24951
7231,1.25854
7232,1.26758
7233,0
7234,0.000244141
7235,-0.000244141
7236,7.99976
7237,-8
7238,0.00195313
7239,0.00170898
7240,0.00219727
7241,-0.00195313
7242,-0.00219727
7243,-0.00170898
7244,1.37598
7245,1.38501
7246,1.39404
7247,1.40308
7248,1.41211
7249,0
7250,0.000244141
7251,-0.000244141
7252,7.99976
7253,-8
7254,0.00195313
7255,0.00170898
7256,0.00219727
7257,-0.00195313
7258,-0.00219727
7259,-0.00170898
7260,1.52051
7261,1.52954
7262,1.53857
7263,1.54761
7264,1.55664
7265,0
7266,0.000244141
7267,-0.000244141
7268,7.99976
7269,-8
7270,0.00195313
7271,0.00170898
7272,0.00219727
7273,-0.00195313
7274,-0.00219727
7275,-0.00170898
7276,1.66504
7277,1.67407
7278,1.68311
7279,1.69214
7280,1.70117
7281,0
7282,0.000244141
7283,-0.000244141
7284,7.99976
7285,-8
7286,0.00195313
7287,0.00170898
7288,0.00219727
7289,-0.00195313
7290,-0.00219727
7291,-0.00170898
7292,1.80957
7293,1.8186
7294,1.82764
7295,1.83667
7296,1.8457
7297,0
7298,0.000244141
7299,-0.000244141
7300,7.99976
7301,-8
7302,0.00195313
7303,0.00170898
7304,0.00219727
7305,-0.00195313
7306,-0.00219727
7307,-0.00170898
7308,1.9541
7309,1.96313
7310,1.97217
7311,1.9812
7312,1.99023
7313,0
7314,0.000244141
7315,-0.000244141
7316,7.99976
7317,-8
7318,0.00195313
7319,0.00170898
7320,0.00219727
7321,-0.00195313
7322,-0.00219727
7323,-0.00170898
7324,2.09863
7325,2.10767
7326,2.1167
7327,2.12573
7328,2.13477
7329,0
7330,0.000244141
7331,-0.000244141
7332,7.99976
7333,-8
7334,0.00195313
7335,0.00170898
7336,0.00219727
7337,-0.00195313
7338,-0.00219727
7339,-0.00170898
7340,2.24316
7341,2.2522
7342,2.26123
7343,2.27026
7344,2.2793
7345,0
7346,0.000244141
7347,-0.000244141
7348,7.99976
7349,-8
7350,0.00195313
7351,0.00170898
7352,0.00219727
7353,-0.00195313
7354,-0.00219727
7355,-0.00170898
7356,2.3877
7357,2.39673
7358,2.40576
7359,2.41479
7360,2.42383
7361,0
7362,0.000244141
7363,-0.000244141
7364,7.99976
7365,-8
7366,0.00195313
7367,0.00170898
7368,0.00219727
7369,-0.00195313
7370,-0.00219727
7371,-0.00170898
7372,2.53223
7373,2.54126
7374,2.55029
7375,2.55933
7376,2.56836
7377,0
7378,0.000244141
7379,-0.000244141
7380,7.99976
7381,-8
7382,0.00195313
7383,0.00170898
7384,0.00219727
7385,-0.00195313
7386,-0.00219727
7387,-0.00170898
7388,2.67676
7389,2.68579
7390,2.69482
7391,2.70386
7392,2.71289
7393,0
7394,0.000244141
7395,-0.000244141
7396,7.99976
7397,-8
7398,0.00195313
7399,0.00170898
7400,0.00219727
7401,-0.00195313
7402,-0.00219727
7403,-0.00170898
7404,2.82129
7405,2.83032
7406,2.83936
7407,2.84839
7408,2.85742
7409,0
7410,0.000244141
7411,-0.000244141
7412,7.99976
7413,-8
7414,0.00195313
7415,0.00170898
7416,0.00219727
7417,-0.00195313
7418,-0.00219727
7419,-0.00170898
7420,2.96582
7421,2.97485
7422,2.98389
7423,2.99292
7424,3.00195
7425,0
7426,0.000244141
7427,-0.000244141
7428,7.99976
7429,-8
7430,0.00195313
7431,0.00170898
7432,0.00219727
7433,-0.00195313
7434,-0.00219727
7435,-0.00170898
7436,3.11035
7437,3.11938
7438,3.12842
7439,3.13745
7440,3.14648
7441,0
7442,0.000244141
7443,-0.000244141
7444,7.99976
7445,-8
7446,0.00195313
7447,0.00170898
7448,0.00219727
7449,-0.00195313
7450,-0.00219727
7451,-0.00170898
7452,3.25488
7453,3.26392
7454,3.27295
7455,3.28198
7456,3.29102
7457,0
7458,0.000244141
7459,-0.000244141
7460,7.99976
7461,-8
7462,0.00195313
7463,0.00170898
7464,0.00219727
7465,-0.00195313
7466,-0.00219727
7467,-0.00170898
7468,3.39941
7469,3.40845
7470,3.41748
7471,3.42651
7472,3.43555
7473,0
7474,0.000244141
7475,-0.000244141
7476,7.99976
7477,-8
7478,0.00195313
7479,0.00170898
7480,0.00219727
7481,-0.00195313
7482,-0.00219727
7483,-0.00170898
7484,3.54395
7485,3.55298
7486,3.56201
7487,3.57104
7488,3.58008
7489,0
7490,0.000244141
7491,-0.000244141
7492,7.99976
7493,-8
7494,0.00195313
7495,0.00170898
7496,0.00219727
7497,-0.00195313
7498,-0.00219727
7499,-0.00170898
7500,3.68848
7501,3.69751
7502,3.70654
7503,3.71558
7504,3.72461
7505,0
7506,0.000244141
7507,-0.000244141
7508,7.99976
7509,-8
7510,0.00195313
7511,0.00170898
7512,0.00219727
7513,-0.00195313
7514,-0.00219727
7515,-0.00170898
7516,3.83301
7517,3.84204
7518,3.85107
7519,3.86011
7520,3.86914
7521,0
7522,0.000244141
7523,-0.000244141
7524,7.99976
7525,-8
7526,0.00195313
7527,0.00170898
7528,0.00219727
7529,-0.00195313
7530,-0.00219727
7531,-0.00170898
7532,3.97754
7533,3.98657
7534,3.99561
7535,4.00464
7536,4.01367
7537,0
7538,0.000244141
7539,-0.000244141
7540,7.99976
7541,-8
7542,0.00195313
7543,0.00170898
7544,0.00219727
7545,-0.00195313
7546,-0.00219727
7547,-0.00170898
7548,4.12207
7549,4.1311
7550,4.14014
7551,4.14917
7552,4.1582
7553,0
7554,0.000244141
7555,-0.000244141
7556,7.99976
7557,-8
7558,0.00195313
7559,0.00170898
7560,0.00219727
7561,-0.00195313
7562,-0.00219727
7563,-0.00170898
7564,4.2666
7565,4.27563
7566,4.28467
7567,4.2937
7568,4.30273
7569,0
7570,0.000244141
7571,-0.000244141
7572,7.99976
7573,-8
7574,0.00195313
7575,0.00170898
7576,0.00219727
7577,-0.00195313
7578,-0.00219727
7579,-0.00170898
7580,4.41113
7581,4.42017
7582,4.4292
7583,4.43823
7584,4.44727
7585,0
7586,0.000244141
7587,-0.000244141
7588,7.99976
7589,-8
7590,0.00195313
7591,0.00170898
7592,0.00219727
7593,-0.00195313
7594,-0.00219727
7595,-0.00170898
7596,4.55566
7597,4.5647
7598,4.57373
7599,4.58276
7600,4.5918
7601,0
7602,0.000244141
7603,-0.000244141
7604,7.99976
7605,-8
7606,0.00195313
7607,0.00170898
7608,0.00219727
7609,-0.00195313
7610,-0.00219727
7611,-0.00170898
7612,4.7002
7613,4.70923
7614,4.71826
7615,4.72729
7616,4.73633
7617,0
7618,0.000244141
7619,-0.000244141
7620,7.99976
7621,-8
7622,0.00195313
7623,0.00170898
7624,0.00219727
7625,-0.00195313
7626,-0.00219727
7627,-0.00170898
7628,4.84473
7629,4.85376
7630,4.86279
7631,4.87183
7632,4.88086
7633,0
7634,0.000244141
7635,-0.000244141
7636,7.99976
7637,-8
7638,0.00195313
7639,0.00170898
7640,0.00219727
7641,-0.00195313
7642,-0.00219727
7643,-0.00170898
7644,4.98926
7645,4.99829
7646,5.00732
7647,5.01636
7648,5.02539
7649,0
7650,0.000244141
7651,-0.000244141
7652,7.99976
7653,-8
7654,0.00195313
7655,0.00170898
7656,0.00219727
7657,-0.00195313
7658,-0.00219727
7659,-0.00170898
7660,5.13379
7661,5.14282
7662,5.15186
7663,5.16089
7664,5.16992
7665,0
7666,0.000244141
7667,-0.000244141
7668,7.99976
7669,-8
7670,0.00195313
7671,0.00170898
7672,0.00219727
7673,-0.00195313
7674,-0.00219727
7675,-0.00170898
7676,5.27832
7677,5.28735
7678,5.29639
7679,5.30542
7680,5.31445
7681,0
7682,0.000244141
7683,-0.000244141
7684,7.99976
7685,-8
7686,0.00195313
7687,0.00170898
7688,0.00219727
7689,-0.00195313
7690,-0.00219727
7691,-0.00170898
7692,5.42285
7693,5.43188
7694,5.44092
7695,5.44995
7696,5.45898
7697,0
7698,0.000244141
7699,-0.000244141
7700,7.99976
7701,-8
7702,0.00195313
7703,0.00170898
7704,0.00219727
7705,-0.00195313
7706,-0.00219727
7707,-0.00170898
7708,5.56738
7709,5.57642
7710,5.58545
7711,5.59448
7712,5.60352
7713,0
7714,0.000244141
7715,-0.000244141
7716,7.99976
7717,-8
7718,0.00195313
7719,0.00170898
7720,0.00219727
7721,-0.00195313
7722,-0.00219727
7723,-0.00170898
7724,5.71191
7725,5.72095
7726,5.72998
7727,5.73901
7728,5.74805
7729,0
7730,0.000244141
7731,-0.000244141
7732,7.99976
7733,-8
7734,0.00195313
7735,0.00170898
7736,0.00219727
7737,-0.00195313
7738,-0.00219727
7739,-0.00170898
7740,5.85645
7741,5.86548
7742,5.87451
7743,5.88354
7744,5.89258
7745,0
7746,0.000244141
7747,-0.000244141
7748,7.99976
7749,-8
7750,0.00195313
7751,0.00170898
7752,0.00219727
7753,-0.00195313
7754,-0.00219727
7755,-0.00170898
7756,6.00098
7757,6.01001
7758,6.01904
7759,6.02808
7760,6.03711
7761,0
7762,0.000244141
7763,-0.000244141
7764,7.99976
7765,-8
7766,0.00195313
7767,0.00170898
7768,0.00219727
7769,-0.00195313
7770,-0.00219727
7771,-0.00170898
7772,6.14551
7773,6.15454
7774,6.16357
7775,6.17261
7776,6.18164
7777,0
7778,0.000244141
7779,-0.000244141
7780,7.99976
7781,-8
7782,0.00195313
7783,0.00170898
7784,0.00219727
7785,-0.00195313
7786,-0.00219727
7787,-0.00170898
7788,6.29004
7789,6.29907
7790,6.30811
7791,6.31714
7792,6.32617
7793,0
7794,0.000244141
7795,-0.000244141
7796,7.99976
7797,-8
7798,0.00195313
7799,0.00170898
7800,0.00219727
7801,-0.00195313
7802,-0.00219727
7803,-0.00170898
7804,6.43457
7805,6.4436
7806,6.45264
7807,6.46167
7808,6.4707
7809,0
7810,0.000244141
7811,-0.000244141
7812,7.99976
7813,-8
7814,0.00195313
7815,0.00170898
7816,0.00219727
7817,-0.00195313
7818,-0.00219727
7819,-0.00170898
7820,6.5791
7821,6.58813
7822,6.59717
7823,6.6062
7824,6.61523
7825,0
7826,0.000244141
7827,-0.000244141
7828,7.99976
7829,-8
7830,0.00195313
7831,0.00170898
7832,0.00219727
7833,-0.00195313
7834,-0.00219727
7835,-0.00170898
7836,6.72363
7837,6.73267
7838,6.7417
7839,6.75073
7840,6.75977
7841,0
7842,0.000244141
7843,-0.000244141
7844,7.99976
7845,-8
7846,0.00195313
7847,0.00170898
7848,0.00219727
7849,-0.00195313
7850,-0.00219727
7851,-0.00170898
7852,6.86816
7853,6.8772
7854,6.88623
7855,6.89526
7856,6.9043
7857,0
7858,0.000244141
7859,-0.000244141
7860,7.99976
7861,-8
7862,0.00195313
7863,0.00170898
7864,0.00219727
7865,-0.00195313
7866,-0.00219727
7867,-0.00170898
7868,7.0127
7869,7.02173
7870,7.03076
7871,7.03979
7872,7.04883
7873,0
7874,0.000244141
7875,-0.000244141
7876,7.99976
7877,-8
7878,0.00195313
7879,0.00170898
7880,0.00219727
7881,-0.00195313
7882,-0.00219727
7883,-0.00170898
7884,7.15723
7885,7.16626
7886,7.17529
7887,7.18433
7888,7.19336
7889,0
7890,0.000244141
7891,-0.000244141
7892,7.99976
7893,-8
7894,0.00195313
7895,0.00170898
7896,0.00219727
7897,-0.00195313
7898,-0.00219727
7899,-0.00170898
7900,7.30176
7901,7.31079
7902,7.31982
7903,7.32886
7904,7.33789
7905,0
7906,0.000244141
7907,-0.000244141
7908,7.99976
7909,-8
7910,0.00195313
7911,0.00170898
7912,0.00219727
7913,-0.00195313
7914,-0.00219727
7915,-0.00170898
7916,7.44629
7917,7.45532
7918,7.46436
7919,7.47339
7920,7.48242
7921,0
7922,0.000244141
7923,-0.000244141
7924,7.99976
7925,-8
7926,0.00195313
7927,0.00170898
7928,0.00219727
7929,-0.00195313
7930,-0.00219727
7931,-0.00170898
7932,7.59082
7933,7.59985
7934,7.60889
7935,7.61792
7936,7.62695
7937,0
7938,0.000244141
7939,-0.000244141
7940,7.99976
7941,-8
7942,0.00195313
7943,0.00170898
7944,0.00219727
7945,-0.00195313
7946,-0.00219727
7947,-0.00170898
7948,7.73535
7949,7.74438
7950,7.75342
7951,7.76245
7952,7.77148
7953,0
7954,0.000244141
7955,-0.000244141
7956,7.99976
7957,-8
7958,0.00195313
7959,0.00170898
7960,0.00219727
7961,-0.00195313
7962,-0.00219727
7963,-0.00170898
7964,7.87988
7965,7.88892
7966,7.89795
7967,7.90698
7968,7.91602
7969,0
7970,0.000244141
7971,-0.000244141
7972,7.99976
7973,-8
7974,0.00195313
7975,0.00170898
7976,0.00219727
7977,-0.00195313
7978,-0.00219727
7979,-0.00170898
7980,-7.97559
7981,-7.96655
7982,-7.95752
7983,-7.94849
7984,-7.93945
7985,0
7986,0.000244141
7987,-0.000244141
7988,7.99976
7989,-8
7990,0.00195313
7991,0.00170898
7992,0.00219727
7993,-0.00195313
7994,-0.00219727
7995,-0.00170898
7996,-7.83105
7997,-7.82202
7998,-7.81299
7999,-7.80396
8000,-7.79492
8001,0
8002,0.000244141
8003,-0.000244141
8004,7.99976
8005,-8
8006,0.00195313
8007,0.00170898
8008,0.00219727
8009,-0.00195313
8010,-0.00219727
8011,-0.00170898
8012,-7.68652
8013,-7.67749
8014,-7.66846
8015,-7.65942
8016,-7.65039
8017,0
8018,0.000244141
8019,-0.000244141
8020,7.99976
8021,-8
8022,0.00195313
8023,0.00170898
8024,0.00219727
8025,-0.00195313
8026,-0.00219727
8027,-0.00170898
8028,-7.54199
8029,-7.53296
8030,-7.52393
8031,-7.51489
8032,-7.50586
8033,0
8034,0.000244141
8035,-0.000244141
8036,7.99976
8037,-8
8038,0.00195313
8039,0.00170898
8040,0.00219727
8041,-0.00195313
8042,-0.00219727
8043,-0.00170898
8044,-7.39746
8045,-7.38843
8046,-7.37939
8047,-7.37036
8048,-7.36133
8049,0
8050,0.000244141
8051,-0.000244141
8052,7.99976
8053,-8
8054,0.00195313
8055,0.00170898
8056,0.00219727
8057,-0.00195313
8058,-0.00219727
8059,-0.00170898
8060,-7.25293
8061,-7.2439
8062,-7.23486
8063,-7.22583
8064,-7.2168
8065,0
8066,0.000244141
8067,-0.000244141
8068,7.99976
8069,-8
8070,0.00195313
8071,0.00170898
8072,0.00219727
8073,-0.00195313
8074,-0.00219727
8075,-0.00170898
8076,-7.1084
8077,-7.09937
8078,-7.09033
8079,-7.0813
8080,-7.07227
8081,0
8082,0.000244141
8083,-0.000244141
8084,7.99976
8085,-8
8086,0.00195313
8087,0.00170898
8088,0.00219727
8089,-0.00195313
8090,-0.00219727
8091,-0.00170898
8092,-6.96387
8093,-6.95483
8094,-6.9458
8095,-6.93677
8096,-6.92773
8097,0
8098,0.000244141
8099,-0.000244141
8100,7.99976
8101,-8
8102,0.00195313
8103,0.00170898
8104,0.00219727
8105,-0.00195313
8106,-0.00219727
8107,-0.00170898
8108,-6.81934
8109,-6.8103
8110,-6.80127
8111,-6.79224
8112,-6.7832
8113,0
8114,0.000244141
8115,-0.000244141
8116,7.99976
8117,-8
8118,0.00195313
8119,0.00170898
8120,0.00219727
8121,-0.00195313
8122,-0.00219727
8123,-0.00170898
8124,-6.6748
8125,-6.66577
8126,-6.65674
8127,-6.64771
8128,-6.63867
8129,0
8130,0.000244141
8131,-0.000244141
8132,7.99976
8133,-8
8134,0.00195313
8135,0.00170898
8136,0.00219727
8137,-0.00195313
8138,-0.00219727
8139,-0.00170898
8140,-6.53027
8141,-6.52124
8142,-6.51221
8143,-6.50317
8144,-6.49414
8145,0
8146,0.000244141
8147,-0.000244141
8148,7.99976
8149,-8
8150,0.00195313
8151,0.00170898
8152,0.00219727
8153,-0.00195313
8154,-0.00219727
8155,-0.00170898
8156,-6.38574
8157,-6.37671
8158,-6.36768
8159,-6.35864
8160,-6.34961
8161,0
8162,0.000244141
8163,-0.000244141
8164,7.99976
8165,-8
8166,0.00195313
8167,0.00170898
8168,0.00219727
8169,-0.00195313
8170,-0.00219727
8171,-0.00170898
8172,-6.24121
8173,-6.23218
8174,-6.22314
8175,-6.21411
8176,-6.20508
8177,0
8178,0.000244141
8179,-0.000244141
8180,7.99976
8181,-8
8182,0.00195313
8183,0.00170898
8184,0.00219727
8185,-0.00195313
8186,-0.00219727
8187,-0.00170898
8188,-6.09668
8189,-6.08765
8190,-6.07861
8191,-6.06958
8192,-6.06055
8193,0
8194,0.000244141
8195,-0.000244141
8196,7.99976
8197,-8
8198,0.00195313
8199,0.00170898
8200,0.00219727
8201,-0.00195313
8202,-0.00219727
8203,-0.00170898
8204,-5.95215
8205,-5.94312
8206,-5.93408
8207,-5.92505
8208,-5.91602
8209,0
8210,0.000244141
8211,-0.000244141
8212,7.99976
8213,-8
8214,0.00195313
8215,0.00170898
8216,0.00219727
8217,-0.00195313
8218,-0.00219727
8219,-0.00170898
8220,-5.80762
8221,-5.79858
8222,-5.78955
8223,-5.78052
8224,-5.77148
8225,0
8226,0.000244141
8227,-0.000244141
8228,7.99976
8229,-8
8230,0.00195313
8231,0.00170898
8232,0.00219727
8233,-0.00195313
8234,-0.00219727
8235,-0.00170898
8236,-5.66309
8237,-5.65405
8238,-5.64502
8239,-5.63599
8240,-5.62695
8241,0
8242,0.000244141
8243,-0.000244141
8244,7.99976
8245,-8
8246,0.00195313
8247,0.00170898
8248,0.00219727
8249,-0.00195313
8250,-0.00219727
8251,-0.00170898
8252,-5.51855
8253,-5.50952
8254,-5.50049
8255,-5.49146
8256,-5.48242
8257,0
8258,0.000244141
8259,-0.000244141
8260,7.99976
8261,-8
8262,0.00195313
8263,0.00170898
8264,0.00219727
8265,-0.00195313
8266,-0.00219727
8267,-0.00170898
8268,-5.37402
8269,-5.36499
8270,-5.35596
8271,-5.34692
8272,-5.33789
8273,0
8274,0.000244141
8275,-0.000244141
8276,7.99976
8277,-8
8278,0.00195313
8279,0.00170898
8280,0.00219727
8281,-0.00195313
8282,-0.00219727
8283,-0.00170898
8284,-5.22949
8285,-5.22046
8286,-5.21143
8287,-5.20239
8288,-5.19336
8289,0
8290,0.000244141
8291,-0.000244141
8292,7.99976
8293,-8
8294,0.00195313
8295,0.00170898
8296,0.00219727
8297,-0.00195313
8298,-0.00219727
8299,-0.00170898
8300,-5.08496
8301,-5.07593
8302,-5.06689
8303,-5.05786
8304,-5.04883
8305,0
8306,0.000244141
8307,-0.000244141
8308,7.99976
8309,-8
8310,0.00195313
8311,0.00170898
8312,0.00219727
8313,-0.00195313
8314,-0.00219727
8315,-0.00170898
8316,-4.94043
8317,-4.9314
8318,-4.92236
8319,-4.91333
8320,-4.9043
8321,0
8322,0.000244141
8323,-0.000244141
8324,7.99976
8325,-8
8326,0.00195313
8327,0.00170898
8328,0.00219727
8329,-0.00195313
8330,-0.00219727
8331,-0.00170898
8332,-4.7959
8333,-4.78687
8334,-4.77783
8335,-4.7688
8336,-4.75977
8337,0
8338,0.000244141
8339,-0.000244141
8340,7.99976
8341,-8
8342,0.00195313
8343,0.00170898
8344,0.00219727
8345,-0.00195313
8346,-0.00219727
8347,-0.00170898
8348,-4.65137
8349,-4.64233
8350,-4.6333
8351,-4.62427
8352,-4.61523
8353,0
8354,0.000244141
8355,-0.000244141
8356,7.99976
8357,-8
8358,0.00195313
8359,0.00170898
8360,0.00219727
8361,-0.00195313
8362,-0.00219727
8363,-0.00170898
8364,-4.50684
8365,-4.4978
8366,-4.48877
8367,-4.47974
8368,-4.4707
8369,0
8370,0.000244141
8371,-0.000244141
8372,7.99976
8373,-8
8374,0.00195313
8375,0.00170898
8376,0.00219727
8377,-0.00195313
8378,-0.00219727
8379,-0.00170898
8380,-4.3623
8381,-4.35327
8382,-4.34424
8383,-4.33521
8384,-4.32617
8385,0
8386,0.000244141
8387,-0.000244141
8388,7.99976
8389,-8
8390,0.00195313
8391,0.00170898
8392,0.00219727
8393,-0.00195313
8394,-0.00219727
8395,-0.00170898
8396,-4.21777
8397,-4.20874
8398,-4.19971
8399,-4.19067
8400,-4.18164
8401,0
8402,0.000244141
8403,-0.000244141
8404,7.99976
8405,-8
8406,0.00195313
8407,0.00170898
8408,0.00219727
8409,-0.00195313
8410,-0.00219727
8411,-0.00170898
8412,-4.07324
8413,-4.06421
8414,-4.05518
8415,-4.04614
8416,-4.03711
8417,0
8418,0.000244141
8419,-0.000244141
8420,7.99976
8421,-8
8422,0.00195313
8423,0.00170898
8424,0.00219727
8425,-0.00195313
8426,-0.00219727
8427,-0.00170898
8428,-3.92871
8429,-3.91968
8430,-3.91064
8431,-3.90161
8432,-3.89258
8433,0
8434,0.000244141
8435,-0.000244141
8436,7.99976
8437,-8
8438,0.00195313
8439,0.00170898
8440,0.00219727
8441,-0.00195313
8442,-0.00219727
8443,-0.00170898
8444,-3.78418
8445,-3.77515
8446,-3.76611
8447,-3.75708
8448,-3.74805
8449,0
8450,0.000244141
8451,-0.000244141
8452,7.99976
8453,-8
8454,0.00195313
8455,0.00170898
8456,0.00219727
8457,-0.00195313
8458,-0.00219727
8459,-0.00170898
8460,-3.63965
8461,-3.63062
8462,-3.62158
8463,-3.61255
8464,-3.60352
8465,0
8466,0.000244141
8467,-0.000244141
8468,7.99976
8469,-8
8470,0.00195313
8471,0.00170898
8472,0.00219727
8473,-0.00195313
8474,-0.00219727
8475,-0.00170898
8476,-3.49512
8477,-3.48608
8478,-3.47705
8479,-3.46802
8480,-3.45898
8481,0
8482,0.000244141
8483,-0.000244141
8484,7.99976
8485,-8
8486,0.00195313
8487,0.00170898
8488,0.00219727
8489,-0.00195313
8490,-0.00219727
8491,-0.00170898
8492,-3.35059
8493,-3.34155
8494,-3.33252
8495,-3.32349
8496,-3.31445
8497,0
8498,0.000244141
8499,-0.000244141
8500,7.99976
8501,-8
8502,0.00195313
8503,0.00170898
8504,0.00219727
8505,-0.00195313
8506,-0.00219727
8507,-0.00170898
8508,-3.20605
8509,-3.19702
8510,-3.18799
8511,-3.17896
8512,-3.16992
8513,0
8514,0.000244141
8515,-0.000244141
8516,7.99976
8517,-8
8518,0.00195313
8519,0.00170898
8520,0.00219727
8521,-0.00195313
8522,-0.00219727
8523,-0.00170898
8524,-3.06152
8525,-3.05249
8526,-3.04346
8527,-3.03442
8528,-3.02539
8529,0
8530,0.000244141
8531,-0.000244141
8532,7.99976
8533,-8
8534,0.00195313
8535,0.00170898
8536,0.00219727
8537,-0.00195313
8538,-0.00219727
8539,-0.00170898
8540,-2.91699
8541,-2.90796
8542,-2.89893
8543,-2.88989
8544,-2.88086
8545,0
8546,0.000244141
8547,-0.000244141
8548,7.99976
8549,-8
8550,0.00195313
8551,0.00170898
8552,0.00219727
8553,-0.00195313
8554,-0.00219727
8555,-0.00170898
8556,-2.77246
8557,-2.76343
8558,-2.75439
8559,-2.74536
8560,-2.73633
8561,0
8562,0.000244141
8563,-0.000244141
8564,7.99976
8565,-8
8566,0.00195313
8567,0.00170898
8568,0.00219727
8569,-0.00195313
8570,-0.00219727
8571,-0.00170898
8572,-2.62793
8573,-2.6189
8574,-2.60986
8575,-2.60083
8576,-2.5918
8577,0
8578,0.000244141
8579,-0.000244141
8580,7.99976
8581,-8
8582,0.00195313
8583,0.00170898
8584,0.00219727
8585,-0.00195313
8586,-0.00219727
8587,-0.00170898
8588,-2.4834
8589,-2.47437
8590,-2.46533
8591,-2.4563
8592,-2.44727
8593,0
8594,0.000244141
8595,-0.000244141
8596,7.99976
8597,-8
8598,0.00195313
8599,0.00170898
8600,0.00219727
8601,-0.00195313
8602,-0.00219727
8603,-0.00170898
8604,-2.33887
8605,-2.32983
8606,-2.3208
8607,-2.31177
8608,-2.30273
8609,0
8610,0.000244141
8611,-0.000244141
8612,7.99976
8613,-8
8614,0.00195313
8615,0.00170898
8616,0.00219727
8617,-0.00195313
8618,-0.00219727
8619,-0.00170898
8620,-2.19434
8621,-2.1853
8622,-2.17627
8623,-2.16724
8624,-2.1582
8625,0
8626,0.000244141
8627,-0.000244141
8628,7.99976
8629,-8
8630,0.00195313
8631,0.00170898
8632,0.00219727
8633,-0.00195313
8634,-0.00219727
8635,-0.00170898
8636,-2.0498
8637,-2.04077
8638,-2.03174
8639,-2.02271
8640,-2.01367
8641,0
8642,0.000244141
8643,-0.000244141
8644,7.99976
8645,-8
8646,0.00195313
8647,0.00170898
8648,0.00219727
8649,-0.00195313
8650,-0.00219727
8651,-0.00170898
8652,-1.90527
8653,-1.89624
8654,-1.88721
8655,-1.87817
8656,-1.86914
8657,0
8658,0.000244141
8659,-0.000244141
8660,7.99976
8661,-8
8662,0.00195313
8663,0.00170898
8664,0.00219727
8665,-0.00195313
8666,-0.00219727
8667,-0.00170898
8668,-1.76074
8669,-1.75171
8670,-1.74268
8671,-1.73364
8672,-1.72461
8673,0
8674,0.000244141
8675,-0.000244141
8676,7.99976
8677,-8
8678,0.00195313
8679,0.00170898
8680,0.00219727
8681,-0.00195313
8682,-0.00219727
8683,-0.00170898
8684,-1.61621
8685,-1.60718
8686,-1.59814
8687,-1.58911
8688,-1.58008
8689,0
8690,0.000244141
8691,-0.000244141
8692,7.99976
8693,-8
8694,0.00195313
8695,0.00170898
8696,0.00219727
8697,-0.00195313
8698,-0.00219727
8699,-0.00170898
8700,-1.47168
8701,-1.46265
8702,-1.45361
8703,-1.44458
8704,-1.43555
8705,0
8706,0.000244141
8707,-0.000244141
8708,7.99976
8709,-8
8710,0.00195313
8711,0.00170898
8712,0.00219727
8713,-0.00195313
8714,-0.00219727
8715,-0.00170898
8716,-1.32715
8717,-1.31812
8718,-1.30908
8719,-1.30005
8720,-1.29102
8721,0
8722,0.000244141
8723,-0.000244141
8724,7.99976
8725,-8
8726,0.00195313
8727,0.00170898
8728,0.00219727
8729,-0.00195313
8730,-0.00219727
8731,-0.00170898
8732,-1.18262
8733,-1.17358
8734,-1.16455
8735,-1.15552
8736,-1.14648
8737,0
8738,0.000244141
8739,-0.000244141
8740,7.99976
8741,-8
8742,0.00195313
8743,0.00170898
8744,0.00219727
8745,-0.00195313
8746,-0.00219727
8747,-0.00170898
8748,-1.03809
8749,-1.02905
8750,-1.02002
8751,-1.01099
8752,-1.00195
8753,0
8754,0.000244141
8755,-0.000244141
8756,7.99976
8757,-8
8758,0.00195313
8759,0.00170898
8760,0.00219727
8761,-0.00195313
8762,-0.00219727
8763,-0.00170898
8764,-0.893555
8765,-0.884521
8766,-0.875488
8767,-0.866455
8768,-0.857422
8769,0
8770,0.000244141
8771,-0.000244141
8772,7.99976
8773,-8
8774,0.00195313
8775,0.00170898
8776,0.00219727
8777,-0.00195313
8778,-0.00219727
8779,-0.00170898
8780,-0.749023
8781,-0.73999
8782,-0.730957
8783,-0.721924
8784,-0.712891
8785,0
8786,0.000244141
8787,-0.000244141
8788,7.99976
8789,-8
8790,0.00195313
8791,0.00170898
8792,0.00219727
8793,-0.00195313
8794,-0.00219727
8795,-0.00170898
8796,-0.604492
8797,-0.595459
8798,-0.586426
8799,-0.577393
8800,-0.568359
8801,0
8802,0.000244141
8803,-0.000244141
8804,7.99976
8805,-8
8806,0.00195313
8807,0.00170898
8808,0.00219727
8809,-0.00195313
8810,-0.00219727
8811,-0.00170898
8812,-0.459961
8813,-0.450928
8814,-0.441895
8815,-0.432861
8816,-0.423828
8817,0
8818,0.000244141
8819,-0.000244141
8820,7.99976
8821,-8
8822,0.00195313
8823,0.00170898
8824,0.00219727
8825,-0.00195313
8826,-0.00219727
8827,-0.00170898
8828,-0.31543
8829,-0.306396
8830,-0.297363
8831,-0.28833
8832,-0.279297
8833,0
8834,0.000244141
8835,-0.000244141
8836,7.99976
8837,-8
8838,0.00195313
8839,0.00170898
8840,0.00219727
8841,-0.00195313
8842,-0.00219727
8843,-0.00170898
8844,-0.170898
8845,-0.161865
8846,-0.152832
8847,-0.143799
8848,-0.134766
8849,0
8850,0.000244141
8851,-0.000244141
8852,7.99976
8853,-8
8854,0.00195313
8855,0.00170898
8856,0.00219727
8857,-0.00195313
8858,-0.00219727
8859,-0.00170898
8860,-0.0263672
8861,-0.017334
8862,-0.00830078
8863,0.000732422
8864,0.00976563
8865,0
8866,0.000244141
8867,-0.000244141
8868,7.99976
8869,-8
8870,0.00195313
8871,0.00170898
8872,0.00219727
8873,-0.00195313
8874,-0.00219727
8875,-0.00170898
8876,0.118164
8877,0.127197
8878,0.13623
8879,0.145264
8880,0.154297
8881,0
8882,0.000244141
8883,-0.000244141
8884,7.99976
8885,-8
8886,0.00195313
8887,0.00170898
8888,0.00219727
8889,-0.00195313
8890,-0.00219727
8891,-0.00170898
8892,0.262695
8893,0.271729
8894,0.280762
8895,0.289795
8896,0.298828
8897,0
8898,0.000244141
8899,-0.000244141
8900,7.99976
8901,-8
8902,0.00195313
8903,0.00170898
8904,0.00219727
8905,-0.00195313
8906,-0.00219727
8907,-0.00170898
8908,0.407227
8909,0.41626
8910,0.425293
8911,0.434326
8912,0.443359
8913,0
8914,0.000244141
8915,-0.000244141
8916,7.99976
8917,-8
8918,0.00195313
8919,0.00170898
8920,0.00219727
8921,-0.00195313
8922,-0.00219727
8923,-0.00170898
8924,0.551758
8925,0.560791
8926,0.569824
8927,0.578857
8928,0.587891
8929,0
8930,0.000244141
8931,-0.000244141
8932,7.99976
8933,-8
8934,0.00195313
8935,0.00170898
8936,0.00219727
8937,-0.00195313
8938,-0.00219727
8939,-0.00170898
8940,0.696289
8941,0.705322
8942,0.714355
8943,0.723389
8944,0.732422
8945,0
8946,0.000244141
8947,-0.000244141
8948,7.99976
8949,-8
8950,0.00195313
8951,0.00170898
8952,0.00219727
8953,-0.00195313
8954,-0.00219727
8955,-0.00170898
8956,0.84082
8957,0.849854
8958,0.858887
8959,0.86792
8960,0.876953
8961,0
8962,0.000244141
8963,-0.000244141
8964,7.99976
8965,-8
8966,0.00195313
8967,0.00170898
8968,0.00219727
8969,-0.00195313
8970,-0.00219727
8971,-0.00170898
8972,0.985352
8973,0.994385
8974,1.00342
8975,1.01245
8976,1.02148
8977,0
8978,0.000244141
8979,-0.000244141
8980,7.99976
8981,-8
8982,0.00195313
8983,0.00170898
8984,0.00219727
8985,-0.00195313
8986,-0.00219727
8987,-0.00170898
8988,1.12988
8989,1.13892
8990,1.14795
8991,1.15698
8992,1.16602
8993,0
8994,0.000244141
8995,-0.000244141
8996,7.99976
8997,-8
8998,0.00195313
8999,0.00170898
9000,0.00219727
9001,-0.00195313
9002,-0.00219727
9003,-0.00170898
9004,1.27441
9005,1.28345
9006,1.29248
9007,1.30151
9008,1.31055
9009,0
9010,0.000244141
9011,-0.000244141
9012,7.99976
9013,-8
9014,0.00195313
9015,0.00170898
9016,0.00219727
9017,-0.00195313
9018,-0.00219727
9019,-0.00170898
9020,1.41895
9021,1.42798
9022,1.43701
9023,1.44604
9024,1.45508
9025,0
9026,0.000244141
9027,-0.000244141
9028,7.99976
9029,-8
9030,0.00195313
9031,0.00170898
9032,0.00219727
9033,-0.00195313
9034,-0.00219727
9035,-0.00170898
9036,1.56348
9037,1.57251
9038,1.58154
9039,1.59058
9040,1.59961
9041,0
9042,0.000244141
9043,-0.000244141
9044,7.99976
9045,-8
9046,0.00195313
9047,0.00170898
9048,0.00219727
9049,-0.00195313
9050,-0.00219727
9051,-0.00170898
9052,1.70801
9053,1.71704
9054,1.72607
9055,1.73511
9056,1.74414
9057,0
9058,0.000244141
9059,-0.000244141
9060,7.99976
9061,-8
9062,0.00195313
9063,0.00170898
9064,0.00219727
9065,-0.00195313
9066,-0.00219727
9067,-0.00170898
9068,1.85254
9069,1.86157
9070,1.87061
9071,1.87964
9072,1.88867
9073,0
9074,0.000244141
9075,-0.000244141
9076,7.99976
9077,-8
9078,0.00195313
9079,0.00170898
9080,0.00219727
9081,-0.00195313
9082,-0.00219727
9083,-0.00170898
9084,1.99707
9085,2.0061
9086,2.01514
9087,2.02417
9088,2.0332
9089,0
9090,0.000244141
9091,-0.000244141
9092,7.99976
9093,-8
9094,0.00195313
9095,0.00170898
9096,0.00219727
9097,-0.00195313
9098,-0.00219727
9099,-0.00170898
9100,2.1416
9101,2.15063
9102,2.15967
9103,2.1687
9104,2.17773
9105,0
9106,0.000244141
9107,-0.000244141
9108,7.99976
9109,-8
9110,0.00195313
9111,0.00170898
9112,0.00219727
9113,-0.00195313
9114,-0.00219727
9115,-0.00170898
9116,2.28613
9117,2.29517
9118,2.3042
9119,2.31323
9120,2.32227
9121,0
9122,0.000244141
9123,-0.000244141
9124,7.99976
9125,-8
9126,0.00195313
9127,0.00170898
9128,0.00219727
9129,-0.00195313
9130,-0.00219727
9131,-0.00170898
9132,2.43066
9133,2.4397
9134,2.44873
9135,2.45776
9136,2.4668
9137,0
9138,0.000244141
9139,-0.000244141
9140,7.99976
9141,-8
9142,0.00195313
9143,0.00170898
9144,0.00219727
9145,-0.00195313
9146,-0.00219727
9147,-0.00170898
9148,2.5752
9149,2.58423
9150,2.59326
9151,2.60229
9152,2.61133
9153,0
9154,0.000244141
9155,-0.000244141
9156,7.99976
9157,-8
9158,0.00195313
9159,0.00170898
9160,0.00219727
9161,-0.00195313
9162,-0.00219727
9163,-0.00170898
9164,2.71973
9165,2.72876
9166,2.73779
9167,2.74683
9168,2.75586
9169,0
9170,0.000244141
9171,-0.000244141
9172,7.99976
9173,-8
9174,0.00195313
9175,0.00170898
9176,0.00219727
9177,-0.00195313
9178,-0.00219727
9179,-0.00170898
9180,2.86426
9181,2.87329
9182,2.88232
9183,2.89136
9184,2.90039
9185,0
9186,0.000244141
9187,-0.000244141
9188,7.99976
9189,-8
9190,0.00195313
9191,0.00170898
9192,0.00219727
9193,-0.00195313
9194,-0.00219727
9195,-0.00170898
9196,3.00879
9197,3.01782
9198,3.02686
9199,3.03589
9200,3.04492
9201,0
9202,0.000244141
9203,-0.000244141
9204,7.99976
9205,-8
9206,0.00195313
9207,0.00170898
9208,0.00219727
9209,-0.00195313
9210,-0.00219727
9211,-0.00170898
9212,3.15332
9213,3.16235
9214,3.17139
9215,3.18042
9216,3.18945
9217,0
9218,0.000244141
9219,-0.000244141
9220,7.99976
9221,-8
9222,0.00195313
9223,0.00170898
9224,0.00219727
9225,-0.00195313
9226,-0.00219727
9227,-0.00170898
9228,3.29785
9229,3.30688
9230,3.31592
9231,3.32495
9232,3.33398
9233,0
9234,0.000244141
9235,-0.000244141
9236,7.99976
9237,-8
9238,0.00195313
9239,0.00170898
9240,0.00219727
9241,-0.00195313
9242,-0.00219727
9243,-0.00170898
9244,3.44238
9245,3.45142
9246,3.46045
9247,3.46948
9248,3.47852
9249,0
9250,0.000244141
9251,-0.000244141
9252,7.99976
9253,-8
9254,0.00195313
9255,0.00170898
9256,0.00219727
9257,-0.00195313
9258,-0.00219727
9259,-0.00170898
9260,3.58691
9261,3.59595
9262,3.60498
9263,3.61401
9264,3.62305
9265,0
9266,0.000244141
9267,-0.000244141
9268,7.99976
9269,-8
9270,0.00195313
9271,0.00170898
9272,0.00219727
9273,-0.00195313
9274,-0.00219727
9275,-0.00170898
9276,3.73145
9277,3.74048
9278,3.74951
9279,3.75854
9280,3.76758
9281,0
9282,0.000244141
9283,-0.000244141
9284,7.99976
9285,-8
9286,0.00195313
9287,0.00170898
9288,0.00219727
9289,-0.00195313
9290,-0.00219727
9291,-0.00170898
9292,3.87598
9293,3.88501
9294,3.89404
9295,3.90308
9296,3.91211
9297,0
9298,0.000244141
9299,-0.000244141
9300,7.99976
9301,-8
9302,0.00195313
9303,0.00170898
9304,0.00219727
9305,-0.00195313
9306,-0.00219727
9307,-0.00170898
9308,4.02051
9309,4.02954
9310,4.03857
9311,4.04761
9312,4.05664
9313,0
9314,0.000244141
9315,-0.000244141
9316,7.99976
9317,-8
9318,0.00195313
9319,0.00170898
9320,0.00219727
9321,-0.00195313
9322,-0.00219727
9323,-0.00170898
9324,4.16504
9325,4.17407
9326,4.18311
9327,4.19214
9328,4.20117
9329,0
9330,0.000244141
9331,-0.000244141
9332,7.99976
9333,-8
9334,0.00195313
9335,0.00170898
9336,0.00219727
9337,-0.00195313
9338,-0.00219727
9339,-0.00170898
9340,4.30957
9341,4.3186
9342,4.32764
9343,4.33667
9344,4.3457
9345,0
9346,0.000244141
9347,-0.000244141
9348,7.99976
9349,-8
9350,0.00195313
9351,0.00170898
9352,0.00219727
9353,-0.00195313
9354,-0.00219727
9355,-0.00170898
9356,4.4541
9357,4.46313
9358,4.47217
9359,4.4812
9360,4.49023
9361,0
9362,0.000244141
9363,-0.000244141
9364,7.99976
9365,-8
9366,0.00195313
9367,0.00170898
9368,0.00219727
9369,-0.00195313
9370,-0.00219727
9371,-0.00170898
9372,4.59863
9373,4.60767
9374,4.6167
9375,4.62573
9376,4.63477
9377,0
9378,0.000244141
9379,-0.000244141
9380,7.99976
9381,-8
9382,0.00195313
9383,0.00170898
9384,0.00219727
9385,-0.00195313
9386,-0.00219727
9387,-0.00170898
9388,4.74316
9389,4.7522
9390,4.76123
9391,4.77026
9392,4.7793
9393,0
9394,0.000244141
9395,-0.000244141
9396,7.99976
9397,-8
9398,0.00195313
9399,0.00170898
9400,0.00219727
9401,-0.00195313
9402,-0.00219727
9403,-0.00170898
9404,4.8877
9405,4.89673
9406,4.90576
9407,4.91479
9408,4.92383
9409,0
9410,0.000244141
9411,-0.000244141
9412,7.99976
9413,-8
9414,0.00195313
9415,0.00170898
9416,0.00219727
9417,-0.00195313
9418,-0.00219727
9419,-0.00170898
9420,5.03223
9421,5.04126
9422,5.05029
9423,5.05933
9424,5.06836
9425,0
9426,0.000244141
9427,-0.000244141
9428,7.99976
9429,-8
9430,0.00195313
9431,0.00170898
9432,0.00219727
9433,-0.00195313
9434,-0.00219727
9435,-0.00170898
9436,5.17676
9437,5.18579
9438,5.19482
9439,5.20386
9440,5.21289
9441,0
9442,0.000244141
9443,-0.000244141
9444,7.99976
9445,-8
9446,0.00195313
9447,0.00170898
9448,0.00219727
9449,-0.00195313
9450,-0.00219727
9451,-0.00170898
9452,5.32129
9453,5.33032
9454,5.33936
9455,5.34839
9456,5.35742
9457,0
9458,0.000244141
9459,-0.000244141
9460,7.99976
9461,-8
9462,0.00195313
9463,0.00170898
9464,0.00219727
9465,-0.00195313
9466,-0.00219727
9467,-0.00170898
9468,5.46582
9469,5.47485
9470,5.48389
9471,5.49292
9472,5.50195
9473,0
9474,0.000244141
9475,-0.000244141
9476,7.99976
9477,-8
9478,0.00195313
9479,0.00170898
9480,0.00219727
9481,-0.00195313
9482,-0.00219727
9483,-0.00170898
9484,5.61035
9485,5.61938
9486,5.62842
9487,5.63745
9488,5.64648
9489,0
9490,0.000244141
9491,-0.000244141
9492,7.99976
9493,-8
9494,0.00195313
9495,0.00170898
9496,0.00219727
9497,-0.00195313
9498,-0.00219727
9499,-0.00170898
9500,5.75488
9501,5.76392
9502,5.77295
9503,5.78198
9504,5.79102
9505,0
9506,0.000244141
9507,-0.000244141
9508,7.99976
9509,-8
9510,0.00195313
9511,0.00170898
9512,0.00219727
9513,-0.00195313
9514,-0.00219727
9515,-0.00170898
9516,5.89941
9517,5.90845
9518,5.91748
9519,5.92651
9520,5.93555
9521,0
9522,0.000244141
9523,-0.000244141
9524,7.99976
9525,-8
9526,0.00195313
9527,0.00170898
9528,0.00219727
9529,-0.00195313
9530,-0.00219727
9531,-0.00170898
9532,6.04395
9533,6.05298
9534,6.06201
9535,6.07104
9536,6.08008
9537,0
9538,0.000244141
9539,-0.000244141
9540,7.99976
9541,-8
9542,0.00195313
9543,0.00170898
9544,0.00219727
9545,-0.00195313
9546,-0.00219727
9547,-0.00170898
9548,6.18848
9549,6.19751
9550,6.20654
9551,6.21558
9552,6.22461
9553,0
9554,0.000244141
9555,-0.000244141
9556,7.99976
9557,-8
9558,0.00195313
9559,0.00170898
9560,0.00219727
9561,-0.00195313
9562,-0.00219727
9563,-0.00170898
9564,6.33301
9565,6.34204
9566,6.35107
9567,6.36011
9568,6.36914
9569,0
9570,0.000244141
9571,-0.000244141
9572,7.99976
9573,-8
9574,0.00195313
9575,0.00170898
9576,0.00219727
9577,-0.00195313
9578,-0.00219727
9579,-0.00170898
9580,6.47754
9581,6.48657
9582,6.49561
9583,6.50464
9584,6.51367
9585,0
9586,0.000244141
9587,-0.000244141
9588,7.99976
9589,-8
9590,0.00195313
9591,0.00170898
9592,0.00219727
9593,-0.00195313
9594,-0.00219727
9595,-0.00170898
9596,6.62207
9597,6.6311
9598,6.64014
9599,6.64917
9600,6.6582
9601,0
9602,0.000244141
9603,-0.000244141
9604,7.99976
9605,-8
9606,0.00195313
9607,0.00170898
9608,0.00219727
9609,-0.00195313
9610,-0.00219727
9611,-0.00170898
9612,6.7666
9613,6.77563
9614,6.78467
9615,6.7937
9616,6.80273
9617,0
9618,0.000244141
9619,-0.000244141
9620,7.99976
9621,-8
9622,0.00195313
9623,0.00170898
9624,0.00219727
9625,-0.00195313
9626,-0.00219727
9627,-0.00170898
9628,6.91113
9629,6.92017
9630,6.9292
9631,6.93823
9632,6.94727
9633,0
9634,0.000244141
9635,-0.000244141
9636,7.99976
9637,-8
9638,0.00195313
9639,0.00170898
9640,0.00219727
9641,-0.00195313
9642,-0.00219727
9643,-0.00170898
9644,7.05566
9645,7.0647
9646,7.07373
9647,7.08276
9648,7.0918
9649,0
9650,0.000244141
9651,-0.000244141
9652,7.99976
9653,-8
9654,0.00195313
9655,0.00170898
9656,0.00219727
9657,-0.00195313
9658,-0.00219727
9659,-0.00170898
9660,7.2002
9661,7.20923
9662,7.21826
9663,7.22729
9664,7.23633
9665,0
9666,0.000244141
9667,-0.000244141
9668,7.99976
9669,-8
9670,0.00195313
9671,0.00170898
9672,0.00219727
9673,-0.00195313
9674,-0.00219727
9675,-0.00170898
9676,7.34473
9677,7.35376
9678,7.36279
9679,7.37183
9680,7.38086
9681,0
9682,0.000244141
9683,-0.000244141
9684,7.99976
9685,-8
9686,0.00195313
9687,0.00170898
9688,0.00219727
9689,-0.00195313
9690,-0.00219727
9691,-0.00170898
9692,7.48926
9693,7.49829
9694,7.50732
9695,7.51636
9696,7.52539
9697,0
9698,0.000244141
9699,-0.000244141
9700,7.99976
9701,-8
9702,0.00195313
9703,0.00170898
9704,0.00219727
9705,-0.00195313
9706,-0.00219727
9707,-0.00170898
9708,7.63379
9709,7.64282
9710,7.65186
9711,7.66089
9712,7.66992
9713,0
9714,0.000244141
9715,-0.000244141
9716,7.99976
9717,-8
9718,0.00195313
9719,0.00170898
9720,0.00219727
9721,-0.00195313
9722,-0.00219727
9723,-0.00170898
9724,7.77832
9725,7.78735
9726,7.79639
9727,7.80542
9728,7.81445
9729,0
9730,0.000244141
9731,-0.000244141
9732,7.99976
9733,-8
9734,0.00195313
9735,0.00170898
9736,0.00219727
9737,-0.00195313
9738,-0.00219727
9739,-0.00170898
9740,7.92285
9741,7.93188
9742,7.94092
9743,7.94995
9744,7.95898
9745,0
9746,0.000244141
9747,-0.000244141
9748,7.99976
9749,-8
9750,0.00195313
9751,0.00170898
9752,0.00219727
9753,-0.00195313
9754,-0.00219727
9755,-0.00170898
9756,-7.93262
9757,-7.92358
9758,-7.91455
9759,-7.90552
9760,-7.89648
9761,0
9762,0.000244141
9763,-0.000244141
9764,7.99976
9765,-8
9766,0.00195313
9767,0.00170898
9768,0.00219727
9769,-0.00195313
9770,-0.00219727
9771,-0.00170898
9772,-7.78809
9773,-7.77905
9774,-7.77002
9775,-7.76099
9776,-7.75195
9777,0
9778,0.000244141
9779,-0.000244141
9780,7.99976
9781,-8
9782,0.00195313
9783,0.00170898
9784,0.00219727
9785,-0.00195313
9786,-0.00219727
9787,-0.00170898
9788,-7.64355
9789,-7.63452
9790,-7.62549
9791,-7.61646
9792,-7.60742
9793,0
9794,0.000244141
9795,-0.000244141
9796,7.99976
9797,-8
9798,0.00195313
9799,0.00170898
9800,0.00219727
9801,-0.00195313
9802,-0.00219727
9803,-0.00170898
9804,-7.49902
9805,-7.48999
9806,-7.48096
9807,-7.47192
9808,-7.46289
9809,0
9810,0.000244141
9811,-0.000244141
9812,7.99976
9813,-8
9814,0.00195313
9815,0.00170898
9816,0.00219727
9817,-0.00195313
9818,-0.00219727
9819,-0.00170898
9820,-7.35449
9821,-7.34546
9822,-7.33643
9823,-7.32739
9824,-7.31836
9825,0
9826,0.000244141
9827,-0.000244141
9828,7.99976
9829,-8
9830,0.00195313
9831,0.00170898
9832,0.00219727
9833,-0.00195313
9834,-0.00219727
9835,-0.00170898
9836,-7.20996
9837,-7.20093
9838,-7.19189
9839,-7.18286
9840,-7.17383
9841,0
9842,0.000244141
9843,-0.000244141
9844,7.99976
9845,-8
9846,0.00195313
9847,0.00170898
9848,0.00219727
9849,-0.00195313
9850,-0.00219727
9851,-0.00170898
9852,-7.06543
9853,-7.0564
9854,-7.04736
9855,-7.03833
9856,-7.0293
9857,0
9858,0.000244141
9859,-0.000244141
9860,7.99976
9861,-8
9862,0.00195313
9863,0.00170898
9864,0.00219727
9865,-0.00195313
9866,-0.00219727
9867,-0.00170898
9868,-6.9209
9869,-6.91187
9870,-6.90283
9871,-6.8938
9872,-6.88477
9873,0
9874,0.000244141
9875,-0.000244141
9876,7.99976
9877,-8
9878,0.00195313
9879,0.00170898
9880,0.00219727
9881,-0.00195313
9882,-0.00219727
9883,-0.00170898
9884,-6.77637
9885,-6.76733
9886,-6.7583
9887,-6.74927
9888,-6.74023
9889,0
9890,0.000244141
9891,-0.000244141
9892,7.99976
9893,-8
9894,0.00195313
9895,0.00170898
9896,0.00219727
9897,-0.00195313
9898,-0.00219727
9899,-0.00170898
9900,-6.63184
9901,-6.6228
9902,-6.61377
9903,-6.60474
9904,-6.5957
9905,0
9906,0.000244141
9907,-0.000244141
9908,7.99976
9909,-8
9910,0.00195313
9911,0.00170898
9912,0.00219727
9913,-0.00195313
9914,-0.00219727
9915,-0.00170898
9916,-6.4873
9917,-6.47827
9918,-6.46924
9919,-6.46021
9920,-6.45117
9921,0
9922,0.000244141
9923,-0.000244141
9924,7.99976
9925,-8
9926,0.00195313
9927,0.00170898
9928,0.00219727
9929,-0.00195313
9930,-0.00219727
9931,-0.00170898
9932,-6.34277
9933,-6.33374
9934,-6.32471
9935,-6.31567
9936,-6.30664
9937,0
9938,0.000244141
9939,-0.000244141
9940,7.99976
9941,-8
9942,0.00195313
9943,0.00170898
9944,0.00219727
9945,-0.00195313
9946,-0.00219727
9947,-0.00170898
9948,-6.19824
9949,-6.18921
9950,-6.18018
9951,-6.17114
9952,-6.16211
9953,0
9954,0.000244141
9955,-0.000244141
9956,7.99976
9957,-8
9958,0.00195313
9959,0.00170898
9960,0.00219727
9961,-0.00195313
9962,-0.00219727
9963,-0.00170898
9964,-6.05371
9965,-6.04468
9966,-6.03564
9967,-6.02661
9968,-6.01758
9969,0
9970,0.000244141
9971,-0.000244141
9972,7.99976
9973,-8
9974,0.00195313
9975,0.00170898
9976,0.00219727
9977,-0.00195313
9978,-0.00219727
9979,-0.00170898
9980,-5.90918
9981,-5.90015
9982,-5.89111
9983,-5.88208
9984,-5.87305
9985,0
9986,0.000244141
9987,-0.000244141
9988,7.99976
9989,-8
9990,0.00195313
9991,0.00170898
9992,0.00219727
9993,-0.00195313
9994,-0.00219727
9995,-0.00170898
9996,-5.76465
9997,-5.75562
9998,-5.74658
9999,-5.73755
10000,-5.72852
10001,0
10002,0.000244141
10003,-0.000244141
10004,7.99976
10005,-8
10006,0.00195313
10007,0.00170898
10008,0.00219727
10009,-0.00195313
10010,-0.00219727
10011,-0.00170898
10012,-5.62012
10013,-5.61108
10014,-5.60205
10015,-5.59302
10016,-5.58398
10017,0
10018,0.000244141
10019,-0.000244141
10020,7.99976
10021,-8
10022,0.00195313
10023,0.00170898
10024,0.00219727
10025,-0.00195313
10026,-0.00219727
10027,-0.00170898
10028,-5.47559
10029,-5.46655
10030,-5.45752
10031,-5.44849
10032,-5.43945
10033,0
10034,0.000244141
10035,-0.000244141
10036,7.99976
10037,-8
10038,0.00195313
10039,0.00170898
10040,0.00219727
10041,-0.00195313
10042,-0.00219727
10043,-0.00170898
10044,-5.33105
10045,-5.32202
10046,-5.31299
10047,-5.30396
10048,-5.29492
10049,0
10050,0.000244141
10051,-0.000244141
10052,7.99976
10053,-8
10054,0.00195313
10055,0.00170898
10056,0.00219727
10057,-0.00195313
10058,-0.00219727
10059,-0.00170898
10060,-5.18652
10061,-5.17749
10062,-5.16846
10063,-5.15942
10064,-5.15039
10065,0
10066,0.000244141
10067,-0.000244141
10068,7.99976
10069,-8
10070,0.00195313
10071,0.00170898
10072,0.00219727
10073,-0.00195313
10074,-0.00219727
10075,-0.00170898
10076,-5.04199
10077,-5.03296
10078,-5.02393
10079,-5.01489
10080,-5.00586
10081,0
10082,0.000244141
10083,-0.000244141
10084,7.99976
10085,-8
10086,0.00195313
10087,0.00170898
10088,0.00219727
10089,-0.00195313
10090,-0.00219727
10091,-0.00170898
10092,-4.89746
10093,-4.88843
10094,-4.87939
10095,-4.87036
10096,-4.86133
10097,0
10098,0.000244141
10099,-0.000244141
10100,7.99976
10101,-8
10102,0.00195313
10103,0.00170898
10104,0.00219727
10105,-0.00195313
10106,-0.00219727
10107,-0.00170898
10108,-4.75293
10109,-4.7439
10110,-4.73486
10111,-4.72583
10112,-4.7168
10113,0
10114,0.000244141
10115,-0.000244141
10116,7.99976
10117,-8
10118,0.00195313
10119,0.00170898
10120,0.00219727
10121,-0.00195313
10122,-0.00219727
10123,-0.00170898
10124,-4.6084
10125,-4.59937
10126,-4.59033
10127,-4.5813
10128,-4.57227
10129,0
10130,0.000244141
10131,-0.000244141
10132,7.99976
10133,-8
10134,0.00195313
10135,0.00170898
10136,0.00219727
10137,-0.00195313
10138,-0.00219727
10139,-0.00170898
10140,-4.46387
10141,-4.45483
10142,-4.4458
10143,-4.43677
10144,-4.42773
10145,0
10146,0.000244141
10147,-0.000244141
10148,7.99976
10149,-8
10150,0.00195313
10151,0.00170898
10152,0.00219727
10153,-0.00195313
10154,-0.00219727
10155,-0.00170898
10156,-4.31934
10157,-4.3103
10158,-4.30127
10159,-4.29224
10160,-4.2832
10161,0
10162,0.000244141
10163,-0.000244141
10164,7.99976
10165,-8
10166,0.00195313
10167,0.00170898
10168,0.00219727
10169,-0.00195313
10170,-0.00219727
10171,-0.00170898
10172,-4.1748
10173,-4.16577
10174,-4.15674
10175,-4.14771
10176,-4.13867
10177,0
10178,0.000244141
10179,-0.000244141
10180,7.99976
10181,-8
10182,0.00195313
10183,0.00170898
10184,0.00219727
10185,-0.00195313
10186,-0.00219727
10187,-0.00170898
10188,-4.03027
10189,-4.02124
10190,-4.01221
10191,-4.00317
10192,-3.99414
10193,0
10194,0.000244141
10195,-0.000244141
10196,7.99976
10197,-8
10198,0.00195313
10199,0.00170898
10200,0.00219727
10201,-0.00195313
10202,-0.00219727
10203,-0.00170898
10204,-3.88574
10205,-3.87671
10206,-3.86768
10207,-3.85864
10208,-3.84961
10209,0
10210,0.000244141
10211,-0.000244141
10212,7.99976
10213,-8
10214,0.00195313
10215,0.00170898
10216,0.00219727
10217,-0.00195313
10218,-0.00219727
10219,-0.00170898
10220,-3.74121
10221,-3.73218
10222,-3.72314
10223,-3.71411
10224,-3.70508
10225,0
10226,0.000244141
10227,-0.000244141
10228,7.99976
10229,-8
10230,0.00195313
10231,0.00170898
10232,0.00219727
10233,-0.00195313
10234,-0.00219727
10235,-0.00170898
10236,-3.59668
10237,-3.58765
10238,-3.57861
10239,-3.56958
10240,-3.56055
10241,0
10242,0.000244141
10243,-0.000244141
10244,7.99976
10245,-8
10246,0.00195313
10247,0.00170898
10248,0.00219727
10249,-0.00195313
10250,-0.00219727
10251,-0.00170898
10252,-3.45215
10253,-3.44312
10254,-3.43408
10255,-3.42505
10256,-3.41602
10257,0
10258,0.000244141
10259,-0.000244141
10260,7.99976
10261,-8
10262,0.00195313
10263,0.00170898
10264,0.00219727
10265,-0.00195313
10266,-0.00219727
10267,-0.00170898
10268,-3.30762
10269,-3.29858
10270,-3.28955
10271,-3.28052
10272,-3.27148
10273,0
10274,0.000244141
10275,-0.000244141
10276,7.99976
10277,-8
10278,0.00195313
10279,0.00170898
10280,0.00219727
10281,-0.00195313
10282,-0.00219727
10283,-0.00170898
10284,-3.16309
10285,-3.15405
10286,-3.14502
10287,-3.13599
10288,-3.12695
10289,0
10290,0.000244141
10291,-0.000244141
10292,7.99976
10293,-8
10294,0.00195313
10295,0.00170898
10296,0.00219727
10297,-0.00195313
10298,-0.00219727
10299,-0.00170898
10300,-3.01855
10301,-3.00952
10302,-3.00049
10303,-2.99146
10304,-2.98242
10305,0
10306,0.000244141
10307,-0.000244141
10308,7.99976
10309,-8
10310,0.00195313
10311,0.00170898
10312,0.00219727
10313,-0.00195313
10314,-0.00219727
10315,-0.00170898
10316,-2.87402
10317,-2.86499
10318,-2.85596
10319,-2.84692
10320,-2.83789
10321,0
10322,0.000244141
10323,-0.000244141
10324,7.99976
10325,-8
10326,0.00195313
10327,0.00170898
10328,0.00219727
10329,-0.00195313
10330,-0.00219727
10331,-0.00170898
10332,-2.72949
10333,-2.72046
10334,-2.71143
10335,-2.70239
10336,-2.69336
10337,0
10338,0.000244141
10339,-0.000244141
10340,7.99976
10341,-8
10342,0.00195313
10343,0.00170898
10344,0.00219727
10345,-0.00195313
10346,-0.00219727
10347,-0.00170898
10348,-2.58496
10349,-2.57593
10350,-2.56689
10351,-2.55786
10352,-2.54883
10353,0
10354,0.000244141
10355,-0.000244141
10356,7.99976
10357,-8
10358,0.00195313
10359,0.00170898
10360,0.00219727
10361,-0.00195313
10362,-0.00219727
10363,-0.00170898
10364,-2.44043
10365,-2.4314
10366,-2.42236
10367,-2.41333
10368,-2.4043
10369,0
10370,0.000244141
10371,-0.000244141
10372,7.99976
10373,-8
10374,0.00195313
10375,0.00170898
10376,0.00219727
10377,-0.00195313
10378,-0.00219727
10379,-0.00170898
10380,-2.2959
10381,-2.28687
10382,-2.27783
10383,-2.2688
10384,-2.25977
10385,0
10386,0.000244141
10387,-0.000244141
10388,7.99976
10389,-8
10390,0.00195313
10391,0.00170898
10392,0.00219727
10393,-0.00195313
10394,-0.00219727
10395,-0.00170898
10396,-2.15137
10397,-2.14233
10398,-2.1333
10399,-2.12427
10400,-2.11523
10401,0
10402,0.000244141
10403,-0.000244141
10404,7.99976
10405,-8
10406,0.00195313
10407,0.00170898
10408,0.00219727
10409,-0.00195313
10410,-0.00219727
10411,-0.00170898
10412,-2.00684
10413,-1.9978
10414,-1.98877
10415,-1.97974
10416,-1.9707
10417,0
10418,0.000244141
10419,-0.000244141
10420,7.99976
10421,-8
10422,0.00195313
10423,0.00170898
10424,0.00219727
10425,-0.00195313
10426,-0.00219727
10427,-0.00170898
10428,-1.8623
10429,-1.85327
10430,-1.84424
10431,-1.83521
10432,-1.82617
10433,0
10434,0.000244141
10435,-0.000244141
10436,7.99976
10437,-8
10438,0.00195313
10439,0.00170898
10440,0.00219727
10441,-0.00195313
10442,-0.00219727
10443,-0.00170898
10444,-1.71777
10445,-1.70874
10446,-1.69971
10447,-1.69067
10448,-1.68164
10449,0
10450,0.000244141
10451,-0.000244141
10452,7.99976
10453,-8
10454,0.00195313
10455,0.00170898
10456,0.00219727
10457,-0.00195313
10458,-0.00219727
10459,-0.00170898
10460,-1.57324
10461,-1.56421
10462,-1.55518
10463,-1.54614
10464,-1.53711
10465,0
10466,0.000244141
10467,-0.000244141
10468,7.99976
10469,-8
10470,0.00195313
10471,0.00170898
10472,0.00219727
10473,-0.00195313
10474,-0.00219727
10475,-0.00170898
10476,-1.42871
10477,-1.41968
10478,-1.41064
10479,-1.40161
10480,-1.39258
10481,0
10482,0.000244141
10483,-0.000244141
10484,7.99976
10485,-8
10486,0.00195313
10487,0.00170898
10488,0.00219727
10489,-0.00195313
10490,-0.00219727
10491,-0.00170898
10492,-1.28418
10493,-1.27515
10494,-1.26611
10495,-1.25708
10496,-1.24805
10497,0
10498,0.000244141
10499,-0.000244141
10500,7.99976
10501,-8
10502,0.00195313
10503,0.00170898
10504,0.00219727
10505,-0.00195313
10506,-0.00219727
10507,-0.00170898
10508,-1.13965
10509,-1.13062
10510,-1.12158
10511,-1.11255
10512,-1.10352
10513,0
10514,0.000244141
10515,-0.000244141
10516,7.99976
10517,-8
10518,0.00195313
10519,0.00170898
10520,0.00219727
10521,-0.00195313
10522,-0.00219727
10523,-0.00170898
10524,-0.995117
10525,-0.986084
10526,-0.977051
10527,-0.968018
10528,-0.958984
10529,0
10530,0.000244141
10531,-0.000244141
10532,7.99976
10533,-8
10534,0.00195313
10535,0.00170898
10536,0.00219727
10537,-0.00195313
10538,-0.00219727
10539,-0.00170898
10540,-0.850586
10541,-0.841553
10542,-0.83252
10543,-0.823486
10544,-0.814453
10545,0
10546,0.000244141
10547,-0.000244141
10548,7.99976
10549,-8
10550,0.00195313
10551,0.00170898
10552,0.00219727
10553,-0.00195313
10554,-0.00219727
10555,-0.00170898
10556,-0.706055
10557,-0.697021
10558,-0.687988
10559,-0.678955
10560,-0.669922
10561,0
10562,0.000244141
10563,-0.000244141
10564,7.99976
10565,-8
10566,0.00195313
10567,0.00170898
10568,0.00219727
10569,-0.00195313
10570,-0.00219727
10571,-0.00170898
10572,-0.561523
10573,-0.55249
10574,-0.543457
10575,-0.534424
10576,-0.525391
10577,0
10578,0.000244141
10579,-0.000244141
10580,7.99976
10581,-8
10582,0.00195313
10583,0.00170898
10584,0.00219727
10585,-0.00195313
10586,-0.00219727
10587,-0.00170898
10588,-0.416992
10589,-0.407959
10590,-0.398926
10591,-0.389893
10592,-0.380859
10593,0
10594,0.000244141
10595,-0.000244141
10596,7.99976
10597,-8
10598,0.00195313
10599,0.00170898
10600,0.00219727
10601,-0.00195313
10602,-0.00219727
10603,-0.00170898
10604,-0.272461
10605,-0.263428
10606,-0.254395
10607,-0.245361
10608,-0.236328
10609,0
10610,0.000244141
10611,-0.000244141
10612,7.99976
10613,-8
10614,0.00195313
10615,0.00170898
10616,0.00219727
10617,-0.00195313
10618,-0.00219727
10619,-0.00170898
10620,-0.12793
10621,-0.118896
10622,-0.109863
10623,-0.10083
10624,-0.0917969
10625,0
10626,0.000244141
10627,-0.000244141
10628,7.99976
10629,-8
10630,0.00195313
10631,0.00170898
10632,0.00219727
10633,-0.00195313
10634,-0.00219727
10635,-0.00170898
10636,0.0166016
10637,0.0256348
10638,0.034668
10639,0.0437012
10640,0.0527344
10641,0
10642,0.000244141
10643,-0.000244141
10644,7.99976
10645,-8
10646,0.00195313
10647,0.00170898
10648,0.00219727
10649,-0.00195313
10650,-0.00219727
10651,-0.00170898
10652,0.161133
10653,0.170166
10654,0.179199
10655,0.188232
10656,0.197266
10657,0
10658,0.000244141
10659,-0.000244141
10660,7.99976
10661,-8
10662,0.00195313
10663,0.00170898
10664,0.00219727
10665,-0.00195313
10666,-0.00219727
10667,-0.00170898
10668,0.305664
10669,0.314697
10670,0.32373
10671,0.332764
10672,0.341797
10673,0
10674,0.000244141
10675,-0.000244141
10676,7.99976
10677,-8
10678,0.00195313
10679,0.00170898
10680,0.00219727
10681,-0.00195313
10682,-0.00219727
10683,-0.00170898
10684,0.450195
10685,0.459229
10686,0.468262
10687,0.477295
10688,0.486328
10689,0
10690,0.000244141
10691,-0.000244141
10692,7.99976
10693,-8
10694,0.00195313
10695,0.00170898
10696,0.00219727
10697,-0.00195313
10698,-0.00219727
10699,-0.00170898
10700,0.594727
10701,0.60376
10702,0.612793
10703,0.621826
10704,0.630859
10705,0
10706,0.000244141
10707,-0.000244141
10708,7.99976
10709,-8
10710,0.00195313
10711,0.00170898
10712,0.00219727
10713,-0.00195313
10714,-0.00219727
10715,-0.00170898
10716,0.739258
10717,0.748291
10718,0.757324
10719,0.766357
10720,0.775391
10721,0
10722,0.000244141
10723,-0.000244141
10724,7.99976
10725,-8
10726,0.00195313
10727,0.00170898
10728,0.00219727
10729,-0.00195313
10730,-0.00219727
10731,-0.00170898
10732,0.883789
10733,0.892822
10734,0.901855
10735,0.910889
10736,0.919922
10737,0
10738,0.000244141
10739,-0.000244141
10740,7.99976
10741,-8
10742,0.00195313
10743,0.00170898
10744,0.00219727
10745,-0.00195313
10746,-0.00219727
10747,-0.00170898
10748,1.02832
10749,1.03735
10750,1.04639
10751,1.05542
10752,1.06445
10753,0
10754,0.000244141
10755,-0.000244141
10756,7.99976
10757,-8
10758,0.00195313
10759,0.00170898
10760,0.00219727
10761,-0.00195313
10762,-0.00219727
10763,-0.00170898
10764,1.17285
10765,1.18188
10766,1.19092
10767,1.19995
10768,1.20898
10769,0
10770,0.000244141
10771,-0.000244141
10772,7.99976
10773,-8
10774,0.00195313
10775,0.00170898
10776,0.00219727
10777,-0.00195313
10778,-0.00219727
10779,-0.00170898
10780,1.31738
10781,1.32642
10782,1.33545
10783,1.34448
10784,1.35352
10785,0
10786,0.000244141
10787,-0.000244141
10788,7.99976
10789,-8
10790,0.00195313
10791,0.00170898
10792,0.00219727
10793,-0.00195313
10794,-0.00219727
10795,-0.00170898
10796,1.46191
10797,1.47095
10798,1.47998
10799,1.48901
10800,1.49805
10801,0
10802,0.000244141
10803,-0.000244141
10804,7.99976
10805,-8
10806,0.00195313
10807,0.00170898
10808,0.00219727
10809,-0.00195313
10810,-0.00219727
10811,-0.00170898
10812,1.60645
10813,1.61548
10814,1.62451
10815,1.63354
10816,1.64258
10817,0
10818,0.000244141
10819,-0.000244141
10820,7.99976
10821,-8
10822,0.00195313
10823,0.00170898
10824,0.00219727
10825,-0.00195313
10826,-0.00219727
10827,-0.00170898
10828,1.75098
10829,1.76001
10830,1.76904
10831,1.77808
10832,1.78711
10833,0
10834,0.000244141
10835,-0.000244141
10836,7.99976
10837,-8
10838,0.00195313
10839,0.00170898
10840,0.00219727
10841,-0.00195313
10842,-0.00219727
10843,-0.00170898
10844,1.89551
10845,1.90454
10846,1.91357
10847,1.92261
10848,1.93164
10849,0
10850,0.000244141
10851,-0.000244141
10852,7.99976
10853,-8
10854,0.00195313
10855,0.00170898
10856,0.00219727
10857,-0.00195313
10858,-0.00219727
10859,-0.00170898
10860,2.04004
10861,2.04907
10862,2.05811
10863,2.06714
10864,2.07617
10865,0
10866,0.000244141
10867,-0.000244141
10868,7.99976
10869,-8
10870,0.00195313
10871,0.00170898
10872,0.00219727
10873,-0.00195313
10874,-0.00219727
10875,-0.00170898
10876,2.18457
10877,2.1936
10878,2.20264
10879,2.21167
10880,2.2207
10881,0
10882,0.000244141
10883,-0.000244141
10884,7.99976
10885,-8
10886,0.00195313
10887,0.00170898
10888,0.00219727
10889,-0.00195313
10890,-0.00219727
10891,-0.00170898
10892,2.3291
10893,2.33813
10894,2.34717
10895,2.3562
10896,2.36523
10897,0
10898,0.000244141
10899,-0.000244141
10900,7.99976
10901,-8
10902,0.00195313
10903,0.00170898
10904,0.00219727
10905,-0.00195313
10906,-0.00219727
10907,-0.00170898
10908,2.47363
10909,2.48267
10910,2.4917
10911,2.50073
10912,2.50977
10913,0
10914,0.000244141
10915,-0.000244141
10916,7.99976
10917,-8
10918,0.00195313
10919,0.00170898
10920,0.00219727
10921,-0.00195313
10922,-0.00219727
10923,-0.00170898
10924,2.61816
10925,2.6272
10926,2.63623
10927,2.64526
10928,2.6543
10929,0
10930,0.000244141
10931,-0.000244141
10932,7.99976
10933,-8
10934,0.00195313
10935,0.00170898
10936,0.00219727
10937,-0.00195313
10938,-0.00219727
10939,-0.00170898
10940,2.7627
10941,2.77173
10942,2.78076
10943,2.78979
10944,2.79883
10945,0
10946,0.000244141
10947,-0.000244141
10948,7.99976
10949,-8
10950,0.00195313
10951,0.00170898
10952,0.00219727
10953,-0.00195313
10954,-0.00219727
10955,-0.00170898
10956,2.90723
10957,2.91626
10958,2.92529
10959,2.93433
10960,2.94336
10961,0
10962,0.000244141
10963,-0.000244141
10964,7.99976
10965,-8
10966,0.00195313
10967,0.00170898
10968,0.00219727
10969,-0.00195313
10970,-0.00219727
10971,-0.00170898
10972,3.05176
10973,3.06079
10974,3.06982
10975,3.07886
10976,3.08789
10977,0
10978,0.000244141
10979,-0.000244141
10980,7.99976
10981,-8
10982,0.00195313
10983,0.00170898
10984,0.00219727
10985,-0.00195313
10986,-0.00219727
10987,-0.00170898
10988,3.19629
10989,3.20532
10990,3.21436
10991,3.22339
10992,3.23242
10993,0
10994,0.000244141
10995,-0.000244141
10996,7.99976
10997,-8
10998,0.00195313
10999,0.00170898
11000,0.00219727
11001,-0.00195313
11002,-0.00219727
11003,-0.00170898
11004,3.34082
11005,3.34985
11006,3.35889
11007,3.36792
11008,3.37695
11009,0
11010,0.000244141
11011,-0.000244141
11012,7.99976
11013,-8
11014,0.00195313
11015,0.00170898
11016,0.00219727
11017,-0.00195313
11018,-0.00219727
11019,-0.00170898
11020,3.48535
11021,3.49438
11022,3.50342
11023,3.51245
11024,3.52148
11025,0
11026,0.000244141
11027,-0.000244141
11028,7.99976
11029,-8
11030,0.00195313
11031,0.00170898
11032,0.00219727
11033,-0.00195313
11034,-0.00219727
11035,-0.00170898
11036,3.62988
11037,3.63892
11038,3.64795
11039,3.65698
11040,3.66602
11041,0
11042,0.000244141
11043,-0.000244141
11044,7.99976
11045,-8
11046,0.00195313
11047,0.00170898
11048,0.00219727
11049,-0.00195313
11050,-0.00219727
11051,-0.00170898
11052,3.77441
11053,3.78345
11054,3.79248
11055,3.80151
11056,3.81055
11057,0
11058,0.000244141
11059,-0.000244141
11060,7.99976
11061,-8
11062,0.00195313
11063,0.00170898
11064,0.00219727
11065,-0.00195313
11066,-0.00219727
11067,-0.00170898
11068,3.91895
11069,3.92798
11070,3.93701
11071,3.94604
11072,3.95508
11073,0
11074,0.000244141
11075,-0.000244141
11076,7.99976
11077,-8
11078,0.00195313
11079,0.00170898
11080,0.00219727
11081,-0.00195313
11082,-0.00219727
11083,-0.00170898
11084,4.06348
11085,4.07251
11086,4.08154
11087,4.09058
11088,4.09961
11089,0
11090,0.000244141
11091,-0.000244141
11092,7.99976
11093,-8
11094,0.00195313
11095,0.00170898
11096,0.00219727
11097,-0.00195313
11098,-0.00219727
11099,-0.00170898
11100,4.20801
11101,4.21704
11102,4.22607
11103,4.23511
11104,4.24414
11105,0
11106,0.000244141
11107,-0.000244141
11108,7.99976
11109,-8
11110,0.00195313
11111,0.00170898
11112,0.00219727
11113,-0.00195313
11114,-0.00219727
11115,-0.00170898
11116,4.35254
11117,4.36157
11118,4.37061
11119,4.37964
11120,4.38867
11121,0
11122,0.000244141
11123,-0.000244141
11124,7.99976
11125,-8
11126,0.00195313
11127,0.00170898
11128,0.00219727
11129,-0.00195313
11130,-0.00219727
11131,-0.00170898
11132,4.49707
11133,4.5061
11134,4.51514
11135,4.52417
11136,4.5332
11137,0
11138,0.000244141
11139,-0.000244141
11140,7.99976
11141,-8
11142,0.00195313
11143,0.00170898
11144,0.00219727
11145,-0.00195313
11146,-0.00219727
11147,-0.00170898
11148,4.6416
11149,4.65063
11150,4.65967
11151,4.6687
11152,4.67773
11153,0
11154,0.000244141
11155,-0.000244141
11156,7.99976
11157,-8
11158,0.00195313
11159,0.00170898
11160,0.00219727
11161,-0.00195313
11162,-0.00219727
11163,-0.00170898
11164,4.78613
11165,4.79517
11166,4.8042
11167,4.81323
11168,4.82227
11169,0
11170,0.000244141
11171,-0.000244141
11172,7.99976
11173,-8
11174,0.00195313
11175,0.00170898
11176,0.00219727
11177,-0.00195313
11178,-0.00219727
11179,-0.00170898
11180,4.93066
11181,4.9397
11182,4.94873
11183,4.95776
11184,4.9668
11185,0
11186,0.000244141
11187,-0.000244141
11188,7.99976
11189,-8
11190,0.00195313
11191,0.00170898
11192,0.00219727
11193,-0.00195313
11194,-0.00219727
11195,-0.00170898
11196,5.0752
11197,5.08423
11198,5.09326
11199,5.10229
11200,5.11133
11201,0
11202,0.000244141
11203,-0.000244141
11204,7.99976
11205,-8
11206,0.00195313
11207,0.00170898
11208,0.00219727
11209,-0.00195313
11210,-0.00219727
11211,-0.00170898
11212,5.21973
11213,5.22876
11214,5.23779
11215,5.24683
11216,5.25586
11217,0
11218,0.000244141
11219,-0.000244141
11220,7.99976
11221,-8
11222,0.00195313
11223,0.00170898
11224,0.00219727
11225,-0.00195313
11226,-0.00219727
11227,-0.00170898
11228,5.36426
11229,5.37329
11230,5.38232
11231,5.39136
11232,5.40039
11233,0
11234,0.000244141
11235,-0.000244141
11236,7.99976
11237,-8
11238,0.00195313
11239,0.00170898
11240,0.00219727
11241,-0.00195313
11242,-0.00219727
11243,-0.00170898
11244,5.50879
11245,5.51782
11246,5.52686
11247,5.53589
11248,5.54492
11249,0
11250,0.000244141
11251,-0.000244141
11252,7.99976
11253,-8
11254,0.00195313
11255,0.00170898
11256,0.00219727
11257,-0.00195313
11258,-0.00219727
11259,-0.00170898
11260,5.65332
11261,5.66235
11262,5.67139
11263,5.68042
11264,5.68945
11265,0
11266,0.000244141
11267,-0.000244141
11268,7.99976
11269,-8
11270,0.00195313
11271,0.00170898
11272,0.00219727
11273,-0.00195313
11274,-0.00219727
11275,-0.00170898
11276,5.79785
11277,5.80688
11278,5.81592
11279,5.82495
11280,5.83398
11281,0
11282,0.000244141
11283,-0.000244141
11284,7.99976
11285,-8
11286,0.00195313
11287,0.00170898
11288,0.00219727
11289,-0.00195313
11290,-0.00219727
11291,-0.00170898
11292,5.94238
11293,5.95142
11294,5.96045
11295,5.96948
11296,5.97852
11297,0
11298,0.000244141
11299,-0.000244141
11300,7.99976
11301,-8
11302,0.00195313
11303,0.00170898
11304,0.00219727
11305,-0.00195313
11306,-0.00219727
11307,-0.00170898
11308,6.08691
11309,6.09595
11310,6.10498
11311,6.11401
11312,6.12305
11313,0
11314,0.000244141
11315,-0.000244141
11316,7.99976
11317,-8
11318,0.00195313
11319,0.00170898
11320,0.00219727
11321,-0.00195313
11322,-0.00219727
11323,-0.00170898
11324,6.23145
11325,6.24048
11326,6.24951
11327,6.25854
11328,6.26758
11329,0
11330,0.000244141
11331,-0.000244141
11332,7.99976
11333,-8
11334,0.00195313
11335,0.00170898
11336,0.00219727
11337,-0.00195313
11338,-0.00219727
11339,-0.00170898
11340,6.37598
11341,6.38501
11342,6.39404
11343,6.40308
11344,6.41211
11345,0
11346,0.000244141
11347,-0.000244141
11348,7.99976
11349,-8
11350,0.00195313
11351,0.00170898
11352,0.00219727
11353,-0.00195313
11354,-0.00219727
11355,-0.00170898
11356,6.52051
11357,6.52954
11358,6.53857
11359,6.54761
11360,6.55664
11361,0
11362,0.000244141
11363,-0.000244141
11364,7.99976
11365,-8
11366,0.00195313
11367,0.00170898
11368,0.00219727
11369,-0.00195313
11370,-0.00219727
11371,-0.00170898
11372,6.66504
11373,6.67407
11374,6.68311
11375,6.69214
11376,6.70117
11377,0
11378,0.000244141
11379,-0.000244141
11380,7.99976
11381,-8
11382,0.00195313
11383,0.00170898
11384,0.00219727
11385,-0.00195313
11386,-0.00219727
11387,-0.00170898
11388,6.80957
11389,6.8186
11390,6.82764
11391,6.83667
11392,6.8457
11393,0
11394,0.000244141
11395,-0.000244141
11396,7.99976
11397,-8
11398,0.00195313
11399,0.00170898
11400,0.00219727
11401,-0.00195313
11402,-0.00219727
11403,-0.00170898
11404,6.9541
11405,6.96313
11406,6.97217
11407,6.9812
11408,6.99023
11409,0
11410,0.000244141
11411,-0.000244141
11412,7.99976
11413,-8
11414,0.00195313
11415,0.00170898
11416,0.00219727
11417,-0.00195313
11418,-0.00219727
11419,-0.00170898
11420,7.09863
11421,7.10767
11422,7.1167
11423,7.12573
11424,7.13477
11425,0
11426,0.000244141
11427,-0.000244141
11428,7.99976
11429,-8
11430,0.00195313
11431,0.00170898
11432,0.00219727
11433,-0.00195313
11434,-0.00219727
11435,-0.00170898
11436,7.24316
11437,7.2522
11438,7.26123
11439,7.27026
11440,7.2793
11441,0
11442,0.000244141
11443,-0.000244141
11444,7.99976
11445,-8
11446,0.00195313
11447,0.00170898
11448,0.00219727
11449,-0.00195313
11450,-0.00219727
11451,-0.00170898
11452,7.3877
11453,7.39673
11454,7.40576
11455,7.41479
11456,7.42383
11457,0
11458,0.000244141
11459,-0.000244141
11460,7.99976
11461,-8
11462,0.00195313
11463,0.00170898
11464,0.00219727
11465,-0.00195313
11466,-0.00219727
11467,-0.00170898
11468,7.53223
11469,7.54126
11470,7.55029
11471,7.55933
11472,7.56836
11473,0
11474,0.000244141
11475,-0.000244141
11476,7.99976
11477,-8
11478,0.00195313
11479,0.00170898
11480,0.00219727
11481,-0.00195313
11482,-0.00219727
11483,-0.00170898
11484,7.67676
11485,7.68579
11486,7.69482
11487,7.70386
11488,7.71289
11489,0
11490,0.000244141
11491,-0.000244141
11492,7.99976
11493,-8
11494,0.00195313
11495,0.00170898
11496,0.00219727
11497,-0.00195313
11498,-0.00219727
11499,-0.00170898
11500,7.82129
11501,7.83032
11502,7.83936
11503,7.84839
11504,7.85742
11505,0
11506,0.000244141
11507,-0.000244141
11508,7.99976
11509,-8
11510,0.00195313
11511,0.00170898
11512,0.00219727
11513,-0.00195313
11514,-0.00219727
11515,-0.00170898
11516,7.96582
11517,7.97485
11518,7.98389
11519,7.99292
11520,-7.99805
11521,0
11522,0.000244141
11523,-0.000244141
11524,7.99976
11525,-8
11526,0.00195313
11527,0.00170898
11528,0.00219727
11529,-0.00195313
11530,-0.00219727
11531,-0.00170898
11532,-7.88965
11533,-7.88062
11534,-7.87158
11535,-7.86255
11536,-7.85352
11537,0
11538,0.000244141
11539,-0.000244141
11540,7.99976
11541,-8
11542,0.00195313
11543,0.00170898
11544,0.00219727
11545,-0.00195313
11546,-0.00219727
11547,-0.00170898
11548,-7.74512
11549,-7.73608
11550,-7.72705
11551,-7.71802
11552,-7.70898
11553,0
11554,0.000244141
11555,-0.000244141
11556,7.99976
11557,-8
11558,0.00195313
11559,0.00170898
11560,0.00219727
11561,-0.00195313
11562,-0.00219727
11563,-0.00170898
11564,-7.60059
11565,-7.59155
11566,-7.58252
11567,-7.57349
11568,-7.56445
11569,0
11570,0.000244141
11571,-0.000244141
11572,7.99976
11573,-8
11574,0.00195313
11575,0.00170898
11576,0.00219727
11577,-0.00195313
11578,-0.00219727
11579,-0.00170898
11580,-7.45605
11581,-7.44702
11582,-7.43799
11583,-7.42896
11584,-7.41992
11585,0
11586,0.000244141
11587,-0.000244141
11588,7.99976
11589,-8
11590,0.00195313
11591,0.00170898
11592,0.00219727
11593,-0.00195313
11594,-0.00219727
11595,-0.00170898
11596,-7.31152
11597,-7.30249
11598,-7.29346
11599,-7.28442
11600,-7.27539
11601,0
11602,0.000244141
11603,-0.000244141
11604,7.99976
11605,-8
11606,0.00195313
11607,0.00170898
11608,0.00219727
11609,-0.00195313
11610,-0.00219727
11611,-0.00170898
11612,-7.16699
11613,-7.15796
11614,-7.14893
11615,-7.13989
11616,-7.13086
11617,0
11618,0.000244141
11619,-0.000244141
11620,7.99976
11621,-8
11622,0.00195313
11623,0.00170898
11624,0.00219727
11625,-0.00195313
11626,-0.00219727
11627,-0.00170898
11628,-7.02246
11629,-7.01343
11630,-7.00439
11631,-6.99536
11632,-6.98633
11633,0
11634,0.000244141
11635,-0.000244141
11636,7.99976
11637,-8
11638,0.00195313
11639,0.00170898
11640,0.00219727
11641,-0.00195313
11642,-0.00219727
11643,-0.00170898
11644,-6.87793
11645,-6.8689
11646,-6.85986
11647,-6.85083
11648,-6.8418
11649,0
11650,0.000244141
11651,-0.000244141
11652,7.99976
11653,-8
11654,0.00195313
11655,0.00170898
11656,0.00219727
11657,-0.00195313
11658,-0.00219727
11659,-0.00170898
11660,-6.7334
11661,-6.72437
11662,-6.71533
11663,-6.7063
11664,-6.69727
11665,0
11666,0.000244141
11667,-0.000244141
11668,7.99976
11669,-8
11670,0.00195313
11671,0.00170898
11672,0.00219727
11673,-0.00195313
11674,-0.00219727
11675,-0.00170898
11676,-6.58887
11677,-6.57983
11678,-6.5708
11679,-6.56177
11680,-6.55273
11681,0
11682,0.000244141
11683,-0.000244141
11684,7.99976
11685,-8
11686,0.00195313
11687,0.00170898
11688,0.00219727
11689,-0.00195313
11690,-0.00219727
11691,-0.00170898
11692,-6.44434
11693,-6.4353
11694,-6.42627
11695,-6.41724
11696,-6.4082
11697,0
11698,0.000244141
11699,-0.000244141
11700,7.99976
11701,-8
11702,0.00195313
11703,0.00170898
11704,0.00219727
11705,-0.00195313
11706,-0.00219727
11707,-0.00170898
11708,-6.2998
11709,-6.29077
11710,-6.28174
11711,-6.27271
11712,-6.26367
11713,0
11714,0.000244141
11715,-0.000244141
11716,7.99976
11717,-8
11718,0.00195313
11719,0.00170898
11720,0.00219727
11721,-0.00195313
11722,-0.00219727
11723,-0.00170898
11724,-6.15527
11725,-6.14624
11726,-6.13721
11727,-6.12817
11728,-6.11914
11729,0
11730,0.000244141
11731,-0.000244141
11732,7.99976
11733,-8
11734,0.00195313
11735,0.00170898
11736,0.00219727
11737,-0.00195313
11738,-0.00219727
11739,-0.00170898
11740,-6.01074
11741,-6.00171
11742,-5.99268
11743,-5.98364
11744,-5.97461
11745,0
11746,0.000244141
11747,-0.000244141
11748,7.99976
11749,-8
11750,0.00195313
11751,0.00170898
11752,0.00219727
11753,-0.00195313
11754,-0.00219727
11755,-0.00170898
11756,-5.86621
11757,-5.85718
11758,-5.84814
11759,-5.83911
11760,-5.83008
11761,0
11762,0.000244141
11763,-0.000244141
11764,7.99976
11765,-8
11766,0.00195313
11767,0.00170898
11768,0.00219727
11769,-0.00195313
11770,-0.00219727
11771,-0.00170898
11772,-5.72168
11773,-5.71265
11774,-5.70361
11775,-5.69458
11776,-5.68555
11777,0
11778,0.000244141
11779,-0.000244141
11780,7.99976
11781,-8
11782,0.00195313
11783,0.00170898
11784,0.00219727
11785,-0.00195313
11786,-0.00219727
11787,-0.00170898
11788,-5.57715
11789,-5.56812
11790,-5.55908
11791,-5.55005
11792,-5.54102
11793,0
11794,0.000244141
11795,-0.000244141
11796,7.99976
11797,-8
11798,0.00195313
11799,0.00170898
11800,0.00219727
11801,-0.00195313
11802,-0.00219727
11803,-0.00170898
11804,-5.43262
11805,-5.42358
11806,-5.41455
11807,-5.40552
11808,-5.39648
11809,0
11810,0.000244141
11811,-0.000244141
11812,7.99976
11813,-8
11814,0.00195313
11815,0.00170898
11816,0.00219727
11817,-0.00195313
11818,-0.00219727
11819,-0.00170898
11820,-5.28809
11821,-5.27905
11822,-5.27002
11823,-5.26099
11824,-5.25195
11825,0
11826,0.000244141
11827,-0.000244141
11828,7.99976
11829,-8
11830,0.00195313
11831,0.00170898
11832,0.00219727
11833,-0.00195313
11834,-0.00219727
11835,-0.00170898
11836,-5.14355
11837,-5.13452
11838,-5.12549
11839,-5.11646
11840,-5.10742
11841,0
11842,0.000244141
11843,-0.000244141
11844,7.99976
11845,-8
11846,0.00195313
11847,0.00170898
11848,0.00219727
11849,-0.00195313
11850,-0.00219727
11851,-0.00170898
11852,-4.99902
11853,-4.98999
11854,-4.98096
11855,-4.97192
11856,-4.96289
11857,0
11858,0.000244141
11859,-0.000244141
11860,7.99976
11861,-8
11862,0.00195313
11863,0.00170898
11864,0.00219727
11865,-0.00195313
11866,-0.00219727
11867,-0.00170898
11868,-4.85449
11869,-4.84546
11870,-4.83643
11871,-4.82739
11872,-4.81836
11873,0
11874,0.000244141
11875,-0.000244141
11876,7.99976
11877,-8
11878,0.00195313
11879,0.00170898
11880,0.00219727
11881,-0.00195313
11882,-0.00219727
11883,-0.00170898
11884,-4.70996
11885,-4.70093
11886,-4.69189
11887,-4.68286
11888,-4.67383
11889,0
11890,0.000244141
11891,-0.000244141
11892,7.99976
11893,-8
11894,0.00195313
11895,0.00170898
11896,0.00219727
11897,-0.00195313
11898,-0.00219727
11899,-0.00170898
11900,-4.56543
11901,-4.5564
11902,-4.54736
11903,-4.53833
11904,-4.5293
11905,0
11906,0.000244141
11907,-0.000244141
11908,7.99976
11909,-8
11910,0.00195313
11911,0.00170898
11912,0.00219727
11913,-0.00195313
11914,-0.00219727
11915,-0.00170898
11916,-4.4209
11917,-4.41187
11918,-4.40283
11919,-4.3938
11920,-4.38477
11921,0
11922,0.000244141
11923,-0.000244141
11924,7.99976
11925,-8
11926,0.00195313
11927,0.00170898
11928,0.00219727
11929,-0.00195313
11930,-0.00219727
11931,-0.00170898
11932,-4.27637
11933,-4.26733
11934,-4.2583
11935,-4.24927
11936,-4.24023
11937,0
11938,0.000244141
11939,-0.000244141
11940,7.99976
11941,-8
11942,0.00195313
11943,0.00170898
11944,0.00219727
11945,-0.00195313
11946,-0.00219727
11947,-0.00170898
11948,-4.13184
11949,-4.1228
11950,-4.11377
11951,-4.10474
11952,-4.0957
11953,0
11954,0.000244141
11955,-0.000244141
11956,7.99976
11957,-8
11958,0.00195313
11959,0.00170898
11960,0.00219727
11961,-0.00195313
11962,-0.00219727
11963,-0.00170898
11964,-3.9873
11965,-3.97827
11966,-3.96924
11967,-3.96021
11968,-3.95117
11969,0
11970,0.000244141
11971,-0.000244141
11972,7.99976
11973,-8
11974,0.00195313
11975,0.00170898
11976,0.00219727
11977,-0.00195313
11978,-0.00219727
11979,-0.00170898
11980,-3.84277
11981,-3.83374
11982,-3.82471
11983,-3.81567
11984,-3.80664
11985,0
11986,0.000244141
11987,-0.000244141
11988,7.99976
11989,-8
11990,0.00195313
11991,0.00170898
11992,0.00219727
11993,-0.00195313
11994,-0.00219727
11995,-0.00170898
11996,-3.69824
11997,-3.68921
11998,-3.68018
11999,-3.67114
12000,-3.66211
12001,0
12002,0.000244141
12003,-0.000244141
12004,7.99976
12005,-8
12006,0.00195313
12007,0.00170898
12008,0.00219727
12009,-0.00195313
12010,-0.00219727
12011,-0.00170898
12012,-3.55371
12013,-3.54468
12014,-3.53564
12015,-3.52661
12016,-3.51758
12017,0
12018,0.000244141
12019,-0.000244141
12020,7.99976
12021,-8
12022,0.00195313
12023,0.00170898
12024,0.00219727
12025,-0.00195313
12026,-0.00219727
12027,-0.00170898
12028,-3.40918
12029,-3.40015
12030,-3.39111
12031,-3.38208
12032,-3.37305
12033,0
12034,0.000244141
12035,-0.000244141
12036,7.99976
12037,-8
12038,0.00195313
12039,0.00170898
12040,0.00219727
12041,-0.00195313
12042,-0.00219727
12043,-0.00170898
12044,-3.26465
12045,-3.25562
12046,-3.24658
12047,-3.23755
12048,-3.22852
12049,0
12050,0.000244141
12051,-0.000244141
12052,7.99976
12053,-8
12054,0.00195313
12055,0.00170898
12056,0.00219727
12057,-0.00195313
12058,-0.00219727
12059,-0.00170898
12060,-3.12012
12061,-3.11108
12062,-3.10205
12063,-3.09302
12064,-3.08398
12065,0
12066,0.000244141
12067,-0.000244141
12068,7.99976
12069,-8
12070,0.00195313
12071,0.00170898
12072,0.00219727
12073,-0.00195313
12074,-0.00219727
12075,-0.00170898
12076,-2.97559
12077,-2.96655
12078,-2.95752
12079,-2.94849
12080,-2.93945
12081,0
12082,0.000244141
12083,-0.000244141
12084,7.99976
12085,-8
12086,0.00195313
12087,0.00170898
12088,0.00219727
12089,-0.00195313
12090,-0.00219727
12091,-0.00170898
12092,-2.83105
12093,-2.82202
12094,-2.81299
12095,-2.80396
12096,-2.79492
12097,0
12098,0.000244141
12099,-0.000244141
12100,7.99976
12101,-8
12102,0.00195313
12103,0.00170898
12104,0.00219727
12105,-0.00195313
12106,-0.00219727
12107,-0.00170898
12108,-2.68652
12109,-2.67749
12110,-2.66846
12111,-2.65942
12112,-2.65039
12113,0
12114,0.000244141
12115,-0.000244141
12116,7.99976
12117,-8
12118,0.00195313
12119,0.00170898
12120,0.00219727
12121,-0.00195313
12122,-0.00219727
12123,-0.00170898
12124,-2.54199
12125,-2.53296
12126,-2.52393
12127,-2.51489
12128,-2.50586
12129,0
12130,0.000244141
12131,-0.000244141
12132,7.99976
12133,-8
12134,0.00195313
12135,0.00170898
12136,0.00219727
12137,-0.00195313
12138,-0.00219727
12139,-0.00170898
12140,-2.39746
12141,-2.38843
12142,-2.37939
12143,-2.37036
12144,-2.36133
12145,0
12146,0.000244141
12147,-0.000244141
12148,7.99976
12149,-8
12150,0.00195313
12151,0.00170898
12152,0.00219727
12153,-0.00195313
12154,-0.00219727
12155,-0.00170898
12156,-2.25293
12157,-2.2439
12158,-2.23486
12159,-2.22583
12160,-2.2168
12161,0
12162,0.000244141
12163,-0.000244141
12164,7.99976
12165,-8
12166,0.00195313
12167,0.00170898
12168,0.00219727
12169,-0.00195313
12170,-0.00219727
12171,-0.00170898
12172,-2.1084
12173,-2.09937
12174,-2.09033
12175,-2.0813
12176,-2.07227
12177,0
12178,0.000244141
12179,-0.000244141
12180,7.99976
12181,-8
12182,0.00195313
12183,0.00170898
12184,0.00219727
12185,-0.00195313
12186,-0.00219727
12187,-0.00170898
12188,-1.96387
12189,-1.95483
12190,-1.9458
12191,-1.93677
12192,-1.92773
12193,0
12194,0.000244141
12195,-0.000244141
12196,7.99976
12197,-8
12198,0.00195313
12199,0.00170898
12200,0.00219727
12201,-0.00195313
12202,-0.00219727
12203,-0.00170898
12204,-1.81934
12205,-1.8103
12206,-1.80127
12207,-1.79224
12208,-1.7832
12209,0
12210,0.000244141
12211,-0.000244141
12212,7.99976
12213,-8
12214,0.00195313
12215,0.00170898
12216,0.00219727
12217,-0.00195313
12218,-0.00219727
12219,-0.00170898
12220,-1.6748
12221,-1.66577
12222,-1.65674
12223,-1.64771
12224,-1.63867
12225,0
12226,0.000244141
12227,-0.000244141
12228,7.99976
12229,-8
12230,0.00195313
12231,0.00170898
12232,0.00219727
12233,-0.00195313
12234,-0.00219727
12235,-0.00170898
12236,-1.53027
12237,-1.52124
12238,-1.51221
12239,-1.50317
12240,-1.49414
12241,0
12242,0.000244141
12243,-0.000244141
12244,7.99976
12245,-8
12246,0.00195313
12247,0.00170898
12248,0.00219727
12249,-0.00195313
12250,-0.00219727
12251,-0.00170898
12252,-1.38574
12253,-1.37671
12254,-1.36768
12255,-1.35864
12256,-1.34961
12257,0
12258,0.000244141
12259,-0.000244141
12260,7.99976
12261,-8
12262,0.00195313
12263,0.00170898
12264,0.00219727
12265,-0.00195313
12266,-0.00219727
12267,-0.00170898
12268,-1.24121
12269,-1.23218
12270,-1.22314
12271,-1.21411
12272,-1.20508
12273,0
12274,0.000244141
12275,-0.000244141
12276,7.99976
12277,-8
12278,0.00195313
12279,0.00170898
12280,0.00219727
12281,-0.00195313
12282,-0.00219727
12283,-0.00170898
12284,-1.09668
12285,-1.08765
12286,-1.07861
12287,-1.06958
12288,-1.06055
12289,0
12290,0.000244141
12291,-0.000244141
12292,7.99976
12293,-8
12294,0.00195313
12295,0.00170898
12296,0.00219727
12297,-0.00195313
12298,-0.00219727
12299,-0.00170898
12300,-0.952148
12301,-0.943115
12302,-0.934082
12303,-0.925049
12304,-0.916016
12305,0
12306,0.000244141
12307,-0.000244141
12308,7.99976
12309,-8
12310,0.00195313
12311,0.00170898
12312,0.00219727
12313,-0.00195313
12314,-0.00219727
12315,-0.00170898
12316,-0.807617
12317,-0.798584
12318,-0.789551
12319,-0.780518
12320,-0.771484
12321,0
12322,0.000244141
12323,-0.000244141
12324,7.99976
12325,-8
12326,0.00195313
12327,0.00170898
12328,0.00219727
12329,-0.00195313
12330,-0.00219727
12331,-0.00170898
12332,-0.663086
12333,-0.654053
12334,-0.64502
12335,-0.635986
12336,-0.626953
12337,0
12338,0.000244141
12339,-0.000244141
12340,7.99976
12341,-8
12342,0.00195313
12343,0.00170898
12344,0.00219727
12345,-0.00195313
12346,-0.00219727
12347,-0.00170898
12348,-0.518555
12349,-0.509521
12350,-0.500488
12351,-0.491455
12352,-0.482422
12353,0
12354,0.000244141
12355,-0.000244141
12356,7.99976
12357,-8
12358,0.00195313
12359,0.00170898
12360,0.00219727
12361,-0.00195313
12362,-0.00219727
12363,-0.00170898
12364,-0.374023
12365,-0.36499
12366,-0.355957
12367,-0.346924
12368,-0.337891
12369,0
12370,0.000244141
12371,-0.000244141
12372,7.99976
12373,-8
12374,0.00195313
12375,0.00170898
12376,0.00219727
12377,-0.00195313
12378,-0.00219727
12379,-0.00170898
12380,-0.229492
12381,-0.220459
12382,-0.211426
12383,-0.202393
12384,-0.193359
12385,0
12386,0.000244141
12387,-0.000244141
12388,7.99976
12389,-8
12390,0.00195313
12391,0.00170898
12392,0.00219727
12393,-0.00195313
12394,-0.00219727
12395,-0.00170898
12396,-0.0849609
12397,-0.0759277
12398,-0.0668945
12399,-0.0578613
12400,-0.0488281
12401,0
12402,0.000244141
12403,-0.000244141
12404,7.99976
12405,-8
12406,0.00195313
12407,0.00170898
12408,0.00219727
12409,-0.00195313
12410,-0.00219727
12411,-0.00170898
12412,0.0595703
12413,0.0686035
12414,0.0776367
12415,0.0866699
12416,0.0957031
12417,0
12418,0.000244141
12419,-0.000244141
12420,7.99976
12421,-8
12422,0.00195313
12423,0.00170898
12424,0.00219727
12425,-0.00195313
12426,-0.00219727
12427,-0.00170898
12428,0.204102
12429,0.213135
12430,0.222168
12431,0.231201
12432,0.240234
12433,0
12434,0.000244141
12435,-0.000244141
12436,7.99976
12437,-8
12438,0.00195313
12439,0.00170898
12440,0.00219727
12441,-0.00195313
12442,-0.00219727
12443,-0.00170898
12444,0.348633
12445,0.357666
12446,0.366699
12447,0.375732
12448,0.384766
12449,0
12450,0.000244141
12451,-0.000244141
12452,7.99976
12453,-8
12454,0.00195313
12455,0.00170898
12456,0.00219727
12457,-0.00195313
12458,-0.00219727
12459,-0.00170898
12460,0.493164
12461,0.502197
12462,0.51123
12463,0.520264
12464,0.529297
12465,0
12466,0.000244141
12467,-0.000244141
12468,7.99976
12469,-8
12470,0.00195313
12471,0.00170898
12472,0.00219727
12473,-0.00195313
12474,-0.00219727
12475,-0.00170898
12476,0.637695
12477,0.646729
12478,0.655762
12479,0.664795
12480,0.673828
12481,0
12482,0.000244141
12483,-0.000244141
12484,7.99976
12485,-8
12486,0.00195313
12487,0.00170898
12488,0.00219727
12489,-0.00195313
12490,-0.00219727
12491,-0.00170898
12492,0.782227
12493,0.79126
12494,0.800293
12495,0.809326
12496,0.818359
12497,0
12498,0.000244141
12499,-0.000244141
12500,7.99976
12501,-8
12502,0.00195313
12503,0.00170898
12504,0.00219727
12505,-0.00195313
12506,-0.00219727
12507,-0.00170898
12508,0.926758
12509,0.935791
12510,0.944824
12511,0.953857
12512,0.962891
12513,0
12514,0.000244141
12515,-0.000244141
12516,7.99976
12517,-8
12518,0.00195313
12519,0.00170898
12520,0.00219727
12521,-0.00195313
12522,-0.00219727
12523,-0.00170898
12524,1.07129
12525,1.08032
12526,1.08936
12527,1.09839
12528,1.10742
12529,0
12530,0.000244141
12531,-0.000244141
12532,7.99976
12533,-8
12534,0.00195313
12535,0.00170898
12536,0.00219727
12537,-0.00195313
12538,-0.00219727
12539,-0.00170898
12540,1.21582
12541,1.22485
12542,1.23389
12543,1.24292
12544,1.25195
12545,0
12546,0.000244141
12547,-0.000244141
12548,7.99976
12549,-8
12550,0.00195313
12551,0.00170898
12552,0.00219727
12553,-0.00195313
12554,-0.00219727
12555,-0.00170898
12556,1.36035
12557,1.36938
12558,1.37842
12559,1.38745
12560,1.39648
12561,0
12562,0.000244141
12563,-0.000244141
12564,7.99976
12565,-8
12566,0.00195313
12567,0.00170898
12568,0.00219727
12569,-0.00195313
12570,-0.00219727
12571,-0.00170898
12572,1.50488
12573,1.51392
12574,1.52295
12575,1.53198
12576,1.54102
12577,0
12578,0.000244141
12579,-0.000244141
12580,7.99976
12581,-8
12582,0.00195313
12583,0.00170898
12584,0.00219727
12585,-0.00195313
12586,-0.00219727
12587,-0.00170898
12588,1.64941
12589,1.65845
12590,1.66748
12591,1.67651
12592,1.68555
12593,0
12594,0.000244141
12595,-0.000244141
12596,7.99976
12597,-8
12598,0.00195313
12599,0.00170898
12600,0.00219727
12601,-0.00195313
12602,-0.00219727
12603,-0.00170898
12604,1.79395
12605,1.80298
12606,1.81201
12607,1.82104
12608,1.83008
12609,0
12610,0.000244141
12611,-0.000244141
12612,7.99976
12613,-8
12614,0.00195313
12615,0.00170898
12616,0.00219727
12617,-0.00195313
12618,-0.00219727
12619,-0.00170898
12620,1.93848
12621,1.94751
12622,1.95654
12623,1.96558
12624,1.97461
12625,0
12626,0.000244141
12627,-0.000244141
12628,7.99976
12629,-8
12630,0.00195313
12631,0.00170898
12632,0.00219727
12633,-0.00195313
12634,-0.00219727
12635,-0.00170898
12636,2.08301
12637,2.09204
12638,2.10107
12639,2.11011
12640,2.11914
12641,0
12642,0.000244141
12643,-0.000244141
12644,7.99976
12645,-8
12646,0.00195313
12647,0.00170898
12648,0.00219727
12649,-0.00195313
12650,-0.00219727
12651,-0.00170898
12652,2.22754
12653,2.23657
12654,2.24561
12655,2.25464
12656,2.26367
12657,0
12658,0.000244141
12659,-0.000244141
12660,7.99976
12661,-8
12662,0.00195313
12663,0.00170898
12664,0.00219727
12665,-0.00195313
12666,-0.00219727
12667,-0.00170898
12668,2.37207
12669,2.3811
12670,2.39014
12671,2.39917
12672,2.4082
12673,0
12674,0.000244141
12675,-0.000244141
12676,7.99976
12677,-8
12678,0.00195313
12679,0.00170898
12680,0.00219727
12681,-0.00195313
12682,-0.00219727
12683,-0.00170898
12684,2.5166
12685,2.52563
12686,2.53467
12687,2.5437
12688,2.55273
12689,0
12690,0.000244141
12691,-0.000244141
12692,7.99976
12693,-8
12694,0.00195313
12695,0.00170898
12696,0.00219727
12697,-0.00195313
12698,-0.00219727
12699,-0.00170898
12700,2.66113
12701,2.67017
12702,2.6792
12703,2.68823
12704,2.69727
12705,0
12706,0.000244141
12707,-0.000244141
12708,7.99976
12709,-8
12710,0.00195313
12711,0.00170898
12712,0.00219727
12713,-0.00195313
12714,-0.00219727
12715,-0.00170898
12716,2.80566
12717,2.8147
12718,2.82373
12719,2.83276
12720,2.8418
12721,0
12722,0.000244141
12723,-0.000244141
12724,7.99976
12725,-8
12726,0.00195313
12727,0.00170898
12728,0.00219727
12729,-0.00195313
12730,-0.00219727
12731,-0.00170898
12732,2.9502
12733,2.95923
12734,2.96826
12735,2.97729
12736,2.98633
12737,0
12738,0.000244141
12739,-0.000244141
12740,7.99976
12741,-8
12742,0.00195313
12743,0.00170898
12744,0.00219727
12745,-0.00195313
12746,-0.00219727
12747,-0.00170898
12748,3.09473
12749,3.10376
12750,3.11279
12751,3.12183
12752,3.13086
12753,0
12754,0.000244141
12755,-0.000244141
12756,7.99976
12757,-8
12758,0.00195313
12759,0.00170898
12760,0.00219727
12761,-0.00195313
12762,-0.00219727
12763,-0.00170898
12764,3.23926
12765,3.24829
12766,3.25732
12767,3.26636
12768,3.27539
12769,0
12770,0.000244141
12771,-0.000244141
12772,7.99976
12773,-8
12774,0.00195313
12775,0.00170898
12776,0.00219727
12777,-0.00195313
12778,-0.00219727
12779,-0.00170898
12780,3.38379
12781,3.39282
12782,3.40186
12783,3.41089
12784,3.41992
12785,0
12786,0.000244141
12787,-0.000244141
12788,7.99976
12789,-8
12790,0.00195313
12791,0.00170898
12792,0.00219727
12793,-0.00195313
12794,-0.00219727
12795,-0.00170898
12796,3.52832
12797,3.53735
12798,3.54639
12799,3.55542
12800,3.56445
12801,0
12802,0.000244141
12803,-0.000244141
12804,7.99976
12805,-8
12806,0.00195313
12807,0.00170898
12808,0.00219727
12809,-0.00195313
12810,-0.00219727
12811,-0.00170898
12812,3.67285
12813,3.68188
12814,3.69092
12815,3.69995
12816,3.70898
12817,0
12818,0.000244141
12819,-0.000244141
12820,7.99976
12821,-8
12822,0.00195313
12823,0.00170898
12824,0.00219727
12825,-0.00195313
12826,-0.00219727
12827,-0.00170898
12828,3.81738
12829,3.82642
12830,3.83545
12831,3.84448
12832,3.85352
12833,0
12834,0.000244141
12835,-0.000244141
12836,7.99976
12837,-8
12838,0.00195313
12839,0.00170898
12840,0.00219727
12841,-0.00195313
12842,-0.00219727
12843,-0.00170898
12844,3.96191
12845,3.97095
12846,3.97998
12847,3.98901
12848,3.99805
12849,0
12850,0.000244141
12851,-0.000244141
12852,7.99976
12853,-8
12854,0.00195313
12855,0.00170898
12856,0.00219727
12857,-0.00195313
12858,-0.00219727
12859,-0.00170898
12860,4.10645
12861,4.11548
12862,4.12451
12863,4.13354
12864,4.14258
12865,0
12866,0.000244141
12867,-0.000244141
12868,7.99976
12869,-8
12870,0.00195313
12871,0.00170898
12872,0.00219727
12873,-0.00195313
12874,-0.00219727
12875,-0.00170898
12876,4.25098
12877,4.26001
12878,4.26904
12879,4.27808
12880,4.28711
12881,0
12882,0.000244141
12883,-0.000244141
12884,7.99976
12885,-8
12886,0.00195313
12887,0.00170898
12888,0.00219727
12889,-0.00195313
12890,-0.00219727
12891,-0.00170898
12892,4.39551
12893,4.40454
12894,4.41357
12895,4.42261
12896,4.43164
12897,0
12898,0.000244141
12899,-0.000244141
12900,7.99976
12901,-8
12902,0.00195313
12903,0.00170898
12904,0.00219727
12905,-0.00195313
12906,-0.00219727
12907,-0.00170898
12908,4.54004
12909,4.54907
12910,4.55811
12911,4.56714
12912,4.57617
12913,0
12914,0.000244141
12915,-0.000244141
12916,7.99976
12917,-8
12918,0.00195313
12919,0.00170898
12920,0.00219727
12921,-0.00195313
12922,-0.00219727
12923,-0.00170898
12924,4.68457
12925,4.6936
12926,4.70264
12927,4.71167
12928,4.7207
12929,0
12930,0.000244141
12931,-0.000244141
12932,7.99976
12933,-8
12934,0.00195313
12935,0.00170898
12936,0.00219727
12937,-0.00195313
12938,-0.00219727
12939,-0.00170898
12940,4.8291
12941,4.83813
12942,4.84717
12943,4.8562
12944,4.86523
12945,0
12946,0.000244141
12947,-0.000244141
12948,7.99976
12949,-8
12950,0.00195313
12951,0.00170898
12952,0.00219727
12953,-0.00195313
12954,-0.00219727
12955,-0.00170898
12956,4.97363
12957,4.98267
12958,4.9917
12959,5.00073
12960,5.00977
12961,0
12962,0.000244141
12963,-0.000244141
12964,7.99976
12965,-8
12966,0.00195313
12967,0.00170898
12968,0.00219727
12969,-0.00195313
12970,-0.00219727
12971,-0.00170898
12972,5.11816
12973,5.1272
12974,5.13623
12975,5.14526
12976,5.1543
12977,0
12978,0.000244141
12979,-0.000244141
12980,7.99976
12981,-8
12982,0.00195313
12983,0.00170898
12984,0.00219727
12985,-0.00195313
12986,-0.00219727
12987,-0.00170898
12988,5.2627
12989,5.27173
12990,5.28076
12991,5.28979
12992,5.29883
12993,0
12994,0.000244141
12995,-0.000244141
12996,7.99976
12997,-8
12998,0.00195313
12999,0.00170898
13000,0.00219727
13001,-0.00195313
13002,-0.00219727
13003,-0.00170898
13004,5.40723
13005,5.41626
13006,5.42529
13007,5.43433
13008,5.44336
13009,0
13010,0.000244141
13011,-0.000244141
13012,7.99976
13013,-8
13014,0.00195313
13015,0.00170898
13016,0.00219727
13017,-0.00195313
13018,-0.00219727
13019,-0.00170898
13020,5.55176
13021,5.56079
13022,5.56982
13023,5.57886
13024,5.58789
13025,0
13026,0.000244141
13027,-0.000244141
13028,7.99976
13029,-8
13030,0.00195313
13031,0.00170898
13032,0.00219727
13033,-0.00195313
13034,-0.00219727
13035,-0.00170898
13036,5.69629
13037,5.70532
13038,5.71436
13039,5.72339
13040,5.73242
13041,0
13042,0.000244141
13043,-0.000244141
13044,7.99976
13045,-8
13046,0.00195313
13047,0.00170898
13048,0.00219727
13049,-0.00195313
13050,-0.00219727
13051,-0.00170898
13052,5.84082
13053,5.84985
13054,5.85889
13055,5.86792
13056,5.87695
13057,0
13058,0.000244141
13059,-0.000244141
13060,7.99976
13061,-8
13062,0.00195313
13063,0.00170898
13064,0.00219727
13065,-0.00195313
13066,-0.00219727
13067,-0.00170898
13068,5.98535
13069,5.99438
13070,6.00342
13071,6.01245
13072,6.02148
13073,0
13074,0.000244141
13075,-0.000244141
13076,7.99976
13077,-8
13078,0.00195313
13079,0.00170898
13080,0.00219727
13081,-0.00195313
13082,-0.00219727
13083,-0.00170898
13084,6.12988
13085,6.13892
13086,6.14795
13087,6.15698
13088,6.16602
13089,0
13090,0.000244141
13091,-0.000244141
13092,7.99976
13093,-8
13094,0.00195313
13095,0.00170898
13096,0.00219727
13097,-0.00195313
13098,-0.00219727
13099,-0.00170898
13100,6.27441
13101,6.28345
13102,6.29248
13103,6.30151
13104,6.31055
13105,0
13106,0.000244141
13107,-0.000244141
13108,7.99976
13109,-8
13110,0.00195313
13111,0.00170898
13112,0.00219727
13113,-0.00195313
13114,-0.00219727
13115,-0.00170898
13116,6.41895
13117,6.42798
13118,6.43701
13119,6.44604
13120,6.45508
13121,0
13122,0.000244141
13123,-0.000244141
13124,7.99976
13125,-8
13126,0.00195313
13127,0.00170898
13128,0.00219727
13129,-0.00195313
13130,-0.00219727
13131,-0.00170898
13132,6.56348
13133,6.57251
13134,6.58154
13135,6.59058
13136,6.59961
13137,0
13138,0.000244141
13139,-0.000244141
13140,7.99976
13141,-8
13142,0.00195313
13143,0.00170898
13144,0.00219727
13145,-0.00195313
13146,-0.00219727
13147,-0.00170898
13148,6.70801
13149,6.71704
13150,6.72607
13151,6.73511
13152,6.74414
13153,0
13154,0.000244141
13155,-0.000244141
13156,7.99976
13157,-8
13158,0.00195313
13159,0.00170898
13160,0.00219727
13161,-0.00195313
13162,-0.00219727
13163,-0.00170898
13164,6.85254
13165,6.86157
13166,6.87061
13167,6.87964
13168,6.88867
13169,0
13170,0.000244141
13171,-0.000244141
13172,7.99976
13173,-8
13174,0.00195313
13175,0.00170898
13176,0.00219727
13177,-0.00195313
13178,-0.00219727
13179,-0.00170898
13180,6.99707
13181,7.0061
13182,7.01514
13183,7.02417
13184,7.0332
13185,0
13186,0.000244141
13187,-0.000244141
13188,7.99976
13189,-8
13190,0.00195313
13191,0.00170898
13192,0.00219727
13193,-0.00195313
13194,-0.00219727
13195,-0.00170898
13196,7.1416
13197,7.15063
13198,7.15967
13199,7.1687
13200,7.17773
13201,0
13202,0.000244141
13203,-0.000244141
13204,7.99976
13205,-8
13206,0.00195313
13207,0.00170898
13208,0.00219727
13209,-0.00195313
13210,-0.00219727
13211,-0.00170898
13212,7.28613
13213,7.29517
13214,7.3042
13215,7.31323
13216,7.32227
13217,0
13218,0.000244141
13219,-0.000244141
13220,7.99976
13221,-8
13222,0.00195313
13223,0.00170898
13224,0.00219727
13225,-0.00195313
13226,-0.00219727
13227,-0.00170898
13228,7.43066
13229,7.4397
13230,7.44873
13231,7.45776
13232,7.4668
13233,0
13234,0.000244141
13235,-0.000244141
13236,7.99976
13237,-8
13238,0.00195313
13239,0.00170898
13240,0.00219727
13241,-0.00195313
13242,-0.00219727
13243,-0.00170898
13244,7.5752
13245,7.58423
13246,7.59326
13247,7.60229
13248,7.61133
13249,0
13250,0.000244141
13251,-0.000244141
13252,7.99976
13253,-8
13254,0.00195313
13255,0.00170898
13256,0.00219727
13257,-0.00195313
13258,-0.00219727
13259,-0.00170898
13260,7.71973
13261,7.72876
13262,7.73779
13263,7.74683
13264,7.75586
13265,0
13266,0.000244141
13267,-0.000244141
13268,7.99976
13269,-8
13270,0.00195313
13271,0.00170898
13272,0.00219727
13273,-0.00195313
13274,-0.00219727
13275,-0.00170898
13276,7.86426
13277,7.87329
13278,7.88232
13279,7.89136
13280,7.90039
13281,0
13282,0.000244141
13283,-0.000244141
13284,7.99976
13285,-8
13286,0.00195313
13287,0.00170898
13288,0.00219727
13289,-0.00195313
13290,-0.00219727
13291,-0.00170898
13292,-7.99121
13293,-7.98218
13294,-7.97314
13295,-7.96411
13296,-7.95508
13297,0
13298,0.000244141
13299,-0.000244141
13300,7.99976
13301,-8
13302,0.00195313
13303,0.00170898
13304,0.00219727
13305,-0.00195313
13306,-0.00219727
13307,-0.00170898
13308,-7.84668
13309,-7.83765
13310,-7.82861
13311,-7.81958
13312,-7.81055
13313,0
13314,0.000244141
13315,-0.000244141
13316,7.99976
13317,-8
13318,0.00195313
13319,0.00170898
13320,0.00219727
13321,-0.00195313
13322,-0.00219727
13323,-0.00170898
13324,-7.70215
13325,-7.69312
13326,-7.68408
13327,-7.67505
13328,-7.66602
13329,0
13330,0.000244141
13331,-0.000244141
13332,7.99976
13333,-8
13334,0.00195313
13335,0.00170898
13336,0.00219727
13337,-0.00195313
13338,-0.00219727
13339,-0.00170898
13340,-7.55762
13341,-7.54858
13342,-7.53955
13343,-7.53052
13344,-7.52148
13345,0
13346,0.000244141
13347,-0.000244141
13348,7.99976
13349,-8
13350,0.00195313
13351,0.00170898
13352,0.00219727
13353,-0.00195313
13354,-0.00219727
13355,-0.00170898
13356,-7.41309
13357,-7.40405
13358,-7.39502
13359,-7.38599
13360,-7.37695
13361,0
13362,0.000244141
13363,-0.000244141
13364,7.99976
13365,-8
13366,0.00195313
13367,0.00170898
13368,0.00219727
13369,-0.00195313
13370,-0.00219727
13371,-0.00170898
13372,-7.26855
13373,-7.25952
13374,-7.25049
13375,-7.24146
13376,-7.23242
13377,0
13378,0.000244141
13379,-0.000244141
13380,7.99976
13381,-8
13382,0.00195313
13383,0.00170898
13384,0.00219727
13385,-0.00195313
13386,-0.00219727
13387,-0.00170898
13388,-7.12402
13389,-7.11499
13390,-7.10596
13391,-7.09692
13392,-7.08789
13393,0
13394,0.000244141
13395,-0.000244141
13396,7.99976
13397,-8
13398,0.00195313
13399,0.00170898
13400,0.00219727
13401,-0.00195313
13402,-0.00219727
13403,-0.00170898
13404,-6.97949
13405,-6.97046
13406,-6.96143
13407,-6.95239
13408,-6.94336
13409,0
13410,0.000244141
13411,-0.000244141
13412,7.99976
13413,-8
13414,0.00195313
13415,0.00170898
13416,0.00219727
13417,-0.00195313
13418,-0.00219727
13419,-0.00170898
13420,-6.83496
13421,-6.82593
13422,-6.81689
13423,-6.80786
13424,-6.79883
13425,0
13426,0.000244141
13427,-0.000244141
13428,7.99976
13429,-8
13430,0.00195313
13431,0.00170898
13432,0.00219727
13433,-0.00195313
13434,-0.00219727
13435,-0.00170898
13436,-6.69043
13437,-6.6814
13438,-6.67236
13439,-6.66333
13440,-6.6543
13441,0
13442,0.000244141
13443,-0.000244141
13444,7.99976
13445,-8
13446,0.00195313
13447,0.00170898
13448,0.00219727
13449,-0.00195313
13450,-0.00219727
13451,-0.00170898
13452,-6.5459
13453,-6.53687
13454,-6.52783
13455,-6.5188
13456,-6.50977
13457,0
13458,0.000244141
13459,-0.000244141
13460,7.99976
13461,-8
13462,0.00195313
13463,0.00170898
13464,0.00219727
13465,-0.00195313
13466,-0.00219727
13467,-0.00170898
13468,-6.40137
13469,-6.39233
13470,-6.3833
13471,-6.37427
13472,-6.36523
13473,0
13474,0.000244141
13475,-0.000244141
13476,7.99976
13477,-8
13478,0.00195313
13479,0.00170898
13480,0.00219727
13481,-0.00195313
13482,-0.00219727
13483,-0.00170898
13484,-6.25684
13485,-6.2478
13486,-6.23877
13487,-6.22974
13488,-6.2207
13489,0
13490,0.000244141
13491,-0.000244141
13492,7.99976
13493,-8
13494,0.00195313
13495,0.00170898
13496,0.00219727
13497,-0.00195313
13498,-0.00219727
13499,-0.00170898
13500,-6.1123
13501,-6.10327
13502,-6.09424
13503,-6.08521
13504,-6.07617
13505,0
13506,0.000244141
13507,-0.000244141
13508,7.99976
13509,-8
13510,0.00195313
13511,0.00170898
13512,0.00219727
13513,-0.00195313
13514,-0.00219727
13515,-0.00170898
13516,-5.96777
13517,-5.95874
13518,-5.94971
13519,-5.94067
13520,-5.93164
13521,0
13522,0.000244141
13523,-0.000244141
13524,7.99976
13525,-8
13526,0.00195313
13527,0.00170898
13528,0.00219727
13529,-0.00195313
13530,-0.00219727
13531,-0.00170898
13532,-5.82324
13533,-5.81421
13534,-5.80518
13535,-5.79614
13536,-5.78711
13537,0
13538,0.000244141
13539,-0.000244141
13540,7.99976
13541,-8
13542,0.00195313
13543,0.00170898
13544,0.00219727
13545,-0.00195313
13546,-0.00219727
13547,-0.00170898
13548,-5.67871
13549,-5.66968
13550,-5.66064
13551,-5.65161
13552,-5.64258
13553,0
13554,0.000244141
13555,-0.000244141
13556,7.99976
13557,-8
13558,0.00195313
13559,0.00170898
13560,0.00219727
13561,-0.00195313
13562,-0.00219727
13563,-0.00170898
13564,-5.53418
13565,-5.52515
13566,-5.51611
13567,-5.50708
13568,-5.49805
13569,0
13570,0.000244141
13571,-0.000244141
13572,7.99976
13573,-8
13574,0.00195313
13575,0.00170898
13576,0.00219727
13577,-0.00195313
13578,-0.00219727
13579,-0.00170898
13580,-5.38965
13581,-5.38062
13582,-5.37158
13583,-5.36255
13584,-5.35352
13585,0
13586,0.000244141
13587,-0.000244141
13588,7.99976
13589,-8
13590,0.00195313
13591,0.00170898
13592,0.00219727
13593,-0.00195313
13594,-0.00219727
13595,-0.00170898
13596,-5.24512
13597,-5.23608
13598,-5.22705
13599,-5.21802
13600,-5.20898
13601,0
13602,0.000244141
13603,-0.000244141
13604,7.99976
13605,-8
13606,0.00195313
13607,0.00170898
13608,0.00219727
13609,-0.00195313
13610,-0.00219727
13611,-0.00170898
13612,-5.10059
13613,-5.09155
13614,-5.08252
13615,-5.07349
13616,-5.06445
13617,0
13618,0.000244141
13619,-0.000244141
13620,7.99976
13621,-8
13622,0.00195313
13623,0.00170898
13624,0.00219727
13625,-0.00195313
13626,-0.00219727
13627,-0.00170898
13628,-4.95605
13629,-4.94702
13630,-4.93799
13631,-4.92896
13632,-4.91992
13633,0
13634,0.000244141
13635,-0.000244141
13636,7.99976
13637,-8
13638,0.00195313
13639,0.00170898
13640,0.00219727
13641,-0.00195313
13642,-0.00219727
13643,-0.00170898
13644,-4.81152
13645,-4.80249
13646,-4.79346
13647,-4.78442
13648,-4.77539
13649,0
13650,0.000244141
13651,-0.000244141
13652,7.99976
13653,-8
13654,0.00195313
13655,0.00170898
13656,0.00219727
13657,-0.00195313
13658,-0.00219727
13659,-0.00170898
13660,-4.66699
13661,-4.65796
13662,-4.64893
13663,-4.63989
13664,-4.63086
13665,0
13666,0.000244141
13667,-0.000244141
13668,7.99976
13669,-8
13670,0.00195313
13671,0.00170898
13672,0.00219727
13673,-0.00195313
13674,-0.00219727
13675,-0.00170898
13676,-4.52246
13677,-4.51343
13678,-4.50439
13679,-4.49536
13680,-4.48633
13681,0
13682,0.000244141
13683,-0.000244141
13684,7.99976
13685,-8
13686,0.00195313
13687,0.00170898
13688,0.00219727
13689,-0.00195313
13690,-0.00219727
13691,-0.00170898
13692,-4.37793
13693,-4.3689
13694,-4.35986
13695,-4.35083
13696,-4.3418
13697,0
13698,0.000244141
13699,-0.000244141
13700,7.99976
13701,-8
13702,0.00195313
13703,0.00170898
13704,0.00219727
13705,-0.00195313
13706,-0.00219727
13707,-0.00170898
13708,-4.2334
13709,-4.22437
13710,-4.21533
13711,-4.2063
13712,-4.19727
13713,0
13714,0.000244141
13715,-0.000244141
13716,7.99976
13717,-8
13718,0.00195313
13719,0.00170898
13720,0.00219727
13721,-0.00195313
13722,-0.00219727
13723,-0.00170898
13724,-4.08887
13725,-4.07983
13726,-4.0708
13727,-4.06177
13728,-4.05273
13729,0
13730,0.000244141
13731,-0.000244141
13732,7.99976
13733,-8
13734,0.00195313
13735,0.00170898
13736,0.00219727
13737,-0.00195313
13738,-0.00219727
13739,-0.00170898
13740,-3.94434
13741,-3.9353
13742,-3.92627
13743,-3.91724
13744,-3.9082
13745,0
13746,0.000244141
13747,-0.000244141
13748,7.99976
13749,-8
13750,0.00195313
13751,0.00170898
13752,0.00219727
13753,-0.00195313
13754,-0.00219727
13755,-0.00170898
13756,-3.7998
13757,-3.79077
13758,-3.78174
13759,-3.77271
13760,-3.76367
13761,0
13762,0.000244141
13763,-0.000244141
13764,7.99976
13765,-8
13766,0.00195313
13767,0.00170898
13768,0.00219727
13769,-0.00195313
13770,-0.00219727
13771,-0.00170898
13772,-3.65527
13773,-3.64624
13774,-3.63721
13775,-3.62817
13776,-3.61914
13777,0
13778,0.000244141
13779,-0.000244141
13780,7.99976
13781,-8
13782,0.00195313
13783,0.00170898
13784,0.00219727
13785,-0.00195313
13786,-0.00219727
13787,-0.00170898
13788,-3.51074
13789,-3.50171
13790,-3.49268
13791,-3.48364
13792,-3.47461
13793,0
13794,0.000244141
13795,-0.000244141
13796,7.99976
13797,-8
13798,0.00195313
13799,0.00170898
13800,0.00219727
13801,-0.00195313
13802,-0.00219727
13803,-0.00170898
13804,-3.36621
13805,-3.35718
13806,-3.34814
13807,-3.33911
13808,-3.33008
13809,0
13810,0.000244141
13811,-0.000244141
13812,7.99976
13813,-8
13814,0.00195313
13815,0.00170898
13816,0.00219727
13817,-0.00195313
13818,-0.00219727
13819,-0.00170898
13820,-3.22168
13821,-3.21265
13822,-3.20361
13823,-3.19458
13824,-3.18555
13825,0
13826,0.000244141
13827,-0.000244141
13828,7.99976
13829,-8
13830,0.00195313
13831,0.00170898
13832,0.00219727
13833,-0.00195313
13834,-0.00219727
13835,-0.00170898
13836,-3.07715
13837,-3.06812
13838,-3.05908
13839,-3.05005
13840,-3.04102
13841,0
13842,0.000244141
13843,-0.000244141
13844,7.99976
13845,-8
13846,0.00195313
13847,0.00170898
13848,0.00219727
13849,-0.00195313
13850,-0.00219727
13851,-0.00170898
13852,-2.93262
13853,-2.92358
13854,-2.91455
13855,-2.90552
13856,-2.89648
13857,0
13858,0.000244141
13859,-0.000244141
13860,7.99976
13861,-8
13862,0.00195313
13863,0.00170898
13864,0.00219727
13865,-0.00195313
13866,-0.00219727
13867,-0.00170898
13868,-2.78809
13869,-2.77905
13870,-2.77002
13871,-2.76099
13872,-2.75195
13873,0
13874,0.000244141
13875,-0.000244141
13876,7.99976
13877,-8
13878,0.00195313
13879,0.00170898
13880,0.00219727
13881,-0.00195313
13882,-0.00219727
13883,-0.00170898
13884,-2.64355
13885,-2.63452
13886,-2.62549
13887,-2.61646
13888,-2.60742
13889,0
13890,0.000244141
13891,-0.000244141
13892,7.99976
13893,-8
13894,0.00195313
13895,0.00170898
13896,0.00219727
13897,-0.00195313
13898,-0.00219727
13899,-0.00170898
13900,-2.49902
13901,-2.48999
13902,-2.48096
13903,-2.47192
13904,-2.46289
13905,0
13906,0.000244141
13907,-0.000244141
13908,7.99976
13909,-8
13910,0.00195313
13911,0.00170898
13912,0.00219727
13913,-0.00195313
13914,-0.00219727
13915,-0.00170898
13916,-2.35449
13917,-2.34546
13918,-2.33643
13919,-2.32739
13920,-2.31836
13921,0
13922,0.000244141
13923,-0.000244141
13924,7.99976
13925,-8
13926,0.00195313
13927,0.00170898
13928,0.00219727
13929,-0.00195313
13930,-0.00219727
13931,-0.00170898
13932,-2.20996
13933,-2.20093
13934,-2.19189
13935,-2.18286
13936,-2.17383
13937,0
13938,0.000244141
13939,-0.000244141
13940,7.99976
13941,-8
13942,0.00195313
13943,0.00170898
13944,0.00219727
13945,-0.00195313
13946,-0.00219727
13947,-0.00170898
13948,-2.06543
13949,-2.0564
13950,-2.04736
13951,-2.03833
13952,-2.0293
13953,0
13954,0.000244141
13955,-0.000244141
13956,7.99976
13957,-8
13958,0.00195313
13959,0.00170898
13960,0.00219727
13961,-0.00195313
13962,-0.00219727
13963,-0.00170898
13964,-1.9209
13965,-1.91187
13966,-1.90283
13967,-1.8938
13968,-1.88477
13969,0
13970,0.000244141
13971,-0.000244141
13972,7.99976
13973,-8
13974,0.00195313
13975,0.00170898
13976,0.00219727
13977,-0.00195313
13978,-0.00219727
13979,-0.00170898
13980,-1.77637
13981,-1.76733
13982,-1.7583
13983,-1.74927
13984,-1.74023
13985,0
13986,0.000244141
13987,-0.000244141
13988,7.99976
13989,-8
13990,0.00195313
13991,0.00170898
13992,0.00219727
13993,-0.00195313
13994,-0.00219727
13995,-0.00170898
13996,-1.63184
13997,-1.6228
13998,-1.61377
13999,-1.60474
14000,-1.5957
14001,0
14002,0.000244141
14003,-0.000244141
14004,7.99976
14005,-8
14006,0.00195313
14007,0.00170898
14008,0.00219727
14009,-0.00195313
14010,-0.00219727
14011,-0.00170898
14012,-1.4873
14013,-1.47827
14014,-1.46924
14015,-1.46021
14016,-1.45117
14017,0
14018,0.000244141
14019,-0.000244141
14020,7.99976
14021,-8
14022,0.00195313
14023,0.00170898
14024,0.00219727
14025,-0.00195313
14026,-0.00219727
14027,-0.00170898
14028,-1.34277
14029,-1.33374
14030,-1.32471
14031,-1.31567
14032,-1.30664
14033,0
14034,0.000244141
14035,-0.000244141
14036,7.99976
14037,-8
14038,0.00195313
14039,0.00170898
14040,0.00219727
14041,-0.00195313
14042,-0.00219727
14043,-0.00170898
14044,-1.19824
14045,-1.18921
14046,-1.18018
14047,-1.17114
14048,-1.16211
14049,0
14050,0.000244141
14051,-0.000244141
14052,7.99976
14053,-8
14054,0.00195313
14055,0.00170898
14056,0.00219727
14057,-0.00195313
14058,-0.00219727
14059,-0.00170898
14060,-1.05371
14061,-1.04468
14062,-1.03564
14063,-1.02661
14064,-1.01758
14065,0
14066,0.000244141
14067,-0.000244141
14068,7.99976
14069,-8
14070,0.00195313
14071,0.00170898
14072,0.00219727
14073,-0.00195313
14074,-0.00219727
14075,-0.00170898
14076,-0.90918
14077,-0.900146
14078,-0.891113
14079,-0.88208
14080,-0.873047
14081,0
14082,0.000244141
14083,-0.000244141
14084,7.99976
14085,-8
14086,0.00195313
14087,0.00170898
14088,0.00219727
14089,-0.00195313
14090,-0.00219727
14091,-0.00170898
14092,-0.764648
14093,-0.755615
14094,-0.746582
14095,-0.737549
14096,-0.728516
14097,0
14098,0.000244141
14099,-0.000244141
14100,7.99976
14101,-8
14102,0.00195313
14103,0.00170898
14104,0.00219727
14105,-0.00195313
14106,-0.00219727
14107,-0.00170898
14108,-0.620117
14109,-0.611084
14110,-0.602051
14111,-0.593018
14112,-0.583984
14113,0
14114,0.000244141
14115,-0.000244141
14116,7.99976
14117,-8
14118,0.00195313
14119,0.00170898
14120,0.00219727
14121,-0.00195313
14122,-0.00219727
14123,-0.00170898
14124,-0.475586
14125,-0.466553
14126,-0.45752
14127,-0.448486
14128,-0.439453
14129,0
14130,0.000244141
14131,-0.000244141
14132,7.99976
14133,-8
14134,0.00195313
14135,0.00170898
14136,0.00219727
14137,-0.00195313
14138,-0.00219727
14139,-0.00170898
14140,-0.331055
14141,-0.322021
14142,-0.312988
14143,-0.303955
14144,-0.294922
14145,0
14146,0.000244141
14147,-0.000244141
14148,7.99976
14149,-8
14150,0.00195313
14151,0.00170898
14152,0.00219727
14153,-0.00195313
14154,-0.00219727
14155,-0.00170898
14156,-0.186523
14157,-0.17749
14158,-0.168457
14159,-0.159424
14160,-0.150391
14161,0
14162,0.000244141
14163,-0.000244141
14164,7.99976
14165,-8
14166,0.00195313
14167,0.00170898
14168,0.00219727
14169,-0.00195313
14170,-0.00219727
14171,-0.00170898
14172,-0.0419922
14173,-0.032959
14174,-0.0239258
14175,-0.0148926
14176,-0.00585938
14177,0
14178,0.000244141
14179,-0.000244141
14180,7.99976
14181,-8
14182,0.00195313
14183,0.00170898
14184,0.00219727
14185,-0.00195313
14186,-0.00219727
14187,-0.00170898
14188,0.102539
14189,0.111572
14190,0.120605
14191,0.129639
14192,0.138672
14193,0
14194,0.000244141
14195,-0.000244141
14196,7.99976
14197,-8
14198,0.00195313
14199,0.00170898
14200,0.00219727
14201,-0.00195313
14202,-0.00219727
14203,-0.00170898
14204,0.24707
14205,0.256104
14206,0.265137
14207,0.27417
14208,0.283203
14209,0
14210,0.000244141
14211,-0.000244141
14212,7.99976
14213,-8
14214,0.00195313
14215,0.00170898
14216,0.00219727
14217,-0.00195313
14218,-0.00219727
14219,-0.00170898
14220,0.391602
14221,0.400635
14222,0.409668
14223,0.418701
14224,0.427734
14225,0
14226,0.000244141
14227,-0.000244141
14228,7.99976
14229,-8
14230,0.00195313
14231,0.00170898
14232,0.00219727
14233,-0.00195313
14234,-0.00219727
14235,-0.00170898
14236,0.536133
14237,0.545166
14238,0.554199
14239,0.563232
14240,0.572266
14241,0
14242,0.000244141
14243,-0.000244141
14244,7.99976
14245,-8
14246,0.00195313
14247,0.00170898
14248,0.00219727
14249,-0.00195313
14250,-0.00219727
14251,-0.00170898
14252,0.680664
14253,0.689697
14254,0.69873
14255,0.707764
14256,0.716797
14257,0
14258,0.000244141
14259,-0.000244141
14260,7.99976
14261,-8
14262,0.00195313
14263,0.00170898
14264,0.00219727
14265,-0.00195313
14266,-0.00219727
14267,-0.00170898
14268,0.825195
14269,0.834229
14270,0.843262
14271,0.852295
14272,0.861328
14273,0
14274,0.000244141
14275,-0.000244141
14276,7.99976
14277,-8
14278,0.00195313
14279,0.00170898
14280,0.00219727
14281,-0.00195313
14282,-0.00219727
14283,-0.00170898
14284,0.969727
14285,0.97876
14286,0.987793
14287,0.996826
14288,1.00586
14289,0
14290,0.000244141
14291,-0.000244141
14292,7.99976
14293,-8
14294,0.00195313
14295,0.00170898
14296,0.00219727
14297,-0.00195313
14298,-0.00219727
14299,-0.00170898
14300,1.11426
14301,1.12329
14302,1.13232
14303,1.14136
14304,1.15039
14305,0
14306,0.000244141
14307,-0.000244141
14308,7.99976
14309,-8
14310,0.00195313
14311,0.00170898
14312,0.00219727
14313,-0.00195313
14314,-0.00219727
14315,-0.00170898
14316,1.25879
14317,1.26782
14318,1.27686
14319,1.28589
14320,1.29492
14321,0
14322,0.000244141
14323,-0.000244141
14324,7.99976
14325,-8
14326,0.00195313
14327,0.00170898
14328,0.00219727
14329,-0.00195313
14330,-0.00219727
14331,-0.00170898
14332,1.40332
14333,1.41235
14334,1.42139
14335,1.43042
14336,1.43945
14337,0
14338,0.000244141
14339,-0.000244141
14340,7.99976
14341,-8
14342,0.00195313
14343,0.00170898
14344,0.00219727
14345,-0.00195313
14346,-0.00219727
14347,-0.00170898
14348,1.54785
14349,1.55688
14350,1.56592
14351,1.57495
14352,1.58398
14353,0
14354,0.000244141
14355,-0.000244141
14356,7.99976
14357,-8
14358,0.00195313
14359,0.00170898
14360,0.00219727
14361,-0.00195313
14362,-0.00219727
14363,-0.00170898
14364,1.69238
14365,1.70142
14366,1.71045
14367,1.71948
14368,1.72852
14369,0
14370,0.000244141
14371,-0.000244141
14372,7.99976
14373,-8
14374,0.00195313
14375,0.00170898
14376,0.00219727
14377,-0.00195313
14378,-0.00219727
14379,-0.00170898
14380,1.83691
14381,1.84595
14382,1.85498
14383,1.86401
14384,1.87305
14385,0
14386,0.000244141
14387,-0.000244141
14388,7.99976
14389,-8
14390,0.00195313
14391,0.00170898
14392,0.00219727
14393,-0.00195313
14394,-0.00219727
14395,-0.00170898
14396,1.98145
14397,1.99048
14398,1.99951
14399,2.00854
14400,2.01758
14401,0
14402,0.000244141
14403,-0.000244141
14404,7.99976
14405,-8
14406,0.00195313
14407,0.00170898
14408,0.00219727
14409,-0.00195313
14410,-0.00219727
14411,-0.00170898
14412,2.12598
14413,2.13501
14414,2.14404
14415,2.15308
14416,2.16211
14417,0
14418,0.000244141
14419,-0.000244141
14420,7.99976
14421,-8
14422,0.00195313
14423,0.00170898
14424,0.00219727
14425,-0.00195313
14426,-0.00219727
14427,-0.00170898
14428,2.27051
14429,2.27954
14430,2.28857
14431,2.29761
14432,2.30664
14433,0
14434,0.000244141
14435,-0.000244141
14436,7.99976
14437,-8
14438,0.00195313
14439,0.00170898
14440,0.00219727
14441,-0.00195313
14442,-0.00219727
14443,-0.00170898
14444,2.41504
14445,2.42407
14446,2.43311
14447,2.44214
14448,2.45117
14449,0
14450,0.000244141
14451,-0.000244141
14452,7.99976
14453,-8
14454,0.00195313
14455,0.00170898
14456,0.00219727
14457,-0.00195313
14458,-0.00219727
14459,-0.00170898
14460,2.55957
14461,2.5686
14462,2.57764
14463,2.58667
14464,2.5957
14465,0
14466,0.000244141
14467,-0.000244141
14468,7.99976
14469,-8
14470,0.00195313
14471,0.00170898
14472,0.00219727
14473,-0.00195313
14474,-0.00219727
14475,-0.00170898
14476,2.7041
14477,2.71313
14478,2.72217
14479,2.7312
14480,2.74023
14481,0
14482,0.000244141
14483,-0.000244141
14484,7.99976
14485,-8
14486,0.00195313
14487,0.00170898
14488,0.00219727
14489,-0.00195313
14490,-0.00219727
14491,-0.00170898
14492,2.84863
14493,2.85767
14494,2.8667
14495,2.87573
14496,2.88477
14497,0
14498,0.000244141
14499,-0.000244141
14500,7.99976
14501,-8
14502,0.00195313
14503,0.00170898
14504,0.00219727
14505,-0.00195313
14506,-0.00219727
14507,-0.00170898
14508,2.99316
14509,3.0022
14510,3.01123
14511,3.02026
14512,3.0293
14513,0
14514,0.000244141
14515,-0.000244141
14516,7.99976
14517,-8
14518,0.00195313
14519,0.00170898
14520,0.00219727
14521,-0.00195313
14522,-0.00219727
14523,-0.00170898
14524,3.1377
14525,3.14673
14526,3.15576
14527,3.16479
14528,3.17383
14529,0
14530,0.000244141
14531,-0.000244141
14532,7.99976
14533,-8
14534,0.00195313
14535,0.00170898
14536,0.00219727
14537,-0.00195313
14538,-0.00219727
14539,-0.00170898
14540,3.28223
14541,3.29126
14542,3.30029
14543,3.30933
14544,3.31836
14545,0
14546,0.000244141
14547,-0.000244141
14548,7.99976
14549,-8
14550,0.00195313
14551,0.00170898
14552,0.00219727
14553,-0.00195313
14554,-0.00219727
14555,-0.00170898
14556,3.42676
14557,3.43579
14558,3.44482
14559,3.45386
14560,3.46289
14561,0
14562,0.000244141
14563,-0.000244141
14564,7.99976
14565,-8
14566,0.00195313
14567,0.00170898
14568,0.00219727
14569,-0.00195313
14570,-0.00219727
14571,-0.00170898
14572,3.57129
14573,3.58032
14574,3.58936
14575,3.59839
14576,3.60742
14577,0
14578,0.000244141
14579,-0.000244141
14580,7.99976
14581,-8
14582,0.00195313
14583,0.00170898
14584,0.00219727
14585,-0.00195313
14586,-0.00219727
14587,-0.00170898
14588,3.71582
14589,3.72485
14590,3.73389
14591,3.74292
14592,3.75195
14593,0
14594,0.000244141
14595,-0.000244141
14596,7.99976
14597,-8
14598,0.00195313
14599,0.00170898
14600,0.00219727
14601,-0.00195313
14602,-0.00219727
14603,-0.00170898
14604,3.86035
14605,3.86938
14606,3.87842
14607,3.88745
14608,3.89648
14609,0
14610,0.000244141
14611,-0.000244141
14612,7.99976
14613,-8
14614,0.00195313
14615,0.00170898
14616,0.00219727
14617,-0.00195313
14618,-0.00219727
14619,-0.00170898
14620,4.00488
14621,4.01392
14622,4.02295
14623,4.03198
14624,4.04102
14625,0
14626,0.000244141
14627,-0.000244141
14628,7.99976
14629,-8
14630,0.00195313
14631,0.00170898
14632,0.00219727
14633,-0.00195313
14634,-0.00219727
14635,-0.00170898
14636,4.14941
14637,4.15845
14638,4.16748
14639,4.17651
14640,4.18555
14641,0
14642,0.000244141
14643,-0.000244141
14644,7.99976
14645,-8
14646,0.00195313
14647,0.00170898
14648,0.00219727
14649,-0.00195313
14650,-0.00219727
14651,-0.00170898
14652,4.29395
14653,4.30298
14654,4.31201
14655,4.32104
14656,4.33008
14657,0
14658,0.000244141
14659,-0.000244141
14660,7.99976
14661,-8
14662,0.00195313
14663,0.00170898
14664,0.00219727
14665,-0.00195313
14666,-0.00219727
14667,-0.00170898
14668,4.43848
14669,4.44751
14670,4.45654
14671,4.46558
14672,4.47461
14673,0
14674,0.000244141
14675,-0.000244141
14676,7.99976
14677,-8
14678,0.00195313
14679,0.00170898
14680,0.00219727
14681,-0.00195313
14682,-0.00219727
14683,-0.00170898
14684,4.58301
14685,4.59204
14686,4.60107
14687,4.61011
14688,4.61914
14689,0
14690,0.000244141
14691,-0.000244141
14692,7.99976
14693,-8
14694,0.00195313
14695,0.00170898
14696,0.00219727
14697,-0.00195313
14698,-0.00219727
14699,-0.00170898
14700,4.72754
14701,4.73657
14702,4.74561
14703,4.75464
14704,4.76367
14705,0
14706,0.000244141
14707,-0.000244141
14708,7.99976
14709,-8
14710,0.00195313
14711,0.00170898
14712,0.00219727
14713,-0.00195313
14714,-0.00219727
14715,-0.00170898
14716,4.87207
14717,4.8811
14718,4.89014
14719,4.89917
14720,4.9082
14721,0
14722,0.000244141
14723,-0.000244141
14724,7.99976
14725,-8
14726,0.00195313
14727,0.00170898
14728,0.00219727
14729,-0.00195313
14730,-0.00219727
14731,-0.00170898
14732,5.0166
14733,5.02563
14734,5.03467
14735,5.0437
14736,5.05273
14737,0
14738,0.000244141
14739,-0.000244141
14740,7.99976
14741,-8
14742,0.00195313
14743,0.00170898
14744,0.00219727
14745,-0.00195313
14746,-0.00219727
14747,-0.00170898
14748,5.16113
14749,5.17017
14750,5.1792
14751,5.18823
14752,5.19727
14753,0
14754,0.000244141
14755,-0.000244141
14756,7.99976
14757,-8
14758,0.00195313
14759,0.00170898
14760,0.00219727
14761,-0.00195313
14762,-0.00219727
14763,-0.00170898
14764,5.30566
14765,5.3147
14766,5.32373
14767,5.33276
14768,5.3418
14769,0
14770,0.000244141
14771,-0.000244141
14772,7.99976
14773,-8
14774,0.00195313
14775,0.00170898
14776,0.00219727
14777,-0.00195313
14778,-0.00219727
14779,-0.00170898
14780,5.4502
14781,5.45923
14782,5.46826
14783,5.47729
14784,5.48633
14785,0
14786,0.000244141
14787,-0.000244141
14788,7.99976
14789,-8
14790,0.00195313
14791,0.00170898
14792,0.00219727
14793,-0.00195313
14794,-0.00219727
14795,-0.00170898
14796,5.59473
14797,5.60376
14798,5.61279
14799,5.62183
14800,5.63086
14801,0
14802,0.000244141
14803,-0.000244141
14804,7.99976
14805,-8
14806,0.00195313
14807,0.00170898
14808,0.00219727
14809,-0.00195313
14810,-0.00219727
14811,-0.00170898
14812,5.73926
14813,5.74829
14814,5.75732
14815,5.76636
14816,5.77539
14817,0
14818,0.000244141
14819,-0.000244141
14820,7.99976
14821,-8
14822,0.00195313
14823,0.00170898
14824,0.00219727
14825,-0.00195313
14826,-0.00219727
14827,-0.00170898
14828,5.88379
14829,5.89282
14830,5.90186
14831,5.91089
14832,5.91992
14833,0
14834,0.000244141
14835,-0.000244141
14836,7.99976
14837,-8
14838,0.00195313
14839,0.00170898
14840,0.00219727
14841,-0.00195313
14842,-0.00219727
14843,-0.00170898
14844,6.02832
14845,6.03735
14846,6.04639
14847,6.05542
14848,6.06445
14849,0
14850,0.000244141
14851,-0.000244141
14852,7.99976
14853,-8
14854,0.00195313
14855,0.00170898
14856,0.00219727
14857,-0.00195313
14858,-0.00219727
14859,-0.00170898
14860,6.17285
14861,6.18188
14862,6.19092
14863,6.19995
14864,6.20898
14865,0
14866,0.000244141
14867,-0.000244141
14868,7.99976
14869,-8
14870,0.00195313
14871,0.00170898
14872,0.00219727
14873,-0.00195313
14874,-0.00219727
14875,-0.00170898
14876,6.31738
14877,6.32642
14878,6.33545
14879,6.34448
14880,6.35352
14881,0
14882,0.000244141
14883,-0.000244141
14884,7.99976
14885,-8
14886,0.00195313
14887,0.00170898
14888,0.00219727
14889,-0.00195313
14890,-0.00219727
14891,-0.00170898
14892,6.46191
14893,6.47095
14894,6.47998
14895,6.48901
14896,6.49805
14897,0
14898,0.000244141
14899,-0.000244141
14900,7.99976
14901,-8
14902,0.00195313
14903,0.00170898
14904,0.00219727
14905,-0.00195313
14906,-0.00219727
14907,-0.00170898
14908,6.60645
14909,6.61548
14910,6.62451
14911,6.63354
14912,6.64258
14913,0
14914,0.000244141
14915,-0.000244141
14916,7.99976
14917,-8
14918,0.00195313
14919,0.00170898
14920,0.00219727
14921,-0.00195313
14922,-0.00219727
14923,-0.00170898
14924,6.75098
14925,6.76001
14926,6.76904
14927,6.77808
14928,6.78711
14929,0
14930,0.000244141
14931,-0.000244141
14932,7.99976
14933,-8
14934,0.00195313
14935,0.00170898
14936,0.00219727
14937,-0.00195313
14938,-0.00219727
14939,-0.00170898
14940,6.89551
14941,6.90454
14942,6.91357
14943,6.92261
14944,6.93164
14945,0
14946,0.000244141
14947,-0.000244141
14948,7.99976
14949,-8
14950,0.00195313
14951,0.00170898
14952,0.00219727
14953,-0.00195313
14954,-0.00219727
14955,-0.00170898
14956,7.04004
14957,7.04907
14958,7.05811
14959,7.06714
14960,7.07617
14961,0
14962,0.000244141
14963,-0.000244141
14964,7.99976
14965,-8
14966,0.00195313
14967,0.00170898
14968,0.00219727
14969,-0.00195313
14970,-0.00219727
14971,-0.00170898
14972,7.18457
14973,7.1936
14974,7.20264
14975,7.21167
14976,7.2207
14977,0
14978,0.000244141
14979,-0.000244141
14980,7.99976
14981,-8
14982,0.00195313
14983,0.00170898
14984,0.00219727
14985,-0.00195313
14986,-0.00219727
14987,-0.00170898
14988,7.3291
14989,7.33813
14990,7.34717
14991,7.3562
14992,7.36523
14993,0
14994,0.000244141
14995,-0.000244141
14996,7.99976
14997,-8
14998,0.00195313
14999,0.00170898
15000,0.00219727
15001,-0.00195313
15002,-0.00219727
15003,-0.00170898
15004,7.47363
15005,7.48267
15006,7.4917
15007,7.50073
15008,7.50977
15009,0
15010,0.000244141
15011,-0.000244141
15012,7.99976
15013,-8
15014,0.00195313
15015,0.00170898
15016,0.00219727
15017,-0.00195313
15018,-0.00219727
15019,-0.00170898
15020,7.61816
15021,7.6272
15022,7.63623
15023,7.64526
15024,7.6543
15025,0
15026,0.000244141
15027,-0.000244141
15028,7.99976
15029,-8
15030,0.00195313
15031,0.00170898
15032,0.00219727
15033,-0.00195313
15034,-0.00219727
15035,-0.00170898
15036,7.7627
15037,7.77173
15038,7.78076
15039,7.78979
15040,7.79883
15041,0
15042,0.000244141
15043,-0.000244141
15044,7.99976
15045,-8
15046,0.00195313
15047,0.00170898
15048,0.00219727
15049,-0.00195313
15050,-0.00219727
15051,-0.00170898
15052,7.90723
15053,7.91626
15054,7.92529
15055,7.93433
15056,7.94336
15057,0
15058,0.000244141
15059,-0.000244141
15060,7.99976
15061,-8
15062,0.00195313
15063,0.00170898
15064,0.00219727
15065,-0.00195313
15066,-0.00219727
15067,-0.00170898
15068,-7.94824
15069,-7.93921
15070,-7.93018
15071,-7.92114
15072,-7.91211
15073,0
15074,0.000244141
15075,-0.000244141
15076,7.99976
15077,-8
15078,0.00195313
15079,0.00170898
15080,0.00219727
15081,-0.00195313
15082,-0.00219727
15083,-0.00170898
15084,-7.80371
15085,-7.79468
15086,-7.78564
15087,-7.77661
15088,-7.76758
15089,0
15090,0.000244141
15091,-0.000244141
15092,7.99976
15093,-8
15094,0.00195313
15095,0.00170898
15096,0.00219727
15097,-0.00195313
15098,-0.00219727
15099,-0.00170898
15100,-7.65918
15101,-7.65015
15102,-7.64111
15103,-7.63208
15104,-7.62305
15105,0
15106,0.000244141
15107,-0.000244141
15108,7.99976
15109,-8
15110,0.00195313
15111,0.00170898
15112,0.00219727
15113,-0.00195313
15114,-0.00219727
15115,-0.00170898
15116,-7.51465
15117,-7.50562
15118,-7.49658
15119,-7.48755
15120,-7.47852
15121,0
15122,0.000244141
15123,-0.000244141
15124,7.99976
15125,-8
15126,0.00195313
15127,0.00170898
15128,0.00219727
15129,-0.00195313
15130,-0.00219727
15131,-0.00170898
15132,-7.37012
15133,-7.36108
15134,-7.35205
15135,-7.34302
15136,-7.33398
15137,0
15138,0.000244141
15139,-0.000244141
15140,7.99976
15141,-8
15142,0.00195313
15143,0.00170898
15144,0.00219727
15145,-0.00195313
15146,-0.00219727
15147,-0.00170898
15148,-7.22559
15149,-7.21655
15150,-7.20752
15151,-7.19849
15152,-7.18945
15153,0
15154,0.000244141
15155,-0.000244141
15156,7.99976
15157,-8
15158,0.00195313
15159,0.00170898
15160,0.00219727
15161,-0.00195313
15162,-0.00219727
15163,-0.00170898
15164,-7.08105
15165,-7.07202
15166,-7.06299
15167,-7.05396
15168,-7.04492
15169,0
15170,0.000244141
15171,-0.000244141
15172,7.99976
15173,-8
15174,0.00195313
15175,0.00170898
15176,0.00219727
15177,-0.00195313
15178,-0.00219727
15179,-0.00170898
15180,-6.93652
15181,-6.92749
15182,-6.91846
15183,-6.90942
15184,-6.90039
15185,0
15186,0.000244141
15187,-0.000244141
15188,7.99976
15189,-8
15190,0.00195313
15191,0.00170898
15192,0.00219727
15193,-0.00195313
15194,-0.00219727
15195,-0.00170898
15196,-6.79199
15197,-6.78296
15198,-6.77393
15199,-6.76489
15200,-6.75586
15201,0
15202,0.000244141
15203,-0.000244141
15204,7.99976
15205,-8
15206,0.00195313
15207,0.00170898
15208,0.00219727
15209,-0.00195313
15210,-0.00219727
15211,-0.00170898
15212,-6.64746
15213,-6.63843
15214,-6.62939
15215,-6.62036
15216,-6.61133
15217,0
15218,0.000244141
15219,-0.000244141
15220,7.99976
15221,-8
15222,0.00195313
15223,0.00170898
15224,0.00219727
15225,-0.00195313
15226,-0.00219727
15227,-0.00170898
15228,-6.50293
15229,-6.4939
15230,-6.48486
15231,-6.47583
15232,-6.4668
15233,0
15234,0.000244141
15235,-0.000244141
15236,7.99976
15237,-8
15238,0.00195313
15239,0.00170898
15240,0.00219727
15241,-0.00195313
15242,-0.00219727
15243,-0.00170898
15244,-6.3584
15245,-6.34937
15246,-6.34033
15247,-6.3313
15248,-6.32227
15249,0
15250,0.000244141
15251,-0.000244141
15252,7.99976
15253,-8
15254,0.00195313
15255,0.00170898
15256,0.00219727
15257,-0.00195313
15258,-0.00219727
15259,-0.00170898
15260,-6.21387
15261,-6.20483
15262,-6.1958
15263,-6.18677
15264,-6.17773
15265,0
15266,0.000244141
15267,-0.000244141
15268,7.99976
15269,-8
15270,0.00195313
15271,0.00170898
15272,0.00219727
15273,-0.00195313
15274,-0.00219727
15275,-0.00170898
15276,-6.06934
15277,-6.0603
15278,-6.05127
15279,-6.04224
15280,-6.0332
15281,0
15282,0.000244141
15283,-0.000244141
15284,7.99976
15285,-8
15286,0.00195313
15287,0.00170898
15288,0.00219727
15289,-0.00195313
15290,-0.00219727
15291,-0.00170898
15292,-5.9248
15293,-5.91577
15294,-5.90674
15295,-5.89771
15296,-5.88867
15297,0
15298,0.000244141
15299,-0.000244141
15300,7.99976
15301,-8
15302,0.00195313
15303,0.00170898
15304,0.00219727
15305,-0.00195313
15306,-0.00219727
15307,-0.00170898
15308,-5.78027
15309,-5.77124
15310,-5.76221
15311,-5.75317
15312,-5.74414
15313,0
15314,0.000244141
15315,-0.000244141
15316,7.99976
15317,-8
15318,0.00195313
15319,0.00170898
15320,0.00219727
15321,-0.00195313
15322,-0.00219727
15323,-0.00170898
15324,-5.63574
15325,-5.62671
15326,-5.61768
15327,-5.60864
15328,-5.59961
15329,0
15330,0.000244141
15331,-0.000244141
15332,7.99976
15333,-8
15334,0.00195313
15335,0.00170898
15336,0.00219727
15337,-0.00195313
15338,-0.00219727
15339,-0.00170898
15340,-5.49121
15341,-5.48218
15342,-5.47314
15343,-5.46411
15344,-5.45508
15345,0
15346,0.000244141
15347,-0.000244141
15348,7.99976
15349,-8
15350,0.00195313
15351,0.00170898
15352,0.00219727
15353,-0.00195313
15354,-0.00219727
15355,-0.00170898
15356,-5.34668
15357,-5.33765
15358,-5.32861
15359,-5.31958
15360,-5.31055
15361,0
15362,0.000244141
15363,-0.000244141
15364,7.99976
15365,-8
15366,0.00195313
15367,0.00170898
15368,0.00219727
15369,-0.00195313
15370,-0.00219727
15371,-0.00170898
15372,-5.20215
15373,-5.19312
15374,-5.18408
15375,-5.17505
15376,-5.16602
15377,0
15378,0.000244141
15379,-0.000244141
15380,7.99976
15381,-8
15382,0.00195313
15383,0.00170898
15384,0.00219727
15385,-0.00195313
15386,-0.00219727
15387,-0.00170898
15388,-5.05762
15389,-5.04858
15390,-5.03955
15391,-5.03052
15392,-5.02148
15393,0
15394,0.000244141
15395,-0.000244141
15396,7.99976
15397,-8
15398,0.00195313
15399,0.00170898
15400,0.00219727
15401,-0.00195313
15402,-0.00219727
15403,-0.00170898
15404,-4.91309
15405,-4.90405
15406,-4.89502
15407,-4.88599
15408,-4.87695
15409,0
15410,0.000244141
15411,-0.000244141
15412,7.99976
15413,-8
15414,0.00195313
15415,0.00170898
15416,0.00219727
15417,-0.00195313
15418,-0.00219727
15419,-0.00170898
15420,-4.76855
15421,-4.75952
15422,-4.75049
15423,-4.74146
15424,-4.73242
15425,0
15426,0.000244141
15427,-0.000244141
15428,7.99976
15429,-8
15430,0.00195313
15431,0.00170898
15432,0.00219727
15433,-0.00195313
15434,-0.00219727
15435,-0.00170898
15436,-4.62402
15437,-4.61499
15438,-4.60596
15439,-4.59692
15440,-4.58789
15441,0
15442,0.000244141
15443,-0.000244141
15444,7.99976
15445,-8
15446,0.00195313
15447,0.00170898
15448,0.00219727
15449,-0.00195313
15450,-0.00219727
15451,-0.00170898
15452,-4.47949
15453,-4.47046
15454,-4.46143
15455,-4.45239
15456,-4.44336
15457,0
15458,0.000244141
15459,-0.000244141
15460,7.99976
15461,-8
15462,0.00195313
15463,0.00170898
15464,0.00219727
15465,-0.00195313
15466,-0.00219727
15467,-0.00170898
15468,-4.33496
15469,-4.32593
15470,-4.31689
15471,-4.30786
15472,-4.29883
15473,0
15474,0.000244141
15475,-0.000244141
15476,7.99976
15477,-8
15478,0.00195313
15479,0.00170898
15480,0.00219727
15481,-0.00195313
15482,-0.00219727
15483,-0.00170898
15484,-4.19043
15485,-4.1814
15486,-4.17236
15487,-4.16333
15488,-4.1543
15489,0
15490,0.000244141
15491,-0.000244141
15492,7.99976
15493,-8
15494,0.00195313
15495,0.00170898
15496,0.00219727
15497,-0.00195313
15498,-0.00219727
15499,-0.00170898
15500,-4.0459
15501,-4.03687
15502,-4.02783
15503,-4.0188
15504,-4.00977
15505,0
15506,0.000244141
15507,-0.000244141
15508,7.99976
15509,-8
15510,0.00195313
15511,0.00170898
15512,0.00219727
15513,-0.00195313
15514,-0.00219727
15515,-0.00170898
15516,-3.90137
15517,-3.89233
15518,-3.8833
15519,-3.87427
15520,-3.86523
15521,0
15522,0.000244141
15523,-0.000244141
15524,7.99976
15525,-8
15526,0.00195313
15527,0.00170898
15528,0.00219727
15529,-0.00195313
15530,-0.00219727
15531,-0.00170898
15532,-3.75684
15533,-3.7478
15534,-3.73877
15535,-3.72974
15536,-3.7207
15537,0
15538,0.000244141
15539,-0.000244141
15540,7.99976
15541,-8
15542,0.00195313
15543,0.00170898
15544,0.00219727
15545,-0.00195313
15546,-0.00219727
15547,-0.00170898
15548,-3.6123
15549,-3.60327
15550,-3.59424
15551,-3.58521
15552,-3.57617
15553,0
15554,0.000244141
15555,-0.000244141
15556,7.99976
15557,-8
15558,0.00195313
15559,0.00170898
15560,0.00219727
15561,-0.00195313
15562,-0.00219727
15563,-0.00170898
15564,-3.46777
15565,-3.45874
15566,-3.44971
15567,-3.44067
15568,-3.43164
15569,0
15570,0.000244141
15571,-0.000244141
15572,7.99976
15573,-8
15574,0.00195313
15575,0.00170898
15576,0.00219727
15577,-0.00195313
15578,-0.00219727
15579,-0.00170898
15580,-3.32324
15581,-3.31421
15582,-3.30518
15583,-3.29614
15584,-3.28711
15585,0
15586,0.000244141
15587,-0.000244141
15588,7.99976
15589,-8
15590,0.00195313
15591,0.00170898
15592,0.00219727
15593,-0.00195313
15594,-0.00219727
15595,-0.00170898
15596,-3.17871
15597,-3.16968
15598,-3.16064
15599,-3.15161
15600,-3.14258
15601,0
15602,0.000244141
15603,-0.000244141
15604,7.99976
15605,-8
15606,0.00195313
15607,0.00170898
15608,0.00219727
15609,-0.00195313
15610,-0.00219727
15611,-0.00170898
15612,-3.03418
15613,-3.02515
15614,-3.01611
15615,-3.00708
15616,-2.99805
15617,0
15618,0.000244141
15619,-0.000244141
15620,7.99976
15621,-8
15622,0.00195313
15623,0.00170898
15624,0.00219727
15625,-0.00195313
15626,-0.00219727
15627,-0.00170898
15628,-2.88965
15629,-2.88062
15630,-2.87158
15631,-2.86255
15632,-2.85352
15633,0
15634,0.000244141
15635,-0.000244141
15636,7.99976
15637,-8
15638,0.00195313
15639,0.00170898
15640,0.00219727
15641,-0.00195313
15642,-0.00219727
15643,-0.00170898
15644,-2.74512
15645,-2.73608
15646,-2.72705
15647,-2.71802
15648,-2.70898
15649,0
15650,0.000244141
15651,-0.000244141
15652,7.99976
15653,-8
15654,0.00195313
15655,0.00170898
15656,0.00219727
15657,-0.00195313
15658,-0.00219727
15659,-0.00170898
15660,-2.60059
15661,-2.59155
15662,-2.58252
15663,-2.57349
15664,-2.56445
15665,0
15666,0.000244141
15667,-0.000244141
15668,7.99976
15669,-8
15670,0.00195313
15671,0.00170898
15672,0.00219727
15673,-0.00195313
15674,-0.00219727
15675,-0.00170898
15676,-2.45605
15677,-2.44702
15678,-2.43799
15679,-2.42896
15680,-2.41992
15681,0
15682,0.000244141
15683,-0.000244141
15684,7.99976
15685,-8
15686,0.00195313
15687,0.00170898
15688,0.00219727
15689,-0.00195313
15690,-0.00219727
15691,-0.00170898
15692,-2.31152
15693,-2.30249
15694,-2.29346
15695,-2.28442
15696,-2.27539
15697,0
15698,0.000244141
15699,-0.000244141
15700,7.99976
15701,-8
15702,0.00195313
15703,0.00170898
15704,0.00219727
15705,-0.00195313
15706,-0.00219727
15707,-0.00170898
15708,-2.16699
15709,-2.15796
15710,-2.14893
15711,-2.13989
15712,-2.13086
15713,0
15714,0.000244141
15715,-0.000244141
15716,7.99976
15717,-8
15718,0.00195313
15719,0.00170898
15720,0.00219727
15721,-0.00195313
15722,-0.00219727
15723,-0.00170898
15724,-2.02246
15725,-2.01343
15726,-2.00439
15727,-1.99536
15728,-1.98633
15729,0
15730,0.000244141
15731,-0.000244141
15732,7.99976
15733,-8
15734,0.00195313
15735,0.00170898
15736,0.00219727
15737,-0.00195313
15738,-0.00219727
15739,-0.00170898
15740,-1.87793
15741,-1.8689
15742,-1.85986
15743,-1.85083
15744,-1.8418
15745,0
15746,0.000244141
15747,-0.000244141
15748,7.99976
15749,-8
15750,0.00195313
15751,0.00170898
15752,0.00219727
15753,-0.00195313
15754,-0.00219727
15755,-0.00170898
15756,-1.7334
15757,-1.72437
15758,-1.71533
15759,-1.7063
15760,-1.69727
15761,0
15762,0.000244141
15763,-0.000244141
15764,7.99976
15765,-8
15766,0.00195313
15767,0.00170898
15768,0.00219727
15769,-0.00195313
15770,-0.00219727
15771,-0.00170898
15772,-1.58887
15773,-1.57983
15774,-1.5708
15775,-1.56177
15776,-1.55273
15777,0
15778,0.000244141
15779,-0.000244141
15780,7.99976
15781,-8
15782,0.00195313
15783,0.00170898
15784,0.00219727
15785,-0.00195313
15786,-0.00219727
15787,-0.00170898
15788,-1.44434
15789,-1.4353
15790,-1.42627
15791,-1.41724
15792,-1.4082
15793,0
15794,0.000244141
15795,-0.000244141
15796,7.99976
15797,-8
15798,0.00195313
15799,0.00170898
15800,0.00219727
15801,-0.00195313
15802,-0.00219727
15803,-0.00170898
15804,-1.2998
15805,-1.29077
15806,-1.28174
15807,-1.27271
15808,-1.26367
15809,0
15810,0.000244141
15811,-0.000244141
15812,7.99976
15813,-8
15814,0.00195313
15815,0.00170898
15816,0.00219727
15817,-0.00195313
15818,-0.00219727
15819,-0.00170898
15820,-1.15527
15821,-1.14624
15822,-1.13721
15823,-1.12817
15824,-1.11914
15825,0
15826,0.000244141
15827,-0.000244141
15828,7.99976
15829,-8
15830,0.00195313
15831,0.00170898
15832,0.00219727
15833,-0.00195313
15834,-0.00219727
15835,-0.00170898
15836,-1.01074
15837,-1.00171
15838,-0.992676
15839,-0.983643
15840,-0.974609
15841,0
15842,0.000244141
15843,-0.000244141
15844,7.99976
15845,-8
15846,0.00195313
15847,0.00170898
15848,0.00219727
15849,-0.00195313
15850,-0.00219727
15851,-0.00170898
15852,-0.866211
15853,-0.857178
15854,-0.848145
15855,-0.839111
15856,-0.830078
15857,0
15858,0.000244141
15859,-0.000244141
15860,7.99976
15861,-8
15862,0.00195313
15863,0.00170898
15864,0.00219727
15865,-0.00195313
15866,-0.00219727
15867,-0.00170898
15868,-0.72168
15869,-0.712646
15870,-0.703613
15871,-0.69458
15872,-0.685547
15873,0
15874,0.000244141
15875,-0.000244141
15876,7.99976
15877,-8
15878,0.00195313
15879,0.00170898
15880,0.00219727
15881,-0.00195313
15882,-0.00219727
15883,-0.00170898
15884,-0.577148
15885,-0.568115
15886,-0.559082
15887,-0.550049
15888,-0.541016
15889,0
15890,0.000244141
15891,-0.000244141
15892,7.99976
15893,-8
15894,0.00195313
15895,0.00170898
15896,0.00219727
15897,-0.00195313
15898,-0.00219727
15899,-0.00170898
15900,-0.432617
15901,-0.423584
15902,-0.414551
15903,-0.405518
15904,-0.396484
15905,0
15906,0.000244141
15907,-0.000244141
15908,7.99976
15909,-8
15910,0.00195313
15911,0.00170898
15912,0.00219727
15913,-0.00195313
15914,-0.00219727
15915,-0.00170898
15916,-0.288086
15917,-0.279053
15918,-0.27002
15919,-0.260986
15920,-0.251953
15921,0
15922,0.000244141
15923,-0.000244141
15924,7.99976
15925,-8
15926,0.00195313
15927,0.00170898
15928,0.00219727
15929,-0.00195313
15930,-0.00219727
15931,-0.00170898
15932,-0.143555
15933,-0.134521
15934,-0.125488
15935,-0.116455
15936,-0.107422
15937,0
15938,0.000244141
15939,-0.000244141
15940,7.99976
15941,-8
15942,0.00195313
15943,0.00170898
15944,0.00219727
15945,-0.00195313
15946,-0.00219727
15947,-0.00170898
15948,0.000976563
15949,0.0100098
15950,0.019043
15951,0.0280762
15952,0.0371094
15953,0
15954,0.000244141
15955,-0.000244141
15956,7.99976
15957,-8
15958,0.00195313
15959,0.00170898
15960,0.00219727
15961,-0.00195313
15962,-0.00219727
15963,-0.00170898
15964,0.145508
15965,0.154541
15966,0.163574
15967,0.172607
15968,0.181641
15969,0
15970,0.000244141
15971,-0.000244141
15972,7.99976
15973,-8
15974,0.00195313
15975,0.00170898
15976,0.00219727
15977,-0.00195313
15978,-0.00219727
15979,-0.00170898
15980,0.290039
15981,0.299072
15982,0.308105
15983,0.317139
15984,0.326172
15985,0
15986,0.000244141
15987,-0.000244141
15988,7.99976
15989,-8
15990,0.00195313
15991,0.00170898
15992,0.00219727
15993,-0.00195313
15994,-0.00219727
15995,-0.00170898
15996,0.43457
15997,0.443604
15998,0.452637
15999,0.46167
16000,0.470703
16001,0
16002,0.000244141
16003,-0.000244141
16004,7.99976
16005,-8
16006,0.00195313
16007,0.00170898
16008,0.00219727
16009,-0.00195313
16010,-0.00219727
16011,-0.00170898
16012,0.579102
16013,0.588135
16014,0.597168
16015,0.606201
16016,0.615234
16017,0
16018,0.000244141
16019,-0.000244141
16020,7.99976
16021,-8
16022,0.00195313
16023,0.00170898
16024,0.00219727
16025,-0.00195313
16026,-0.00219727
16027,-0.00170898
16028,0.723633
16029,0.732666
16030,0.741699
16031,0.750732
16032,0.759766
16033,0
16034,0.000244141
16035,-0.000244141
16036,7.99976
16037,-8
16038,0.00195313
16039,0.00170898
16040,0.00219727
16041,-0.00195313
16042,-0.00219727
16043,-0.00170898
16044,0.868164
16045,0.877197
16046,0.88623
16047,0.895264
16048,0.904297
16049,0
16050,0.000244141
16051,-0.000244141
16052,7.99976
16053,-8
16054,0.00195313
16055,0.00170898
16056,0.00219727
16057,-0.00195313
16058,-0.00219727
16059,-0.00170898
16060,1.0127
16061,1.02173
16062,1.03076
16063,1.03979
16064,1.04883
16065,0
16066,0.000244141
16067,-0.000244141
16068,7.99976
16069,-8
16070,0.00195313
16071,0.00170898
16072,0.00219727
16073,-0.00195313
16074,-0.00219727
16075,-0.00170898
16076,1.15723
16077,1.16626
16078,1.17529
16079,1.18433
16080,1.19336
16081,0
16082,0.000244141
16083,-0.000244141
16084,7.99976
16085,-8
16086,0.00195313
16087,0.00170898
16088,0.00219727
16089,-0.00195313
16090,-0.00219727
16091,-0.00170898
16092,1.30176
16093,1.31079
16094,1.31982
16095,1.32886
16096,1.33789
16097,0
16098,0.000244141
16099,-0.000244141
16100,7.99976
16101,-8
16102,0.00195313
16103,0.00170898
16104,0.00219727
16105,-0.00195313
16106,-0.00219727
16107,-0.00170898
16108,1.44629
16109,1.45532
16110,1.46436
16111,1.47339
16112,1.48242
16113,0
16114,0.000244141
16115,-0.000244141
16116,7.99976
16117,-8
16118,0.00195313
16119,0.00170898
16120,0.00219727
16121,-0.00195313
16122,-0.00219727
16123,-0.00170898
16124,1.59082
16125,1.59985
16126,1.60889
16127,1.61792
16128,1.62695
16129,0
16130,0.000244141
16131,-0.000244141
16132,7.99976
16133,-8
16134,0.00195313
16135,0.00170898
16136,0.00219727
16137,-0.00195313
16138,-0.00219727
16139,-0.00170898
16140,1.73535
16141,1.74438
16142,1.75342
16143,1.76245
16144,1.77148
16145,0
16146,0.000244141
16147,-0.000244141
16148,7.99976
16149,-8
16150,0.00195313
16151,0.00170898
16152,0.00219727
16153,-0.00195313
16154,-0.00219727
16155,-0.00170898
16156,1.87988
16157,1.88892
16158,1.89795
16159,1.90698
16160,1.91602
16161,0
16162,0.000244141
16163,-0.000244141
16164,7.99976
16165,-8
16166,0.00195313
16167,0.00170898
16168,0.00219727
16169,-0.00195313
16170,-0.00219727
16171,-0.00170898
16172,2.02441
16173,2.03345
16174,2.04248
16175,2.05151
16176,2.06055
16177,0
16178,0.000244141
16179,-0.000244141
16180,7.99976
16181,-8
16182,0.00195313
16183,0.00170898
16184,0.00219727
16185,-0.00195313
16186,-0.00219727
16187,-0.00170898
16188,2.16895
16189,2.17798
16190,2.18701
16191,2.19604
16192,2.20508
16193,0
16194,0.000244141
16195,-0.000244141
16196,7.99976
16197,-8
16198,0.00195313
16199,0.00170898
16200,0.00219727
16201,-0.00195313
16202,-0.00219727
16203,-0.00170898
16204,2.31348
16205,2.32251
16206,2.33154
16207,2.34058
16208,2.34961
16209,0
16210,0.000244141
16211,-0.000244141
16212,7.99976
16213,-8
16214,0.00195313
16215,0.00170898
16216,0.00219727
16217,-0.00195313
16218,-0.00219727
16219,-0.00170898
16220,2.45801
16221,2.46704
16222,2.47607
16223,2.48511
16224,2.49414
16225,0
16226,0.000244141
16227,-0.000244141
16228,7.99976
16229,-8
16230,0.00195313
16231,0.00170898
16232,0.00219727
16233,-0.00195313
16234,-0.00219727
16235,-0.00170898
16236,2.60254
16237,2.61157
16238,2.62061
16239,2.62964
16240,2.63867
16241,0
16242,0.000244141
16243,-0.000244141
16244,7.99976
16245,-8
16246,0.00195313
16247,0.00170898
16248,0.00219727
16249,-0.00195313
16250,-0.00219727
16251,-0.00170898
16252,2.74707
16253,2.7561
16254,2.76514
16255,2.77417
16256,2.7832
16257,0
16258,0.000244141
16259,-0.000244141
16260,7.99976
16261,-8
16262,0.00195313
16263,0.00170898
16264,0.00219727
16265,-0.00195313
16266,-0.00219727
16267,-0.00170898
16268,2.8916
16269,2.90063
16270,2.90967
16271,2.9187
16272,2.92773
16273,0
16274,0.000244141
16275,-0.000244141
16276,7.99976
16277,-8
16278,0.00195313
16279,0.00170898
16280,0.00219727
16281,-0.00195313
16282,-0.00219727
16283,-0.00170898
16284,3.03613
16285,3.04517
16286,3.0542
16287,3.06323
16288,3.07227
16289,0
16290,0.000244141
16291,-0.000244141
16292,7.99976
16293,-8
16294,0.00195313
16295,0.00170898
16296,0.00219727
16297,-0.00195313
16298,-0.00219727
16299,-0.00170898
16300,3.18066
16301,3.1897
16302,3.19873
16303,3.20776
16304,3.2168
16305,0
16306,0.000244141
16307,-0.000244141
16308,7.99976
16309,-8
16310,0.00195313
16311,0.00170898
16312,0.00219727
16313,-0.00195313
16314,-0.00219727
16315,-0.00170898
16316,3.3252
16317,3.33423
16318,3.34326
16319,3.35229
16320,3.36133
16321,0
16322,0.000244141
16323,-0.000244141
16324,7.99976
16325,-8
16326,0.00195313
16327,0.00170898
16328,0.00219727
16329,-0.00195313
16330,-0.00219727
16331,-0.00170898
16332,3.46973
16333,3.47876
16334,3.48779
16335,3.49683
16336,3.50586
16337,0
16338,0.000244141
16339,-0.000244141
16340,7.99976
16341,-8
16342,0.00195313
16343,0.00170898
16344,0.00219727
16345,-0.00195313
16346,-0.00219727
16347,-0.00170898
16348,3.61426
16349,3.62329
16350,3.63232
16351,3.64136
16352,3.65039
16353,0
16354,0.000244141
16355,-0.000244141
16356,7.99976
16357,-8
16358,0.00195313
16359,0.00170898
16360,0.00219727
16361,-0.00195313
16362,-0.00219727
16363,-0.00170898
16364,3.75879
16365,3.76782
16366,3.77686
16367,3.78589
16368,3.79492
16369,0
16370,0.000244141
16371,-0.000244141
16372,7.99976
16373,-8
16374,0.00195313
16375,0.00170898
16376,0.00219727
16377,-0.00195313
16378,-0.00219727
16379,-0.00170898
16380,3.90332
16381,3.91235
16382,3.92139
16383,3.93042
16384,3.93945
16385,0
16386,0.000244141
16387,-0.000244141
16388,7.99976
16389,-8
16390,0.00195313
16391,0.00170898
16392,0.00219727
16393,-0.00195313
16394,-0.00219727
16395,-0.00170898
16396,4.04785
16397,4.05688
16398,4.06592
16399,4.07495
16400,4.08398
16401,0
16402,0.000244141
16403,-0.000244141
16404,7.99976
16405,-8
16406,0.00195313
16407,0.00170898
16408,0.00219727
16409,-0.00195313
16410,-0.00219727
16411,-0.00170898
16412,4.19238
16413,4.20142
16414,4.21045
16415,4.21948
16416,4.22852
16417,0
16418,0.000244141
16419,-0.000244141
16420,7.99976
16421,-8
16422,0.00195313
16423,0.00170898
16424,0.00219727
16425,-0.00195313
16426,-0.00219727
16427,-0.00170898
16428,4.33691
16429,4.34595
16430,4.35498
16431,4.36401
16432,4.37305
16433,0
16434,0.000244141
16435,-0.000244141
16436,7.99976
16437,-8
16438,0.00195313
16439,0.00170898
16440,0.00219727
16441,-0.00195313
16442,-0.00219727
16443,-0.00170898
16444,4.48145
16445,4.49048
16446,4.49951
16447,4.50854
16448,4.51758
16449,0
16450,0.000244141
16451,-0.000244141
16452,7.99976
16453,-8
16454,0.00195313
16455,0.00170898
16456,0.00219727
16457,-0.00195313
16458,-0.00219727
16459,-0.00170898
16460,4.62598
16461,4.63501
16462,4.64404
16463,4.65308
16464,4.66211
16465,0
16466,0.000244141
16467,-0.000244141
16468,7.99976
16469,-8
16470,0.00195313
16471,0.00170898
16472,0.00219727
16473,-0.00195313
16474,-0.00219727
16475,-0.00170898
16476,4.77051
16477,4.77954
16478,4.78857
16479,4.79761
16480,4.80664
16481,0
16482,0.000244141
16483,-0.000244141
16484,7.99976
16485,-8
16486,0.00195313
16487,0.00170898
16488,0.00219727
16489,-0.00195313
16490,-0.00219727
16491,-0.00170898
16492,4.91504
16493,4.92407
16494,4.93311
16495,4.94214
16496,4.95117
16497,0
16498,0.000244141
16499,-0.000244141
16500,7.99976
16501,-8
16502,0.00195313
16503,0.00170898
16504,0.00219727
16505,-0.00195313
16506,-0.00219727
16507,-0.00170898
16508,5.05957
16509,5.0686
16510,5.07764
16511,5.08667
16512,5.0957
16513,0
16514,0.000244141
16515,-0.000244141
16516,7.99976
16517,-8
16518,0.00195313
16519,0.00170898
16520,0.00219727
16521,-0.00195313
16522,-0.00219727
16523,-0.00170898
16524,5.2041
16525,5.21313
16526,5.22217
16527,5.2312
16528,5.24023
16529,0
16530,0.000244141
16531,-0.000244141
16532,7.99976
16533,-8
16534,0.00195313
16535,0.00170898
16536,0.00219727
16537,-0.00195313
16538,-0.00219727
16539,-0.00170898
16540,5.34863
16541,5.35767
16542,5.3667
16543,5.37573
16544,5.38477
16545,0
16546,0.000244141
16547,-0.000244141
16548,7.99976
16549,-8
16550,0.00195313
16551,0.00170898
16552,0.00219727
16553,-0.00195313
16554,-0.00219727
16555,-0.00170898
16556,5.49316
16557,5.5022
16558,5.51123
16559,5.52026
16560,5.5293
16561,0
16562,0.000244141
16563,-0.000244141
16564,7.99976
16565,-8
16566,0.00195313
16567,0.00170898
16568,0.00219727
16569,-0.00195313
16570,-0.00219727
16571,-0.00170898
16572,5.6377
16573,5.64673
16574,5.65576
16575,5.66479
16576,5.67383
16577,0
16578,0.000244141
16579,-0.000244141
16580,7.99976
16581,-8
16582,0.00195313
16583,0.00170898
16584,0.00219727
16585,-0.00195313
16586,-0.00219727
16587,-0.00170898
16588,5.78223
16589,5.79126
16590,5.80029
16591,5.80933
16592,5.81836
16593,0
16594,0.000244141
16595,-0.000244141
16596,7.99976
16597,-8
16598,0.00195313
16599,0.00170898
16600,0.00219727
16601,-0.00195313
16602,-0.00219727
16603,-0.00170898
16604,5.92676
16605,5.93579
16606,5.94482
16607,5.95386
16608,5.96289
16609,0
16610,0.000244141
16611,-0.000244141
16612,7.99976
16613,-8
16614,0.00195313
16615,0.00170898
16616,0.00219727
16617,-0.00195313
16618,-0.00219727
16619,-0.00170898
16620,6.07129
16621,6.08032
16622,6.08936
16623,6.09839
16624,6.10742
16625,0
16626,0.000244141
16627,-0.000244141
16628,7.99976
16629,-8
16630,0.00195313
16631,0.00170898
16632,0.00219727
16633,-0.00195313
16634,-0.00219727
16635,-0.00170898
16636,6.21582
16637,6.22485
16638,6.23389
16639,6.24292
16640,6.25195
16641,0
16642,0.000244141
16643,-0.000244141
16644,7.99976
16645,-8
16646,0.00195313
16647,0.00170898
16648,0.00219727
16649,-0.00195313
16650,-0.00219727
16651,-0.00170898
16652,6.36035
16653,6.36938
16654,6.37842
16655,6.38745
16656,6.39648
16657,0
16658,0.000244141
16659,-0.000244141
16660,7.99976
16661,-8
16662,0.00195313
16663,0.00170898
16664,0.00219727
16665,-0.00195313
16666,-0.00219727
16667,-0.00170898
16668,6.50488
16669,6.51392
16670,6.52295
16671,6.53198
16672,6.54102
16673,0
16674,0.000244141
16675,-0.000244141
16676,7.99976
16677,-8
16678,0.00195313
16679,0.00170898
16680,0.00219727
16681,-0.00195313
16682,-0.00219727
16683,-0.00170898
16684,6.64941
16685,6.65845
16686,6.66748
16687,6.67651
16688,6.68555
16689,0
16690,0.000244141
16691,-0.000244141
16692,7.99976
16693,-8
16694,0.00195313
16695,0.00170898
16696,0.00219727
16697,-0.00195313
16698,-0.00219727
16699,-0.00170898
16700,6.79395
16701,6.80298
16702,6.81201
16703,6.82104
16704,6.83008
16705,0
16706,0.000244141
16707,-0.000244141
16708,7.99976
16709,-8
16710,0.00195313
16711,0.00170898
16712,0.00219727
16713,-0.00195313
16714,-0.00219727
16715,-0.00170898
16716,6.93848
16717,6.94751
16718,6.95654
16719,6.96558
16720,6.97461
16721,0
16722,0.000244141
16723,-0.000244141
16724,7.99976
16725,-8
16726,0.00195313
16727,0.00170898
16728,0.00219727
16729,-0.00195313
16730,-0.00219727
16731,-0.00170898
16732,7.08301
16733,7.09204
16734,7.10107
16735,7.11011
16736,7.11914
16737,0
16738,0.000244141
16739,-0.000244141
16740,7.99976
16741,-8
16742,0.00195313
16743,0.00170898
16744,0.00219727
16745,-0.00195313
16746,-0.00219727
16747,-0.00170898
16748,7.22754
16749,7.23657
16750,7.24561
16751,7.25464
16752,7.26367
16753,0
16754,0.000244141
16755,-0.000244141
16756,7.99976
16757,-8
16758,0.00195313
16759,0.00170898
16760,0.00219727
16761,-0.00195313
16762,-0.00219727
16763,-0.00170898
16764,7.37207
16765,7.3811
16766,7.39014
16767,7.39917
16768,7.4082
16769,0
16770,0.000244141
16771,-0.000244141
16772,7.99976
16773,-8
16774,0.00195313
16775,0.00170898
16776,0.00219727
16777,-0.00195313
16778,-0.00219727
16779,-0.00170898
16780,7.5166
16781,7.52563
16782,7.53467
16783,7.5437
16784,7.55273
16785,0
16786,0.000244141
16787,-0.000244141
16788,7.99976
16789,-8
16790,0.00195313
16791,0.00170898
16792,0.00219727
16793,-0.00195313
16794,-0.00219727
16795,-0.00170898
16796,7.66113
16797,7.67017
16798,7.6792
16799,7.68823
16800,7.69727
16801,0
16802,0.000244141
16803,-0.000244141
16804,7.99976
16805,-8
16806,0.00195313
16807,0.00170898
16808,0.00219727
16809,-0.00195313
16810,-0.00219727
16811,-0.00170898
16812,7.80566
16813,7.8147
16814,7.82373
16815,7.83276
16816,7.8418
16817,0
16818,0.000244141
16819,-0.000244141
16820,7.99976
16821,-8
16822,0.00195313
16823,0.00170898
16824,0.00219727
16825,-0.00195313
16826,-0.00219727
16827,-0.00170898
16828,7.9502
16829,7.95923
16830,7.96826
16831,7.97729
16832,7.98633
16833,0
16834,0.000244141
16835,-0.000244141
16836,7.99976
16837,-8
16838,0.00195313
16839,0.00170898
16840,0.00219727
16841,-0.00195313
16842,-0.00219727
16843,-0.00170898
16844,-7.90527
16845,-7.89624
16846,-7.88721
16847,-7.87817
16848,-7.86914
16849,0
16850,0.000244141
16851,-0.000244141
16852,7.99976
16853,-8
16854,0.00195313
16855,0.00170898
16856,0.00219727
16857,-0.00195313
16858,-0.00219727
16859,-0.00170898
16860,-7.76074
16861,-7.75171
16862,-7.74268
16863,-7.73364
16864,-7.72461
16865,0
16866,0.000244141
16867,-0.000244141
16868,7.99976
16869,-8
16870,0.00195313
16871,0.00170898
16872,0.00219727
16873,-0.00195313
16874,-0.00219727
16875,-0.00170898
16876,-7.61621
16877,-7.60718
16878,-7.59814
16879,-7.58911
16880,-7.58008
16881,0
16882,0.000244141
16883,-0.000244141
16884,7.99976
16885,-8
16886,0.00195313
16887,0.00170898
16888,0.00219727
16889,-0.00195313
16890,-0.00219727
16891,-0.00170898
16892,-7.47168
16893,-7.46265
16894,-7.45361
16895,-7.44458
16896,-7.43555
16897,0
16898,0.000244141
16899,-0.000244141
16900,7.99976
16901,-8
16902,0.00195313
16903,0.00170898
16904,0.00219727
16905,-0.00195313
16906,-0.00219727
16907,-0.00170898
16908,-7.32715
16909,-7.31812
16910,-7.30908
16911,-7.30005
16912,-7.29102
16913,0
16914,0.000244141
16915,-0.000244141
16916,7.99976
16917,-8
16918,0.00195313
16919,0.00170898
16920,0.00219727
16921,-0.00195313
16922,-0.00219727
16923,-0.00170898
16924,-7.18262
16925,-7.17358
16926,-7.16455
16927,-7.15552
16928,-7.14648
16929,0
16930,0.000244141
16931,-0.000244141
16932,7.99976
16933,-8
16934,0.00195313
16935,0.00170898
16936,0.00219727
16937,-0.00195313
16938,-0.00219727
16939,-0.00170898
16940,-7.03809
16941,-7.02905
16942,-7.02002
16943,-7.01099
16944,-7.00195
16945,0
16946,0.000244141
16947,-0.000244141
16948,7.99976
16949,-8
16950,0.00195313
16951,0.00170898
16952,0.00219727
16953,-0.00195313
16954,-0.00219727
16955,-0.00170898
16956,-6.89355
16957,-6.88452
16958,-6.87549
16959,-6.86646
16960,-6.85742
16961,0
16962,0.000244141
16963,-0.000244141
16964,7.99976
16965,-8
16966,0.00195313
16967,0.00170898
16968,0.00219727
16969,-0.00195313
16970,-0.00219727
16971,-0.00170898
16972,-6.74902
16973,-6.73999
16974,-6.73096
16975,-6.72192
16976,-6.71289
16977,0
16978,0.000244141
16979,-0.000244141
16980,7.99976
16981,-8
16982,0.00195313
16983,0.00170898
16984,0.00219727
16985,-0.00195313
16986,-0.00219727
16987,-0.00170898
16988,-6.60449
16989,-6.59546
16990,-6.58643
16991,-6.57739
16992,-6.56836
16993,0
16994,0.000244141
16995,-0.000244141
16996,7.99976
16997,-8
16998,0.00195313
16999,0.00170898
17000,0.00219727
17001,-0.00195313
17002,-0.00219727
17003,-0.00170898
17004,-6.45996
17005,-6.45093
17006,-6.44189
17007,-6.43286
17008,-6.42383
17009,0
17010,0.000244141
17011,-0.000244141
17012,7.99976
17013,-8
17014,0.00195313
17015,0.00170898
17016,0.00219727
17017,-0.00195313
17018,-0.00219727
17019,-0.00170898
17020,-6.31543
17021,-6.3064
17022,-6.29736
17023,-6.28833
17024,-6.2793
17025,0
17026,0.000244141
17027,-0.000244141
17028,7.99976
17029,-8
17030,0.00195313
17031,0.00170898
17032,0.00219727
17033,-0.00195313
17034,-0.00219727
17035,-0.00170898
17036,-6.1709
17037,-6.16187
17038,-6.15283
17039,-6.1438
17040,-6.13477
17041,0
17042,0.000244141
17043,-0.000244141
17044,7.99976
17045,-8
17046,0.00195313
17047,0.00170898
17048,0.00219727
17049,-0.00195313
17050,-0.00219727
17051,-0.00170898
17052,-6.02637
17053,-6.01733
17054,-6.0083
17055,-5.99927
17056,-5.99023
17057,0
17058,0.000244141
17059,-0.000244141
17060,7.99976
17061,-8
17062,0.00195313
17063,0.00170898
17064,0.00219727
17065,-0.00195313
17066,-0.00219727
17067,-0.00170898
17068,-5.88184
17069,-5.8728
17070,-5.86377
17071,-5.85474
17072,-5.8457
17073,0
17074,0.000244141
17075,-0.000244141
17076,7.99976
17077,-8
17078,0.00195313
17079,0.00170898
17080,0.00219727
17081,-0.00195313
17082,-0.00219727
17083,-0.00170898
17084,-5.7373
17085,-5.72827
17086,-5.71924
17087,-5.71021
17088,-5.70117
17089,0
17090,0.000244141
17091,-0.000244141
17092,7.99976
17093,-8
17094,0.00195313
17095,0.00170898
17096,0.00219727
17097,-0.00195313
17098,-0.00219727
17099,-0.00170898
17100,-5.59277
17101,-5.58374
17102,-5.57471
17103,-5.56567
17104,-5.55664
17105,0
17106,0.000244141
17107,-0.000244141
17108,7.99976
17109,-8
17110,0.00195313
17111,0.00170898
17112,0.00219727
17113,-0.00195313
17114,-0.00219727
17115,-0.00170898
17116,-5.44824
17117,-5.43921
17118,-5.43018
17119,-5.42114
17120,-5.41211
17121,0
17122,0.000244141
17123,-0.000244141
17124,7.99976
17125,-8
17126,0.00195313
17127,0.00170898
17128,0.00219727
17129,-0.00195313
17130,-0.00219727
17131,-0.00170898
17132,-5.30371
17133,-5.29468
17134,-5.28564
17135,-5.27661
17136,-5.26758
17137,0
17138,0.000244141
17139,-0.000244141
17140,7.99976
17141,-8
17142,0.00195313
17143,0.00170898
17144,0.00219727
17145,-0.00195313
17146,-0.00219727
17147,-0.00170898
17148,-5.15918
17149,-5.15015
17150,-5.14111
17151,-5.13208
17152,-5.12305
17153,0
17154,0.000244141
17155,-0.000244141
17156,7.99976
17157,-8
17158,0.00195313
17159,0.00170898
17160,0.00219727
17161,-0.00195313
17162,-0.00219727
17163,-0.00170898
17164,-5.01465
17165,-5.00562
17166,-4.99658
17167,-4.98755
17168,-4.97852
17169,0
17170,0.000244141
17171,-0.000244141
17172,7.99976
17173,-8
17174,0.00195313
17175,0.00170898
17176,0.00219727
17177,-0.00195313
17178,-0.00219727
17179,-0.00170898
17180,-4.87012
17181,-4.86108
17182,-4.85205
17183,-4.84302
17184,-4.83398
17185,0
17186,0.000244141
17187,-0.000244141
17188,7.99976
17189,-8
17190,0.00195313
17191,0.00170898
17192,0.00219727
17193,-0.00195313
17194,-0.00219727
17195,-0.00170898
17196,-4.72559
17197,-4.71655
17198,-4.70752
17199,-4.69849
17200,-4.68945
17201,0
17202,0.000244141
17203,-0.000244141
17204,7.99976
17205,-8
17206,0.00195313
17207,0.00170898
17208,0.00219727
17209,-0.00195313
17210,-0.00219727
17211,-0.00170898
17212,-4.58105
17213,-4.57202
17214,-4.56299
17215,-4.55396
17216,-4.54492
17217,0
17218,0.000244141
17219,-0.000244141
17220,7.99976
17221,-8
17222,0.00195313
17223,0.00170898
17224,0.00219727
17225,-0.00195313
17226,-0.00219727
17227,-0.00170898
17228,-4.43652
17229,-4.42749
17230,-4.41846
17231,-4.40942
17232,-4.40039
17233,0
17234,0.000244141
17235,-0.000244141
17236,7.99976
17237,-8
17238,0.00195313
17239,0.00170898
17240,0.00219727
17241,-0.00195313
17242,-0.00219727
17243,-0.00170898
17244,-4.29199
17245,-4.28296
17246,-4.27393
17247,-4.26489
17248,-4.25586
17249,0
17250,0.000244141
17251,-0.000244141
17252,7.99976
17253,-8
17254,0.00195313
17255,0.00170898
17256,0.00219727
17257,-0.00195313
17258,-0.00219727
17259,-0.00170898
17260,-4.14746
17261,-4.13843
17262,-4.12939
17263,-4.12036
17264,-4.11133
17265,0
17266,0.000244141
17267,-0.000244141
17268,7.99976
17269,-8
17270,0.00195313
17271,0.00170898
17272,0.00219727
17273,-0.00195313
17274,-0.00219727
17275,-0.00170898
17276,-4.00293
17277,-3.9939
17278,-3.98486
17279,-3.97583
17280,-3.9668
17281,0
17282,0.000244141
17283,-0.000244141
17284,7.99976
17285,-8
17286,0.00195313
17287,0.00170898
17288,0.00219727
17289,-0.00195313
17290,-0.00219727
17291,-0.00170898
17292,-3.8584
17293,-3.84937
17294,-3.84033
17295,-3.8313
17296,-3.82227
17297,0
17298,0.000244141
17299,-0.000244141
17300,7.99976
17301,-8
17302,0.00195313
17303,0.00170898
17304,0.00219727
17305,-0.00195313
17306,-0.00219727
17307,-0.00170898
17308,-3.71387
17309,-3.70483
17310,-3.6958
17311,-3.68677
17312,-3.67773
17313,0
17314,0.000244141
17315,-0.000244141
17316,7.99976
17317,-8
17318,0.00195313
17319,0.00170898
17320,0.00219727
17321,-0.00195313
17322,-0.00219727
17323,-0.00170898
17324,-3.56934
17325,-3.5603
17326,-3.55127
17327,-3.54224
17328,-3.5332
17329,0
17330,0.000244141
17331,-0.000244141
17332,7.99976
17333,-8
17334,0.00195313
17335,0.00170898
17336,0.00219727
17337,-0.00195313
17338,-0.00219727
17339,-0.00170898
17340,-3.4248
17341,-3.41577
17342,-3.40674
17343,-3.39771
17344,-3.38867
17345,0
17346,0.000244141
17347,-0.000244141
17348,7.99976
17349,-8
17350,0.00195313
17351,0.00170898
17352,0.00219727
17353,-0.00195313
17354,-0.00219727
17355,-0.00170898
17356,-3.28027
17357,-3.27124
17358,-3.26221
17359,-3.25317
17360,-3.24414
17361,0
17362,0.000244141
17363,-0.000244141
17364,7.99976
17365,-8
17366,0.00195313
17367,0.00170898
17368,0.00219727
17369,-0.00195313
17370,-0.00219727
17371,-0.00170898
17372,-3.13574
17373,-3.12671
17374,-3.11768
17375,-3.10864
17376,-3.09961
17377,0
17378,0.000244141
17379,-0.000244141
17380,7.99976
17381,-8
17382,0.00195313
17383,0.00170898
17384,0.00219727
17385,-0.00195313
17386,-0.00219727
17387,-0.00170898
17388,-2.99121
17389,-2.98218
17390,-2.97314
17391,-2.96411
17392,-2.95508
17393,0
17394,0.000244141
17395,-0.000244141
17396,7.99976
17397,-8
17398,0.00195313
17399,0.00170898
17400,0.00219727
17401,-0.00195313
17402,-0.00219727
17403,-0.00170898
17404,-2.84668
17405,-2.83765
17406,-2.82861
17407,-2.81958
17408,-2.81055
17409,0
17410,0.000244141
17411,-0.000244141
17412,7.99976
17413,-8
17414,0.00195313
17415,0.00170898
17416,0.00219727
17417,-0.00195313
17418,-0.00219727
17419,-0.00170898
17420,-2.70215
17421,-2.69312
17422,-2.68408
17423,-2.67505
17424,-2.66602
17425,0
17426,0.000244141
17427,-0.000244141
17428,7.99976
17429,-8
17430,0.00195313
17431,0.00170898
17432,0.00219727
17433,-0.00195313
17434,-0.00219727
17435,-0.00170898
17436,-2.55762
17437,-2.54858
17438,-2.53955
17439,-2.53052
17440,-2.52148
17441,0
17442,0.000244141
17443,-0.000244141
17444,7.99976
17445,-8
17446,0.00195313
17447,0.00170898
17448,0.00219727
17449,-0.00195313
17450,-0.00219727
17451,-0.00170898
17452,-2.41309
17453,-2.40405
17454,-2.39502
17455,-2.38599
17456,-2.37695
17457,0
17458,0.000244141
17459,-0.000244141
17460,7.99976
17461,-8
17462,0.00195313
17463,0.00170898
17464,0.00219727
17465,-0.00195313
17466,-0.00219727
17467,-0.00170898
17468,-2.26855
17469,-2.25952
17470,-2.25049
17471,-2.24146
17472,-2.23242
17473,0
17474,0.000244141
17475,-0.000244141
17476,7.99976
17477,-8
17478,0.00195313
17479,0.00170898
17480,0.00219727
17481,-0.00195313
17482,-0.00219727
17483,-0.00170898
17484,-2.12402
17485,-2.11499
17486,-2.10596
17487,-2.09692
17488,-2.08789
17489,0
17490,0.000244141
17491,-0.000244141
17492,7.99976
17493,-8
17494,0.00195313
17495,0.00170898
17496,0.00219727
17497,-0.00195313
17498,-0.00219727
17499,-0.00170898
17500,-1.97949
17501,-1.97046
17502,-1.96143
17503,-1.95239
17504,-1.94336
17505,0
17506,0.000244141
17507,-0.000244141
17508,7.99976
17509,-8
17510,0.00195313
17511,0.00170898
17512,0.00219727
17513,-0.00195313
17514,-0.00219727
17515,-0.00170898
17516,-1.83496
17517,-1.82593
17518,-1.81689
17519,-1.80786
17520,-1.79883
17521,0
17522,0.000244141
17523,-0.000244141
17524,7.99976
17525,-8
17526,0.00195313
17527,0.00170898
17528,0.00219727
17529,-0.00195313
17530,-0.00219727
17531,-0.00170898
17532,-1.69043
17533,-1.6814
17534,-1.67236
17535,-1.66333
17536,-1.6543
17537,0
17538,0.000244141
17539,-0.000244141
17540,7.99976
17541,-8
17542,0.00195313
17543,0.00170898
17544,0.00219727
17545,-0.00195313
17546,-0.00219727
17547,-0.00170898
17548,-1.5459
17549,-1.53687
17550,-1.52783
17551,-1.5188
17552,-1.50977
17553,0
17554,0.000244141
17555,-0.000244141
17556,7.99976
17557,-8
17558,0.00195313
17559,0.00170898
17560,0.00219727
17561,-0.00195313
17562,-0.00219727
17563,-0.00170898
17564,-1.40137
17565,-1.39233
17566,-1.3833
17567,-1.37427
17568,-1.36523
17569,0
17570,0.000244141
17571,-0.000244141
17572,7.99976
17573,-8
17574,0.00195313
17575,0.00170898
17576,0.00219727
17577,-0.00195313
17578,-0.00219727
17579,-0.00170898
17580,-1.25684
17581,-1.2478
17582,-1.23877
17583,-1.22974
17584,-1.2207
17585,0
17586,0.000244141
17587,-0.000244141
17588,7.99976
17589,-8
17590,0.00195313
17591,0.00170898
17592,0.00219727
17593,-0.00195313
17594,-0.00219727
17595,-0.00170898
17596,-1.1123
17597,-1.10327
17598,-1.09424
17599,-1.08521
17600,-1.07617
17601,0
17602,0.000244141
17603,-0.000244141
17604,7.99976
17605,-8
17606,0.00195313
17607,0.00170898
17608,0.00219727
17609,-0.00195313
17610,-0.00219727
17611,-0.00170898
17612,-0.967773
17613,-0.95874
17614,-0.949707
17615,-0.940674
17616,-0.931641
17617,0
17618,0.000244141
17619,-0.000244141
17620,7.99976
17621,-8
17622,0.00195313
17623,0.00170898
17624,0.00219727
17625,-0.00195313
17626,-0.00219727
17627,-0.00170898
17628,-0.823242
17629,-0.814209
17630,-0.805176
17631,-0.796143
17632,-0.787109
17633,0
17634,0.000244141
17635,-0.000244141
17636,7.99976
17637,-8
17638,0.00195313
17639,0.00170898
17640,0.00219727
17641,-0.00195313
17642,-0.00219727
17643,-0.00170898
17644,-0.678711
17645,-0.669678
17646,-0.660645
17647,-0.651611
17648,-0.642578
17649,0
17650,0.000244141
17651,-0.000244141
17652,7.99976
17653,-8
17654,0.00195313
17655,0.00170898
17656,0.00219727
17657,-0.00195313
17658,-0.00219727
17659,-0.00170898
17660,-0.53418
17661,-0.525146
17662,-0.516113
17663,-0.50708
17664,-0.498047
17665,0
17666,0.000244141
17667,-0.000244141
17668,7.99976
17669,-8
17670,0.00195313
17671,0.00170898
17672,0.00219727
17673,-0.00195313
17674,-0.00219727
17675,-0.00170898
17676,-0.389648
17677,-0.380615
17678,-0.371582
17679,-0.362549
17680,-0.353516
17681,0
17682,0.000244141
17683,-0.000244141
17684,7.99976
17685,-8
17686,0.00195313
17687,0.00170898
17688,0.00219727
17689,-0.00195313
17690,-0.00219727
17691,-0.00170898
17692,-0.245117
17693,-0.236084
17694,-0.227051
17695,-0.218018
17696,-0.208984
17697,0
17698,0.000244141
17699,-0.000244141
17700,7.99976
17701,-8
17702,0.00195313
17703,0.00170898
17704,0.00219727
17705,-0.00195313
17706,-0.00219727
17707,-0.00170898
17708,-0.100586
17709,-0.0915527
17710,-0.0825195
17711,-0.0734863
17712,-0.0644531
17713,0
17714,0.000244141
17715,-0.000244141
17716,7.99976
17717,-8
17718,0.00195313
17719,0.00170898
17720,0.00219727
17721,-0.00195313
17722,-0.00219727
17723,-0.00170898
17724,0.0439453
17725,0.0529785
17726,0.0620117
17727,0.0710449
17728,0.0800781
17729,0
17730,0.000244141
17731,-0.000244141
17732,7.99976
17733,-8
17734,0.00195313
17735,0.00170898
17736,0.00219727
17737,-0.00195313
17738,-0.00219727
17739,-0.00170898
17740,0.188477
17741,0.19751
17742,0.206543
17743,0.215576
17744,0.224609
17745,0
17746,0.000244141
17747,-0.000244141
17748,7.99976
17749,-8
17750,0.00195313
17751,0.00170898
17752,0.00219727
17753,-0.00195313
17754,-0.00219727
17755,-0.00170898
17756,0.333008
17757,0.342041
17758,0.351074
17759,0.360107
17760,0.369141
17761,0
17762,0.000244141
17763,-0.000244141
17764,7.99976
17765,-8
17766,0.00195313
17767,0.00170898
17768,0.00219727
17769,-0.00195313
17770,-0.00219727
17771,-0.00170898
17772,0.477539
17773,0.486572
17774,0.495605
17775,0.504639
17776,0.513672
17777,0
17778,0.000244141
17779,-0.000244141
17780,7.99976
17781,-8
17782,0.00195313
17783,0.00170898
17784,0.00219727
17785,-0.00195313
17786,-0.00219727
17787,-0.00170898
17788,0.62207
17789,0.631104
17790,0.640137
17791,0.64917
17792,0.658203
17793,0
17794,0.000244141
17795,-0.000244141
17796,7.99976
17797,-8
17798,0.00195313
17799,0.00170898
17800,0.00219727
17801,-0.00195313
17802,-0.00219727
17803,-0.00170898
17804,0.766602
17805,0.775635
17806,0.784668
17807,0.793701
17808,0.802734
17809,0
17810,0.000244141
17811,-0.000244141
17812,7.99976
17813,-8
17814,0.00195313
17815,0.00170898
17816,0.00219727
17817,-0.00195313
17818,-0.00219727
17819,-0.00170898
17820,0.911133
17821,0.920166
17822,0.929199
17823,0.938232
17824,0.947266
17825,0
17826,0.000244141
17827,-0.000244141
17828,7.99976
17829,-8
17830,0.00195313
17831,0.00170898
17832,0.00219727
17833,-0.00195313
17834,-0.00219727
17835,-0.00170898
17836,1.05566
17837,1.0647
17838,1.07373
17839,1.08276
17840,1.0918
17841,0
17842,0.000244141
17843,-0.000244141
17844,7.99976
17845,-8
17846,0.00195313
17847,0.00170898
17848,0.00219727
17849,-0.00195313
17850,-0.00219727
17851,-0.00170898
17852,1.2002
17853,1.20923
17854,1.21826
17855,1.22729
17856,1.23633
17857,0
17858,0.000244141
17859,-0.000244141
17860,7.99976
17861,-8
17862,0.00195313
17863,0.00170898
17864,0.00219727
17865,-0.00195313
17866,-0.00219727
17867,-0.00170898
17868,1.34473
17869,1.35376
17870,1.36279
17871,1.37183
17872,1.38086
17873,0
17874,0.000244141
17875,-0.000244141
17876,7.99976
17877,-8
17878,0.00195313
17879,0.00170898
17880,0.00219727
17881,-0.00195313
17882,-0.00219727
17883,-0.00170898
17884,1.48926
17885,1.49829
17886,1.50732
17887,1.51636
17888,1.52539
17889,0
17890,0.000244141
17891,-0.000244141
17892,7.99976
17893,-8
17894,0.00195313
17895,0.00170898
17896,0.00219727
17897,-0.00195313
17898,-0.00219727
17899,-0.00170898
17900,1.63379
17901,1.64282
17902,1.65186
17903,1.66089
17904,1.66992
17905,0
17906,0.000244141
17907,-0.000244141
17908,7.99976
17909,-8
17910,0.00195313
17911,0.00170898
17912,0.00219727
17913,-0.00195313
17914,-0.00219727
17915,-0.00170898
17916,1.77832
17917,1.78735
17918,1.79639
17919,1.80542
17920,1.81445
17921,0
17922,0.000244141
17923,-0.000244141
17924,7.99976
17925,-8
17926,0.00195313
17927,0.00170898
17928,0.00219727
17929,-0.00195313
17930,-0.00219727
17931,-0.00170898
17932,1.92285
17933,1.93188
17934,1.94092
17935,1.94995
17936,1.95898
17937,0
17938,0.000244141
17939,-0.000244141
17940,7.99976
17941,-8
17942,0.00195313
17943,0.00170898
17944,0.00219727
17945,-0.00195313
17946,-0.00219727
17947,-0.00170898
17948,2.06738
17949,2.07642
17950,2.08545
17951,2.09448
17952,2.10352
17953,0
17954,0.000244141
17955,-0.000244141
17956,7.99976
17957,-8
17958,0.00195313
17959,0.00170898
17960,0.00219727
17961,-0.00195313
17962,-0.00219727
17963,-0.00170898
17964,2.21191
17965,2.22095
17966,2.22998
17967,2.23901
17968,2.24805
17969,0
17970,0.000244141
17971,-0.000244141
17972,7.99976
17973,-8
17974,0.00195313
17975,0.00170898
17976,0.00219727
17977,-0.00195313
17978,-0.00219727
17979,-0.00170898
17980,2.35645
17981,2.36548
17982,2.37451
17983,2.38354
17984,2.39258
17985,0
17986,0.000244141
17987,-0.000244141
17988,7.99976
17989,-8
17990,0.00195313
17991,0.00170898
17992,0.00219727
17993,-0.00195313
17994,-0.00219727
17995,-0.00170898
17996,2.50098
17997,2.51001
17998,2.51904
17999,2.52808
18000,2.53711
18001,0
18002,0.000244141
18003,-0.000244141
18004,7.99976
18005,-8
18006,0.00195313
18007,0.00170898
18008,0.00219727
18009,-0.00195313
18010,-0.00219727
18011,-0.00170898
18012,2.64551
18013,2.65454
18014,2.66357
18015,2.67261
18016,2.68164
18017,0
18018,0.000244141
18019,-0.000244141
18020,7.99976
18021,-8
18022,0.00195313
18023,0.00170898
18024,0.00219727
18025,-0.00195313
18026,-0.00219727
18027,-0.00170898
18028,2.79004
18029,2.79907
18030,2.80811
18031,2.81714
18032,2.82617
18033,0
18034,0.000244141
18035,-0.000244141
18036,7.99976
18037,-8
18038,0.00195313
18039,0.00170898
18040,0.00219727
18041,-0.00195313
18042,-0.00219727
18043,-0.00170898
18044,2.93457
18045,2.9436
18046,2.95264
18047,2.96167
18048,2.9707
18049,0
18050,0.000244141
18051,-0.000244141
18052,7.99976
18053,-8
18054,0.00195313
18055,0.00170898
18056,0.00219727
18057,-0.00195313
18058,-0.00219727
18059,-0.00170898
18060,3.0791
18061,3.08813
18062,3.09717
18063,3.1062
18064,3.11523
18065,0
18066,0.000244141
18067,-0.000244141
18068,7.99976
18069,-8
18070,0.00195313
18071,0.00170898
18072,0.00219727
18073,-0.00195313
18074,-0.00219727
18075,-0.00170898
18076,3.22363
18077,3.23267
18078,3.2417
18079,3.25073
18080,3.25977
18081,0
18082,0.000244141
18083,-0.000244141
18084,7.99976
18085,-8
18086,0.00195313
18087,0.00170898
18088,0.00219727
18089,-0.00195313
18090,-0.00219727
18091,-0.00170898
18092,3.36816
18093,3.3772
18094,3.38623
18095,3.39526
18096,3.4043
18097,0
18098,0.000244141
18099,-0.000244141
18100,7.99976
18101,-8
18102,0.00195313
18103,0.00170898
18104,0.00219727
18105,-0.00195313
18106,-0.00219727
18107,-0.00170898
18108,3.5127
18109,3.52173
18110,3.53076
18111,3.53979
18112,3.54883
18113,0
18114,0.000244141
18115,-0.000244141
18116,7.99976
18117,-8
18118,0.00195313
18119,0.00170898
18120,0.00219727
18121,-0.00195313
18122,-0.00219727
18123,-0.00170898
18124,3.65723
18125,3.66626
18126,3.67529
18127,3.68433
18128,3.69336
18129,0
18130,0.000244141
18131,-0.000244141
18132,7.99976
18133,-8
18134,0.00195313
18135,0.00170898
18136,0.00219727
18137,-0.00195313
18138,-0.00219727
18139,-0.00170898
18140,3.80176
18141,3.81079
18142,3.81982
18143,3.82886
18144,3.83789
18145,0
18146,0.000244141
18147,-0.000244141
18148,7.99976
18149,-8
18150,0.00195313
18151,0.00170898
18152,0.00219727
18153,-0.00195313
18154,-0.00219727
18155,-0.00170898
18156,3.94629
18157,3.95532
18158,3.96436
18159,3.97339
18160,3.98242
18161,0
18162,0.000244141
18163,-0.000244141
18164,7.99976
18165,-8
18166,0.00195313
18167,0.00170898
18168,0.00219727
18169,-0.00195313
18170,-0.00219727
18171,-0.00170898
18172,4.09082
18173,4.09985
18174,4.10889
18175,4.11792
18176,4.12695
18177,0
18178,0.000244141
18179,-0.000244141
18180,7.99976
18181,-8
18182,0.00195313
18183,0.00170898
18184,0.00219727
18185,-0.00195313
18186,-0.00219727
18187,-0.00170898
18188,4.23535
18189,4.24438
18190,4.25342
18191,4.26245
18192,4.27148
18193,0
18194,0.000244141
18195,-0.000244141
18196,7.99976
18197,-8
18198,0.00195313
18199,0.00170898
18200,0.00219727
18201,-0.00195313
18202,-0.00219727
18203,-0.00170898
18204,4.37988
18205,4.38892
18206,4.39795
18207,4.40698
18208,4.41602
18209,0
18210,0.000244141
18211,-0.000244141
18212,7.99976
18213,-8
18214,0.00195313
18215,0.00170898
18216,0.00219727
18217,-0.00195313
18218,-0.00219727
18219,-0.00170898
18220,4.52441
18221,4.53345
18222,4.54248
18223,4.55151
18224,4.56055
18225,0
18226,0.000244141
18227,-0.000244141
18228,7.99976
18229,-8
18230,0.00195313
18231,0.00170898
18232,0.00219727
18233,-0.00195313
18234,-0.00219727
18235,-0.00170898
18236,4.66895
18237,4.67798
18238,4.68701
18239,4.69604
18240,4.70508
18241,0
18242,0.000244141
18243,-0.000244141
18244,7.99976
18245,-8
18246,0.00195313
18247,0.00170898
18248,0.00219727
18249,-0.00195313
18250,-0.00219727
18251,-0.00170898
18252,4.81348
18253,4.82251
18254,4.83154
18255,4.84058
18256,4.84961
18257,0
18258,0.000244141
18259,-0.000244141
18260,7.99976
18261,-8
18262,0.00195313
18263,0.00170898
18264,0.00219727
18265,-0.00195313
18266,-0.00219727
18267,-0.00170898
18268,4.95801
18269,4.96704
18270,4.97607
18271,4.98511
18272,4.99414
18273,0
18274,0.000244141
18275,-0.000244141
18276,7.99976
18277,-8
18278,0.00195313
18279,0.00170898
18280,0.00219727
18281,-0.00195313
18282,-0.00219727
18283,-0.00170898
18284,5.10254
18285,5.11157
18286,5.12061
18287,5.12964
18288,5.13867
18289,0
18290,0.000244141
18291,-0.000244141
18292,7.99976
18293,-8
18294,0.00195313
18295,0.00170898
18296,0.00219727
18297,-0.00195313
18298,-0.00219727
18299,-0.00170898
18300,5.24707
18301,5.2561
18302,5.26514
18303,5.27417
18304,5.2832
18305,0
18306,0.000244141
18307,-0.000244141
18308,7.99976
18309,-8
18310,0.00195313
18311,0.00170898
18312,0.00219727
18313,-0.00195313
18314,-0.00219727
18315,-0.00170898
18316,5.3916
18317,5.40063
18318,5.40967
18319,5.4187
18320,5.42773
18321,0
18322,0.000244141
18323,-0.000244141
18324,7.99976
18325,-8
18326,0.00195313
18327,0.00170898
18328,0.00219727
18329,-0.00195313
18330,-0.00219727
18331,-0.00170898
18332,5.53613
18333,5.54517
18334,5.5542
18335,5.56323
18336,5.57227
18337,0
18338,0.000244141
18339,-0.000244141
18340,7.99976
18341,-8
18342,0.00195313
18343,0.00170898
18344,0.00219727
18345,-0.00195313
18346,-0.00219727
18347,-0.00170898
18348,5.68066
18349,5.6897
18350,5.69873
18351,5.70776
18352,5.7168
18353,0
18354,0.000244141
18355,-0.000244141
18356,7.99976
18357,-8
18358,0.00195313
18359,0.00170898
18360,0.00219727
18361,-0.00195313
18362,-0.00219727
18363,-0.00170898
18364,5.8252
18365,5.83423
18366,5.84326
18367,5.85229
18368,5.86133
18369,0
18370,0.000244141
18371,-0.000244141
18372,7.99976
18373,-8
18374,0.00195313
18375,0.00170898
18376,0.00219727
18377,-0.00195313
18378,-0.00219727
18379,-0.00170898
18380,5.96973
18381,5.97876
18382,5.98779
18383,5.99683
18384,6.00586
18385,0
18386,0.000244141
18387,-0.000244141
18388,7.99976
18389,-8
18390,0.00195313
18391,0.00170898
18392,0.00219727
18393,-0.00195313
18394,-0.00219727
18395,-0.00170898
18396,6.11426
18397,6.12329
18398,6.13232
18399,6.14136
18400,6.15039
18401,0
18402,0.000244141
18403,-0.000244141
18404,7.99976
18405,-8
18406,0.00195313
18407,0.00170898
18408,0.00219727
18409,-0.00195313
18410,-0.00219727
18411,-0.00170898
18412,6.25879
18413,6.26782
18414,6.27686
18415,6.28589
18416,6.29492
18417,0
18418,0.000244141
18419,-0.000244141
18420,7.99976
18421,-8
18422,0.00195313
18423,0.00170898
18424,0.00219727
18425,-0.00195313
18426,-0.00219727
18427,-0.00170898
18428,6.40332
18429,6.41235
18430,6.42139
18431,6.43042
18432,6.43945
18433,0
18434,0.000244141
18435,-0.000244141
18436,7.99976
18437,-8
18438,0.00195313
18439,0.00170898
18440,0.00219727
18441,-0.00195313
18442,-0.00219727
18443,-0.00170898
18444,6.54785
18445,6.55688
18446,6.56592
18447,6.57495
18448,6.58398
18449,0
18450,0.000244141
18451,-0.000244141
18452,7.99976
18453,-8
18454,0.00195313
18455,0.00170898
18456,0.00219727
18457,-0.00195313
18458,-0.00219727
18459,-0.00170898
18460,6.69238
18461,6.70142
18462,6.71045
18463,6.71948
18464,6.72852
18465,0
18466,0.000244141
18467,-0.000244141
18468,7.99976
18469,-8
18470,0.00195313
18471,0.00170898
18472,0.00219727
18473,-0.00195313
18474,-0.00219727
18475,-0.00170898
18476,6.83691
18477,6.84595
18478,6.85498
18479,6.86401
18480,6.87305
18481,0
18482,0.000244141
18483,-0.000244141
18484,7.99976
18485,-8
18486,0.00195313
18487,0.00170898
18488,0.00219727
18489,-0.00195313
18490,-0.00219727
18491,-0.00170898
18492,6.98145
18493,6.99048
18494,6.99951
18495,7.00854
18496,7.01758
18497,0
18498,0.000244141
18499,-0.000244141
18500,7.99976
18501,-8
18502,0.00195313
18503,0.00170898
18504,0.00219727
18505,-0.00195313
18506,-0.00219727
18507,-0.00170898
18508,7.12598
18509,7.13501
18510,7.14404
18511,7.15308
18512,7.16211
18513,0
18514,0.000244141
18515,-0.000244141
18516,7.99976
18517,-8
18518,0.00195313
18519,0.00170898
18520,0.00219727
18521,-0.00195313
18522,-0.00219727
18523,-0.00170898
18524,7.27051
18525,7.27954
18526,7.28857
18527,7.29761
18528,7.30664
18529,0
18530,0.000244141
18531,-0.000244141
18532,7.99976
18533,-8
18534,0.00195313
18535,0.00170898
18536,0.00219727
18537,-0.00195313
18538,-0.00219727
18539,-0.00170898
18540,7.41504
18541,7.42407
18542,7.43311
18543,7.44214
18544,7.45117
18545,0
18546,0.000244141
18547,-0.000244141
18548,7.99976
18549,-8
18550,0.00195313
18551,0.00170898
18552,0.00219727
18553,-0.00195313
18554,-0.00219727
18555,-0.00170898
18556,7.55957
18557,7.5686
18558,7.57764
18559,7.58667
18560,7.5957
18561,0
18562,0.000244141
18563,-0.000244141
18564,7.99976
18565,-8
18566,0.00195313
18567,0.00170898
18568,0.00219727
18569,-0.00195313
18570,-0.00219727
18571,-0.00170898
18572,7.7041
18573,7.71313
18574,7.72217
18575,7.7312
18576,7.74023
18577,0
18578,0.000244141
18579,-0.000244141
18580,7.99976
18581,-8
18582,0.00195313
18583,0.00170898
18584,0.00219727
18585,-0.00195313
18586,-0.00219727
18587,-0.00170898
18588,7.84863
18589,7.85767
18590,7.8667
18591,7.87573
18592,7.88477
18593,0
18594,0.000244141
18595,-0.000244141
18596,7.99976
18597,-8
18598,0.00195313
18599,0.00170898
18600,0.00219727
18601,-0.00195313
18602,-0.00219727
18603,-0.00170898
18604,7.99316
18605,-7.9978
18606,-7.98877
18607,-7.97974
18608,-7.9707
18609,0
18610,0.000244141
18611,-0.000244141
18612,7.99976
18613,-8
18614,0.00195313
18615,0.00170898
18616,0.00219727
18617,-0.00195313
18618,-0.00219727
18619,-0.00170898
18620,-7.8623
18621,-7.85327
18622,-7.84424
18623,-7.83521
18624,-7.82617
18625,0
18626,0.000244141
18627,-0.000244141
18628,7.99976
18629,-8
18630,0.00195313
18631,0.00170898
18632,0.00219727
18633,-0.00195313
18634,-0.00219727
18635,-0.00170898
18636,-7.71777
18637,-7.70874
18638,-7.69971
18639,-7.69067
18640,-7.68164
18641,0
18642,0.000244141
18643,-0.000244141
18644,7.99976
18645,-8
18646,0.00195313
18647,0.00170898
18648,0.00219727
18649,-0.00195313
18650,-0.00219727
18651,-0.00170898
18652,-7.57324
18653,-7.56421
18654,-7.55518
18655,-7.54614
18656,-7.53711
18657,0
18658,0.000244141
18659,-0.000244141
18660,7.99976
18661,-8
18662,0.00195313
18663,0.00170898
18664,0.00219727
18665,-0.00195313
18666,-0.00219727
18667,-0.00170898
18668,-7.42871
18669,-7.41968
18670,-7.41064
18671,-7.40161
18672,-7.39258
18673,0
18674,0.000244141
18675,-0.000244141
18676,7.99976
18677,-8
18678,0.00195313
18679,0.00170898
18680,0.00219727
18681,-0.00195313
18682,-0.00219727
18683,-0.00170898
18684,-7.28418
18685,-7.27515
18686,-7.26611
18687,-7.25708
18688,-7.24805
18689,0
18690,0.000244141
18691,-0.000244141
18692,7.99976
18693,-8
18694,0.00195313
18695,0.00170898
18696,0.00219727
18697,-0.00195313
18698,-0.00219727
18699,-0.00170898
18700,-7.13965
18701,-7.13062
18702,-7.12158
18703,-7.11255
18704,-7.10352
18705,0
18706,0.000244141
18707,-0.000244141
18708,7.99976
18709,-8
18710,0.00195313
18711,0.00170898
18712,0.00219727
18713,-0.00195313
18714,-0.00219727
18715,-0.00170898
18716,-6.99512
18717,-6.98608
18718,-6.97705
18719,-6.96802
18720,-6.95898
18721,0
18722,0.000244141
18723,-0.000244141
18724,7.99976
18725,-8
18726,0.00195313
18727,0.00170898
18728,0.00219727
18729,-0.00195313
18730,-0.00219727
18731,-0.00170898
18732,-6.85059
18733,-6.84155
18734,-6.83252
18735,-6.82349
18736,-6.81445
18737,0
18738,0.000244141
18739,-0.000244141
18740,7.99976
18741,-8
18742,0.00195313
18743,0.00170898
18744,0.00219727
18745,-0.00195313
18746,-0.00219727
18747,-0.00170898
18748,-6.70605
18749,-6.69702
18750,-6.68799
18751,-6.67896
18752,-6.66992
18753,0
18754,0.000244141
18755,-0.000244141
18756,7.99976
18757,-8
18758,0.00195313
18759,0.00170898
18760,0.00219727
18761,-0.00195313
18762,-0.00219727
18763,-0.00170898
18764,-6.56152
18765,-6.55249
18766,-6.54346
18767,-6.53442
18768,-6.52539
18769,0
18770,0.000244141
18771,-0.000244141
18772,7.99976
18773,-8
18774,0.00195313
18775,0.00170898
18776,0.00219727
18777,-0.00195313
18778,-0.00219727
18779,-0.00170898
18780,-6.41699
18781,-6.40796
18782,-6.39893
18783,-6.38989
18784,-6.38086
18785,0
18786,0.000244141
18787,-0.000244141
18788,7.99976
18789,-8
18790,0.00195313
18791,0.00170898
18792,0.00219727
18793,-0.00195313
18794,-0.00219727
18795,-0.00170898
18796,-6.27246
18797,-6.26343
18798,-6.25439
18799,-6.24536
18800,-6.23633
18801,0
18802,0.000244141
18803,-0.000244141
18804,7.99976
18805,-8
18806,0.00195313
18807,0.00170898
18808,0.00219727
18809,-0.00195313
18810,-0.00219727
18811,-0.00170898
18812,-6.12793
18813,-6.1189
18814,-6.10986
18815,-6.10083
18816,-6.0918
18817,0
18818,0.000244141
18819,-0.000244141
18820,7.99976
18821,-8
18822,0.00195313
18823,0.00170898
18824,0.00219727
18825,-0.00195313
18826,-0.00219727
18827,-0.00170898
18828,-5.9834
18829,-5.97437
18830,-5.96533
18831,-5.9563
18832,-5.94727
18833,0
18834,0.000244141
18835,-0.000244141
18836,7.99976
18837,-8
18838,0.00195313
18839,0.00170898
18840,0.00219727
18841,-0.00195313
18842,-0.00219727
18843,-0.00170898
18844,-5.83887
18845,-5.82983
18846,-5.8208
18847,-5.81177
18848,-5.80273
18849,0
18850,0.000244141
18851,-0.000244141
18852,7.99976
18853,-8
18854,0.00195313
18855,0.00170898
18856,0.00219727
18857,-0.00195313
18858,-0.00219727
18859,-0.00170898
18860,-5.69434
18861,-5.6853
18862,-5.67627
18863,-5.66724
18864,-5.6582
18865,0
18866,0.000244141
18867,-0.000244141
18868,7.99976
18869,-8
18870,0.00195313
18871,0.00170898
18872,0.00219727
18873,-0.00195313
18874,-0.00219727
18875,-0.00170898
18876,-5.5498
18877,-5.54077
18878,-5.53174
18879,-5.52271
18880,-5.51367
18881,0
18882,0.000244141
18883,-0.000244141
18884,7.99976
18885,-8
18886,0.00195313
18887,0.00170898
18888,0.00219727
18889,-0.00195313
18890,-0.00219727
18891,-0.00170898
18892,-5.40527
18893,-5.39624
18894,-5.38721
18895,-5.37817
18896,-5.36914
18897,0
18898,0.000244141
18899,-0.000244141
18900,7.99976
18901,-8
18902,0.00195313
18903,0.00170898
18904,0.00219727
18905,-0.00195313
18906,-0.00219727
18907,-0.00170898
18908,-5.26074
18909,-5.25171
18910,-5.24268
18911,-5.23364
18912,-5.22461
18913,0
18914,0.000244141
18915,-0.000244141
18916,7.99976
18917,-8
18918,0.00195313
18919,0.00170898
18920,0.00219727
18921,-0.00195313
18922,-0.00219727
18923,-0.00170898
18924,-5.11621
18925,-5.10718
18926,-5.09814
18927,-5.08911
18928,-5.08008
18929,0
18930,0.000244141
18931,-0.000244141
18932,7.99976
18933,-8
18934,0.00195313
18935,0.00170898
18936,0.00219727
18937,-0.00195313
18938,-0.00219727
18939,-0.00170898
18940,-4.97168
18941,-4.96265
18942,-4.95361
18943,-4.94458
18944,-4.93555
18945,0
18946,0.000244141
18947,-0.000244141
18948,7.99976
18949,-8
18950,0.00195313
18951,0.00170898
18952,0.00219727
18953,-0.00195313
18954,-0.00219727
18955,-0.00170898
18956,-4.82715
18957,-4.81812
18958,-4.80908
18959,-4.80005
18960,-4.79102
18961,0
18962,0.000244141
18963,-0.000244141
18964,7.99976
18965,-8
18966,0.00195313
18967,0.00170898
18968,0.00219727
18969,-0.00195313
18970,-0.00219727
18971,-0.00170898
18972,-4.68262
18973,-4.67358
18974,-4.66455
18975,-4.65552
18976,-4.64648
18977,0
18978,0.000244141
18979,-0.000244141
18980,7.99976
18981,-8
18982,0.00195313
18983,0.00170898
18984,0.00219727
18985,-0.00195313
18986,-0.00219727
18987,-0.00170898
18988,-4.53809
18989,-4.52905
18990,-4.52002
18991,-4.51099
18992,-4.50195
18993,0
18994,0.000244141
18995,-0.000244141
18996,7.99976
18997,-8
18998,0.00195313
18999,0.00170898
19000,0.00219727
19001,-0.00195313
19002,-0.00219727
19003,-0.00170898
19004,-4.39355
19005,-4.38452
19006,-4.37549
19007,-4.36646
19008,-4.35742
19009,0
19010,0.000244141
19011,-0.000244141
19012,7.99976
19013,-8
19014,0.00195313
19015,0.00170898
19016,0.00219727
19017,-0.00195313
19018,-0.00219727
19019,-0.00170898
19020,-4.24902
19021,-4.23999
19022,-4.23096
19023,-4.22192
19024,-4.21289
19025,0
19026,0.000244141
19027,-0.000244141
19028,7.99976
19029,-8
19030,0.00195313
19031,0.00170898
19032,0.00219727
19033,-0.00195313
19034,-0.00219727
19035,-0.00170898
19036,-4.10449
19037,-4.09546
19038,-4.08643
19039,-4.07739
19040,-4.06836
19041,0
19042,0.000244141
19043,-0.000244141
19044,7.99976
19045,-8
19046,0.00195313
19047,0.00170898
19048,0.00219727
19049,-0.00195313
19050,-0.00219727
19051,-0.00170898
19052,-3.95996
19053,-3.95093
19054,-3.94189
19055,-3.93286
19056,-3.92383
19057,0
19058,0.000244141
19059,-0.000244141
19060,7.99976
19061,-8
19062,0.00195313
19063,0.00170898
19064,0.00219727
19065,-0.00195313
19066,-0.00219727
19067,-0.00170898
19068,-3.81543
19069,-3.8064
19070,-3.79736
19071,-3.78833
19072,-3.7793
19073,0
19074,0.000244141
19075,-0.000244141
19076,7.99976
19077,-8
19078,0.00195313
19079,0.00170898
19080,0.00219727
19081,-0.00195313
19082,-0.00219727
19083,-0.00170898
19084,-3.6709
19085,-3.66187
19086,-3.65283
19087,-3.6438
19088,-3.63477
19089,0
19090,0.000244141
19091,-0.000244141
19092,7.99976
19093,-8
19094,0.00195313
19095,0.00170898
19096,0.00219727
19097,-0.00195313
19098,-0.00219727
19099,-0.00170898
19100,-3.52637
19101,-3.51733
19102,-3.5083
19103,-3.49927
19104,-3.49023
19105,0
19106,0.000244141
19107,-0.000244141
19108,7.99976
19109,-8
19110,0.00195313
19111,0.00170898
19112,0.00219727
19113,-0.00195313
19114,-0.00219727
19115,-0.00170898
19116,-3.38184
19117,-3.3728
19118,-3.36377
19119,-3.35474
19120,-3.3457
19121,0
19122,0.000244141
19123,-0.000244141
19124,7.99976
19125,-8
19126,0.00195313
19127,0.00170898
19128,0.00219727
19129,-0.00195313
19130,-0.00219727
19131,-0.00170898
19132,-3.2373
19133,-3.22827
19134,-3.21924
19135,-3.21021
19136,-3.20117
19137,0
19138,0.000244141
19139,-0.000244141
19140,7.99976
19141,-8
19142,0.00195313
19143,0.00170898
19144,0.00219727
19145,-0.00195313
19146,-0.00219727
19147,-0.00170898
19148,-3.09277
19149,-3.08374
19150,-3.07471
19151,-3.06567
19152,-3.05664
19153,0
19154,0.000244141
19155,-0.000244141
19156,7.99976
19157,-8
19158,0.00195313
19159,0.00170898
19160,0.00219727
19161,-0.00195313
19162,-0.00219727
19163,-0.00170898
19164,-2.94824
19165,-2.93921
19166,-2.93018
19167,-2.92114
19168,-2.91211
19169,0
19170,0.000244141
19171,-0.000244141
19172,7.99976
19173,-8
19174,0.00195313
19175,0.00170898
19176,0.00219727
19177,-0.00195313
19178,-0.00219727
19179,-0.00170898
19180,-2.80371
19181,-2.79468
19182,-2.78564
19183,-2.77661
19184,-2.76758
19185,0
19186,0.000244141
19187,-0.000244141
19188,7.99976
19189,-8
19190,0.00195313
19191,0.00170898
19192,0.00219727
19193,-0.00195313
19194,-0.00219727
19195,-0.00170898
19196,-2.65918
19197,-2.65015
19198,-2.64111
19199,-2.63208
19200,-2.62305
19201,0
19202,0.000244141
19203,-0.000244141
19204,7.99976
19205,-8
19206,0.00195313
19207,0.00170898
19208,0.00219727
19209,-0.00195313
19210,-0.00219727
19211,-0.00170898
19212,-2.51465
19213,-2.50562
19214,-2.49658
19215,-2.48755
19216,-2.47852
19217,0
19218,0.000244141
19219,-0.000244141
19220,7.99976
19221,-8
19222,0.00195313
19223,0.00170898
19224,0.00219727
19225,-0.00195313
19226,-0.00219727
19227,-0.00170898
19228,-2.37012
19229,-2.36108
19230,-2.35205
19231,-2.34302
19232,-2.33398
19233,0
19234,0.000244141
19235,-0.000244141
19236,7.99976
19237,-8
19238,0.00195313
19239,0.00170898
19240,0.00219727
19241,-0.00195313
19242,-0.00219727
19243,-0.00170898
19244,-2.22559
19245,-2.21655
19246,-2.20752
19247,-2.19849
19248,-2.18945
19249,0
19250,0.000244141
19251,-0.000244141
19252,7.99976
19253,-8
19254,0.00195313
19255,0.00170898
19256,0.00219727
19257,-0.00195313
19258,-0.00219727
19259,-0.00170898
19260,-2.08105
19261,-2.07202
19262,-2.06299
19263,-2.05396
19264,-2.04492
19265,0
19266,0.000244141
19267,-0.000244141
19268,7.99976
19269,-8
19270,0.00195313
19271,0.00170898
19272,0.00219727
19273,-0.00195313
19274,-0.00219727
19275,-0.00170898
19276,-1.93652
19277,-1.92749
19278,-1.91846
19279,-1.90942
19280,-1.90039
19281,0
19282,0.000244141
19283,-0.000244141
19284,7.99976
19285,-8
19286,0.00195313
19287,0.00170898
19288,0.00219727
19289,-0.00195313
19290,-0.00219727
19291,-0.00170898
19292,-1.79199
19293,-1.78296
19294,-1.77393
19295,-1.76489
19296,-1.75586
19297,0
19298,0.000244141
19299,-0.000244141
19300,7.99976
19301,-8
19302,0.00195313
19303,0.00170898
19304,0.00219727
19305,-0.00195313
19306,-0.00219727
19307,-0.00170898
19308,-1.64746
19309,-1.63843
19310,-1.62939
19311,-1.62036
19312,-1.61133
19313,0
19314,0.000244141
19315,-0.000244141
19316,7.99976
19317,-8
19318,0.00195313
19319,0.00170898
19320,0.00219727
19321,-0.00195313
19322,-0.00219727
19323,-0.00170898
19324,-1.50293
19325,-1.4939
19326,-1.48486
19327,-1.47583
19328,-1.4668
19329,0
19330,0.000244141
19331,-0.000244141
19332,7.99976
19333,-8
19334,0.00195313
19335,0.00170898
19336,0.00219727
19337,-0.00195313
19338,-0.00219727
19339,-0.00170898
19340,-1.3584
19341,-1.34937
19342,-1.34033
19343,-1.3313
19344,-1.32227
19345,0
19346,0.000244141
19347,-0.000244141
19348,7.99976
19349,-8
19350,0.00195313
19351,0.00170898
19352,0.00219727
19353,-0.00195313
19354,-0.00219727
19355,-0.00170898
19356,-1.21387
19357,-1.20483
19358,-1.1958
19359,-1.18677
19360,-1.17773
19361,0
19362,0.000244141
19363,-0.000244141
19364,7.99976
19365,-8
19366,0.00195313
19367,0.00170898
19368,0.00219727
19369,-0.00195313
19370,-0.00219727
19371,-0.00170898
19372,-1.06934
19373,-1.0603
19374,-1.05127
19375,-1.04224
19376,-1.0332
19377,0
19378,0.000244141
19379,-0.000244141
19380,7.99976
19381,-8
19382,0.00195313
19383,0.00170898
19384,0.00219727
19385,-0.00195313
19386,-0.00219727
19387,-0.00170898
19388,-0.924805
19389,-0.915771
19390,-0.906738
19391,-0.897705
19392,-0.888672
19393,0
19394,0.000244141
19395,-0.000244141
19396,7.99976
19397,-8
19398,0.00195313
19399,0.00170898
19400,0.00219727
19401,-0.00195313
19402,-0.00219727
19403,-0.00170898
19404,-0.780273
19405,-0.77124
19406,-0.762207
19407,-0.753174
19408,-0.744141
19409,0
19410,0.000244141
19411,-0.000244141
19412,7.99976
19413,-8
19414,0.00195313
19415,0.00170898
19416,0.00219727
19417,-0.00195313
19418,-0.00219727
19419,-0.00170898
19420,-0.635742
19421,-0.626709
19422,-0.617676
19423,-0.608643
19424,-0.599609
19425,0
19426,0.000244141
19427,-0.000244141
19428,7.99976
19429,-8
19430,0.00195313
19431,0.00170898
19432,0.00219727
19433,-0.00195313
19434,-0.00219727
19435,-0.00170898
19436,-0.491211
19437,-0.482178
19438,-0.473145
19439,-0.464111
19440,-0.455078
19441,0
19442,0.000244141
19443,-0.000244141
19444,7.99976
19445,-8
19446,0.00195313
19447,0.00170898
19448,0.00219727
19449,-0.00195313
19450,-0.00219727
19451,-0.00170898
19452,-0.34668
19453,-0.337646
19454,-0.328613
19455,-0.31958
19456,-0.310547
19457,0
19458,0.000244141
19459,-0.000244141
19460,7.99976
19461,-8
19462,0.00195313
19463,0.00170898
19464,0.00219727
19465,-0.00195313
19466,-0.00219727
19467,-0.00170898
19468,-0.202148
19469,-0.193115
19470,-0.184082
19471,-0.175049
19472,-0.166016
19473,0
19474,0.000244141
19475,-0.000244141
19476,7.99976
19477,-8
19478,0.00195313
19479,0.00170898
19480,0.00219727
19481,-0.00195313
19482,-0.00219727
19483,-0.00170898
19484,-0.0576172
19485,-0.048584
19486,-0.0395508
19487,-0.0305176
19488,-0.0214844
19489,0
19490,0.000244141
19491,-0.000244141
19492,7.99976
19493,-8
19494,0.00195313
19495,0.00170898
19496,0.00219727
19497,-0.00195313
19498,-0.00219727
19499,-0.00170898
19500,0.0869141
19501,0.0959473
19502,0.10498
19503,0.114014
19504,0.123047
19505,0
19506,0.000244141
19507,-0.000244141
19508,7.99976
19509,-8
19510,0.00195313
19511,0.00170898
19512,0.00219727
19513,-0.00195313
19514,-0.00219727
19515,-0.00170898
19516,0.231445
19517,0.240479
19518,0.249512
19519,0.258545
19520,0.267578
19521,0
19522,0.000244141
19523,-0.000244141
19524,7.99976
19525,-8
19526,0.00195313
19527,0.00170898
19528,0.00219727
19529,-0.00195313
19530,-0.00219727
19531,-0.00170898
19532,0.375977
19533,0.38501
19534,0.394043
19535,0.403076
19536,0.412109
19537,0
19538,0.000244141
19539,-0.000244141
19540,7.99976
19541,-8
19542,0.00195313
19543,0.00170898
19544,0.00219727
19545,-0.00195313
19546,-0.00219727
19547,-0.00170898
19548,0.520508
19549,0.529541
19550,0.538574
19551,0.547607
19552,0.556641
19553,0
19554,0.000244141
19555,-0.000244141
19556,7.99976
19557,-8
19558,0.00195313
19559,0.00170898
19560,0.00219727
19561,-0.00195313
19562,-0.00219727
19563,-0.00170898
19564,0.665039
19565,0.674072
19566,0.683105
19567,0.692139
19568,0.701172
19569,0
19570,0.000244141
19571,-0.000244141
19572,7.99976
19573,-8
19574,0.00195313
19575,0.00170898
19576,0.00219727
19577,-0.00195313
19578,-0.00219727
19579,-0.00170898
19580,0.80957
19581,0.818604
19582,0.827637
19583,0.83667
19584,0.845703
19585,0
19586,0.000244141
19587,-0.000244141
19588,7.99976
19589,-8
19590,0.00195313
19591,0.00170898
19592,0.00219727
19593,-0.00195313
19594,-0.00219727
19595,-0.00170898
19596,0.954102
19597,0.963135
19598,0.972168
19599,0.981201
19600,0.990234
19601,0
19602,0.000244141
19603,-0.000244141
19604,7.99976
19605,-8
19606,0.00195313
19607,0.00170898
19608,0.00219727
19609,-0.00195313
19610,-0.00219727
19611,-0.00170898
19612,1.09863
19613,1.10767
19614,1.1167
19615,1.12573
19616,1.13477
19617,0
19618,0.000244141
19619,-0.000244141
19620,7.99976
19621,-8
19622,0.00195313
19623,0.00170898
19624,0.00219727
19625,-0.00195313
19626,-0.00219727
19627,-0.00170898
19628,1.24316
19629,1.2522
19630,1.26123
19631,1.27026
19632,1.2793
19633,0
19634,0.000244141
19635,-0.000244141
19636,7.99976
19637,-8
19638,0.00195313
19639,0.00170898
19640,0.00219727
19641,-0.00195313
19642,-0.00219727
19643,-0.00170898
19644,1.3877
19645,1.39673
19646,1.40576
19647,1.41479
19648,1.42383
19649,0
19650,0.000244141
19651,-0.000244141
19652,7.99976
19653,-8
19654,0.00195313
19655,0.00170898
19656,0.00219727
19657,-0.00195313
19658,-0.00219727
19659,-0.00170898
19660,1.53223
19661,1.54126
19662,1.55029
19663,1.55933
19664,1.56836
19665,0
19666,0.000244141
19667,-0.000244141
19668,7.99976
19669,-8
19670,0.00195313
19671,0.00170898
19672,0.00219727
19673,-0.00195313
19674,-0.00219727
19675,-0.00170898
19676,1.67676
19677,1.68579
19678,1.69482
19679,1.70386
19680,1.71289
19681,0
19682,0.000244141
19683,-0.000244141
19684,7.99976
19685,-8
19686,0.00195313
19687,0.00170898
19688,0.00219727
19689,-0.00195313
19690,-0.00219727
19691,-0.00170898
19692,1.82129
19693,1.83032
19694,1.83936
19695,1.84839
19696,1.85742
19697,0
19698,0.000244141
19699,-0.000244141
19700,7.99976
19701,-8
19702,0.00195313
19703,0.00170898
19704,0.00219727
19705,-0.00195313
19706,-0.00219727
19707,-0.00170898
19708,1.96582
19709,1.97485
19710,1.98389
19711,1.99292
19712,2.00195
19713,0
19714,0.000244141
19715,-0.000244141
19716,7.99976
19717,-8
19718,0.00195313
19719,0.00170898
19720,0.00219727
19721,-0.00195313
19722,-0.00219727
19723,-0.00170898
19724,2.11035
19725,2.11938
19726,2.12842
19727,2.13745
19728,2.14648
19729,0
19730,0.000244141
19731,-0.000244141
19732,7.99976
19733,-8
19734,0.00195313
19735,0.00170898
19736,0.00219727
19737,-0.00195313
19738,-0.00219727
19739,-0.00170898
19740,2.25488
19741,2.26392
19742,2.27295
19743,2.28198
19744,2.29102
19745,0
19746,0.000244141
19747,-0.000244141
19748,7.99976
19749,-8
19750,0.00195313
19751,0.00170898
19752,0.00219727
19753,-0.00195313
19754,-0.00219727
19755,-0.00170898
19756,2.39941
19757,2.40845
19758,2.41748
19759,2.42651
19760,2.43555
19761,0
19762,0.000244141
19763,-0.000244141
19764,7.99976
19765,-8
19766,0.00195313
19767,0.00170898
19768,0.00219727
19769,-0.00195313
19770,-0.00219727
19771,-0.00170898
19772,2.54395
19773,2.55298
19774,2.56201
19775,2.57104
19776,2.58008
19777,0
19778,0.000244141
19779,-0.000244141
19780,7.99976
19781,-8
19782,0.00195313
19783,0.00170898
19784,0.00219727
19785,-0.00195313
19786,-0.00219727
19787,-0.00170898
19788,2.68848
19789,2.69751
19790,2.70654
19791,2.71558
19792,2.72461
19793,0
19794,0.000244141
19795,-0.000244141
19796,7.99976
19797,-8
19798,0.00195313
19799,0.00170898
19800,0.00219727
19801,-0.00195313
19802,-0.00219727
19803,-0.00170898
19804,2.83301
19805,2.84204
19806,2.85107
19807,2.86011
19808,2.86914
19809,0
19810,0.000244141
19811,-0.000244141
19812,7.99976
19813,-8
19814,0.00195313
19815,0.00170898
19816,0.00219727
19817,-0.00195313
19818,-0.00219727
19819,-0.00170898
19820,2.97754
19821,2.98657
19822,2.99561
19823,3.00464
19824,3.01367
19825,0
19826,0.000244141
19827,-0.000244141
19828,7.99976
19829,-8
19830,0.00195313
19831,0.00170898
19832,0.00219727
19833,-0.00195313
19834,-0.00219727
19835,-0.00170898
19836,3.12207
19837,3.1311
19838,3.14014
19839,3.14917
19840,3.1582
19841,0
19842,0.000244141
19843,-0.000244141
19844,7.99976
19845,-8
19846,0.00195313
19847,0.00170898
19848,0.00219727
19849,-0.00195313
19850,-0.00219727
19851,-0.00170898
19852,3.2666
19853,3.27563
19854,3.28467
19855,3.2937
19856,3.30273
19857,0
19858,0.000244141
19859,-0.000244141
19860,7.99976
19861,-8
19862,0.00195313
19863,0.00170898
19864,0.00219727
19865,-0.00195313
19866,-0.00219727
19867,-0.00170898
19868,3.41113
19869,3.42017
19870,3.4292
19871,3.43823
19872,3.44727
19873,0
19874,0.000244141
19875,-0.000244141
19876,7.99976
19877,-8
19878,0.00195313
19879,0.00170898
19880,0.00219727
19881,-0.00195313
19882,-0.00219727
19883,-0.00170898
19884,3.55566
19885,3.5647
19886,3.57373
19887,3.58276
19888,3.5918
19889,0
19890,0.000244141
19891,-0.000244141
19892,7.99976
19893,-8
19894,0.00195313
19895,0.00170898
19896,0.00219727
19897,-0.00195313
19898,-0.00219727
19899,-0.00170898
19900,3.7002
19901,3.70923
19902,3.71826
19903,3.72729
19904,3.73633
19905,0
19906,0.000244141
19907,-0.000244141
19908,7.99976
19909,-8
19910,0.00195313
19911,0.00170898
19912,0.00219727
19913,-0.00195313
19914,-0.00219727
19915,-0.00170898
19916,3.84473
19917,3.85376
19918,3.86279
19919,3.87183
19920,3.88086
19921,0
19922,0.000244141
19923,-0.000244141
19924,7.99976
19925,-8
19926,0.00195313
19927,0.00170898
19928,0.00219727
19929,-0.00195313
19930,-0.00219727
19931,-0.00170898
19932,3.98926
19933,3.99829
19934,4.00732
19935,4.01636
19936,4.02539
19937,0
19938,0.000244141
19939,-0.000244141
19940,7.99976
19941,-8
19942,0.00195313
19943,0.00170898
19944,0.00219727
19945,-0.00195313
19946,-0.00219727
19947,-0.00170898
19948,4.13379
19949,4.14282
19950,4.15186
19951,4.16089
19952,4.16992
19953,0
19954,0.000244141
19955,-0.000244141
19956,7.99976
19957,-8
19958,0.00195313
19959,0.00170898
19960,0.00219727
19961,-0.00195313
19962,-0.00219727
19963,-0.00170898
19964,4.27832
19965,4.28735
19966,4.29639
19967,4.30542
19968,4.31445
19969,0
19970,0.000244141
19971,-0.000244141
19972,7.99976
19973,-8
19974,0.00195313
19975,0.00170898
19976,0.00219727
19977,-0.00195313
19978,-0.00219727
19979,-0.00170898
19980,4.42285
19981,4.43188
19982,4.44092
19983,4.44995
19984,4.45898
19985,0
19986,0.000244141
19987,-0.000244141
19988,7.99976
19989,-8
19990,0.00195313
19991,0.00170898
19992,0.00219727
19993,-0.00195313
19994,-0.00219727
19995,-0.00170898
19996,4.56738
19997,4.57642
19998,4.58545
19999,4.59448
20000,4.60352
