cycle,o_word
1,0
2,0
3,0
4,7.99609375
5,-8
6,0.00390625
7,0
8,0.00390625
9,0
10,-0.00390625
11,0
12,0.046875
13,0.05859375
14,0.06640625
15,0.07421875
16,0.0859375
17,0
18,0
19,0
20,7.99609375
21,-8
22,0.00390625
23,0
24,0.00390625
25,0
26,-0.00390625
27,0
28,0.19140625
29,0.203125
30,0.2109375
31,0.21875
32,0.23046875
33,0
34,0
35,0
36,7.99609375
37,-8
38,0.00390625
39,0
40,0.00390625
41,0
42,-0.00390625
43,0
44,0.3359375
45,0.34765625
46,0.35546875
47,0.36328125
48,0.375
49,0
50,0
51,0
52,7.99609375
53,-8
54,0.00390625
55,0
56,0.00390625
57,0
58,-0.00390625
59,0
60,0.48046875
61,0.4921875
62,0.5
63,0.5078125
64,0.51953125
65,0
66,0
67,0
68,7.99609375
69,-8
70,0.00390625
71,0
72,0.00390625
73,0
74,-0.00390625
75,0
76,0.625
77,0.63671875
78,0.64453125
79,0.65234375
80,0.6640625
81,0
82,0
83,0
84,7.99609375
85,-8
86,0.00390625
87,0
88,0.00390625
89,0
90,-0.00390625
91,0
92,0.76953125
93,0.78125
94,0.7890625
95,0.796875
96,0.80859375
97,0
98,0
99,0
100,7.99609375
101,-8
102,0.00390625
103,0
104,0.00390625
105,0
106,-0.00390625
107,0
108,0.9140625
109,0.92578125
110,0.93359375
111,0.94140625
112,0.953125
113,0
114,0
115,0
116,7.99609375
117,-8
118,0.00390625
119,0
120,0.00390625
121,0
122,-0.00390625
123,0
124,1.05859375
125,1.0703125
126,1.078125
127,1.0859375
128,1.09765625
129,0
130,0
131,0
132,7.99609375
133,-8
134,0.00390625
135,0
136,0.00390625
137,0
138,-0.00390625
139,0
140,1.203125
141,1.21484375
142,1.22265625
143,1.23046875
144,1.2421875
145,0
146,0
147,0
148,7.99609375
149,-8
150,0.00390625
151,0
152,0.00390625
153,0
154,-0.00390625
155,0
156,1.34765625
157,1.359375
158,1.3671875
159,1.375
160,1.38671875
161,0
162,0
163,0
164,7.99609375
165,-8
166,0.00390625
167,0
168,0.00390625
169,0
170,-0.00390625
171,0
172,1.4921875
173,1.50390625
174,1.51171875
175,1.51953125
176,1.53125
177,0
178,0
179,0
180,7.99609375
181,-8
182,0.00390625
183,0
184,0.00390625
185,0
186,-0.00390625
187,0
188,1.63671875
189,1.6484375
190,1.65625
191,1.6640625
192,1.67578125
193,0
194,0
195,0
196,7.99609375
197,-8
198,0.00390625
199,0
200,0.00390625
201,0
202,-0.00390625
203,0
204,1.78125
205,1.79296875
206,1.80078125
207,1.80859375
208,1.8203125
209,0
210,0
211,0
212,7.99609375
213,-8
214,0.00390625
215,0
216,0.00390625
217,0
218,-0.00390625
219,0
220,1.92578125
221,1.9375
222,1.9453125
223,1.953125
224,1.96484375
225,0
226,0
227,0
228,7.99609375
229,-8
230,0.00390625
231,0
232,0.00390625
233,0
234,-0.00390625
235,0
236,2.0703125
237,2.08203125
238,2.08984375
239,2.09765625
240,2.109375
241,0
242,0
243,0
244,7.99609375
245,-8
246,0.00390625
247,0
248,0.00390625
249,0
250,-0.00390625
251,0
252,2.21484375
253,2.2265625
254,2.234375
255,2.2421875
256,2.25390625
257,0
258,0
259,0
260,7.99609375
261,-8
262,0.00390625
263,0
264,0.00390625
265,0
266,-0.00390625
267,0
268,2.359375
269,2.37109375
270,2.37890625
271,2.38671875
272,2.3984375
273,0
274,0
275,0
276,7.99609375
277,-8
278,0.00390625
279,0
280,0.00390625
281,0
282,-0.00390625
283,0
284,2.50390625
285,2.515625
286,2.5234375
287,2.53125
288,2.54296875
289,0
290,0
291,0
292,7.99609375
293,-8
294,0.00390625
295,0
296,0.00390625
297,0
298,-0.00390625
299,0
300,2.6484375
301,2.66015625
302,2.66796875
303,2.67578125
304,2.6875
305,0
306,0
307,0
308,7.99609375
309,-8
310,0.00390625
311,0
312,0.00390625
313,0
314,-0.00390625
315,0
316,2.79296875
317,2.8046875
318,2.8125
319,2.8203125
320,2.83203125
321,0
322,0
323,0
324,7.99609375
325,-8
326,0.00390625
327,0
328,0.00390625
329,0
330,-0.00390625
331,0
332,2.9375
333,2.94921875
334,2.95703125
335,2.96484375
336,2.9765625
337,0
338,0
339,0
340,7.99609375
341,-8
342,0.00390625
343,0
344,0.00390625
345,0
346,-0.00390625
347,0
348,3.08203125
349,3.09375
350,3.1015625
351,3.109375
352,3.12109375
353,0
354,0
355,0
356,7.99609375
357,-8
358,0.00390625
359,0
360,0.00390625
361,0
362,-0.00390625
363,0
364,3.2265625
365,3.23828125
366,3.24609375
367,3.25390625
368,3.265625
369,0
370,0
371,0
372,7.99609375
373,-8
374,0.00390625
375,0
376,0.00390625
377,0
378,-0.00390625
379,0
380,3.37109375
381,3.3828125
382,3.390625
383,3.3984375
384,3.41015625
385,0
386,0
387,0
388,7.99609375
389,-8
390,0.00390625
391,0
392,0.00390625
393,0
394,-0.00390625
395,0
396,3.515625
397,3.52734375
398,3.53515625
399,3.54296875
400,3.5546875
401,0
402,0
403,0
404,7.99609375
405,-8
406,0.00390625
407,0
408,0.00390625
409,0
410,-0.00390625
411,0
412,3.66015625
413,3.671875
414,3.6796875
415,3.6875
416,3.69921875
417,0
418,0
419,0
420,7.99609375
421,-8
422,0.00390625
423,0
424,0.00390625
425,0
426,-0.00390625
427,0
428,3.8046875
429,3.81640625
430,3.82421875
431,3.83203125
432,3.84375
433,0
434,0
435,0
436,7.99609375
437,-8
438,0.00390625
439,0
440,0.00390625
441,0
442,-0.00390625
443,0
444,3.94921875
445,3.9609375
446,3.96875
447,3.9765625
448,3.98828125
449,0
450,0
451,0
452,7.99609375
453,-8
454,0.00390625
455,0
456,0.00390625
457,0
458,-0.00390625
459,0
460,4.09375
461,4.10546875
462,4.11328125
463,4.12109375
464,4.1328125
465,0
466,0
467,0
468,7.99609375
469,-8
470,0.00390625
471,0
472,0.00390625
473,0
474,-0.00390625
475,0
476,4.23828125
477,4.25
478,4.2578125
479,4.265625
480,4.27734375
481,0
482,0
483,0
484,7.99609375
485,-8
486,0.00390625
487,0
488,0.00390625
489,0
490,-0.00390625
491,0
492,4.3828125
493,4.39453125
494,4.40234375
495,4.41015625
496,4.421875
497,0
498,0
499,0
500,7.99609375
501,-8
502,0.00390625
503,0
504,0.00390625
505,0
506,-0.00390625
507,0
508,4.52734375
509,4.5390625
510,4.546875
511,4.5546875
512,4.56640625
513,0
514,0
515,0
516,7.99609375
517,-8
518,0.00390625
519,0
520,0.00390625
521,0
522,-0.00390625
523,0
524,4.671875
525,4.68359375
526,4.69140625
527,4.69921875
528,4.7109375
529,0
530,0
531,0
532,7.99609375
533,-8
534,0.00390625
535,0
536,0.00390625
537,0
538,-0.00390625
539,0
540,4.81640625
541,4.828125
542,4.8359375
543,4.84375
544,4.85546875
545,0
546,0
547,0
548,7.99609375
549,-8
550,0.00390625
551,0
552,0.00390625
553,0
554,-0.00390625
555,0
556,4.9609375
557,4.97265625
558,4.98046875
559,4.98828125
560,5
561,0
562,0
563,0
564,7.99609375
565,-8
566,0.00390625
567,0
568,0.00390625
569,0
570,-0.00390625
571,0
572,5.10546875
573,5.1171875
574,5.125
575,5.1328125
576,5.14453125
577,0
578,0
579,0
580,7.99609375
581,-8
582,0.00390625
583,0
584,0.00390625
585,0
586,-0.00390625
587,0
588,5.25
589,5.26171875
590,5.26953125
591,5.27734375
592,5.2890625
593,0
594,0
595,0
596,7.99609375
597,-8
598,0.00390625
599,0
600,0.00390625
601,0
602,-0.00390625
603,0
604,5.39453125
605,5.40625
606,5.4140625
607,5.421875
608,5.43359375
609,0
610,0
611,0
612,7.99609375
613,-8
614,0.00390625
615,0
616,0.00390625
617,0
618,-0.00390625
619,0
620,5.5390625
621,5.55078125
622,5.55859375
623,5.56640625
624,5.578125
625,0
626,0
627,0
628,7.99609375
629,-8
630,0.00390625
631,0
632,0.00390625
633,0
634,-0.00390625
635,0
636,5.68359375
637,5.6953125
638,5.703125
639,5.7109375
640,5.72265625
641,0
642,0
643,0
644,7.99609375
645,-8
646,0.00390625
647,0
648,0.00390625
649,0
650,-0.00390625
651,0
652,5.828125
653,5.83984375
654,5.84765625
655,5.85546875
656,5.8671875
657,0
658,0
659,0
660,7.99609375
661,-8
662,0.00390625
663,0
664,0.00390625
665,0
666,-0.00390625
667,0
668,5.97265625
669,5.984375
670,5.9921875
671,6
672,6.01171875
673,0
674,0
675,0
676,7.99609375
677,-8
678,0.00390625
679,0
680,0.00390625
681,0
682,-0.00390625
683,0
684,6.1171875
685,6.12890625
686,6.13671875
687,6.14453125
688,6.15625
689,0
690,0
691,0
692,7.99609375
693,-8
694,0.00390625
695,0
696,0.00390625
697,0
698,-0.00390625
699,0
700,6.26171875
701,6.2734375
702,6.28125
703,6.2890625
704,6.30078125
705,0
706,0
707,0
708,7.99609375
709,-8
710,0.00390625
711,0
712,0.00390625
713,0
714,-0.00390625
715,0
716,6.40625
717,6.41796875
718,6.42578125
719,6.43359375
720,6.4453125
721,0
722,0
723,0
724,7.99609375
725,-8
726,0.00390625
727,0
728,0.00390625
729,0
730,-0.00390625
731,0
732,6.55078125
733,6.5625
734,6.5703125
735,6.578125
736,6.58984375
737,0
738,0
739,0
740,7.99609375
741,-8
742,0.00390625
743,0
744,0.00390625
745,0
746,-0.00390625
747,0
748,6.6953125
749,6.70703125
750,6.71484375
751,6.72265625
752,6.734375
753,0
754,0
755,0
756,7.99609375
757,-8
758,0.00390625
759,0
760,0.00390625
761,0
762,-0.00390625
763,0
764,6.83984375
765,6.8515625
766,6.859375
767,6.8671875
768,6.87890625
769,0
770,0
771,0
772,7.99609375
773,-8
774,0.00390625
775,0
776,0.00390625
777,0
778,-0.00390625
779,0
780,6.984375
781,6.99609375
782,7.00390625
783,7.01171875
784,7.0234375
785,0
786,0
787,0
788,7.99609375
789,-8
790,0.00390625
791,0
792,0.00390625
793,0
794,-0.00390625
795,0
796,7.12890625
797,7.140625
798,7.1484375
799,7.15625
800,7.16796875
801,0
802,0
803,0
804,7.99609375
805,-8
806,0.00390625
807,0
808,0.00390625
809,0
810,-0.00390625
811,0
812,7.2734375
813,7.28515625
814,7.29296875
815,7.30078125
816,7.3125
817,0
818,0
819,0
820,7.99609375
821,-8
822,0.00390625
823,0
824,0.00390625
825,0
826,-0.00390625
827,0
828,7.41796875
829,7.4296875
830,7.4375
831,7.4453125
832,7.45703125
833,0
834,0
835,0
836,7.99609375
837,-8
838,0.00390625
839,0
840,0.00390625
841,0
842,-0.00390625
843,0
844,7.5625
845,7.57421875
846,7.58203125
847,7.58984375
848,7.6015625
849,0
850,0
851,0
852,7.99609375
853,-8
854,0.00390625
855,0
856,0.00390625
857,0
858,-0.00390625
859,0
860,7.70703125
861,7.71875
862,7.7265625
863,7.734375
864,7.74609375
865,0
866,0
867,0
868,7.99609375
869,-8
870,0.00390625
871,0
872,0.00390625
873,0
874,-0.00390625
875,0
876,7.8515625
877,7.86328125
878,7.87109375
879,7.87890625
880,7.890625
881,0
882,0
883,0
884,7.99609375
885,-8
886,0.00390625
887,0
888,0.00390625
889,0
890,-0.00390625
891,0
892,7.99609375
893,-7.9921875
894,-7.984375
895,-7.9765625
896,-7.96484375
897,0
898,0
899,0
900,7.99609375
901,-8
902,0.00390625
903,0
904,0.00390625
905,0
906,-0.00390625
907,0
908,-7.859375
909,-7.84765625
910,-7.83984375
911,-7.83203125
912,-7.8203125
913,0
914,0
915,0
916,7.99609375
917,-8
918,0.00390625
919,0
920,0.00390625
921,0
922,-0.00390625
923,0
924,-7.71484375
925,-7.703125
926,-7.6953125
927,-7.6875
928,-7.67578125
929,0
930,0
931,0
932,7.99609375
933,-8
934,0.00390625
935,0
936,0.00390625
937,0
938,-0.00390625
939,0
940,-7.5703125
941,-7.55859375
942,-7.55078125
943,-7.54296875
944,-7.53125
945,0
946,0
947,0
948,7.99609375
949,-8
950,0.00390625
951,0
952,0.00390625
953,0
954,-0.00390625
955,0
956,-7.42578125
957,-7.4140625
958,-7.40625
959,-7.3984375
960,-7.38671875
961,0
962,0
963,0
964,7.99609375
965,-8
966,0.00390625
967,0
968,0.00390625
969,0
970,-0.00390625
971,0
972,-7.28125
973,-7.26953125
974,-7.26171875
975,-7.25390625
976,-7.2421875
977,0
978,0
979,0
980,7.99609375
981,-8
982,0.00390625
983,0
984,0.00390625
985,0
986,-0.00390625
987,0
988,-7.13671875
989,-7.125
990,-7.1171875
991,-7.109375
992,-7.09765625
993,0
994,0
995,0
996,7.99609375
997,-8
998,0.00390625
999,0
1000,0.00390625
1001,0
1002,-0.00390625
1003,0
1004,-6.9921875
1005,-6.98046875
1006,-6.97265625
1007,-6.96484375
1008,-6.953125
1009,0
1010,0
1011,0
1012,7.99609375
1013,-8
1014,0.00390625
1015,0
1016,0.00390625
1017,0
1018,-0.00390625
1019,0
1020,-6.84765625
1021,-6.8359375
1022,-6.828125
1023,-6.8203125
1024,-6.80859375
1025,0
1026,0
1027,0
1028,7.99609375
1029,-8
1030,0.00390625
1031,0
1032,0.00390625
1033,0
1034,-0.00390625
1035,0
1036,-6.703125
1037,-6.69140625
1038,-6.68359375
1039,-6.67578125
1040,-6.6640625
1041,0
1042,0
1043,0
1044,7.99609375
1045,-8
1046,0.00390625
1047,0
1048,0.00390625
1049,0
1050,-0.00390625
1051,0
1052,-6.55859375
1053,-6.546875
1054,-6.5390625
1055,-6.53125
1056,-6.51953125
1057,0
1058,0
1059,0
1060,7.99609375
1061,-8
1062,0.00390625
1063,0
1064,0.00390625
1065,0
1066,-0.00390625
1067,0
1068,-6.4140625
1069,-6.40234375
1070,-6.39453125
1071,-6.38671875
1072,-6.375
1073,0
1074,0
1075,0
1076,7.99609375
1077,-8
1078,0.00390625
1079,0
1080,0.00390625
1081,0
1082,-0.00390625
1083,0
1084,-6.26953125
1085,-6.2578125
1086,-6.25
1087,-6.2421875
1088,-6.23046875
1089,0
1090,0
1091,0
1092,7.99609375
1093,-8
1094,0.00390625
1095,0
1096,0.00390625
1097,0
1098,-0.00390625
1099,0
1100,-6.125
1101,-6.11328125
1102,-6.10546875
1103,-6.09765625
1104,-6.0859375
1105,0
1106,0
1107,0
1108,7.99609375
1109,-8
1110,0.00390625
1111,0
1112,0.00390625
1113,0
1114,-0.00390625
1115,0
1116,-5.98046875
1117,-5.96875
1118,-5.9609375
1119,-5.953125
1120,-5.94140625
1121,0
1122,0
1123,0
1124,7.99609375
1125,-8
1126,0.00390625
1127,0
1128,0.00390625
1129,0
1130,-0.00390625
1131,0
1132,-5.8359375
1133,-5.82421875
1134,-5.81640625
1135,-5.80859375
1136,-5.796875
1137,0
1138,0
1139,0
1140,7.99609375
1141,-8
1142,0.00390625
1143,0
1144,0.00390625
1145,0
1146,-0.00390625
1147,0
1148,-5.69140625
1149,-5.6796875
1150,-5.671875
1151,-5.6640625
1152,-5.65234375
1153,0
1154,0
1155,0
1156,7.99609375
1157,-8
1158,0.00390625
1159,0
1160,0.00390625
1161,0
1162,-0.00390625
1163,0
1164,-5.546875
1165,-5.53515625
1166,-5.52734375
1167,-5.51953125
1168,-5.5078125
1169,0
1170,0
1171,0
1172,7.99609375
1173,-8
1174,0.00390625
1175,0
1176,0.00390625
1177,0
1178,-0.00390625
1179,0
1180,-5.40234375
1181,-5.390625
1182,-5.3828125
1183,-5.375
1184,-5.36328125
1185,0
1186,0
1187,0
1188,7.99609375
1189,-8
1190,0.00390625
1191,0
1192,0.00390625
1193,0
1194,-0.00390625
1195,0
1196,-5.2578125
1197,-5.24609375
1198,-5.23828125
1199,-5.23046875
1200,-5.21875
1201,0
1202,0
1203,0
1204,7.99609375
1205,-8
1206,0.00390625
1207,0
1208,0.00390625
1209,0
1210,-0.00390625
1211,0
1212,-5.11328125
1213,-5.1015625
1214,-5.09375
1215,-5.0859375
1216,-5.07421875
1217,0
1218,0
1219,0
1220,7.99609375
1221,-8
1222,0.00390625
1223,0
1224,0.00390625
1225,0
1226,-0.00390625
1227,0
1228,-4.96875
1229,-4.95703125
1230,-4.94921875
1231,-4.94140625
1232,-4.9296875
1233,0
1234,0
1235,0
1236,7.99609375
1237,-8
1238,0.00390625
1239,0
1240,0.00390625
1241,0
1242,-0.00390625
1243,0
1244,-4.82421875
1245,-4.8125
1246,-4.8046875
1247,-4.796875
1248,-4.78515625
1249,0
1250,0
1251,0
1252,7.99609375
1253,-8
1254,0.00390625
1255,0
1256,0.00390625
1257,0
1258,-0.00390625
1259,0
1260,-4.6796875
1261,-4.66796875
1262,-4.66015625
1263,-4.65234375
1264,-4.640625
1265,0
1266,0
1267,0
1268,7.99609375
1269,-8
1270,0.00390625
1271,0
1272,0.00390625
1273,0
1274,-0.00390625
1275,0
1276,-4.53515625
1277,-4.5234375
1278,-4.515625
1279,-4.5078125
1280,-4.49609375
1281,0
1282,0
1283,0
1284,7.99609375
1285,-8
1286,0.00390625
1287,0
1288,0.00390625
1289,0
1290,-0.00390625
1291,0
1292,-4.390625
1293,-4.37890625
1294,-4.37109375
1295,-4.36328125
1296,-4.3515625
1297,0
1298,0
1299,0
1300,7.99609375
1301,-8
1302,0.00390625
1303,0
1304,0.00390625
1305,0
1306,-0.00390625
1307,0
1308,-4.24609375
1309,-4.234375
1310,-4.2265625
1311,-4.21875
1312,-4.20703125
1313,0
1314,0
1315,0
1316,7.99609375
1317,-8
1318,0.00390625
1319,0
1320,0.00390625
1321,0
1322,-0.00390625
1323,0
1324,-4.1015625
1325,-4.08984375
1326,-4.08203125
1327,-4.07421875
1328,-4.0625
1329,0
1330,0
1331,0
1332,7.99609375
1333,-8
1334,0.00390625
1335,0
1336,0.00390625
1337,0
1338,-0.00390625
1339,0
1340,-3.95703125
1341,-3.9453125
1342,-3.9375
1343,-3.9296875
1344,-3.91796875
1345,0
1346,0
1347,0
1348,7.99609375
1349,-8
1350,0.00390625
1351,0
1352,0.00390625
1353,0
1354,-0.00390625
1355,0
1356,-3.8125
1357,-3.80078125
1358,-3.79296875
1359,-3.78515625
1360,-3.7734375
1361,0
1362,0
1363,0
1364,7.99609375
1365,-8
1366,0.00390625
1367,0
1368,0.00390625
1369,0
1370,-0.00390625
1371,0
1372,-3.66796875
1373,-3.65625
1374,-3.6484375
1375,-3.640625
1376,-3.62890625
1377,0
1378,0
1379,0
1380,7.99609375
1381,-8
1382,0.00390625
1383,0
1384,0.00390625
1385,0
1386,-0.00390625
1387,0
1388,-3.5234375
1389,-3.51171875
1390,-3.50390625
1391,-3.49609375
1392,-3.484375
1393,0
1394,0
1395,0
1396,7.99609375
1397,-8
1398,0.00390625
1399,0
1400,0.00390625
1401,0
1402,-0.00390625
1403,0
1404,-3.37890625
1405,-3.3671875
1406,-3.359375
1407,-3.3515625
1408,-3.33984375
1409,0
1410,0
1411,0
1412,7.99609375
1413,-8
1414,0.00390625
1415,0
1416,0.00390625
1417,0
1418,-0.00390625
1419,0
1420,-3.234375
1421,-3.22265625
1422,-3.21484375
1423,-3.20703125
1424,-3.1953125
1425,0
1426,0
1427,0
1428,7.99609375
1429,-8
1430,0.00390625
1431,0
1432,0.00390625
1433,0
1434,-0.00390625
1435,0
1436,-3.08984375
1437,-3.078125
1438,-3.0703125
1439,-3.0625
1440,-3.05078125
1441,0
1442,0
1443,0
1444,7.99609375
1445,-8
1446,0.00390625
1447,0
1448,0.00390625
1449,0
1450,-0.00390625
1451,0
1452,-2.9453125
1453,-2.93359375
1454,-2.92578125
1455,-2.91796875
1456,-2.90625
1457,0
1458,0
1459,0
1460,7.99609375
1461,-8
1462,0.00390625
1463,0
1464,0.00390625
1465,0
1466,-0.00390625
1467,0
1468,-2.80078125
1469,-2.7890625
1470,-2.78125
1471,-2.7734375
1472,-2.76171875
1473,0
1474,0
1475,0
1476,7.99609375
1477,-8
1478,0.00390625
1479,0
1480,0.00390625
1481,0
1482,-0.00390625
1483,0
1484,-2.65625
1485,-2.64453125
1486,-2.63671875
1487,-2.62890625
1488,-2.6171875
1489,0
1490,0
1491,0
1492,7.99609375
1493,-8
1494,0.00390625
1495,0
1496,0.00390625
1497,0
1498,-0.00390625
1499,0
1500,-2.51171875
1501,-2.5
1502,-2.4921875
1503,-2.484375
1504,-2.47265625
1505,0
1506,0
1507,0
1508,7.99609375
1509,-8
1510,0.00390625
1511,0
1512,0.00390625
1513,0
1514,-0.00390625
1515,0
1516,-2.3671875
1517,-2.35546875
1518,-2.34765625
1519,-2.33984375
1520,-2.328125
1521,0
1522,0
1523,0
1524,7.99609375
1525,-8
1526,0.00390625
1527,0
1528,0.00390625
1529,0
1530,-0.00390625
1531,0
1532,-2.22265625
1533,-2.2109375
1534,-2.203125
1535,-2.1953125
1536,-2.18359375
1537,0
1538,0
1539,0
1540,7.99609375
1541,-8
1542,0.00390625
1543,0
1544,0.00390625
1545,0
1546,-0.00390625
1547,0
1548,-2.078125
1549,-2.06640625
1550,-2.05859375
1551,-2.05078125
1552,-2.0390625
1553,0
1554,0
1555,0
1556,7.99609375
1557,-8
1558,0.00390625
1559,0
1560,0.00390625
1561,0
1562,-0.00390625
1563,0
1564,-1.93359375
1565,-1.921875
1566,-1.9140625
1567,-1.90625
1568,-1.89453125
1569,0
1570,0
1571,0
1572,7.99609375
1573,-8
1574,0.00390625
1575,0
1576,0.00390625
1577,0
1578,-0.00390625
1579,0
1580,-1.7890625
1581,-1.77734375
1582,-1.76953125
1583,-1.76171875
1584,-1.75
1585,0
1586,0
1587,0
1588,7.99609375
1589,-8
1590,0.00390625
1591,0
1592,0.00390625
1593,0
1594,-0.00390625
1595,0
1596,-1.64453125
1597,-1.6328125
1598,-1.625
1599,-1.6171875
1600,-1.60546875
1601,0
1602,0
1603,0
1604,7.99609375
1605,-8
1606,0.00390625
1607,0
1608,0.00390625
1609,0
1610,-0.00390625
1611,0
1612,-1.5
1613,-1.48828125
1614,-1.48046875
1615,-1.47265625
1616,-1.4609375
1617,0
1618,0
1619,0
1620,7.99609375
1621,-8
1622,0.00390625
1623,0
1624,0.00390625
1625,0
1626,-0.00390625
1627,0
1628,-1.35546875
1629,-1.34375
1630,-1.3359375
1631,-1.328125
1632,-1.31640625
1633,0
1634,0
1635,0
1636,7.99609375
1637,-8
1638,0.00390625
1639,0
1640,0.00390625
1641,0
1642,-0.00390625
1643,0
1644,-1.2109375
1645,-1.19921875
1646,-1.19140625
1647,-1.18359375
1648,-1.171875
1649,0
1650,0
1651,0
1652,7.99609375
1653,-8
1654,0.00390625
1655,0
1656,0.00390625
1657,0
1658,-0.00390625
1659,0
1660,-1.06640625
1661,-1.0546875
1662,-1.046875
1663,-1.0390625
1664,-1.02734375
1665,0
1666,0
1667,0
1668,7.99609375
1669,-8
1670,0.00390625
1671,0
1672,0.00390625
1673,0
1674,-0.00390625
1675,0
1676,-0.921875
1677,-0.91015625
1678,-0.90234375
1679,-0.89453125
1680,-0.8828125
1681,0
1682,0
1683,0
1684,7.99609375
1685,-8
1686,0.00390625
1687,0
1688,0.00390625
1689,0
1690,-0.00390625
1691,0
1692,-0.77734375
1693,-0.765625
1694,-0.7578125
1695,-0.75
1696,-0.73828125
1697,0
1698,0
1699,0
1700,7.99609375
1701,-8
1702,0.00390625
1703,0
1704,0.00390625
1705,0
1706,-0.00390625
1707,0
1708,-0.6328125
1709,-0.62109375
1710,-0.61328125
1711,-0.60546875
1712,-0.59375
1713,0
1714,0
1715,0
1716,7.99609375
1717,-8
1718,0.00390625
1719,0
1720,0.00390625
1721,0
1722,-0.00390625
1723,0
1724,-0.48828125
1725,-0.4765625
1726,-0.46875
1727,-0.4609375
1728,-0.44921875
1729,0
1730,0
1731,0
1732,7.99609375
1733,-8
1734,0.00390625
1735,0
1736,0.00390625
1737,0
1738,-0.00390625
1739,0
1740,-0.34375
1741,-0.33203125
1742,-0.32421875
1743,-0.31640625
1744,-0.3046875
1745,0
1746,0
1747,0
1748,7.99609375
1749,-8
1750,0.00390625
1751,0
1752,0.00390625
1753,0
1754,-0.00390625
1755,0
1756,-0.19921875
1757,-0.1875
1758,-0.1796875
1759,-0.171875
1760,-0.16015625
1761,0
1762,0
1763,0
1764,7.99609375
1765,-8
1766,0.00390625
1767,0
1768,0.00390625
1769,0
1770,-0.00390625
1771,0
1772,-0.0546875
1773,-0.04296875
1774,-0.03515625
1775,-0.02734375
1776,-0.015625
1777,0
1778,0
1779,0
1780,7.99609375
1781,-8
1782,0.00390625
1783,0
1784,0.00390625
1785,0
1786,-0.00390625
1787,0
1788,0.08984375
1789,0.1015625
1790,0.109375
1791,0.1171875
1792,0.12890625
1793,0
1794,0
1795,0
1796,7.99609375
1797,-8
1798,0.00390625
1799,0
1800,0.00390625
1801,0
1802,-0.00390625
1803,0
1804,0.234375
1805,0.24609375
1806,0.25390625
1807,0.26171875
1808,0.2734375
1809,0
1810,0
1811,0
1812,7.99609375
1813,-8
1814,0.00390625
1815,0
1816,0.00390625
1817,0
1818,-0.00390625
1819,0
1820,0.37890625
1821,0.390625
1822,0.3984375
1823,0.40625
1824,0.41796875
1825,0
1826,0
1827,0
1828,7.99609375
1829,-8
1830,0.00390625
1831,0
1832,0.00390625
1833,0
1834,-0.00390625
1835,0
1836,0.5234375
1837,0.53515625
1838,0.54296875
1839,0.55078125
1840,0.5625
1841,0
1842,0
1843,0
1844,7.99609375
1845,-8
1846,0.00390625
1847,0
1848,0.00390625
1849,0
1850,-0.00390625
1851,0
1852,0.66796875
1853,0.6796875
1854,0.6875
1855,0.6953125
1856,0.70703125
1857,0
1858,0
1859,0
1860,7.99609375
1861,-8
1862,0.00390625
1863,0
1864,0.00390625
1865,0
1866,-0.00390625
1867,0
1868,0.8125
1869,0.82421875
1870,0.83203125
1871,0.83984375
1872,0.8515625
1873,0
1874,0
1875,0
1876,7.99609375
1877,-8
1878,0.00390625
1879,0
1880,0.00390625
1881,0
1882,-0.00390625
1883,0
1884,0.95703125
1885,0.96875
1886,0.9765625
1887,0.984375
1888,0.99609375
1889,0
1890,0
1891,0
1892,7.99609375
1893,-8
1894,0.00390625
1895,0
1896,0.00390625
1897,0
1898,-0.00390625
1899,0
1900,1.1015625
1901,1.11328125
1902,1.12109375
1903,1.12890625
1904,1.140625
1905,0
1906,0
1907,0
1908,7.99609375
1909,-8
1910,0.00390625
1911,0
1912,0.00390625
1913,0
1914,-0.00390625
1915,0
1916,1.24609375
1917,1.2578125
1918,1.265625
1919,1.2734375
1920,1.28515625
1921,0
1922,0
1923,0
1924,7.99609375
1925,-8
1926,0.00390625
1927,0
1928,0.00390625
1929,0
1930,-0.00390625
1931,0
1932,1.390625
1933,1.40234375
1934,1.41015625
1935,1.41796875
1936,1.4296875
1937,0
1938,0
1939,0
1940,7.99609375
1941,-8
1942,0.00390625
1943,0
1944,0.00390625
1945,0
1946,-0.00390625
1947,0
1948,1.53515625
1949,1.546875
1950,1.5546875
1951,1.5625
1952,1.57421875
1953,0
1954,0
1955,0
1956,7.99609375
1957,-8
1958,0.00390625
1959,0
1960,0.00390625
1961,0
1962,-0.00390625
1963,0
1964,1.6796875
1965,1.69140625
1966,1.69921875
1967,1.70703125
1968,1.71875
1969,0
1970,0
1971,0
1972,7.99609375
1973,-8
1974,0.00390625
1975,0
1976,0.00390625
1977,0
1978,-0.00390625
1979,0
1980,1.82421875
1981,1.8359375
1982,1.84375
1983,1.8515625
1984,1.86328125
1985,0
1986,0
1987,0
1988,7.99609375
1989,-8
1990,0.00390625
1991,0
1992,0.00390625
1993,0
1994,-0.00390625
1995,0
1996,1.96875
1997,1.98046875
1998,1.98828125
1999,1.99609375
2000,2.0078125
2001,0
2002,0
2003,0
2004,7.99609375
2005,-8
2006,0.00390625
2007,0
2008,0.00390625
2009,0
2010,-0.00390625
2011,0
2012,2.11328125
2013,2.125
2014,2.1328125
2015,2.140625
2016,2.15234375
2017,0
2018,0
2019,0
2020,7.99609375
2021,-8
2022,0.00390625
2023,0
2024,0.00390625
2025,0
2026,-0.00390625
2027,0
2028,2.2578125
2029,2.26953125
2030,2.27734375
2031,2.28515625
2032,2.296875
2033,0
2034,0
2035,0
2036,7.99609375
2037,-8
2038,0.00390625
2039,0
2040,0.00390625
2041,0
2042,-0.00390625
2043,0
2044,2.40234375
2045,2.4140625
2046,2.421875
2047,2.4296875
2048,2.44140625
2049,0
2050,0
2051,0
2052,7.99609375
2053,-8
2054,0.00390625
2055,0
2056,0.00390625
2057,0
2058,-0.00390625
2059,0
2060,2.546875
2061,2.55859375
2062,2.56640625
2063,2.57421875
2064,2.5859375
2065,0
2066,0
2067,0
2068,7.99609375
2069,-8
2070,0.00390625
2071,0
2072,0.00390625
2073,0
2074,-0.00390625
2075,0
2076,2.69140625
2077,2.703125
2078,2.7109375
2079,2.71875
2080,2.73046875
2081,0
2082,0
2083,0
2084,7.99609375
2085,-8
2086,0.00390625
2087,0
2088,0.00390625
2089,0
2090,-0.00390625
2091,0
2092,2.8359375
2093,2.84765625
2094,2.85546875
2095,2.86328125
2096,2.875
2097,0
2098,0
2099,0
2100,7.99609375
2101,-8
2102,0.00390625
2103,0
2104,0.00390625
2105,0
2106,-0.00390625
2107,0
2108,2.98046875
2109,2.9921875
2110,3
2111,3.0078125
2112,3.01953125
2113,0
2114,0
2115,0
2116,7.99609375
2117,-8
2118,0.00390625
2119,0
2120,0.00390625
2121,0
2122,-0.00390625
2123,0
2124,3.125
2125,3.13671875
2126,3.14453125
2127,3.15234375
2128,3.1640625
2129,0
2130,0
2131,0
2132,7.99609375
2133,-8
2134,0.00390625
2135,0
2136,0.00390625
2137,0
2138,-0.00390625
2139,0
2140,3.26953125
2141,3.28125
2142,3.2890625
2143,3.296875
2144,3.30859375
2145,0
2146,0
2147,0
2148,7.99609375
2149,-8
2150,0.00390625
2151,0
2152,0.00390625
2153,0
2154,-0.00390625
2155,0
2156,3.4140625
2157,3.42578125
2158,3.43359375
2159,3.44140625
2160,3.453125
2161,0
2162,0
2163,0
2164,7.99609375
2165,-8
2166,0.00390625
2167,0
2168,0.00390625
2169,0
2170,-0.00390625
2171,0
2172,3.55859375
2173,3.5703125
2174,3.578125
2175,3.5859375
2176,3.59765625
2177,0
2178,0
2179,0
2180,7.99609375
2181,-8
2182,0.00390625
2183,0
2184,0.00390625
2185,0
2186,-0.00390625
2187,0
2188,3.703125
2189,3.71484375
2190,3.72265625
2191,3.73046875
2192,3.7421875
2193,0
2194,0
2195,0
2196,7.99609375
2197,-8
2198,0.00390625
2199,0
2200,0.00390625
2201,0
2202,-0.00390625
2203,0
2204,3.84765625
2205,3.859375
2206,3.8671875
2207,3.875
2208,3.88671875
2209,0
2210,0
2211,0
2212,7.99609375
2213,-8
2214,0.00390625
2215,0
2216,0.00390625
2217,0
2218,-0.00390625
2219,0
2220,3.9921875
2221,4.00390625
2222,4.01171875
2223,4.01953125
2224,4.03125
2225,0
2226,0
2227,0
2228,7.99609375
2229,-8
2230,0.00390625
2231,0
2232,0.00390625
2233,0
2234,-0.00390625
2235,0
2236,4.13671875
2237,4.1484375
2238,4.15625
2239,4.1640625
2240,4.17578125
2241,0
2242,0
2243,0
2244,7.99609375
2245,-8
2246,0.00390625
2247,0
2248,0.00390625
2249,0
2250,-0.00390625
2251,0
2252,4.28125
2253,4.29296875
2254,4.30078125
2255,4.30859375
2256,4.3203125
2257,0
2258,0
2259,0
2260,7.99609375
2261,-8
2262,0.00390625
2263,0
2264,0.00390625
2265,0
2266,-0.00390625
2267,0
2268,4.42578125
2269,4.4375
2270,4.4453125
2271,4.453125
2272,4.46484375
2273,0
2274,0
2275,0
2276,7.99609375
2277,-8
2278,0.00390625
2279,0
2280,0.00390625
2281,0
2282,-0.00390625
2283,0
2284,4.5703125
2285,4.58203125
2286,4.58984375
2287,4.59765625
2288,4.609375
2289,0
2290,0
2291,0
2292,7.99609375
2293,-8
2294,0.00390625
2295,0
2296,0.00390625
2297,0
2298,-0.00390625
2299,0
2300,4.71484375
2301,4.7265625
2302,4.734375
2303,4.7421875
2304,4.75390625
2305,0
2306,0
2307,0
2308,7.99609375
2309,-8
2310,0.00390625
2311,0
2312,0.00390625
2313,0
2314,-0.00390625
2315,0
2316,4.859375
2317,4.87109375
2318,4.87890625
2319,4.88671875
2320,4.8984375
2321,0
2322,0
2323,0
2324,7.99609375
2325,-8
2326,0.00390625
2327,0
2328,0.00390625
2329,0
2330,-0.00390625
2331,0
2332,5.00390625
2333,5.015625
2334,5.0234375
2335,5.03125
2336,5.04296875
2337,0
2338,0
2339,0
2340,7.99609375
2341,-8
2342,0.00390625
2343,0
2344,0.00390625
2345,0
2346,-0.00390625
2347,0
2348,5.1484375
2349,5.16015625
2350,5.16796875
2351,5.17578125
2352,5.1875
2353,0
2354,0
2355,0
2356,7.99609375
2357,-8
2358,0.00390625
2359,0
2360,0.00390625
2361,0
2362,-0.00390625
2363,0
2364,5.29296875
2365,5.3046875
2366,5.3125
2367,5.3203125
2368,5.33203125
2369,0
2370,0
2371,0
2372,7.99609375
2373,-8
2374,0.00390625
2375,0
2376,0.00390625
2377,0
2378,-0.00390625
2379,0
2380,5.4375
2381,5.44921875
2382,5.45703125
2383,5.46484375
2384,5.4765625
2385,0
2386,0
2387,0
2388,7.99609375
2389,-8
2390,0.00390625
2391,0
2392,0.00390625
2393,0
2394,-0.00390625
2395,0
2396,5.58203125
2397,5.59375
2398,5.6015625
2399,5.609375
2400,5.62109375
2401,0
2402,0
2403,0
2404,7.99609375
2405,-8
2406,0.00390625
2407,0
2408,0.00390625
2409,0
2410,-0.00390625
2411,0
2412,5.7265625
2413,5.73828125
2414,5.74609375
2415,5.75390625
2416,5.765625
2417,0
2418,0
2419,0
2420,7.99609375
2421,-8
2422,0.00390625
2423,0
2424,0.00390625
2425,0
2426,-0.00390625
2427,0
2428,5.87109375
2429,5.8828125
2430,5.890625
2431,5.8984375
2432,5.91015625
2433,0
2434,0
2435,0
2436,7.99609375
2437,-8
2438,0.00390625
2439,0
2440,0.00390625
2441,0
2442,-0.00390625
2443,0
2444,6.015625
2445,6.02734375
2446,6.03515625
2447,6.04296875
2448,6.0546875
2449,0
2450,0
2451,0
2452,7.99609375
2453,-8
2454,0.00390625
2455,0
2456,0.00390625
2457,0
2458,-0.00390625
2459,0
2460,6.16015625
2461,6.171875
2462,6.1796875
2463,6.1875
2464,6.19921875
2465,0
2466,0
2467,0
2468,7.99609375
2469,-8
2470,0.00390625
2471,0
2472,0.00390625
2473,0
2474,-0.00390625
2475,0
2476,6.3046875
2477,6.31640625
2478,6.32421875
2479,6.33203125
2480,6.34375
2481,0
2482,0
2483,0
2484,7.99609375
2485,-8
2486,0.00390625
2487,0
2488,0.00390625
2489,0
2490,-0.00390625
2491,0
2492,6.44921875
2493,6.4609375
2494,6.46875
2495,6.4765625
2496,6.48828125
2497,0
2498,0
2499,0
2500,7.99609375
2501,-8
2502,0.00390625
2503,0
2504,0.00390625
2505,0
2506,-0.00390625
2507,0
2508,6.59375
2509,6.60546875
2510,6.61328125
2511,6.62109375
2512,6.6328125
2513,0
2514,0
2515,0
2516,7.99609375
2517,-8
2518,0.00390625
2519,0
2520,0.00390625
2521,0
2522,-0.00390625
2523,0
2524,6.73828125
2525,6.75
2526,6.7578125
2527,6.765625
2528,6.77734375
2529,0
2530,0
2531,0
2532,7.99609375
2533,-8
2534,0.00390625
2535,0
2536,0.00390625
2537,0
2538,-0.00390625
2539,0
2540,6.8828125
2541,6.89453125
2542,6.90234375
2543,6.91015625
2544,6.921875
2545,0
2546,0
2547,0
2548,7.99609375
2549,-8
2550,0.00390625
2551,0
2552,0.00390625
2553,0
2554,-0.00390625
2555,0
2556,7.02734375
2557,7.0390625
2558,7.046875
2559,7.0546875
2560,7.06640625
2561,0
2562,0
2563,0
2564,7.99609375
2565,-8
2566,0.00390625
2567,0
2568,0.00390625
2569,0
2570,-0.00390625
2571,0
2572,7.171875
2573,7.18359375
2574,7.19140625
2575,7.19921875
2576,7.2109375
2577,0
2578,0
2579,0
2580,7.99609375
2581,-8
2582,0.00390625
2583,0
2584,0.00390625
2585,0
2586,-0.00390625
2587,0
2588,7.31640625
2589,7.328125
2590,7.3359375
2591,7.34375
2592,7.35546875
2593,0
2594,0
2595,0
2596,7.99609375
2597,-8
2598,0.00390625
2599,0
2600,0.00390625
2601,0
2602,-0.00390625
2603,0
2604,7.4609375
2605,7.47265625
2606,7.48046875
2607,7.48828125
2608,7.5
2609,0
2610,0
2611,0
2612,7.99609375
2613,-8
2614,0.00390625
2615,0
2616,0.00390625
2617,0
2618,-0.00390625
2619,0
2620,7.60546875
2621,7.6171875
2622,7.625
2623,7.6328125
2624,7.64453125
2625,0
2626,0
2627,0
2628,7.99609375
2629,-8
2630,0.00390625
2631,0
2632,0.00390625
2633,0
2634,-0.00390625
2635,0
2636,7.75
2637,7.76171875
2638,7.76953125
2639,7.77734375
2640,7.7890625
2641,0
2642,0
2643,0
2644,7.99609375
2645,-8
2646,0.00390625
2647,0
2648,0.00390625
2649,0
2650,-0.00390625
2651,0
2652,7.89453125
2653,7.90625
2654,7.9140625
2655,7.921875
2656,7.93359375
2657,0
2658,0
2659,0
2660,7.99609375
2661,-8
2662,0.00390625
2663,0
2664,0.00390625
2665,0
2666,-0.00390625
2667,0
2668,-7.9609375
2669,-7.94921875
2670,-7.94140625
2671,-7.93359375
2672,-7.921875
2673,0
2674,0
2675,0
2676,7.99609375
2677,-8
2678,0.00390625
2679,0
2680,0.00390625
2681,0
2682,-0.00390625
2683,0
2684,-7.81640625
2685,-7.8046875
2686,-7.796875
2687,-7.7890625
2688,-7.77734375
2689,0
2690,0
2691,0
2692,7.99609375
2693,-8
2694,0.00390625
2695,0
2696,0.00390625
2697,0
2698,-0.00390625
2699,0
2700,-7.671875
2701,-7.66015625
2702,-7.65234375
2703,-7.64453125
2704,-7.6328125
2705,0
2706,0
2707,0
2708,7.99609375
2709,-8
2710,0.00390625
2711,0
2712,0.00390625
2713,0
2714,-0.00390625
2715,0
2716,-7.52734375
2717,-7.515625
2718,-7.5078125
2719,-7.5
2720,-7.48828125
2721,0
2722,0
2723,0
2724,7.99609375
2725,-8
2726,0.00390625
2727,0
2728,0.00390625
2729,0
2730,-0.00390625
2731,0
2732,-7.3828125
2733,-7.37109375
2734,-7.36328125
2735,-7.35546875
2736,-7.34375
2737,0
2738,0
2739,0
2740,7.99609375
2741,-8
2742,0.00390625
2743,0
2744,0.00390625
2745,0
2746,-0.00390625
2747,0
2748,-7.23828125
2749,-7.2265625
2750,-7.21875
2751,-7.2109375
2752,-7.19921875
2753,0
2754,0
2755,0
2756,7.99609375
2757,-8
2758,0.00390625
2759,0
2760,0.00390625
2761,0
2762,-0.00390625
2763,0
2764,-7.09375
2765,-7.08203125
2766,-7.07421875
2767,-7.06640625
2768,-7.0546875
2769,0
2770,0
2771,0
2772,7.99609375
2773,-8
2774,0.00390625
2775,0
2776,0.00390625
2777,0
2778,-0.00390625
2779,0
2780,-6.94921875
2781,-6.9375
2782,-6.9296875
2783,-6.921875
2784,-6.91015625
2785,0
2786,0
2787,0
2788,7.99609375
2789,-8
2790,0.00390625
2791,0
2792,0.00390625
2793,0
2794,-0.00390625
2795,0
2796,-6.8046875
2797,-6.79296875
2798,-6.78515625
2799,-6.77734375
2800,-6.765625
2801,0
2802,0
2803,0
2804,7.99609375
2805,-8
2806,0.00390625
2807,0
2808,0.00390625
2809,0
2810,-0.00390625
2811,0
2812,-6.66015625
2813,-6.6484375
2814,-6.640625
2815,-6.6328125
2816,-6.62109375
2817,0
2818,0
2819,0
2820,7.99609375
2821,-8
2822,0.00390625
2823,0
2824,0.00390625
2825,0
2826,-0.00390625
2827,0
2828,-6.515625
2829,-6.50390625
2830,-6.49609375
2831,-6.48828125
2832,-6.4765625
2833,0
2834,0
2835,0
2836,7.99609375
2837,-8
2838,0.00390625
2839,0
2840,0.00390625
2841,0
2842,-0.00390625
2843,0
2844,-6.37109375
2845,-6.359375
2846,-6.3515625
2847,-6.34375
2848,-6.33203125
2849,0
2850,0
2851,0
2852,7.99609375
2853,-8
2854,0.00390625
2855,0
2856,0.00390625
2857,0
2858,-0.00390625
2859,0
2860,-6.2265625
2861,-6.21484375
2862,-6.20703125
2863,-6.19921875
2864,-6.1875
2865,0
2866,0
2867,0
2868,7.99609375
2869,-8
2870,0.00390625
2871,0
2872,0.00390625
2873,0
2874,-0.00390625
2875,0
2876,-6.08203125
2877,-6.0703125
2878,-6.0625
2879,-6.0546875
2880,-6.04296875
2881,0
2882,0
2883,0
2884,7.99609375
2885,-8
2886,0.00390625
2887,0
2888,0.00390625
2889,0
2890,-0.00390625
2891,0
2892,-5.9375
2893,-5.92578125
2894,-5.91796875
2895,-5.91015625
2896,-5.8984375
2897,0
2898,0
2899,0
2900,7.99609375
2901,-8
2902,0.00390625
2903,0
2904,0.00390625
2905,0
2906,-0.00390625
2907,0
2908,-5.79296875
2909,-5.78125
2910,-5.7734375
2911,-5.765625
2912,-5.75390625
2913,0
2914,0
2915,0
2916,7.99609375
2917,-8
2918,0.00390625
2919,0
2920,0.00390625
2921,0
2922,-0.00390625
2923,0
2924,-5.6484375
2925,-5.63671875
2926,-5.62890625
2927,-5.62109375
2928,-5.609375
2929,0
2930,0
2931,0
2932,7.99609375
2933,-8
2934,0.00390625
2935,0
2936,0.00390625
2937,0
2938,-0.00390625
2939,0
2940,-5.50390625
2941,-5.4921875
2942,-5.484375
2943,-5.4765625
2944,-5.46484375
2945,0
2946,0
2947,0
2948,7.99609375
2949,-8
2950,0.00390625
2951,0
2952,0.00390625
2953,0
2954,-0.00390625
2955,0
2956,-5.359375
2957,-5.34765625
2958,-5.33984375
2959,-5.33203125
2960,-5.3203125
2961,0
2962,0
2963,0
2964,7.99609375
2965,-8
2966,0.00390625
2967,0
2968,0.00390625
2969,0
2970,-0.00390625
2971,0
2972,-5.21484375
2973,-5.203125
2974,-5.1953125
2975,-5.1875
2976,-5.17578125
2977,0
2978,0
2979,0
2980,7.99609375
2981,-8
2982,0.00390625
2983,0
2984,0.00390625
2985,0
2986,-0.00390625
2987,0
2988,-5.0703125
2989,-5.05859375
2990,-5.05078125
2991,-5.04296875
2992,-5.03125
2993,0
2994,0
2995,0
2996,7.99609375
2997,-8
2998,0.00390625
2999,0
3000,0.00390625
3001,0
3002,-0.00390625
3003,0
3004,-4.92578125
3005,-4.9140625
3006,-4.90625
3007,-4.8984375
3008,-4.88671875
3009,0
3010,0
3011,0
3012,7.99609375
3013,-8
3014,0.00390625
3015,0
3016,0.00390625
3017,0
3018,-0.00390625
3019,0
3020,-4.78125
3021,-4.76953125
3022,-4.76171875
3023,-4.75390625
3024,-4.7421875
3025,0
3026,0
3027,0
3028,7.99609375
3029,-8
3030,0.00390625
3031,0
3032,0.00390625
3033,0
3034,-0.00390625
3035,0
3036,-4.63671875
3037,-4.625
3038,-4.6171875
3039,-4.609375
3040,-4.59765625
3041,0
3042,0
3043,0
3044,7.99609375
3045,-8
3046,0.00390625
3047,0
3048,0.00390625
3049,0
3050,-0.00390625
3051,0
3052,-4.4921875
3053,-4.48046875
3054,-4.47265625
3055,-4.46484375
3056,-4.453125
3057,0
3058,0
3059,0
3060,7.99609375
3061,-8
3062,0.00390625
3063,0
3064,0.00390625
3065,0
3066,-0.00390625
3067,0
3068,-4.34765625
3069,-4.3359375
3070,-4.328125
3071,-4.3203125
3072,-4.30859375
3073,0
3074,0
3075,0
3076,7.99609375
3077,-8
3078,0.00390625
3079,0
3080,0.00390625
3081,0
3082,-0.00390625
3083,0
3084,-4.203125
3085,-4.19140625
3086,-4.18359375
3087,-4.17578125
3088,-4.1640625
3089,0
3090,0
3091,0
3092,7.99609375
3093,-8
3094,0.00390625
3095,0
3096,0.00390625
3097,0
3098,-0.00390625
3099,0
3100,-4.05859375
3101,-4.046875
3102,-4.0390625
3103,-4.03125
3104,-4.01953125
3105,0
3106,0
3107,0
3108,7.99609375
3109,-8
3110,0.00390625
3111,0
3112,0.00390625
3113,0
3114,-0.00390625
3115,0
3116,-3.9140625
3117,-3.90234375
3118,-3.89453125
3119,-3.88671875
3120,-3.875
3121,0
3122,0
3123,0
3124,7.99609375
3125,-8
3126,0.00390625
3127,0
3128,0.00390625
3129,0
3130,-0.00390625
3131,0
3132,-3.76953125
3133,-3.7578125
3134,-3.75
3135,-3.7421875
3136,-3.73046875
3137,0
3138,0
3139,0
3140,7.99609375
3141,-8
3142,0.00390625
3143,0
3144,0.00390625
3145,0
3146,-0.00390625
3147,0
3148,-3.625
3149,-3.61328125
3150,-3.60546875
3151,-3.59765625
3152,-3.5859375
3153,0
3154,0
3155,0
3156,7.99609375
3157,-8
3158,0.00390625
3159,0
3160,0.00390625
3161,0
3162,-0.00390625
3163,0
3164,-3.48046875
3165,-3.46875
3166,-3.4609375
3167,-3.453125
3168,-3.44140625
3169,0
3170,0
3171,0
3172,7.99609375
3173,-8
3174,0.00390625
3175,0
3176,0.00390625
3177,0
3178,-0.00390625
3179,0
3180,-3.3359375
3181,-3.32421875
3182,-3.31640625
3183,-3.30859375
3184,-3.296875
3185,0
3186,0
3187,0
3188,7.99609375
3189,-8
3190,0.00390625
3191,0
3192,0.00390625
3193,0
3194,-0.00390625
3195,0
3196,-3.19140625
3197,-3.1796875
3198,-3.171875
3199,-3.1640625
3200,-3.15234375
3201,0
3202,0
3203,0
3204,7.99609375
3205,-8
3206,0.00390625
3207,0
3208,0.00390625
3209,0
3210,-0.00390625
3211,0
3212,-3.046875
3213,-3.03515625
3214,-3.02734375
3215,-3.01953125
3216,-3.0078125
3217,0
3218,0
3219,0
3220,7.99609375
3221,-8
3222,0.00390625
3223,0
3224,0.00390625
3225,0
3226,-0.00390625
3227,0
3228,-2.90234375
3229,-2.890625
3230,-2.8828125
3231,-2.875
3232,-2.86328125
3233,0
3234,0
3235,0
3236,7.99609375
3237,-8
3238,0.00390625
3239,0
3240,0.00390625
3241,0
3242,-0.00390625
3243,0
3244,-2.7578125
3245,-2.74609375
3246,-2.73828125
3247,-2.73046875
3248,-2.71875
3249,0
3250,0
3251,0
3252,7.99609375
3253,-8
3254,0.00390625
3255,0
3256,0.00390625
3257,0
3258,-0.00390625
3259,0
3260,-2.61328125
3261,-2.6015625
3262,-2.59375
3263,-2.5859375
3264,-2.57421875
3265,0
3266,0
3267,0
3268,7.99609375
3269,-8
3270,0.00390625
3271,0
3272,0.00390625
3273,0
3274,-0.00390625
3275,0
3276,-2.46875
3277,-2.45703125
3278,-2.44921875
3279,-2.44140625
3280,-2.4296875
3281,0
3282,0
3283,0
3284,7.99609375
3285,-8
3286,0.00390625
3287,0
3288,0.00390625
3289,0
3290,-0.00390625
3291,0
3292,-2.32421875
3293,-2.3125
3294,-2.3046875
3295,-2.296875
3296,-2.28515625
3297,0
3298,0
3299,0
3300,7.99609375
3301,-8
3302,0.00390625
3303,0
3304,0.00390625
3305,0
3306,-0.00390625
3307,0
3308,-2.1796875
3309,-2.16796875
3310,-2.16015625
3311,-2.15234375
3312,-2.140625
3313,0
3314,0
3315,0
3316,7.99609375
3317,-8
3318,0.00390625
3319,0
3320,0.00390625
3321,0
3322,-0.00390625
3323,0
3324,-2.03515625
3325,-2.0234375
3326,-2.015625
3327,-2.0078125
3328,-1.99609375
3329,0
3330,0
3331,0
3332,7.99609375
3333,-8
3334,0.00390625
3335,0
3336,0.00390625
3337,0
3338,-0.00390625
3339,0
3340,-1.890625
3341,-1.87890625
3342,-1.87109375
3343,-1.86328125
3344,-1.8515625
3345,0
3346,0
3347,0
3348,7.99609375
3349,-8
3350,0.00390625
3351,0
3352,0.00390625
3353,0
3354,-0.00390625
3355,0
3356,-1.74609375
3357,-1.734375
3358,-1.7265625
3359,-1.71875
3360,-1.70703125
3361,0
3362,0
3363,0
3364,7.99609375
3365,-8
3366,0.00390625
3367,0
3368,0.00390625
3369,0
3370,-0.00390625
3371,0
3372,-1.6015625
3373,-1.58984375
3374,-1.58203125
3375,-1.57421875
3376,-1.5625
3377,0
3378,0
3379,0
3380,7.99609375
3381,-8
3382,0.00390625
3383,0
3384,0.00390625
3385,0
3386,-0.00390625
3387,0
3388,-1.45703125
3389,-1.4453125
3390,-1.4375
3391,-1.4296875
3392,-1.41796875
3393,0
3394,0
3395,0
3396,7.99609375
3397,-8
3398,0.00390625
3399,0
3400,0.00390625
3401,0
3402,-0.00390625
3403,0
3404,-1.3125
3405,-1.30078125
3406,-1.29296875
3407,-1.28515625
3408,-1.2734375
3409,0
3410,0
3411,0
3412,7.99609375
3413,-8
3414,0.00390625
3415,0
3416,0.00390625
3417,0
3418,-0.00390625
3419,0
3420,-1.16796875
3421,-1.15625
3422,-1.1484375
3423,-1.140625
3424,-1.12890625
3425,0
3426,0
3427,0
3428,7.99609375
3429,-8
3430,0.00390625
3431,0
3432,0.00390625
3433,0
3434,-0.00390625
3435,0
3436,-1.0234375
3437,-1.01171875
3438,-1.00390625
3439,-0.99609375
3440,-0.984375
3441,0
3442,0
3443,0
3444,7.99609375
3445,-8
3446,0.00390625
3447,0
3448,0.00390625
3449,0
3450,-0.00390625
3451,0
3452,-0.87890625
3453,-0.8671875
3454,-0.859375
3455,-0.8515625
3456,-0.83984375
3457,0
3458,0
3459,0
3460,7.99609375
3461,-8
3462,0.00390625
3463,0
3464,0.00390625
3465,0
3466,-0.00390625
3467,0
3468,-0.734375
3469,-0.72265625
3470,-0.71484375
3471,-0.70703125
3472,-0.6953125
3473,0
3474,0
3475,0
3476,7.99609375
3477,-8
3478,0.00390625
3479,0
3480,0.00390625
3481,0
3482,-0.00390625
3483,0
3484,-0.58984375
3485,-0.578125
3486,-0.5703125
3487,-0.5625
3488,-0.55078125
3489,0
3490,0
3491,0
3492,7.99609375
3493,-8
3494,0.00390625
3495,0
3496,0.00390625
3497,0
3498,-0.00390625
3499,0
3500,-0.4453125
3501,-0.43359375
3502,-0.42578125
3503,-0.41796875
3504,-0.40625
3505,0
3506,0
3507,0
3508,7.99609375
3509,-8
3510,0.00390625
3511,0
3512,0.00390625
3513,0
3514,-0.00390625
3515,0
3516,-0.30078125
3517,-0.2890625
3518,-0.28125
3519,-0.2734375
3520,-0.26171875
3521,0
3522,0
3523,0
3524,7.99609375
3525,-8
3526,0.00390625
3527,0
3528,0.00390625
3529,0
3530,-0.00390625
3531,0
3532,-0.15625
3533,-0.14453125
3534,-0.13671875
3535,-0.12890625
3536,-0.1171875
3537,0
3538,0
3539,0
3540,7.99609375
3541,-8
3542,0.00390625
3543,0
3544,0.00390625
3545,0
3546,-0.00390625
3547,0
3548,-0.01171875
3549,0
3550,0.0078125
3551,0.015625
3552,0.02734375
3553,0
3554,0
3555,0
3556,7.99609375
3557,-8
3558,0.00390625
3559,0
3560,0.00390625
3561,0
3562,-0.00390625
3563,0
3564,0.1328125
3565,0.14453125
3566,0.15234375
3567,0.16015625
3568,0.171875
3569,0
3570,0
3571,0
3572,7.99609375
3573,-8
3574,0.00390625
3575,0
3576,0.00390625
3577,0
3578,-0.00390625
3579,0
3580,0.27734375
3581,0.2890625
3582,0.296875
3583,0.3046875
3584,0.31640625
3585,0
3586,0
3587,0
3588,7.99609375
3589,-8
3590,0.00390625
3591,0
3592,0.00390625
3593,0
3594,-0.00390625
3595,0
3596,0.421875
3597,0.43359375
3598,0.44140625
3599,0.44921875
3600,0.4609375
3601,0
3602,0
3603,0
3604,7.99609375
3605,-8
3606,0.00390625
3607,0
3608,0.00390625
3609,0
3610,-0.00390625
3611,0
3612,0.56640625
3613,0.578125
3614,0.5859375
3615,0.59375
3616,0.60546875
3617,0
3618,0
3619,0
3620,7.99609375
3621,-8
3622,0.00390625
3623,0
3624,0.00390625
3625,0
3626,-0.00390625
3627,0
3628,0.7109375
3629,0.72265625
3630,0.73046875
3631,0.73828125
3632,0.75
3633,0
3634,0
3635,0
3636,7.99609375
3637,-8
3638,0.00390625
3639,0
3640,0.00390625
3641,0
3642,-0.00390625
3643,0
3644,0.85546875
3645,0.8671875
3646,0.875
3647,0.8828125
3648,0.89453125
3649,0
3650,0
3651,0
3652,7.99609375
3653,-8
3654,0.00390625
3655,0
3656,0.00390625
3657,0
3658,-0.00390625
3659,0
3660,1
3661,1.01171875
3662,1.01953125
3663,1.02734375
3664,1.0390625
3665,0
3666,0
3667,0
3668,7.99609375
3669,-8
3670,0.00390625
3671,0
3672,0.00390625
3673,0
3674,-0.00390625
3675,0
3676,1.14453125
3677,1.15625
3678,1.1640625
3679,1.171875
3680,1.18359375
3681,0
3682,0
3683,0
3684,7.99609375
3685,-8
3686,0.00390625
3687,0
3688,0.00390625
3689,0
3690,-0.00390625
3691,0
3692,1.2890625
3693,1.30078125
3694,1.30859375
3695,1.31640625
3696,1.328125
3697,0
3698,0
3699,0
3700,7.99609375
3701,-8
3702,0.00390625
3703,0
3704,0.00390625
3705,0
3706,-0.00390625
3707,0
3708,1.43359375
3709,1.4453125
3710,1.453125
3711,1.4609375
3712,1.47265625
3713,0
3714,0
3715,0
3716,7.99609375
3717,-8
3718,0.00390625
3719,0
3720,0.00390625
3721,0
3722,-0.00390625
3723,0
3724,1.578125
3725,1.58984375
3726,1.59765625
3727,1.60546875
3728,1.6171875
3729,0
3730,0
3731,0
3732,7.99609375
3733,-8
3734,0.00390625
3735,0
3736,0.00390625
3737,0
3738,-0.00390625
3739,0
3740,1.72265625
3741,1.734375
3742,1.7421875
3743,1.75
3744,1.76171875
3745,0
3746,0
3747,0
3748,7.99609375
3749,-8
3750,0.00390625
3751,0
3752,0.00390625
3753,0
3754,-0.00390625
3755,0
3756,1.8671875
3757,1.87890625
3758,1.88671875
3759,1.89453125
3760,1.90625
3761,0
3762,0
3763,0
3764,7.99609375
3765,-8
3766,0.00390625
3767,0
3768,0.00390625
3769,0
3770,-0.00390625
3771,0
3772,2.01171875
3773,2.0234375
3774,2.03125
3775,2.0390625
3776,2.05078125
3777,0
3778,0
3779,0
3780,7.99609375
3781,-8
3782,0.00390625
3783,0
3784,0.00390625
3785,0
3786,-0.00390625
3787,0
3788,2.15625
3789,2.16796875
3790,2.17578125
3791,2.18359375
3792,2.1953125
3793,0
3794,0
3795,0
3796,7.99609375
3797,-8
3798,0.00390625
3799,0
3800,0.00390625
3801,0
3802,-0.00390625
3803,0
3804,2.30078125
3805,2.3125
3806,2.3203125
3807,2.328125
3808,2.33984375
3809,0
3810,0
3811,0
3812,7.99609375
3813,-8
3814,0.00390625
3815,0
3816,0.00390625
3817,0
3818,-0.00390625
3819,0
3820,2.4453125
3821,2.45703125
3822,2.46484375
3823,2.47265625
3824,2.484375
3825,0
3826,0
3827,0
3828,7.99609375
3829,-8
3830,0.00390625
3831,0
3832,0.00390625
3833,0
3834,-0.00390625
3835,0
3836,2.58984375
3837,2.6015625
3838,2.609375
3839,2.6171875
3840,2.62890625
3841,0
3842,0
3843,0
3844,7.99609375
3845,-8
3846,0.00390625
3847,0
3848,0.00390625
3849,0
3850,-0.00390625
3851,0
3852,2.734375
3853,2.74609375
3854,2.75390625
3855,2.76171875
3856,2.7734375
3857,0
3858,0
3859,0
3860,7.99609375
3861,-8
3862,0.00390625
3863,0
3864,0.00390625
3865,0
3866,-0.00390625
3867,0
3868,2.87890625
3869,2.890625
3870,2.8984375
3871,2.90625
3872,2.91796875
3873,0
3874,0
3875,0
3876,7.99609375
3877,-8
3878,0.00390625
3879,0
3880,0.00390625
3881,0
3882,-0.00390625
3883,0
3884,3.0234375
3885,3.03515625
3886,3.04296875
3887,3.05078125
3888,3.0625
3889,0
3890,0
3891,0
3892,7.99609375
3893,-8
3894,0.00390625
3895,0
3896,0.00390625
3897,0
3898,-0.00390625
3899,0
3900,3.16796875
3901,3.1796875
3902,3.1875
3903,3.1953125
3904,3.20703125
3905,0
3906,0
3907,0
3908,7.99609375
3909,-8
3910,0.00390625
3911,0
3912,0.00390625
3913,0
3914,-0.00390625
3915,0
3916,3.3125
3917,3.32421875
3918,3.33203125
3919,3.33984375
3920,3.3515625
3921,0
3922,0
3923,0
3924,7.99609375
3925,-8
3926,0.00390625
3927,0
3928,0.00390625
3929,0
3930,-0.00390625
3931,0
3932,3.45703125
3933,3.46875
3934,3.4765625
3935,3.484375
3936,3.49609375
3937,0
3938,0
3939,0
3940,7.99609375
3941,-8
3942,0.00390625
3943,0
3944,0.00390625
3945,0
3946,-0.00390625
3947,0
3948,3.6015625
3949,3.61328125
3950,3.62109375
3951,3.62890625
3952,3.640625
3953,0
3954,0
3955,0
3956,7.99609375
3957,-8
3958,0.00390625
3959,0
3960,0.00390625
3961,0
3962,-0.00390625
3963,0
3964,3.74609375
3965,3.7578125
3966,3.765625
3967,3.7734375
3968,3.78515625
3969,0
3970,0
3971,0
3972,7.99609375
3973,-8
3974,0.00390625
3975,0
3976,0.00390625
3977,0
3978,-0.00390625
3979,0
3980,3.890625
3981,3.90234375
3982,3.91015625
3983,3.91796875
3984,3.9296875
3985,0
3986,0
3987,0
3988,7.99609375
3989,-8
3990,0.00390625
3991,0
3992,0.00390625
3993,0
3994,-0.00390625
3995,0
3996,4.03515625
3997,4.046875
3998,4.0546875
3999,4.0625
4000,4.07421875
4001,0
4002,0
4003,0
4004,7.99609375
4005,-8
4006,0.00390625
4007,0
4008,0.00390625
4009,0
4010,-0.00390625
4011,0
4012,4.1796875
4013,4.19140625
4014,4.19921875
4015,4.20703125
4016,4.21875
4017,0
4018,0
4019,0
4020,7.99609375
4021,-8
4022,0.00390625
4023,0
4024,0.00390625
4025,0
4026,-0.00390625
4027,0
4028,4.32421875
4029,4.3359375
4030,4.34375
4031,4.3515625
4032,4.36328125
4033,0
4034,0
4035,0
4036,7.99609375
4037,-8
4038,0.00390625
4039,0
4040,0.00390625
4041,0
4042,-0.00390625
4043,0
4044,4.46875
4045,4.48046875
4046,4.48828125
4047,4.49609375
4048,4.5078125
4049,0
4050,0
4051,0
4052,7.99609375
4053,-8
4054,0.00390625
4055,0
4056,0.00390625
4057,0
4058,-0.00390625
4059,0
4060,4.61328125
4061,4.625
4062,4.6328125
4063,4.640625
4064,4.65234375
4065,0
4066,0
4067,0
4068,7.99609375
4069,-8
4070,0.00390625
4071,0
4072,0.00390625
4073,0
4074,-0.00390625
4075,0
4076,4.7578125
4077,4.76953125
4078,4.77734375
4079,4.78515625
4080,4.796875
4081,0
4082,0
4083,0
4084,7.99609375
4085,-8
4086,0.00390625
4087,0
4088,0.00390625
4089,0
4090,-0.00390625
4091,0
4092,4.90234375
4093,4.9140625
4094,4.921875
4095,4.9296875
4096,4.94140625
4097,0
4098,0
4099,0
4100,7.99609375
4101,-8
4102,0.00390625
4103,0
4104,0.00390625
4105,0
4106,-0.00390625
4107,0
4108,5.046875
4109,5.05859375
4110,5.06640625
4111,5.07421875
4112,5.0859375
4113,0
4114,0
4115,0
4116,7.99609375
4117,-8
4118,0.00390625
4119,0
4120,0.00390625
4121,0
4122,-0.00390625
4123,0
4124,5.19140625
4125,5.203125
4126,5.2109375
4127,5.21875
4128,5.23046875
4129,0
4130,0
4131,0
4132,7.99609375
4133,-8
4134,0.00390625
4135,0
4136,0.00390625
4137,0
4138,-0.00390625
4139,0
4140,5.3359375
4141,5.34765625
4142,5.35546875
4143,5.36328125
4144,5.375
4145,0
4146,0
4147,0
4148,7.99609375
4149,-8
4150,0.00390625
4151,0
4152,0.00390625
4153,0
4154,-0.00390625
4155,0
4156,5.48046875
4157,5.4921875
4158,5.5
4159,5.5078125
4160,5.51953125
4161,0
4162,0
4163,0
4164,7.99609375
4165,-8
4166,0.00390625
4167,0
4168,0.00390625
4169,0
4170,-0.00390625
4171,0
4172,5.625
4173,5.63671875
4174,5.64453125
4175,5.65234375
4176,5.6640625
4177,0
4178,0
4179,0
4180,7.99609375
4181,-8
4182,0.00390625
4183,0
4184,0.00390625
4185,0
4186,-0.00390625
4187,0
4188,5.76953125
4189,5.78125
4190,5.7890625
4191,5.796875
4192,5.80859375
4193,0
4194,0
4195,0
4196,7.99609375
4197,-8
4198,0.00390625
4199,0
4200,0.00390625
4201,0
4202,-0.00390625
4203,0
4204,5.9140625
4205,5.92578125
4206,5.93359375
4207,5.94140625
4208,5.953125
4209,0
4210,0
4211,0
4212,7.99609375
4213,-8
4214,0.00390625
4215,0
4216,0.00390625
4217,0
4218,-0.00390625
4219,0
4220,6.05859375
4221,6.0703125
4222,6.078125
4223,6.0859375
4224,6.09765625
4225,0
4226,0
4227,0
4228,7.99609375
4229,-8
4230,0.00390625
4231,0
4232,0.00390625
4233,0
4234,-0.00390625
4235,0
4236,6.203125
4237,6.21484375
4238,6.22265625
4239,6.23046875
4240,6.2421875
4241,0
4242,0
4243,0
4244,7.99609375
4245,-8
4246,0.00390625
4247,0
4248,0.00390625
4249,0
4250,-0.00390625
4251,0
4252,6.34765625
4253,6.359375
4254,6.3671875
4255,6.375
4256,6.38671875
4257,0
4258,0
4259,0
4260,7.99609375
4261,-8
4262,0.00390625
4263,0
4264,0.00390625
4265,0
4266,-0.00390625
4267,0
4268,6.4921875
4269,6.50390625
4270,6.51171875
4271,6.51953125
4272,6.53125
4273,0
4274,0
4275,0
4276,7.99609375
4277,-8
4278,0.00390625
4279,0
4280,0.00390625
4281,0
4282,-0.00390625
4283,0
4284,6.63671875
4285,6.6484375
4286,6.65625
4287,6.6640625
4288,6.67578125
4289,0
4290,0
4291,0
4292,7.99609375
4293,-8
4294,0.00390625
4295,0
4296,0.00390625
4297,0
4298,-0.00390625
4299,0
4300,6.78125
4301,6.79296875
4302,6.80078125
4303,6.80859375
4304,6.8203125
4305,0
4306,0
4307,0
4308,7.99609375
4309,-8
4310,0.00390625
4311,0
4312,0.00390625
4313,0
4314,-0.00390625
4315,0
4316,6.92578125
4317,6.9375
4318,6.9453125
4319,6.953125
4320,6.96484375
4321,0
4322,0
4323,0
4324,7.99609375
4325,-8
4326,0.00390625
4327,0
4328,0.00390625
4329,0
4330,-0.00390625
4331,0
4332,7.0703125
4333,7.08203125
4334,7.08984375
4335,7.09765625
4336,7.109375
4337,0
4338,0
4339,0
4340,7.99609375
4341,-8
4342,0.00390625
4343,0
4344,0.00390625
4345,0
4346,-0.00390625
4347,0
4348,7.21484375
4349,7.2265625
4350,7.234375
4351,7.2421875
4352,7.25390625
4353,0
4354,0
4355,0
4356,7.99609375
4357,-8
4358,0.00390625
4359,0
4360,0.00390625
4361,0
4362,-0.00390625
4363,0
4364,7.359375
4365,7.37109375
4366,7.37890625
4367,7.38671875
4368,7.3984375
4369,0
4370,0
4371,0
4372,7.99609375
4373,-8
4374,0.00390625
4375,0
4376,0.00390625
4377,0
4378,-0.00390625
4379,0
4380,7.50390625
4381,7.515625
4382,7.5234375
4383,7.53125
4384,7.54296875
4385,0
4386,0
4387,0
4388,7.99609375
4389,-8
4390,0.00390625
4391,0
4392,0.00390625
4393,0
4394,-0.00390625
4395,0
4396,7.6484375
4397,7.66015625
4398,7.66796875
4399,7.67578125
4400,7.6875
4401,0
4402,0
4403,0
4404,7.99609375
4405,-8
4406,0.00390625
4407,0
4408,0.00390625
4409,0
4410,-0.00390625
4411,0
4412,7.79296875
4413,7.8046875
4414,7.8125
4415,7.8203125
4416,7.83203125
4417,0
4418,0
4419,0
4420,7.99609375
4421,-8
4422,0.00390625
4423,0
4424,0.00390625
4425,0
4426,-0.00390625
4427,0
4428,7.9375
4429,7.94921875
4430,7.95703125
4431,7.96484375
4432,7.9765625
4433,0
4434,0
4435,0
4436,7.99609375
4437,-8
4438,0.00390625
4439,0
4440,0.00390625
4441,0
4442,-0.00390625
4443,0
4444,-7.91796875
4445,-7.90625
4446,-7.8984375
4447,-7.890625
4448,-7.87890625
4449,0
4450,0
4451,0
4452,7.99609375
4453,-8
4454,0.00390625
4455,0
4456,0.00390625
4457,0
4458,-0.00390625
4459,0
4460,-7.7734375
4461,-7.76171875
4462,-7.75390625
4463,-7.74609375
4464,-7.734375
4465,0
4466,0
4467,0
4468,7.99609375
4469,-8
4470,0.00390625
4471,0
4472,0.00390625
4473,0
4474,-0.00390625
4475,0
4476,-7.62890625
4477,-7.6171875
4478,-7.609375
4479,-7.6015625
4480,-7.58984375
4481,0
4482,0
4483,0
4484,7.99609375
4485,-8
4486,0.00390625
4487,0
4488,0.00390625
4489,0
4490,-0.00390625
4491,0
4492,-7.484375
4493,-7.47265625
4494,-7.46484375
4495,-7.45703125
4496,-7.4453125
4497,0
4498,0
4499,0
4500,7.99609375
4501,-8
4502,0.00390625
4503,0
4504,0.00390625
4505,0
4506,-0.00390625
4507,0
4508,-7.33984375
4509,-7.328125
4510,-7.3203125
4511,-7.3125
4512,-7.30078125
4513,0
4514,0
4515,0
4516,7.99609375
4517,-8
4518,0.00390625
4519,0
4520,0.00390625
4521,0
4522,-0.00390625
4523,0
4524,-7.1953125
4525,-7.18359375
4526,-7.17578125
4527,-7.16796875
4528,-7.15625
4529,0
4530,0
4531,0
4532,7.99609375
4533,-8
4534,0.00390625
4535,0
4536,0.00390625
4537,0
4538,-0.00390625
4539,0
4540,-7.05078125
4541,-7.0390625
4542,-7.03125
4543,-7.0234375
4544,-7.01171875
4545,0
4546,0
4547,0
4548,7.99609375
4549,-8
4550,0.00390625
4551,0
4552,0.00390625
4553,0
4554,-0.00390625
4555,0
4556,-6.90625
4557,-6.89453125
4558,-6.88671875
4559,-6.87890625
4560,-6.8671875
4561,0
4562,0
4563,0
4564,7.99609375
4565,-8
4566,0.00390625
4567,0
4568,0.00390625
4569,0
4570,-0.00390625
4571,0
4572,-6.76171875
4573,-6.75
4574,-6.7421875
4575,-6.734375
4576,-6.72265625
4577,0
4578,0
4579,0
4580,7.99609375
4581,-8
4582,0.00390625
4583,0
4584,0.00390625
4585,0
4586,-0.00390625
4587,0
4588,-6.6171875
4589,-6.60546875
4590,-6.59765625
4591,-6.58984375
4592,-6.578125
4593,0
4594,0
4595,0
4596,7.99609375
4597,-8
4598,0.00390625
4599,0
4600,0.00390625
4601,0
4602,-0.00390625
4603,0
4604,-6.47265625
4605,-6.4609375
4606,-6.453125
4607,-6.4453125
4608,-6.43359375
4609,0
4610,0
4611,0
4612,7.99609375
4613,-8
4614,0.00390625
4615,0
4616,0.00390625
4617,0
4618,-0.00390625
4619,0
4620,-6.328125
4621,-6.31640625
4622,-6.30859375
4623,-6.30078125
4624,-6.2890625
4625,0
4626,0
4627,0
4628,7.99609375
4629,-8
4630,0.00390625
4631,0
4632,0.00390625
4633,0
4634,-0.00390625
4635,0
4636,-6.18359375
4637,-6.171875
4638,-6.1640625
4639,-6.15625
4640,-6.14453125
4641,0
4642,0
4643,0
4644,7.99609375
4645,-8
4646,0.00390625
4647,0
4648,0.00390625
4649,0
4650,-0.00390625
4651,0
4652,-6.0390625
4653,-6.02734375
4654,-6.01953125
4655,-6.01171875
4656,-6
4657,0
4658,0
4659,0
4660,7.99609375
4661,-8
4662,0.00390625
4663,0
4664,0.00390625
4665,0
4666,-0.00390625
4667,0
4668,-5.89453125
4669,-5.8828125
4670,-5.875
4671,-5.8671875
4672,-5.85546875
4673,0
4674,0
4675,0
4676,7.99609375
4677,-8
4678,0.00390625
4679,0
4680,0.00390625
4681,0
4682,-0.00390625
4683,0
4684,-5.75
4685,-5.73828125
4686,-5.73046875
4687,-5.72265625
4688,-5.7109375
4689,0
4690,0
4691,0
4692,7.99609375
4693,-8
4694,0.00390625
4695,0
4696,0.00390625
4697,0
4698,-0.00390625
4699,0
4700,-5.60546875
4701,-5.59375
4702,-5.5859375
4703,-5.578125
4704,-5.56640625
4705,0
4706,0
4707,0
4708,7.99609375
4709,-8
4710,0.00390625
4711,0
4712,0.00390625
4713,0
4714,-0.00390625
4715,0
4716,-5.4609375
4717,-5.44921875
4718,-5.44140625
4719,-5.43359375
4720,-5.421875
4721,0
4722,0
4723,0
4724,7.99609375
4725,-8
4726,0.00390625
4727,0
4728,0.00390625
4729,0
4730,-0.00390625
4731,0
4732,-5.31640625
4733,-5.3046875
4734,-5.296875
4735,-5.2890625
4736,-5.27734375
4737,0
4738,0
4739,0
4740,7.99609375
4741,-8
4742,0.00390625
4743,0
4744,0.00390625
4745,0
4746,-0.00390625
4747,0
4748,-5.171875
4749,-5.16015625
4750,-5.15234375
4751,-5.14453125
4752,-5.1328125
4753,0
4754,0
4755,0
4756,7.99609375
4757,-8
4758,0.00390625
4759,0
4760,0.00390625
4761,0
4762,-0.00390625
4763,0
4764,-5.02734375
4765,-5.015625
4766,-5.0078125
4767,-5
4768,-4.98828125
4769,0
4770,0
4771,0
4772,7.99609375
4773,-8
4774,0.00390625
4775,0
4776,0.00390625
4777,0
4778,-0.00390625
4779,0
4780,-4.8828125
4781,-4.87109375
4782,-4.86328125
4783,-4.85546875
4784,-4.84375
4785,0
4786,0
4787,0
4788,7.99609375
4789,-8
4790,0.00390625
4791,0
4792,0.00390625
4793,0
4794,-0.00390625
4795,0
4796,-4.73828125
4797,-4.7265625
4798,-4.71875
4799,-4.7109375
4800,-4.69921875
4801,0
4802,0
4803,0
4804,7.99609375
4805,-8
4806,0.00390625
4807,0
4808,0.00390625
4809,0
4810,-0.00390625
4811,0
4812,-4.59375
4813,-4.58203125
4814,-4.57421875
4815,-4.56640625
4816,-4.5546875
4817,0
4818,0
4819,0
4820,7.99609375
4821,-8
4822,0.00390625
4823,0
4824,0.00390625
4825,0
4826,-0.00390625
4827,0
4828,-4.44921875
4829,-4.4375
4830,-4.4296875
4831,-4.421875
4832,-4.41015625
4833,0
4834,0
4835,0
4836,7.99609375
4837,-8
4838,0.00390625
4839,0
4840,0.00390625
4841,0
4842,-0.00390625
4843,0
4844,-4.3046875
4845,-4.29296875
4846,-4.28515625
4847,-4.27734375
4848,-4.265625
4849,0
4850,0
4851,0
4852,7.99609375
4853,-8
4854,0.00390625
4855,0
4856,0.00390625
4857,0
4858,-0.00390625
4859,0
4860,-4.16015625
4861,-4.1484375
4862,-4.140625
4863,-4.1328125
4864,-4.12109375
4865,0
4866,0
4867,0
4868,7.99609375
4869,-8
4870,0.00390625
4871,0
4872,0.00390625
4873,0
4874,-0.00390625
4875,0
4876,-4.015625
4877,-4.00390625
4878,-3.99609375
4879,-3.98828125
4880,-3.9765625
4881,0
4882,0
4883,0
4884,7.99609375
4885,-8
4886,0.00390625
4887,0
4888,0.00390625
4889,0
4890,-0.00390625
4891,0
4892,-3.87109375
4893,-3.859375
4894,-3.8515625
4895,-3.84375
4896,-3.83203125
4897,0
4898,0
4899,0
4900,7.99609375
4901,-8
4902,0.00390625
4903,0
4904,0.00390625
4905,0
4906,-0.00390625
4907,0
4908,-3.7265625
4909,-3.71484375
4910,-3.70703125
4911,-3.69921875
4912,-3.6875
4913,0
4914,0
4915,0
4916,7.99609375
4917,-8
4918,0.00390625
4919,0
4920,0.00390625
4921,0
4922,-0.00390625
4923,0
4924,-3.58203125
4925,-3.5703125
4926,-3.5625
4927,-3.5546875
4928,-3.54296875
4929,0
4930,0
4931,0
4932,7.99609375
4933,-8
4934,0.00390625
4935,0
4936,0.00390625
4937,0
4938,-0.00390625
4939,0
4940,-3.4375
4941,-3.42578125
4942,-3.41796875
4943,-3.41015625
4944,-3.3984375
4945,0
4946,0
4947,0
4948,7.99609375
4949,-8
4950,0.00390625
4951,0
4952,0.00390625
4953,0
4954,-0.00390625
4955,0
4956,-3.29296875
4957,-3.28125
4958,-3.2734375
4959,-3.265625
4960,-3.25390625
4961,0
4962,0
4963,0
4964,7.99609375
4965,-8
4966,0.00390625
4967,0
4968,0.00390625
4969,0
4970,-0.00390625
4971,0
4972,-3.1484375
4973,-3.13671875
4974,-3.12890625
4975,-3.12109375
4976,-3.109375
4977,0
4978,0
4979,0
4980,7.99609375
4981,-8
4982,0.00390625
4983,0
4984,0.00390625
4985,0
4986,-0.00390625
4987,0
4988,-3.00390625
4989,-2.9921875
4990,-2.984375
4991,-2.9765625
4992,-2.96484375
4993,0
4994,0
4995,0
4996,7.99609375
4997,-8
4998,0.00390625
4999,0
5000,0.00390625
5001,0
5002,-0.00390625
5003,0
5004,-2.859375
5005,-2.84765625
5006,-2.83984375
5007,-2.83203125
5008,-2.8203125
5009,0
5010,0
5011,0
5012,7.99609375
5013,-8
5014,0.00390625
5015,0
5016,0.00390625
5017,0
5018,-0.00390625
5019,0
5020,-2.71484375
5021,-2.703125
5022,-2.6953125
5023,-2.6875
5024,-2.67578125
5025,0
5026,0
5027,0
5028,7.99609375
5029,-8
5030,0.00390625
5031,0
5032,0.00390625
5033,0
5034,-0.00390625
5035,0
5036,-2.5703125
5037,-2.55859375
5038,-2.55078125
5039,-2.54296875
5040,-2.53125
5041,0
5042,0
5043,0
5044,7.99609375
5045,-8
5046,0.00390625
5047,0
5048,0.00390625
5049,0
5050,-0.00390625
5051,0
5052,-2.42578125
5053,-2.4140625
5054,-2.40625
5055,-2.3984375
5056,-2.38671875
5057,0
5058,0
5059,0
5060,7.99609375
5061,-8
5062,0.00390625
5063,0
5064,0.00390625
5065,0
5066,-0.00390625
5067,0
5068,-2.28125
5069,-2.26953125
5070,-2.26171875
5071,-2.25390625
5072,-2.2421875
5073,0
5074,0
5075,0
5076,7.99609375
5077,-8
5078,0.00390625
5079,0
5080,0.00390625
5081,0
5082,-0.00390625
5083,0
5084,-2.13671875
5085,-2.125
5086,-2.1171875
5087,-2.109375
5088,-2.09765625
5089,0
5090,0
5091,0
5092,7.99609375
5093,-8
5094,0.00390625
5095,0
5096,0.00390625
5097,0
5098,-0.00390625
5099,0
5100,-1.9921875
5101,-1.98046875
5102,-1.97265625
5103,-1.96484375
5104,-1.953125
5105,0
5106,0
5107,0
5108,7.99609375
5109,-8
5110,0.00390625
5111,0
5112,0.00390625
5113,0
5114,-0.00390625
5115,0
5116,-1.84765625
5117,-1.8359375
5118,-1.828125
5119,-1.8203125
5120,-1.80859375
5121,0
5122,0
5123,0
5124,7.99609375
5125,-8
5126,0.00390625
5127,0
5128,0.00390625
5129,0
5130,-0.00390625
5131,0
5132,-1.703125
5133,-1.69140625
5134,-1.68359375
5135,-1.67578125
5136,-1.6640625
5137,0
5138,0
5139,0
5140,7.99609375
5141,-8
5142,0.00390625
5143,0
5144,0.00390625
5145,0
5146,-0.00390625
5147,0
5148,-1.55859375
5149,-1.546875
5150,-1.5390625
5151,-1.53125
5152,-1.51953125
5153,0
5154,0
5155,0
5156,7.99609375
5157,-8
5158,0.00390625
5159,0
5160,0.00390625
5161,0
5162,-0.00390625
5163,0
5164,-1.4140625
5165,-1.40234375
5166,-1.39453125
5167,-1.38671875
5168,-1.375
5169,0
5170,0
5171,0
5172,7.99609375
5173,-8
5174,0.00390625
5175,0
5176,0.00390625
5177,0
5178,-0.00390625
5179,0
5180,-1.26953125
5181,-1.2578125
5182,-1.25
5183,-1.2421875
5184,-1.23046875
5185,0
5186,0
5187,0
5188,7.99609375
5189,-8
5190,0.00390625
5191,0
5192,0.00390625
5193,0
5194,-0.00390625
5195,0
5196,-1.125
5197,-1.11328125
5198,-1.10546875
5199,-1.09765625
5200,-1.0859375
5201,0
5202,0
5203,0
5204,7.99609375
5205,-8
5206,0.00390625
5207,0
5208,0.00390625
5209,0
5210,-0.00390625
5211,0
5212,-0.98046875
5213,-0.96875
5214,-0.9609375
5215,-0.953125
5216,-0.94140625
5217,0
5218,0
5219,0
5220,7.99609375
5221,-8
5222,0.00390625
5223,0
5224,0.00390625
5225,0
5226,-0.00390625
5227,0
5228,-0.8359375
5229,-0.82421875
5230,-0.81640625
5231,-0.80859375
5232,-0.796875
5233,0
5234,0
5235,0
5236,7.99609375
5237,-8
5238,0.00390625
5239,0
5240,0.00390625
5241,0
5242,-0.00390625
5243,0
5244,-0.69140625
5245,-0.6796875
5246,-0.671875
5247,-0.6640625
5248,-0.65234375
5249,0
5250,0
5251,0
5252,7.99609375
5253,-8
5254,0.00390625
5255,0
5256,0.00390625
5257,0
5258,-0.00390625
5259,0
5260,-0.546875
5261,-0.53515625
5262,-0.52734375
5263,-0.51953125
5264,-0.5078125
5265,0
5266,0
5267,0
5268,7.99609375
5269,-8
5270,0.00390625
5271,0
5272,0.00390625
5273,0
5274,-0.00390625
5275,0
5276,-0.40234375
5277,-0.390625
5278,-0.3828125
5279,-0.375
5280,-0.36328125
5281,0
5282,0
5283,0
5284,7.99609375
5285,-8
5286,0.00390625
5287,0
5288,0.00390625
5289,0
5290,-0.00390625
5291,0
5292,-0.2578125
5293,-0.24609375
5294,-0.23828125
5295,-0.23046875
5296,-0.21875
5297,0
5298,0
5299,0
5300,7.99609375
5301,-8
5302,0.00390625
5303,0
5304,0.00390625
5305,0
5306,-0.00390625
5307,0
5308,-0.11328125
5309,-0.1015625
5310,-0.09375
5311,-0.0859375
5312,-0.07421875
5313,0
5314,0
5315,0
5316,7.99609375
5317,-8
5318,0.00390625
5319,0
5320,0.00390625
5321,0
5322,-0.00390625
5323,0
5324,0.03125
5325,0.04296875
5326,0.05078125
5327,0.05859375
5328,0.0703125
5329,0
5330,0
5331,0
5332,7.99609375
5333,-8
5334,0.00390625
5335,0
5336,0.00390625
5337,0
5338,-0.00390625
5339,0
5340,0.17578125
5341,0.1875
5342,0.1953125
5343,0.203125
5344,0.21484375
5345,0
5346,0
5347,0
5348,7.99609375
5349,-8
5350,0.00390625
5351,0
5352,0.00390625
5353,0
5354,-0.00390625
5355,0
5356,0.3203125
5357,0.33203125
5358,0.33984375
5359,0.34765625
5360,0.359375
5361,0
5362,0
5363,0
5364,7.99609375
5365,-8
5366,0.00390625
5367,0
5368,0.00390625
5369,0
5370,-0.00390625
5371,0
5372,0.46484375
5373,0.4765625
5374,0.484375
5375,0.4921875
5376,0.50390625
5377,0
5378,0
5379,0
5380,7.99609375
5381,-8
5382,0.00390625
5383,0
5384,0.00390625
5385,0
5386,-0.00390625
5387,0
5388,0.609375
5389,0.62109375
5390,0.62890625
5391,0.63671875
5392,0.6484375
5393,0
5394,0
5395,0
5396,7.99609375
5397,-8
5398,0.00390625
5399,0
5400,0.00390625
5401,0
5402,-0.00390625
5403,0
5404,0.75390625
5405,0.765625
5406,0.7734375
5407,0.78125
5408,0.79296875
5409,0
5410,0
5411,0
5412,7.99609375
5413,-8
5414,0.00390625
5415,0
5416,0.00390625
5417,0
5418,-0.00390625
5419,0
5420,0.8984375
5421,0.91015625
5422,0.91796875
5423,0.92578125
5424,0.9375
5425,0
5426,0
5427,0
5428,7.99609375
5429,-8
5430,0.00390625
5431,0
5432,0.00390625
5433,0
5434,-0.00390625
5435,0
5436,1.04296875
5437,1.0546875
5438,1.0625
5439,1.0703125
5440,1.08203125
5441,0
5442,0
5443,0
5444,7.99609375
5445,-8
5446,0.00390625
5447,0
5448,0.00390625
5449,0
5450,-0.00390625
5451,0
5452,1.1875
5453,1.19921875
5454,1.20703125
5455,1.21484375
5456,1.2265625
5457,0
5458,0
5459,0
5460,7.99609375
5461,-8
5462,0.00390625
5463,0
5464,0.00390625
5465,0
5466,-0.00390625
5467,0
5468,1.33203125
5469,1.34375
5470,1.3515625
5471,1.359375
5472,1.37109375
5473,0
5474,0
5475,0
5476,7.99609375
5477,-8
5478,0.00390625
5479,0
5480,0.00390625
5481,0
5482,-0.00390625
5483,0
5484,1.4765625
5485,1.48828125
5486,1.49609375
5487,1.50390625
5488,1.515625
5489,0
5490,0
5491,0
5492,7.99609375
5493,-8
5494,0.00390625
5495,0
5496,0.00390625
5497,0
5498,-0.00390625
5499,0
5500,1.62109375
5501,1.6328125
5502,1.640625
5503,1.6484375
5504,1.66015625
5505,0
5506,0
5507,0
5508,7.99609375
5509,-8
5510,0.00390625
5511,0
5512,0.00390625
5513,0
5514,-0.00390625
5515,0
5516,1.765625
5517,1.77734375
5518,1.78515625
5519,1.79296875
5520,1.8046875
5521,0
5522,0
5523,0
5524,7.99609375
5525,-8
5526,0.00390625
5527,0
5528,0.00390625
5529,0
5530,-0.00390625
5531,0
5532,1.91015625
5533,1.921875
5534,1.9296875
5535,1.9375
5536,1.94921875
5537,0
5538,0
5539,0
5540,7.99609375
5541,-8
5542,0.00390625
5543,0
5544,0.00390625
5545,0
5546,-0.00390625
5547,0
5548,2.0546875
5549,2.06640625
5550,2.07421875
5551,2.08203125
5552,2.09375
5553,0
5554,0
5555,0
5556,7.99609375
5557,-8
5558,0.00390625
5559,0
5560,0.00390625
5561,0
5562,-0.00390625
5563,0
5564,2.19921875
5565,2.2109375
5566,2.21875
5567,2.2265625
5568,2.23828125
5569,0
5570,0
5571,0
5572,7.99609375
5573,-8
5574,0.00390625
5575,0
5576,0.00390625
5577,0
5578,-0.00390625
5579,0
5580,2.34375
5581,2.35546875
5582,2.36328125
5583,2.37109375
5584,2.3828125
5585,0
5586,0
5587,0
5588,7.99609375
5589,-8
5590,0.00390625
5591,0
5592,0.00390625
5593,0
5594,-0.00390625
5595,0
5596,2.48828125
5597,2.5
5598,2.5078125
5599,2.515625
5600,2.52734375
5601,0
5602,0
5603,0
5604,7.99609375
5605,-8
5606,0.00390625
5607,0
5608,0.00390625
5609,0
5610,-0.00390625
5611,0
5612,2.6328125
5613,2.64453125
5614,2.65234375
5615,2.66015625
5616,2.671875
5617,0
5618,0
5619,0
5620,7.99609375
5621,-8
5622,0.00390625
5623,0
5624,0.00390625
5625,0
5626,-0.00390625
5627,0
5628,2.77734375
5629,2.7890625
5630,2.796875
5631,2.8046875
5632,2.81640625
5633,0
5634,0
5635,0
5636,7.99609375
5637,-8
5638,0.00390625
5639,0
5640,0.00390625
5641,0
5642,-0.00390625
5643,0
5644,2.921875
5645,2.93359375
5646,2.94140625
5647,2.94921875
5648,2.9609375
5649,0
5650,0
5651,0
5652,7.99609375
5653,-8
5654,0.00390625
5655,0
5656,0.00390625
5657,0
5658,-0.00390625
5659,0
5660,3.06640625
5661,3.078125
5662,3.0859375
5663,3.09375
5664,3.10546875
5665,0
5666,0
5667,0
5668,7.99609375
5669,-8
5670,0.00390625
5671,0
5672,0.00390625
5673,0
5674,-0.00390625
5675,0
5676,3.2109375
5677,3.22265625
5678,3.23046875
5679,3.23828125
5680,3.25
5681,0
5682,0
5683,0
5684,7.99609375
5685,-8
5686,0.00390625
5687,0
5688,0.00390625
5689,0
5690,-0.00390625
5691,0
5692,3.35546875
5693,3.3671875
5694,3.375
5695,3.3828125
5696,3.39453125
5697,0
5698,0
5699,0
5700,7.99609375
5701,-8
5702,0.00390625
5703,0
5704,0.00390625
5705,0
5706,-0.00390625
5707,0
5708,3.5
5709,3.51171875
5710,3.51953125
5711,3.52734375
5712,3.5390625
5713,0
5714,0
5715,0
5716,7.99609375
5717,-8
5718,0.00390625
5719,0
5720,0.00390625
5721,0
5722,-0.00390625
5723,0
5724,3.64453125
5725,3.65625
5726,3.6640625
5727,3.671875
5728,3.68359375
5729,0
5730,0
5731,0
5732,7.99609375
5733,-8
5734,0.00390625
5735,0
5736,0.00390625
5737,0
5738,-0.00390625
5739,0
5740,3.7890625
5741,3.80078125
5742,3.80859375
5743,3.81640625
5744,3.828125
5745,0
5746,0
5747,0
5748,7.99609375
5749,-8
5750,0.00390625
5751,0
5752,0.00390625
5753,0
5754,-0.00390625
5755,0
5756,3.93359375
5757,3.9453125
5758,3.953125
5759,3.9609375
5760,3.97265625
5761,0
5762,0
5763,0
5764,7.99609375
5765,-8
5766,0.00390625
5767,0
5768,0.00390625
5769,0
5770,-0.00390625
5771,0
5772,4.078125
5773,4.08984375
5774,4.09765625
5775,4.10546875
5776,4.1171875
5777,0
5778,0
5779,0
5780,7.99609375
5781,-8
5782,0.00390625
5783,0
5784,0.00390625
5785,0
5786,-0.00390625
5787,0
5788,4.22265625
5789,4.234375
5790,4.2421875
5791,4.25
5792,4.26171875
5793,0
5794,0
5795,0
5796,7.99609375
5797,-8
5798,0.00390625
5799,0
5800,0.00390625
5801,0
5802,-0.00390625
5803,0
5804,4.3671875
5805,4.37890625
5806,4.38671875
5807,4.39453125
5808,4.40625
5809,0
5810,0
5811,0
5812,7.99609375
5813,-8
5814,0.00390625
5815,0
5816,0.00390625
5817,0
5818,-0.00390625
5819,0
5820,4.51171875
5821,4.5234375
5822,4.53125
5823,4.5390625
5824,4.55078125
5825,0
5826,0
5827,0
5828,7.99609375
5829,-8
5830,0.00390625
5831,0
5832,0.00390625
5833,0
5834,-0.00390625
5835,0
5836,4.65625
5837,4.66796875
5838,4.67578125
5839,4.68359375
5840,4.6953125
5841,0
5842,0
5843,0
5844,7.99609375
5845,-8
5846,0.00390625
5847,0
5848,0.00390625
5849,0
5850,-0.00390625
5851,0
5852,4.80078125
5853,4.8125
5854,4.8203125
5855,4.828125
5856,4.83984375
5857,0
5858,0
5859,0
5860,7.99609375
5861,-8
5862,0.00390625
5863,0
5864,0.00390625
5865,0
5866,-0.00390625
5867,0
5868,4.9453125
5869,4.95703125
5870,4.96484375
5871,4.97265625
5872,4.984375
5873,0
5874,0
5875,0
5876,7.99609375
5877,-8
5878,0.00390625
5879,0
5880,0.00390625
5881,0
5882,-0.00390625
5883,0
5884,5.08984375
5885,5.1015625
5886,5.109375
5887,5.1171875
5888,5.12890625
5889,0
5890,0
5891,0
5892,7.99609375
5893,-8
5894,0.00390625
5895,0
5896,0.00390625
5897,0
5898,-0.00390625
5899,0
5900,5.234375
5901,5.24609375
5902,5.25390625
5903,5.26171875
5904,5.2734375
5905,0
5906,0
5907,0
5908,7.99609375
5909,-8
5910,0.00390625
5911,0
5912,0.00390625
5913,0
5914,-0.00390625
5915,0
5916,5.37890625
5917,5.390625
5918,5.3984375
5919,5.40625
5920,5.41796875
5921,0
5922,0
5923,0
5924,7.99609375
5925,-8
5926,0.00390625
5927,0
5928,0.00390625
5929,0
5930,-0.00390625
5931,0
5932,5.5234375
5933,5.53515625
5934,5.54296875
5935,5.55078125
5936,5.5625
5937,0
5938,0
5939,0
5940,7.99609375
5941,-8
5942,0.00390625
5943,0
5944,0.00390625
5945,0
5946,-0.00390625
5947,0
5948,5.66796875
5949,5.6796875
5950,5.6875
5951,5.6953125
5952,5.70703125
5953,0
5954,0
5955,0
5956,7.99609375
5957,-8
5958,0.00390625
5959,0
5960,0.00390625
5961,0
5962,-0.00390625
5963,0
5964,5.8125
5965,5.82421875
5966,5.83203125
5967,5.83984375
5968,5.8515625
5969,0
5970,0
5971,0
5972,7.99609375
5973,-8
5974,0.00390625
5975,0
5976,0.00390625
5977,0
5978,-0.00390625
5979,0
5980,5.95703125
5981,5.96875
5982,5.9765625
5983,5.984375
5984,5.99609375
5985,0
5986,0
5987,0
5988,7.99609375
5989,-8
5990,0.00390625
5991,0
5992,0.00390625
5993,0
5994,-0.00390625
5995,0
5996,6.1015625
5997,6.11328125
5998,6.12109375
5999,6.12890625
6000,6.140625
6001,0
6002,0
6003,0
6004,7.99609375
6005,-8
6006,0.00390625
6007,0
6008,0.00390625
6009,0
6010,-0.00390625
6011,0
6012,6.24609375
6013,6.2578125
6014,6.265625
6015,6.2734375
6016,6.28515625
6017,0
6018,0
6019,0
6020,7.99609375
6021,-8
6022,0.00390625
6023,0
6024,0.00390625
6025,0
6026,-0.00390625
6027,0
6028,6.390625
6029,6.40234375
6030,6.41015625
6031,6.41796875
6032,6.4296875
6033,0
6034,0
6035,0
6036,7.99609375
6037,-8
6038,0.00390625
6039,0
6040,0.00390625
6041,0
6042,-0.00390625
6043,0
6044,6.53515625
6045,6.546875
6046,6.5546875
6047,6.5625
6048,6.57421875
6049,0
6050,0
6051,0
6052,7.99609375
6053,-8
6054,0.00390625
6055,0
6056,0.00390625
6057,0
6058,-0.00390625
6059,0
6060,6.6796875
6061,6.69140625
6062,6.69921875
6063,6.70703125
6064,6.71875
6065,0
6066,0
6067,0
6068,7.99609375
6069,-8
6070,0.00390625
6071,0
6072,0.00390625
6073,0
6074,-0.00390625
6075,0
6076,6.82421875
6077,6.8359375
6078,6.84375
6079,6.8515625
6080,6.86328125
6081,0
6082,0
6083,0
6084,7.99609375
6085,-8
6086,0.00390625
6087,0
6088,0.00390625
6089,0
6090,-0.00390625
6091,0
6092,6.96875
6093,6.98046875
6094,6.98828125
6095,6.99609375
6096,7.0078125
6097,0
6098,0
6099,0
6100,7.99609375
6101,-8
6102,0.00390625
6103,0
6104,0.00390625
6105,0
6106,-0.00390625
6107,0
6108,7.11328125
6109,7.125
6110,7.1328125
6111,7.140625
6112,7.15234375
6113,0
6114,0
6115,0
6116,7.99609375
6117,-8
6118,0.00390625
6119,0
6120,0.00390625
6121,0
6122,-0.00390625
6123,0
6124,7.2578125
6125,7.26953125
6126,7.27734375
6127,7.28515625
6128,7.296875
6129,0
6130,0
6131,0
6132,7.99609375
6133,-8
6134,0.00390625
6135,0
6136,0.00390625
6137,0
6138,-0.00390625
6139,0
6140,7.40234375
6141,7.4140625
6142,7.421875
6143,7.4296875
6144,7.44140625
6145,0
6146,0
6147,0
6148,7.99609375
6149,-8
6150,0.00390625
6151,0
6152,0.00390625
6153,0
6154,-0.00390625
6155,0
6156,7.546875
6157,7.55859375
6158,7.56640625
6159,7.57421875
6160,7.5859375
6161,0
6162,0
6163,0
6164,7.99609375
6165,-8
6166,0.00390625
6167,0
6168,0.00390625
6169,0
6170,-0.00390625
6171,0
6172,7.69140625
6173,7.703125
6174,7.7109375
6175,7.71875
6176,7.73046875
6177,0
6178,0
6179,0
6180,7.99609375
6181,-8
6182,0.00390625
6183,0
6184,0.00390625
6185,0
6186,-0.00390625
6187,0
6188,7.8359375
6189,7.84765625
6190,7.85546875
6191,7.86328125
6192,7.875
6193,0
6194,0
6195,0
6196,7.99609375
6197,-8
6198,0.00390625
6199,0
6200,0.00390625
6201,0
6202,-0.00390625
6203,0
6204,7.98046875
6205,7.9921875
6206,7.99609375
6207,-7.9921875
6208,-7.98046875
6209,0
6210,0
6211,0
6212,7.99609375
6213,-8
6214,0.00390625
6215,0
6216,0.00390625
6217,0
6218,-0.00390625
6219,0
6220,-7.875
6221,-7.86328125
6222,-7.85546875
6223,-7.84765625
6224,-7.8359375
6225,0
6226,0
6227,0
6228,7.99609375
6229,-8
6230,0.00390625
6231,0
6232,0.00390625
6233,0
6234,-0.00390625
6235,0
6236,-7.73046875
6237,-7.71875
6238,-7.7109375
6239,-7.703125
6240,-7.69140625
6241,0
6242,0
6243,0
6244,7.99609375
6245,-8
6246,0.00390625
6247,0
6248,0.00390625
6249,0
6250,-0.00390625
6251,0
6252,-7.5859375
6253,-7.57421875
6254,-7.56640625
6255,-7.55859375
6256,-7.546875
6257,0
6258,0
6259,0
6260,7.99609375
6261,-8
6262,0.00390625
6263,0
6264,0.00390625
6265,0
6266,-0.00390625
6267,0
6268,-7.44140625
6269,-7.4296875
6270,-7.421875
6271,-7.4140625
6272,-7.40234375
6273,0
6274,0
6275,0
6276,7.99609375
6277,-8
6278,0.00390625
6279,0
6280,0.00390625
6281,0
6282,-0.00390625
6283,0
6284,-7.296875
6285,-7.28515625
6286,-7.27734375
6287,-7.26953125
6288,-7.2578125
6289,0
6290,0
6291,0
6292,7.99609375
6293,-8
6294,0.00390625
6295,0
6296,0.00390625
6297,0
6298,-0.00390625
6299,0
6300,-7.15234375
6301,-7.140625
6302,-7.1328125
6303,-7.125
6304,-7.11328125
6305,0
6306,0
6307,0
6308,7.99609375
6309,-8
6310,0.00390625
6311,0
6312,0.00390625
6313,0
6314,-0.00390625
6315,0
6316,-7.0078125
6317,-6.99609375
6318,-6.98828125
6319,-6.98046875
6320,-6.96875
6321,0
6322,0
6323,0
6324,7.99609375
6325,-8
6326,0.00390625
6327,0
6328,0.00390625
6329,0
6330,-0.00390625
6331,0
6332,-6.86328125
6333,-6.8515625
6334,-6.84375
6335,-6.8359375
6336,-6.82421875
6337,0
6338,0
6339,0
6340,7.99609375
6341,-8
6342,0.00390625
6343,0
6344,0.00390625
6345,0
6346,-0.00390625
6347,0
6348,-6.71875
6349,-6.70703125
6350,-6.69921875
6351,-6.69140625
6352,-6.6796875
6353,0
6354,0
6355,0
6356,7.99609375
6357,-8
6358,0.00390625
6359,0
6360,0.00390625
6361,0
6362,-0.00390625
6363,0
6364,-6.57421875
6365,-6.5625
6366,-6.5546875
6367,-6.546875
6368,-6.53515625
6369,0
6370,0
6371,0
6372,7.99609375
6373,-8
6374,0.00390625
6375,0
6376,0.00390625
6377,0
6378,-0.00390625
6379,0
6380,-6.4296875
6381,-6.41796875
6382,-6.41015625
6383,-6.40234375
6384,-6.390625
6385,0
6386,0
6387,0
6388,7.99609375
6389,-8
6390,0.00390625
6391,0
6392,0.00390625
6393,0
6394,-0.00390625
6395,0
6396,-6.28515625
6397,-6.2734375
6398,-6.265625
6399,-6.2578125
6400,-6.24609375
6401,0
6402,0
6403,0
6404,7.99609375
6405,-8
6406,0.00390625
6407,0
6408,0.00390625
6409,0
6410,-0.00390625
6411,0
6412,-6.140625
6413,-6.12890625
6414,-6.12109375
6415,-6.11328125
6416,-6.1015625
6417,0
6418,0
6419,0
6420,7.99609375
6421,-8
6422,0.00390625
6423,0
6424,0.00390625
6425,0
6426,-0.00390625
6427,0
6428,-5.99609375
6429,-5.984375
6430,-5.9765625
6431,-5.96875
6432,-5.95703125
6433,0
6434,0
6435,0
6436,7.99609375
6437,-8
6438,0.00390625
6439,0
6440,0.00390625
6441,0
6442,-0.00390625
6443,0
6444,-5.8515625
6445,-5.83984375
6446,-5.83203125
6447,-5.82421875
6448,-5.8125
6449,0
6450,0
6451,0
6452,7.99609375
6453,-8
6454,0.00390625
6455,0
6456,0.00390625
6457,0
6458,-0.00390625
6459,0
6460,-5.70703125
6461,-5.6953125
6462,-5.6875
6463,-5.6796875
6464,-5.66796875
6465,0
6466,0
6467,0
6468,7.99609375
6469,-8
6470,0.00390625
6471,0
6472,0.00390625
6473,0
6474,-0.00390625
6475,0
6476,-5.5625
6477,-5.55078125
6478,-5.54296875
6479,-5.53515625
6480,-5.5234375
6481,0
6482,0
6483,0
6484,7.99609375
6485,-8
6486,0.00390625
6487,0
6488,0.00390625
6489,0
6490,-0.00390625
6491,0
6492,-5.41796875
6493,-5.40625
6494,-5.3984375
6495,-5.390625
6496,-5.37890625
6497,0
6498,0
6499,0
6500,7.99609375
6501,-8
6502,0.00390625
6503,0
6504,0.00390625
6505,0
6506,-0.00390625
6507,0
6508,-5.2734375
6509,-5.26171875
6510,-5.25390625
6511,-5.24609375
6512,-5.234375
6513,0
6514,0
6515,0
6516,7.99609375
6517,-8
6518,0.00390625
6519,0
6520,0.00390625
6521,0
6522,-0.00390625
6523,0
6524,-5.12890625
6525,-5.1171875
6526,-5.109375
6527,-5.1015625
6528,-5.08984375
6529,0
6530,0
6531,0
6532,7.99609375
6533,-8
6534,0.00390625
6535,0
6536,0.00390625
6537,0
6538,-0.00390625
6539,0
6540,-4.984375
6541,-4.97265625
6542,-4.96484375
6543,-4.95703125
6544,-4.9453125
6545,0
6546,0
6547,0
6548,7.99609375
6549,-8
6550,0.00390625
6551,0
6552,0.00390625
6553,0
6554,-0.00390625
6555,0
6556,-4.83984375
6557,-4.828125
6558,-4.8203125
6559,-4.8125
6560,-4.80078125
6561,0
6562,0
6563,0
6564,7.99609375
6565,-8
6566,0.00390625
6567,0
6568,0.00390625
6569,0
6570,-0.00390625
6571,0
6572,-4.6953125
6573,-4.68359375
6574,-4.67578125
6575,-4.66796875
6576,-4.65625
6577,0
6578,0
6579,0
6580,7.99609375
6581,-8
6582,0.00390625
6583,0
6584,0.00390625
6585,0
6586,-0.00390625
6587,0
6588,-4.55078125
6589,-4.5390625
6590,-4.53125
6591,-4.5234375
6592,-4.51171875
6593,0
6594,0
6595,0
6596,7.99609375
6597,-8
6598,0.00390625
6599,0
6600,0.00390625
6601,0
6602,-0.00390625
6603,0
6604,-4.40625
6605,-4.39453125
6606,-4.38671875
6607,-4.37890625
6608,-4.3671875
6609,0
6610,0
6611,0
6612,7.99609375
6613,-8
6614,0.00390625
6615,0
6616,0.00390625
6617,0
6618,-0.00390625
6619,0
6620,-4.26171875
6621,-4.25
6622,-4.2421875
6623,-4.234375
6624,-4.22265625
6625,0
6626,0
6627,0
6628,7.99609375
6629,-8
6630,0.00390625
6631,0
6632,0.00390625
6633,0
6634,-0.00390625
6635,0
6636,-4.1171875
6637,-4.10546875
6638,-4.09765625
6639,-4.08984375
6640,-4.078125
6641,0
6642,0
6643,0
6644,7.99609375
6645,-8
6646,0.00390625
6647,0
6648,0.00390625
6649,0
6650,-0.00390625
6651,0
6652,-3.97265625
6653,-3.9609375
6654,-3.953125
6655,-3.9453125
6656,-3.93359375
6657,0
6658,0
6659,0
6660,7.99609375
6661,-8
6662,0.00390625
6663,0
6664,0.00390625
6665,0
6666,-0.00390625
6667,0
6668,-3.828125
6669,-3.81640625
6670,-3.80859375
6671,-3.80078125
6672,-3.7890625
6673,0
6674,0
6675,0
6676,7.99609375
6677,-8
6678,0.00390625
6679,0
6680,0.00390625
6681,0
6682,-0.00390625
6683,0
6684,-3.68359375
6685,-3.671875
6686,-3.6640625
6687,-3.65625
6688,-3.64453125
6689,0
6690,0
6691,0
6692,7.99609375
6693,-8
6694,0.00390625
6695,0
6696,0.00390625
6697,0
6698,-0.00390625
6699,0
6700,-3.5390625
6701,-3.52734375
6702,-3.51953125
6703,-3.51171875
6704,-3.5
6705,0
6706,0
6707,0
6708,7.99609375
6709,-8
6710,0.00390625
6711,0
6712,0.00390625
6713,0
6714,-0.00390625
6715,0
6716,-3.39453125
6717,-3.3828125
6718,-3.375
6719,-3.3671875
6720,-3.35546875
6721,0
6722,0
6723,0
6724,7.99609375
6725,-8
6726,0.00390625
6727,0
6728,0.00390625
6729,0
6730,-0.00390625
6731,0
6732,-3.25
6733,-3.23828125
6734,-3.23046875
6735,-3.22265625
6736,-3.2109375
6737,0
6738,0
6739,0
6740,7.99609375
6741,-8
6742,0.00390625
6743,0
6744,0.00390625
6745,0
6746,-0.00390625
6747,0
6748,-3.10546875
6749,-3.09375
6750,-3.0859375
6751,-3.078125
6752,-3.06640625
6753,0
6754,0
6755,0
6756,7.99609375
6757,-8
6758,0.00390625
6759,0
6760,0.00390625
6761,0
6762,-0.00390625
6763,0
6764,-2.9609375
6765,-2.94921875
6766,-2.94140625
6767,-2.93359375
6768,-2.921875
6769,0
6770,0
6771,0
6772,7.99609375
6773,-8
6774,0.00390625
6775,0
6776,0.00390625
6777,0
6778,-0.00390625
6779,0
6780,-2.81640625
6781,-2.8046875
6782,-2.796875
6783,-2.7890625
6784,-2.77734375
6785,0
6786,0
6787,0
6788,7.99609375
6789,-8
6790,0.00390625
6791,0
6792,0.00390625
6793,0
6794,-0.00390625
6795,0
6796,-2.671875
6797,-2.66015625
6798,-2.65234375
6799,-2.64453125
6800,-2.6328125
6801,0
6802,0
6803,0
6804,7.99609375
6805,-8
6806,0.00390625
6807,0
6808,0.00390625
6809,0
6810,-0.00390625
6811,0
6812,-2.52734375
6813,-2.515625
6814,-2.5078125
6815,-2.5
6816,-2.48828125
6817,0
6818,0
6819,0
6820,7.99609375
6821,-8
6822,0.00390625
6823,0
6824,0.00390625
6825,0
6826,-0.00390625
6827,0
6828,-2.3828125
6829,-2.37109375
6830,-2.36328125
6831,-2.35546875
6832,-2.34375
6833,0
6834,0
6835,0
6836,7.99609375
6837,-8
6838,0.00390625
6839,0
6840,0.00390625
6841,0
6842,-0.00390625
6843,0
6844,-2.23828125
6845,-2.2265625
6846,-2.21875
6847,-2.2109375
6848,-2.19921875
6849,0
6850,0
6851,0
6852,7.99609375
6853,-8
6854,0.00390625
6855,0
6856,0.00390625
6857,0
6858,-0.00390625
6859,0
6860,-2.09375
6861,-2.08203125
6862,-2.07421875
6863,-2.06640625
6864,-2.0546875
6865,0
6866,0
6867,0
6868,7.99609375
6869,-8
6870,0.00390625
6871,0
6872,0.00390625
6873,0
6874,-0.00390625
6875,0
6876,-1.94921875
6877,-1.9375
6878,-1.9296875
6879,-1.921875
6880,-1.91015625
6881,0
6882,0
6883,0
6884,7.99609375
6885,-8
6886,0.00390625
6887,0
6888,0.00390625
6889,0
6890,-0.00390625
6891,0
6892,-1.8046875
6893,-1.79296875
6894,-1.78515625
6895,-1.77734375
6896,-1.765625
6897,0
6898,0
6899,0
6900,7.99609375
6901,-8
6902,0.00390625
6903,0
6904,0.00390625
6905,0
6906,-0.00390625
6907,0
6908,-1.66015625
6909,-1.6484375
6910,-1.640625
6911,-1.6328125
6912,-1.62109375
6913,0
6914,0
6915,0
6916,7.99609375
6917,-8
6918,0.00390625
6919,0
6920,0.00390625
6921,0
6922,-0.00390625
6923,0
6924,-1.515625
6925,-1.50390625
6926,-1.49609375
6927,-1.48828125
6928,-1.4765625
6929,0
6930,0
6931,0
6932,7.99609375
6933,-8
6934,0.00390625
6935,0
6936,0.00390625
6937,0
6938,-0.00390625
6939,0
6940,-1.37109375
6941,-1.359375
6942,-1.3515625
6943,-1.34375
6944,-1.33203125
6945,0
6946,0
6947,0
6948,7.99609375
6949,-8
6950,0.00390625
6951,0
6952,0.00390625
6953,0
6954,-0.00390625
6955,0
6956,-1.2265625
6957,-1.21484375
6958,-1.20703125
6959,-1.19921875
6960,-1.1875
6961,0
6962,0
6963,0
6964,7.99609375
6965,-8
6966,0.00390625
6967,0
6968,0.00390625
6969,0
6970,-0.00390625
6971,0
6972,-1.08203125
6973,-1.0703125
6974,-1.0625
6975,-1.0546875
6976,-1.04296875
6977,0
6978,0
6979,0
6980,7.99609375
6981,-8
6982,0.00390625
6983,0
6984,0.00390625
6985,0
6986,-0.00390625
6987,0
6988,-0.9375
6989,-0.92578125
6990,-0.91796875
6991,-0.91015625
6992,-0.8984375
6993,0
6994,0
6995,0
6996,7.99609375
6997,-8
6998,0.00390625
6999,0
7000,0.00390625
7001,0
7002,-0.00390625
7003,0
7004,-0.79296875
7005,-0.78125
7006,-0.7734375
7007,-0.765625
7008,-0.75390625
7009,0
7010,0
7011,0
7012,7.99609375
7013,-8
7014,0.00390625
7015,0
7016,0.00390625
7017,0
7018,-0.00390625
7019,0
7020,-0.6484375
7021,-0.63671875
7022,-0.62890625
7023,-0.62109375
7024,-0.609375
7025,0
7026,0
7027,0
7028,7.99609375
7029,-8
7030,0.00390625
7031,0
7032,0.00390625
7033,0
7034,-0.00390625
7035,0
7036,-0.50390625
7037,-0.4921875
7038,-0.484375
7039,-0.4765625
7040,-0.46484375
7041,0
7042,0
7043,0
7044,7.99609375
7045,-8
7046,0.00390625
7047,0
7048,0.00390625
7049,0
7050,-0.00390625
7051,0
7052,-0.359375
7053,-0.34765625
7054,-0.33984375
7055,-0.33203125
7056,-0.3203125
7057,0
7058,0
7059,0
7060,7.99609375
7061,-8
7062,0.00390625
7063,0
7064,0.00390625
7065,0
7066,-0.00390625
7067,0
7068,-0.21484375
7069,-0.203125
7070,-0.1953125
7071,-0.1875
7072,-0.17578125
7073,0
7074,0
7075,0
7076,7.99609375
7077,-8
7078,0.00390625
7079,0
7080,0.00390625
7081,0
7082,-0.00390625
7083,0
7084,-0.0703125
7085,-0.05859375
7086,-0.05078125
7087,-0.04296875
7088,-0.03125
7089,0
7090,0
7091,0
7092,7.99609375
7093,-8
7094,0.00390625
7095,0
7096,0.00390625
7097,0
7098,-0.00390625
7099,0
7100,0.07421875
7101,0.0859375
7102,0.09375
7103,0.1015625
7104,0.11328125
7105,0
7106,0
7107,0
7108,7.99609375
7109,-8
7110,0.00390625
7111,0
7112,0.00390625
7113,0
7114,-0.00390625
7115,0
7116,0.21875
7117,0.23046875
7118,0.23828125
7119,0.24609375
7120,0.2578125
7121,0
7122,0
7123,0
7124,7.99609375
7125,-8
7126,0.00390625
7127,0
7128,0.00390625
7129,0
7130,-0.00390625
7131,0
7132,0.36328125
7133,0.375
7134,0.3828125
7135,0.390625
7136,0.40234375
7137,0
7138,0
7139,0
7140,7.99609375
7141,-8
7142,0.00390625
7143,0
7144,0.00390625
7145,0
7146,-0.00390625
7147,0
7148,0.5078125
7149,0.51953125
7150,0.52734375
7151,0.53515625
7152,0.546875
7153,0
7154,0
7155,0
7156,7.99609375
7157,-8
7158,0.00390625
7159,0
7160,0.00390625
7161,0
7162,-0.00390625
7163,0
7164,0.65234375
7165,0.6640625
7166,0.671875
7167,0.6796875
7168,0.69140625
7169,0
7170,0
7171,0
7172,7.99609375
7173,-8
7174,0.00390625
7175,0
7176,0.00390625
7177,0
7178,-0.00390625
7179,0
7180,0.796875
7181,0.80859375
7182,0.81640625
7183,0.82421875
7184,0.8359375
7185,0
7186,0
7187,0
7188,7.99609375
7189,-8
7190,0.00390625
7191,0
7192,0.00390625
7193,0
7194,-0.00390625
7195,0
7196,0.94140625
7197,0.953125
7198,0.9609375
7199,0.96875
7200,0.98046875
7201,0
7202,0
7203,0
7204,7.99609375
7205,-8
7206,0.00390625
7207,0
7208,0.00390625
7209,0
7210,-0.00390625
7211,0
7212,1.0859375
7213,1.09765625
7214,1.10546875
7215,1.11328125
7216,1.125
7217,0
7218,0
7219,0
7220,7.99609375
7221,-8
7222,0.00390625
7223,0
7224,0.00390625
7225,0
7226,-0.00390625
7227,0
7228,1.23046875
7229,1.2421875
7230,1.25
7231,1.2578125
7232,1.26953125
7233,0
7234,0
7235,0
7236,7.99609375
7237,-8
7238,0.00390625
7239,0
7240,0.00390625
7241,0
7242,-0.00390625
7243,0
7244,1.375
7245,1.38671875
7246,1.39453125
7247,1.40234375
7248,1.4140625
7249,0
7250,0
7251,0
7252,7.99609375
7253,-8
7254,0.00390625
7255,0
7256,0.00390625
7257,0
7258,-0.00390625
7259,0
7260,1.51953125
7261,1.53125
7262,1.5390625
7263,1.546875
7264,1.55859375
7265,0
7266,0
7267,0
7268,7.99609375
7269,-8
7270,0.00390625
7271,0
7272,0.00390625
7273,0
7274,-0.00390625
7275,0
7276,1.6640625
7277,1.67578125
7278,1.68359375
7279,1.69140625
7280,1.703125
7281,0
7282,0
7283,0
7284,7.99609375
7285,-8
7286,0.00390625
7287,0
7288,0.00390625
7289,0
7290,-0.00390625
7291,0
7292,1.80859375
7293,1.8203125
7294,1.828125
7295,1.8359375
7296,1.84765625
7297,0
7298,0
7299,0
7300,7.99609375
7301,-8
7302,0.00390625
7303,0
7304,0.00390625
7305,0
7306,-0.00390625
7307,0
7308,1.953125
7309,1.96484375
7310,1.97265625
7311,1.98046875
7312,1.9921875
7313,0
7314,0
7315,0
7316,7.99609375
7317,-8
7318,0.00390625
7319,0
7320,0.00390625
7321,0
7322,-0.00390625
7323,0
7324,2.09765625
7325,2.109375
7326,2.1171875
7327,2.125
7328,2.13671875
7329,0
7330,0
7331,0
7332,7.99609375
7333,-8
7334,0.00390625
7335,0
7336,0.00390625
7337,0
7338,-0.00390625
7339,0
7340,2.2421875
7341,2.25390625
7342,2.26171875
7343,2.26953125
7344,2.28125
7345,0
7346,0
7347,0
7348,7.99609375
7349,-8
7350,0.00390625
7351,0
7352,0.00390625
7353,0
7354,-0.00390625
7355,0
7356,2.38671875
7357,2.3984375
7358,2.40625
7359,2.4140625
7360,2.42578125
7361,0
7362,0
7363,0
7364,7.99609375
7365,-8
7366,0.00390625
7367,0
7368,0.00390625
7369,0
7370,-0.00390625
7371,0
7372,2.53125
7373,2.54296875
7374,2.55078125
7375,2.55859375
7376,2.5703125
7377,0
7378,0
7379,0
7380,7.99609375
7381,-8
7382,0.00390625
7383,0
7384,0.00390625
7385,0
7386,-0.00390625
7387,0
7388,2.67578125
7389,2.6875
7390,2.6953125
7391,2.703125
7392,2.71484375
7393,0
7394,0
7395,0
7396,7.99609375
7397,-8
7398,0.00390625
7399,0
7400,0.00390625
7401,0
7402,-0.00390625
7403,0
7404,2.8203125
7405,2.83203125
7406,2.83984375
7407,2.84765625
7408,2.859375
7409,0
7410,0
7411,0
7412,7.99609375
7413,-8
7414,0.00390625
7415,0
7416,0.00390625
7417,0
7418,-0.00390625
7419,0
7420,2.96484375
7421,2.9765625
7422,2.984375
7423,2.9921875
7424,3.00390625
7425,0
7426,0
7427,0
7428,7.99609375
7429,-8
7430,0.00390625
7431,0
7432,0.00390625
7433,0
7434,-0.00390625
7435,0
7436,3.109375
7437,3.12109375
7438,3.12890625
7439,3.13671875
7440,3.1484375
7441,0
7442,0
7443,0
7444,7.99609375
7445,-8
7446,0.00390625
7447,0
7448,0.00390625
7449,0
7450,-0.00390625
7451,0
7452,3.25390625
7453,3.265625
7454,3.2734375
7455,3.28125
7456,3.29296875
7457,0
7458,0
7459,0
7460,7.99609375
7461,-8
7462,0.00390625
7463,0
7464,0.00390625
7465,0
7466,-0.00390625
7467,0
7468,3.3984375
7469,3.41015625
7470,3.41796875
7471,3.42578125
7472,3.4375
7473,0
7474,0
7475,0
7476,7.99609375
7477,-8
7478,0.00390625
7479,0
7480,0.00390625
7481,0
7482,-0.00390625
7483,0
7484,3.54296875
7485,3.5546875
7486,3.5625
7487,3.5703125
7488,3.58203125
7489,0
7490,0
7491,0
7492,7.99609375
7493,-8
7494,0.00390625
7495,0
7496,0.00390625
7497,0
7498,-0.00390625
7499,0
7500,3.6875
7501,3.69921875
7502,3.70703125
7503,3.71484375
7504,3.7265625
7505,0
7506,0
7507,0
7508,7.99609375
7509,-8
7510,0.00390625
7511,0
7512,0.00390625
7513,0
7514,-0.00390625
7515,0
7516,3.83203125
7517,3.84375
7518,3.8515625
7519,3.859375
7520,3.87109375
7521,0
7522,0
7523,0
7524,7.99609375
7525,-8
7526,0.00390625
7527,0
7528,0.00390625
7529,0
7530,-0.00390625
7531,0
7532,3.9765625
7533,3.98828125
7534,3.99609375
7535,4.00390625
7536,4.015625
7537,0
7538,0
7539,0
7540,7.99609375
7541,-8
7542,0.00390625
7543,0
7544,0.00390625
7545,0
7546,-0.00390625
7547,0
7548,4.12109375
7549,4.1328125
7550,4.140625
7551,4.1484375
7552,4.16015625
7553,0
7554,0
7555,0
7556,7.99609375
7557,-8
7558,0.00390625
7559,0
7560,0.00390625
7561,0
7562,-0.00390625
7563,0
7564,4.265625
7565,4.27734375
7566,4.28515625
7567,4.29296875
7568,4.3046875
7569,0
7570,0
7571,0
7572,7.99609375
7573,-8
7574,0.00390625
7575,0
7576,0.00390625
7577,0
7578,-0.00390625
7579,0
7580,4.41015625
7581,4.421875
7582,4.4296875
7583,4.4375
7584,4.44921875
7585,0
7586,0
7587,0
7588,7.99609375
7589,-8
7590,0.00390625
7591,0
7592,0.00390625
7593,0
7594,-0.00390625
7595,0
7596,4.5546875
7597,4.56640625
7598,4.57421875
7599,4.58203125
7600,4.59375
7601,0
7602,0
7603,0
7604,7.99609375
7605,-8
7606,0.00390625
7607,0
7608,0.00390625
7609,0
7610,-0.00390625
7611,0
7612,4.69921875
7613,4.7109375
7614,4.71875
7615,4.7265625
7616,4.73828125
7617,0
7618,0
7619,0
7620,7.99609375
7621,-8
7622,0.00390625
7623,0
7624,0.00390625
7625,0
7626,-0.00390625
7627,0
7628,4.84375
7629,4.85546875
7630,4.86328125
7631,4.87109375
7632,4.8828125
7633,0
7634,0
7635,0
7636,7.99609375
7637,-8
7638,0.00390625
7639,0
7640,0.00390625
7641,0
7642,-0.00390625
7643,0
7644,4.98828125
7645,5
7646,5.0078125
7647,5.015625
7648,5.02734375
7649,0
7650,0
7651,0
7652,7.99609375
7653,-8
7654,0.00390625
7655,0
7656,0.00390625
7657,0
7658,-0.00390625
7659,0
7660,5.1328125
7661,5.14453125
7662,5.15234375
7663,5.16015625
7664,5.171875
7665,0
7666,0
7667,0
7668,7.99609375
7669,-8
7670,0.00390625
7671,0
7672,0.00390625
7673,0
7674,-0.00390625
7675,0
7676,5.27734375
7677,5.2890625
7678,5.296875
7679,5.3046875
7680,5.31640625
7681,0
7682,0
7683,0
7684,7.99609375
7685,-8
7686,0.00390625
7687,0
7688,0.00390625
7689,0
7690,-0.00390625
7691,0
7692,5.421875
7693,5.43359375
7694,5.44140625
7695,5.44921875
7696,5.4609375
7697,0
7698,0
7699,0
7700,7.99609375
7701,-8
7702,0.00390625
7703,0
7704,0.00390625
7705,0
7706,-0.00390625
7707,0
7708,5.56640625
7709,5.578125
7710,5.5859375
7711,5.59375
7712,5.60546875
7713,0
7714,0
7715,0
7716,7.99609375
7717,-8
7718,0.00390625
7719,0
7720,0.00390625
7721,0
7722,-0.00390625
7723,0
7724,5.7109375
7725,5.72265625
7726,5.73046875
7727,5.73828125
7728,5.75
7729,0
7730,0
7731,0
7732,7.99609375
7733,-8
7734,0.00390625
7735,0
7736,0.00390625
7737,0
7738,-0.00390625
7739,0
7740,5.85546875
7741,5.8671875
7742,5.875
7743,5.8828125
7744,5.89453125
7745,0
7746,0
7747,0
7748,7.99609375
7749,-8
7750,0.00390625
7751,0
7752,0.00390625
7753,0
7754,-0.00390625
7755,0
7756,6
7757,6.01171875
7758,6.01953125
7759,6.02734375
7760,6.0390625
7761,0
7762,0
7763,0
7764,7.99609375
7765,-8
7766,0.00390625
7767,0
7768,0.00390625
7769,0
7770,-0.00390625
7771,0
7772,6.14453125
7773,6.15625
7774,6.1640625
7775,6.171875
7776,6.18359375
7777,0
7778,0
7779,0
7780,7.99609375
7781,-8
7782,0.00390625
7783,0
7784,0.00390625
7785,0
7786,-0.00390625
7787,0
7788,6.2890625
7789,6.30078125
7790,6.30859375
7791,6.31640625
7792,6.328125
7793,0
7794,0
7795,0
7796,7.99609375
7797,-8
7798,0.00390625
7799,0
7800,0.00390625
7801,0
7802,-0.00390625
7803,0
7804,6.43359375
7805,6.4453125
7806,6.453125
7807,6.4609375
7808,6.47265625
7809,0
7810,0
7811,0
7812,7.99609375
7813,-8
7814,0.00390625
7815,0
7816,0.00390625
7817,0
7818,-0.00390625
7819,0
7820,6.578125
7821,6.58984375
7822,6.59765625
7823,6.60546875
7824,6.6171875
7825,0
7826,0
7827,0
7828,7.99609375
7829,-8
7830,0.00390625
7831,0
7832,0.00390625
7833,0
7834,-0.00390625
7835,0
7836,6.72265625
7837,6.734375
7838,6.7421875
7839,6.75
7840,6.76171875
7841,0
7842,0
7843,0
7844,7.99609375
7845,-8
7846,0.00390625
7847,0
7848,0.00390625
7849,0
7850,-0.00390625
7851,0
7852,6.8671875
7853,6.87890625
7854,6.88671875
7855,6.89453125
7856,6.90625
7857,0
7858,0
7859,0
7860,7.99609375
7861,-8
7862,0.00390625
7863,0
7864,0.00390625
7865,0
7866,-0.00390625
7867,0
7868,7.01171875
7869,7.0234375
7870,7.03125
7871,7.0390625
7872,7.05078125
7873,0
7874,0
7875,0
7876,7.99609375
7877,-8
7878,0.00390625
7879,0
7880,0.00390625
7881,0
7882,-0.00390625
7883,0
7884,7.15625
7885,7.16796875
7886,7.17578125
7887,7.18359375
7888,7.1953125
7889,0
7890,0
7891,0
7892,7.99609375
7893,-8
7894,0.00390625
7895,0
7896,0.00390625
7897,0
7898,-0.00390625
7899,0
7900,7.30078125
7901,7.3125
7902,7.3203125
7903,7.328125
7904,7.33984375
7905,0
7906,0
7907,0
7908,7.99609375
7909,-8
7910,0.00390625
7911,0
7912,0.00390625
7913,0
7914,-0.00390625
7915,0
7916,7.4453125
7917,7.45703125
7918,7.46484375
7919,7.47265625
7920,7.484375
7921,0
7922,0
7923,0
7924,7.99609375
7925,-8
7926,0.00390625
7927,0
7928,0.00390625
7929,0
7930,-0.00390625
7931,0
7932,7.58984375
7933,7.6015625
7934,7.609375
7935,7.6171875
7936,7.62890625
7937,0
7938,0
7939,0
7940,7.99609375
7941,-8
7942,0.00390625
7943,0
7944,0.00390625
7945,0
7946,-0.00390625
7947,0
7948,7.734375
7949,7.74609375
7950,7.75390625
7951,7.76171875
7952,7.7734375
7953,0
7954,0
7955,0
7956,7.99609375
7957,-8
7958,0.00390625
7959,0
7960,0.00390625
7961,0
7962,-0.00390625
7963,0
7964,7.87890625
7965,7.890625
7966,7.8984375
7967,7.90625
7968,7.91796875
7969,0
7970,0
7971,0
7972,7.99609375
7973,-8
7974,0.00390625
7975,0
7976,0.00390625
7977,0
7978,-0.00390625
7979,0
7980,-7.9765625
7981,-7.96484375
7982,-7.95703125
7983,-7.94921875
7984,-7.9375
7985,0
7986,0
7987,0
7988,7.99609375
7989,-8
7990,0.00390625
7991,0
7992,0.00390625
7993,0
7994,-0.00390625
7995,0
7996,-7.83203125
7997,-7.8203125
7998,-7.8125
7999,-7.8046875
8000,-7.79296875
8001,0
8002,0
8003,0
8004,7.99609375
8005,-8
8006,0.00390625
8007,0
8008,0.00390625
8009,0
8010,-0.00390625
8011,0
8012,-7.6875
8013,-7.67578125
8014,-7.66796875
8015,-7.66015625
8016,-7.6484375
8017,0
8018,0
8019,0
8020,7.99609375
8021,-8
8022,0.00390625
8023,0
8024,0.00390625
8025,0
8026,-0.00390625
8027,0
8028,-7.54296875
8029,-7.53125
8030,-7.5234375
8031,-7.515625
8032,-7.50390625
8033,0
8034,0
8035,0
8036,7.99609375
8037,-8
8038,0.00390625
8039,0
8040,0.00390625
8041,0
8042,-0.00390625
8043,0
8044,-7.3984375
8045,-7.38671875
8046,-7.37890625
8047,-7.37109375
8048,-7.359375
8049,0
8050,0
8051,0
8052,7.99609375
8053,-8
8054,0.00390625
8055,0
8056,0.00390625
8057,0
8058,-0.00390625
8059,0
8060,-7.25390625
8061,-7.2421875
8062,-7.234375
8063,-7.2265625
8064,-7.21484375
8065,0
8066,0
8067,0
8068,7.99609375
8069,-8
8070,0.00390625
8071,0
8072,0.00390625
8073,0
8074,-0.00390625
8075,0
8076,-7.109375
8077,-7.09765625
8078,-7.08984375
8079,-7.08203125
8080,-7.0703125
8081,0
8082,0
8083,0
8084,7.99609375
8085,-8
8086,0.00390625
8087,0
8088,0.00390625
8089,0
8090,-0.00390625
8091,0
8092,-6.96484375
8093,-6.953125
8094,-6.9453125
8095,-6.9375
8096,-6.92578125
8097,0
8098,0
8099,0
8100,7.99609375
8101,-8
8102,0.00390625
8103,0
8104,0.00390625
8105,0
8106,-0.00390625
8107,0
8108,-6.8203125
8109,-6.80859375
8110,-6.80078125
8111,-6.79296875
8112,-6.78125
8113,0
8114,0
8115,0
8116,7.99609375
8117,-8
8118,0.00390625
8119,0
8120,0.00390625
8121,0
8122,-0.00390625
8123,0
8124,-6.67578125
8125,-6.6640625
8126,-6.65625
8127,-6.6484375
8128,-6.63671875
8129,0
8130,0
8131,0
8132,7.99609375
8133,-8
8134,0.00390625
8135,0
8136,0.00390625
8137,0
8138,-0.00390625
8139,0
8140,-6.53125
8141,-6.51953125
8142,-6.51171875
8143,-6.50390625
8144,-6.4921875
8145,0
8146,0
8147,0
8148,7.99609375
8149,-8
8150,0.00390625
8151,0
8152,0.00390625
8153,0
8154,-0.00390625
8155,0
8156,-6.38671875
8157,-6.375
8158,-6.3671875
8159,-6.359375
8160,-6.34765625
8161,0
8162,0
8163,0
8164,7.99609375
8165,-8
8166,0.00390625
8167,0
8168,0.00390625
8169,0
8170,-0.00390625
8171,0
8172,-6.2421875
8173,-6.23046875
8174,-6.22265625
8175,-6.21484375
8176,-6.203125
8177,0
8178,0
8179,0
8180,7.99609375
8181,-8
8182,0.00390625
8183,0
8184,0.00390625
8185,0
8186,-0.00390625
8187,0
8188,-6.09765625
8189,-6.0859375
8190,-6.078125
8191,-6.0703125
8192,-6.05859375
8193,0
8194,0
8195,0
8196,7.99609375
8197,-8
8198,0.00390625
8199,0
8200,0.00390625
8201,0
8202,-0.00390625
8203,0
8204,-5.953125
8205,-5.94140625
8206,-5.93359375
8207,-5.92578125
8208,-5.9140625
8209,0
8210,0
8211,0
8212,7.99609375
8213,-8
8214,0.00390625
8215,0
8216,0.00390625
8217,0
8218,-0.00390625
8219,0
8220,-5.80859375
8221,-5.796875
8222,-5.7890625
8223,-5.78125
8224,-5.76953125
8225,0
8226,0
8227,0
8228,7.99609375
8229,-8
8230,0.00390625
8231,0
8232,0.00390625
8233,0
8234,-0.00390625
8235,0
8236,-5.6640625
8237,-5.65234375
8238,-5.64453125
8239,-5.63671875
8240,-5.625
8241,0
8242,0
8243,0
8244,7.99609375
8245,-8
8246,0.00390625
8247,0
8248,0.00390625
8249,0
8250,-0.00390625
8251,0
8252,-5.51953125
8253,-5.5078125
8254,-5.5
8255,-5.4921875
8256,-5.48046875
8257,0
8258,0
8259,0
8260,7.99609375
8261,-8
8262,0.00390625
8263,0
8264,0.00390625
8265,0
8266,-0.00390625
8267,0
8268,-5.375
8269,-5.36328125
8270,-5.35546875
8271,-5.34765625
8272,-5.3359375
8273,0
8274,0
8275,0
8276,7.99609375
8277,-8
8278,0.00390625
8279,0
8280,0.00390625
8281,0
8282,-0.00390625
8283,0
8284,-5.23046875
8285,-5.21875
8286,-5.2109375
8287,-5.203125
8288,-5.19140625
8289,0
8290,0
8291,0
8292,7.99609375
8293,-8
8294,0.00390625
8295,0
8296,0.00390625
8297,0
8298,-0.00390625
8299,0
8300,-5.0859375
8301,-5.07421875
8302,-5.06640625
8303,-5.05859375
8304,-5.046875
8305,0
8306,0
8307,0
8308,7.99609375
8309,-8
8310,0.00390625
8311,0
8312,0.00390625
8313,0
8314,-0.00390625
8315,0
8316,-4.94140625
8317,-4.9296875
8318,-4.921875
8319,-4.9140625
8320,-4.90234375
8321,0
8322,0
8323,0
8324,7.99609375
8325,-8
8326,0.00390625
8327,0
8328,0.00390625
8329,0
8330,-0.00390625
8331,0
8332,-4.796875
8333,-4.78515625
8334,-4.77734375
8335,-4.76953125
8336,-4.7578125
8337,0
8338,0
8339,0
8340,7.99609375
8341,-8
8342,0.00390625
8343,0
8344,0.00390625
8345,0
8346,-0.00390625
8347,0
8348,-4.65234375
8349,-4.640625
8350,-4.6328125
8351,-4.625
8352,-4.61328125
8353,0
8354,0
8355,0
8356,7.99609375
8357,-8
8358,0.00390625
8359,0
8360,0.00390625
8361,0
8362,-0.00390625
8363,0
8364,-4.5078125
8365,-4.49609375
8366,-4.48828125
8367,-4.48046875
8368,-4.46875
8369,0
8370,0
8371,0
8372,7.99609375
8373,-8
8374,0.00390625
8375,0
8376,0.00390625
8377,0
8378,-0.00390625
8379,0
8380,-4.36328125
8381,-4.3515625
8382,-4.34375
8383,-4.3359375
8384,-4.32421875
8385,0
8386,0
8387,0
8388,7.99609375
8389,-8
8390,0.00390625
8391,0
8392,0.00390625
8393,0
8394,-0.00390625
8395,0
8396,-4.21875
8397,-4.20703125
8398,-4.19921875
8399,-4.19140625
8400,-4.1796875
8401,0
8402,0
8403,0
8404,7.99609375
8405,-8
8406,0.00390625
8407,0
8408,0.00390625
8409,0
8410,-0.00390625
8411,0
8412,-4.07421875
8413,-4.0625
8414,-4.0546875
8415,-4.046875
8416,-4.03515625
8417,0
8418,0
8419,0
8420,7.99609375
8421,-8
8422,0.00390625
8423,0
8424,0.00390625
8425,0
8426,-0.00390625
8427,0
8428,-3.9296875
8429,-3.91796875
8430,-3.91015625
8431,-3.90234375
8432,-3.890625
8433,0
8434,0
8435,0
8436,7.99609375
8437,-8
8438,0.00390625
8439,0
8440,0.00390625
8441,0
8442,-0.00390625
8443,0
8444,-3.78515625
8445,-3.7734375
8446,-3.765625
8447,-3.7578125
8448,-3.74609375
8449,0
8450,0
8451,0
8452,7.99609375
8453,-8
8454,0.00390625
8455,0
8456,0.00390625
8457,0
8458,-0.00390625
8459,0
8460,-3.640625
8461,-3.62890625
8462,-3.62109375
8463,-3.61328125
8464,-3.6015625
8465,0
8466,0
8467,0
8468,7.99609375
8469,-8
8470,0.00390625
8471,0
8472,0.00390625
8473,0
8474,-0.00390625
8475,0
8476,-3.49609375
8477,-3.484375
8478,-3.4765625
8479,-3.46875
8480,-3.45703125
8481,0
8482,0
8483,0
8484,7.99609375
8485,-8
8486,0.00390625
8487,0
8488,0.00390625
8489,0
8490,-0.00390625
8491,0
8492,-3.3515625
8493,-3.33984375
8494,-3.33203125
8495,-3.32421875
8496,-3.3125
8497,0
8498,0
8499,0
8500,7.99609375
8501,-8
8502,0.00390625
8503,0
8504,0.00390625
8505,0
8506,-0.00390625
8507,0
8508,-3.20703125
8509,-3.1953125
8510,-3.1875
8511,-3.1796875
8512,-3.16796875
8513,0
8514,0
8515,0
8516,7.99609375
8517,-8
8518,0.00390625
8519,0
8520,0.00390625
8521,0
8522,-0.00390625
8523,0
8524,-3.0625
8525,-3.05078125
8526,-3.04296875
8527,-3.03515625
8528,-3.0234375
8529,0
8530,0
8531,0
8532,7.99609375
8533,-8
8534,0.00390625
8535,0
8536,0.00390625
8537,0
8538,-0.00390625
8539,0
8540,-2.91796875
8541,-2.90625
8542,-2.8984375
8543,-2.890625
8544,-2.87890625
8545,0
8546,0
8547,0
8548,7.99609375
8549,-8
8550,0.00390625
8551,0
8552,0.00390625
8553,0
8554,-0.00390625
8555,0
8556,-2.7734375
8557,-2.76171875
8558,-2.75390625
8559,-2.74609375
8560,-2.734375
8561,0
8562,0
8563,0
8564,7.99609375
8565,-8
8566,0.00390625
8567,0
8568,0.00390625
8569,0
8570,-0.00390625
8571,0
8572,-2.62890625
8573,-2.6171875
8574,-2.609375
8575,-2.6015625
8576,-2.58984375
8577,0
8578,0
8579,0
8580,7.99609375
8581,-8
8582,0.00390625
8583,0
8584,0.00390625
8585,0
8586,-0.00390625
8587,0
8588,-2.484375
8589,-2.47265625
8590,-2.46484375
8591,-2.45703125
8592,-2.4453125
8593,0
8594,0
8595,0
8596,7.99609375
8597,-8
8598,0.00390625
8599,0
8600,0.00390625
8601,0
8602,-0.00390625
8603,0
8604,-2.33984375
8605,-2.328125
8606,-2.3203125
8607,-2.3125
8608,-2.30078125
8609,0
8610,0
8611,0
8612,7.99609375
8613,-8
8614,0.00390625
8615,0
8616,0.00390625
8617,0
8618,-0.00390625
8619,0
8620,-2.1953125
8621,-2.18359375
8622,-2.17578125
8623,-2.16796875
8624,-2.15625
8625,0
8626,0
8627,0
8628,7.99609375
8629,-8
8630,0.00390625
8631,0
8632,0.00390625
8633,0
8634,-0.00390625
8635,0
8636,-2.05078125
8637,-2.0390625
8638,-2.03125
8639,-2.0234375
8640,-2.01171875
8641,0
8642,0
8643,0
8644,7.99609375
8645,-8
8646,0.00390625
8647,0
8648,0.00390625
8649,0
8650,-0.00390625
8651,0
8652,-1.90625
8653,-1.89453125
8654,-1.88671875
8655,-1.87890625
8656,-1.8671875
8657,0
8658,0
8659,0
8660,7.99609375
8661,-8
8662,0.00390625
8663,0
8664,0.00390625
8665,0
8666,-0.00390625
8667,0
8668,-1.76171875
8669,-1.75
8670,-1.7421875
8671,-1.734375
8672,-1.72265625
8673,0
8674,0
8675,0
8676,7.99609375
8677,-8
8678,0.00390625
8679,0
8680,0.00390625
8681,0
8682,-0.00390625
8683,0
8684,-1.6171875
8685,-1.60546875
8686,-1.59765625
8687,-1.58984375
8688,-1.578125
8689,0
8690,0
8691,0
8692,7.99609375
8693,-8
8694,0.00390625
8695,0
8696,0.00390625
8697,0
8698,-0.00390625
8699,0
8700,-1.47265625
8701,-1.4609375
8702,-1.453125
8703,-1.4453125
8704,-1.43359375
8705,0
8706,0
8707,0
8708,7.99609375
8709,-8
8710,0.00390625
8711,0
8712,0.00390625
8713,0
8714,-0.00390625
8715,0
8716,-1.328125
8717,-1.31640625
8718,-1.30859375
8719,-1.30078125
8720,-1.2890625
8721,0
8722,0
8723,0
8724,7.99609375
8725,-8
8726,0.00390625
8727,0
8728,0.00390625
8729,0
8730,-0.00390625
8731,0
8732,-1.18359375
8733,-1.171875
8734,-1.1640625
8735,-1.15625
8736,-1.14453125
8737,0
8738,0
8739,0
8740,7.99609375
8741,-8
8742,0.00390625
8743,0
8744,0.00390625
8745,0
8746,-0.00390625
8747,0
8748,-1.0390625
8749,-1.02734375
8750,-1.01953125
8751,-1.01171875
8752,-1
8753,0
8754,0
8755,0
8756,7.99609375
8757,-8
8758,0.00390625
8759,0
8760,0.00390625
8761,0
8762,-0.00390625
8763,0
8764,-0.89453125
8765,-0.8828125
8766,-0.875
8767,-0.8671875
8768,-0.85546875
8769,0
8770,0
8771,0
8772,7.99609375
8773,-8
8774,0.00390625
8775,0
8776,0.00390625
8777,0
8778,-0.00390625
8779,0
8780,-0.75
8781,-0.73828125
8782,-0.73046875
8783,-0.72265625
8784,-0.7109375
8785,0
8786,0
8787,0
8788,7.99609375
8789,-8
8790,0.00390625
8791,0
8792,0.00390625
8793,0
8794,-0.00390625
8795,0
8796,-0.60546875
8797,-0.59375
8798,-0.5859375
8799,-0.578125
8800,-0.56640625
8801,0
8802,0
8803,0
8804,7.99609375
8805,-8
8806,0.00390625
8807,0
8808,0.00390625
8809,0
8810,-0.00390625
8811,0
8812,-0.4609375
8813,-0.44921875
8814,-0.44140625
8815,-0.43359375
8816,-0.421875
8817,0
8818,0
8819,0
8820,7.99609375
8821,-8
8822,0.00390625
8823,0
8824,0.00390625
8825,0
8826,-0.00390625
8827,0
8828,-0.31640625
8829,-0.3046875
8830,-0.296875
8831,-0.2890625
8832,-0.27734375
8833,0
8834,0
8835,0
8836,7.99609375
8837,-8
8838,0.00390625
8839,0
8840,0.00390625
8841,0
8842,-0.00390625
8843,0
8844,-0.171875
8845,-0.16015625
8846,-0.15234375
8847,-0.14453125
8848,-0.1328125
8849,0
8850,0
8851,0
8852,7.99609375
8853,-8
8854,0.00390625
8855,0
8856,0.00390625
8857,0
8858,-0.00390625
8859,0
8860,-0.02734375
8861,-0.015625
8862,-0.0078125
8863,0
8864,0.01171875
8865,0
8866,0
8867,0
8868,7.99609375
8869,-8
8870,0.00390625
8871,0
8872,0.00390625
8873,0
8874,-0.00390625
8875,0
8876,0.1171875
8877,0.12890625
8878,0.13671875
8879,0.14453125
8880,0.15625
8881,0
8882,0
8883,0
8884,7.99609375
8885,-8
8886,0.00390625
8887,0
8888,0.00390625
8889,0
8890,-0.00390625
8891,0
8892,0.26171875
8893,0.2734375
8894,0.28125
8895,0.2890625
8896,0.30078125
8897,0
8898,0
8899,0
8900,7.99609375
8901,-8
8902,0.00390625
8903,0
8904,0.00390625
8905,0
8906,-0.00390625
8907,0
8908,0.40625
8909,0.41796875
8910,0.42578125
8911,0.43359375
8912,0.4453125
8913,0
8914,0
8915,0
8916,7.99609375
8917,-8
8918,0.00390625
8919,0
8920,0.00390625
8921,0
8922,-0.00390625
8923,0
8924,0.55078125
8925,0.5625
8926,0.5703125
8927,0.578125
8928,0.58984375
8929,0
8930,0
8931,0
8932,7.99609375
8933,-8
8934,0.00390625
8935,0
8936,0.00390625
8937,0
8938,-0.00390625
8939,0
8940,0.6953125
8941,0.70703125
8942,0.71484375
8943,0.72265625
8944,0.734375
8945,0
8946,0
8947,0
8948,7.99609375
8949,-8
8950,0.00390625
8951,0
8952,0.00390625
8953,0
8954,-0.00390625
8955,0
8956,0.83984375
8957,0.8515625
8958,0.859375
8959,0.8671875
8960,0.87890625
8961,0
8962,0
8963,0
8964,7.99609375
8965,-8
8966,0.00390625
8967,0
8968,0.00390625
8969,0
8970,-0.00390625
8971,0
8972,0.984375
8973,0.99609375
8974,1.00390625
8975,1.01171875
8976,1.0234375
8977,0
8978,0
8979,0
8980,7.99609375
8981,-8
8982,0.00390625
8983,0
8984,0.00390625
8985,0
8986,-0.00390625
8987,0
8988,1.12890625
8989,1.140625
8990,1.1484375
8991,1.15625
8992,1.16796875
8993,0
8994,0
8995,0
8996,7.99609375
8997,-8
8998,0.00390625
8999,0
9000,0.00390625
9001,0
9002,-0.00390625
9003,0
9004,1.2734375
9005,1.28515625
9006,1.29296875
9007,1.30078125
9008,1.3125
9009,0
9010,0
9011,0
9012,7.99609375
9013,-8
9014,0.00390625
9015,0
9016,0.00390625
9017,0
9018,-0.00390625
9019,0
9020,1.41796875
9021,1.4296875
9022,1.4375
9023,1.4453125
9024,1.45703125
9025,0
9026,0
9027,0
9028,7.99609375
9029,-8
9030,0.00390625
9031,0
9032,0.00390625
9033,0
9034,-0.00390625
9035,0
9036,1.5625
9037,1.57421875
9038,1.58203125
9039,1.58984375
9040,1.6015625
9041,0
9042,0
9043,0
9044,7.99609375
9045,-8
9046,0.00390625
9047,0
9048,0.00390625
9049,0
9050,-0.00390625
9051,0
9052,1.70703125
9053,1.71875
9054,1.7265625
9055,1.734375
9056,1.74609375
9057,0
9058,0
9059,0
9060,7.99609375
9061,-8
9062,0.00390625
9063,0
9064,0.00390625
9065,0
9066,-0.00390625
9067,0
9068,1.8515625
9069,1.86328125
9070,1.87109375
9071,1.87890625
9072,1.890625
9073,0
9074,0
9075,0
9076,7.99609375
9077,-8
9078,0.00390625
9079,0
9080,0.00390625
9081,0
9082,-0.00390625
9083,0
9084,1.99609375
9085,2.0078125
9086,2.015625
9087,2.0234375
9088,2.03515625
9089,0
9090,0
9091,0
9092,7.99609375
9093,-8
9094,0.00390625
9095,0
9096,0.00390625
9097,0
9098,-0.00390625
9099,0
9100,2.140625
9101,2.15234375
9102,2.16015625
9103,2.16796875
9104,2.1796875
9105,0
9106,0
9107,0
9108,7.99609375
9109,-8
9110,0.00390625
9111,0
9112,0.00390625
9113,0
9114,-0.00390625
9115,0
9116,2.28515625
9117,2.296875
9118,2.3046875
9119,2.3125
9120,2.32421875
9121,0
9122,0
9123,0
9124,7.99609375
9125,-8
9126,0.00390625
9127,0
9128,0.00390625
9129,0
9130,-0.00390625
9131,0
9132,2.4296875
9133,2.44140625
9134,2.44921875
9135,2.45703125
9136,2.46875
9137,0
9138,0
9139,0
9140,7.99609375
9141,-8
9142,0.00390625
9143,0
9144,0.00390625
9145,0
9146,-0.00390625
9147,0
9148,2.57421875
9149,2.5859375
9150,2.59375
9151,2.6015625
9152,2.61328125
9153,0
9154,0
9155,0
9156,7.99609375
9157,-8
9158,0.00390625
9159,0
9160,0.00390625
9161,0
9162,-0.00390625
9163,0
9164,2.71875
9165,2.73046875
9166,2.73828125
9167,2.74609375
9168,2.7578125
9169,0
9170,0
9171,0
9172,7.99609375
9173,-8
9174,0.00390625
9175,0
9176,0.00390625
9177,0
9178,-0.00390625
9179,0
9180,2.86328125
9181,2.875
9182,2.8828125
9183,2.890625
9184,2.90234375
9185,0
9186,0
9187,0
9188,7.99609375
9189,-8
9190,0.00390625
9191,0
9192,0.00390625
9193,0
9194,-0.00390625
9195,0
9196,3.0078125
9197,3.01953125
9198,3.02734375
9199,3.03515625
9200,3.046875
9201,0
9202,0
9203,0
9204,7.99609375
9205,-8
9206,0.00390625
9207,0
9208,0.00390625
9209,0
9210,-0.00390625
9211,0
9212,3.15234375
9213,3.1640625
9214,3.171875
9215,3.1796875
9216,3.19140625
9217,0
9218,0
9219,0
9220,7.99609375
9221,-8
9222,0.00390625
9223,0
9224,0.00390625
9225,0
9226,-0.00390625
9227,0
9228,3.296875
9229,3.30859375
9230,3.31640625
9231,3.32421875
9232,3.3359375
9233,0
9234,0
9235,0
9236,7.99609375
9237,-8
9238,0.00390625
9239,0
9240,0.00390625
9241,0
9242,-0.00390625
9243,0
9244,3.44140625
9245,3.453125
9246,3.4609375
9247,3.46875
9248,3.48046875
9249,0
9250,0
9251,0
9252,7.99609375
9253,-8
9254,0.00390625
9255,0
9256,0.00390625
9257,0
9258,-0.00390625
9259,0
9260,3.5859375
9261,3.59765625
9262,3.60546875
9263,3.61328125
9264,3.625
9265,0
9266,0
9267,0
9268,7.99609375
9269,-8
9270,0.00390625
9271,0
9272,0.00390625
9273,0
9274,-0.00390625
9275,0
9276,3.73046875
9277,3.7421875
9278,3.75
9279,3.7578125
9280,3.76953125
9281,0
9282,0
9283,0
9284,7.99609375
9285,-8
9286,0.00390625
9287,0
9288,0.00390625
9289,0
9290,-0.00390625
9291,0
9292,3.875
9293,3.88671875
9294,3.89453125
9295,3.90234375
9296,3.9140625
9297,0
9298,0
9299,0
9300,7.99609375
9301,-8
9302,0.00390625
9303,0
9304,0.00390625
9305,0
9306,-0.00390625
9307,0
9308,4.01953125
9309,4.03125
9310,4.0390625
9311,4.046875
9312,4.05859375
9313,0
9314,0
9315,0
9316,7.99609375
9317,-8
9318,0.00390625
9319,0
9320,0.00390625
9321,0
9322,-0.00390625
9323,0
9324,4.1640625
9325,4.17578125
9326,4.18359375
9327,4.19140625
9328,4.203125
9329,0
9330,0
9331,0
9332,7.99609375
9333,-8
9334,0.00390625
9335,0
9336,0.00390625
9337,0
9338,-0.00390625
9339,0
9340,4.30859375
9341,4.3203125
9342,4.328125
9343,4.3359375
9344,4.34765625
9345,0
9346,0
9347,0
9348,7.99609375
9349,-8
9350,0.00390625
9351,0
9352,0.00390625
9353,0
9354,-0.00390625
9355,0
9356,4.453125
9357,4.46484375
9358,4.47265625
9359,4.48046875
9360,4.4921875
9361,0
9362,0
9363,0
9364,7.99609375
9365,-8
9366,0.00390625
9367,0
9368,0.00390625
9369,0
9370,-0.00390625
9371,0
9372,4.59765625
9373,4.609375
9374,4.6171875
9375,4.625
9376,4.63671875
9377,0
9378,0
9379,0
9380,7.99609375
9381,-8
9382,0.00390625
9383,0
9384,0.00390625
9385,0
9386,-0.00390625
9387,0
9388,4.7421875
9389,4.75390625
9390,4.76171875
9391,4.76953125
9392,4.78125
9393,0
9394,0
9395,0
9396,7.99609375
9397,-8
9398,0.00390625
9399,0
9400,0.00390625
9401,0
9402,-0.00390625
9403,0
9404,4.88671875
9405,4.8984375
9406,4.90625
9407,4.9140625
9408,4.92578125
9409,0
9410,0
9411,0
9412,7.99609375
9413,-8
9414,0.00390625
9415,0
9416,0.00390625
9417,0
9418,-0.00390625
9419,0
9420,5.03125
9421,5.04296875
9422,5.05078125
9423,5.05859375
9424,5.0703125
9425,0
9426,0
9427,0
9428,7.99609375
9429,-8
9430,0.00390625
9431,0
9432,0.00390625
9433,0
9434,-0.00390625
9435,0
9436,5.17578125
9437,5.1875
9438,5.1953125
9439,5.203125
9440,5.21484375
9441,0
9442,0
9443,0
9444,7.99609375
9445,-8
9446,0.00390625
9447,0
9448,0.00390625
9449,0
9450,-0.00390625
9451,0
9452,5.3203125
9453,5.33203125
9454,5.33984375
9455,5.34765625
9456,5.359375
9457,0
9458,0
9459,0
9460,7.99609375
9461,-8
9462,0.00390625
9463,0
9464,0.00390625
9465,0
9466,-0.00390625
9467,0
9468,5.46484375
9469,5.4765625
9470,5.484375
9471,5.4921875
9472,5.50390625
9473,0
9474,0
9475,0
9476,7.99609375
9477,-8
9478,0.00390625
9479,0
9480,0.00390625
9481,0
9482,-0.00390625
9483,0
9484,5.609375
9485,5.62109375
9486,5.62890625
9487,5.63671875
9488,5.6484375
9489,0
9490,0
9491,0
9492,7.99609375
9493,-8
9494,0.00390625
9495,0
9496,0.00390625
9497,0
9498,-0.00390625
9499,0
9500,5.75390625
9501,5.765625
9502,5.7734375
9503,5.78125
9504,5.79296875
9505,0
9506,0
9507,0
9508,7.99609375
9509,-8
9510,0.00390625
9511,0
9512,0.00390625
9513,0
9514,-0.00390625
9515,0
9516,5.8984375
9517,5.91015625
9518,5.91796875
9519,5.92578125
9520,5.9375
9521,0
9522,0
9523,0
9524,7.99609375
9525,-8
9526,0.00390625
9527,0
9528,0.00390625
9529,0
9530,-0.00390625
9531,0
9532,6.04296875
9533,6.0546875
9534,6.0625
9535,6.0703125
9536,6.08203125
9537,0
9538,0
9539,0
9540,7.99609375
9541,-8
9542,0.00390625
9543,0
9544,0.00390625
9545,0
9546,-0.00390625
9547,0
9548,6.1875
9549,6.19921875
9550,6.20703125
9551,6.21484375
9552,6.2265625
9553,0
9554,0
9555,0
9556,7.99609375
9557,-8
9558,0.00390625
9559,0
9560,0.00390625
9561,0
9562,-0.00390625
9563,0
9564,6.33203125
9565,6.34375
9566,6.3515625
9567,6.359375
9568,6.37109375
9569,0
9570,0
9571,0
9572,7.99609375
9573,-8
9574,0.00390625
9575,0
9576,0.00390625
9577,0
9578,-0.00390625
9579,0
9580,6.4765625
9581,6.48828125
9582,6.49609375
9583,6.50390625
9584,6.515625
9585,0
9586,0
9587,0
9588,7.99609375
9589,-8
9590,0.00390625
9591,0
9592,0.00390625
9593,0
9594,-0.00390625
9595,0
9596,6.62109375
9597,6.6328125
9598,6.640625
9599,6.6484375
9600,6.66015625
9601,0
9602,0
9603,0
9604,7.99609375
9605,-8
9606,0.00390625
9607,0
9608,0.00390625
9609,0
9610,-0.00390625
9611,0
9612,6.765625
9613,6.77734375
9614,6.78515625
9615,6.79296875
9616,6.8046875
9617,0
9618,0
9619,0
9620,7.99609375
9621,-8
9622,0.00390625
9623,0
9624,0.00390625
9625,0
9626,-0.00390625
9627,0
9628,6.91015625
9629,6.921875
9630,6.9296875
9631,6.9375
9632,6.94921875
9633,0
9634,0
9635,0
9636,7.99609375
9637,-8
9638,0.00390625
9639,0
9640,0.00390625
9641,0
9642,-0.00390625
9643,0
9644,7.0546875
9645,7.06640625
9646,7.07421875
9647,7.08203125
9648,7.09375
9649,0
9650,0
9651,0
9652,7.99609375
9653,-8
9654,0.00390625
9655,0
9656,0.00390625
9657,0
9658,-0.00390625
9659,0
9660,7.19921875
9661,7.2109375
9662,7.21875
9663,7.2265625
9664,7.23828125
9665,0
9666,0
9667,0
9668,7.99609375
9669,-8
9670,0.00390625
9671,0
9672,0.00390625
9673,0
9674,-0.00390625
9675,0
9676,7.34375
9677,7.35546875
9678,7.36328125
9679,7.37109375
9680,7.3828125
9681,0
9682,0
9683,0
9684,7.99609375
9685,-8
9686,0.00390625
9687,0
9688,0.00390625
9689,0
9690,-0.00390625
9691,0
9692,7.48828125
9693,7.5
9694,7.5078125
9695,7.515625
9696,7.52734375
9697,0
9698,0
9699,0
9700,7.99609375
9701,-8
9702,0.00390625
9703,0
9704,0.00390625
9705,0
9706,-0.00390625
9707,0
9708,7.6328125
9709,7.64453125
9710,7.65234375
9711,7.66015625
9712,7.671875
9713,0
9714,0
9715,0
9716,7.99609375
9717,-8
9718,0.00390625
9719,0
9720,0.00390625
9721,0
9722,-0.00390625
9723,0
9724,7.77734375
9725,7.7890625
9726,7.796875
9727,7.8046875
9728,7.81640625
9729,0
9730,0
9731,0
9732,7.99609375
9733,-8
9734,0.00390625
9735,0
9736,0.00390625
9737,0
9738,-0.00390625
9739,0
9740,7.921875
9741,7.93359375
9742,7.94140625
9743,7.94921875
9744,7.9609375
9745,0
9746,0
9747,0
9748,7.99609375
9749,-8
9750,0.00390625
9751,0
9752,0.00390625
9753,0
9754,-0.00390625
9755,0
9756,-7.93359375
9757,-7.921875
9758,-7.9140625
9759,-7.90625
9760,-7.89453125
9761,0
9762,0
9763,0
9764,7.99609375
9765,-8
9766,0.00390625
9767,0
9768,0.00390625
9769,0
9770,-0.00390625
9771,0
9772,-7.7890625
9773,-7.77734375
9774,-7.76953125
9775,-7.76171875
9776,-7.75
9777,0
9778,0
9779,0
9780,7.99609375
9781,-8
9782,0.00390625
9783,0
9784,0.00390625
9785,0
9786,-0.00390625
9787,0
9788,-7.64453125
9789,-7.6328125
9790,-7.625
9791,-7.6171875
9792,-7.60546875
9793,0
9794,0
9795,0
9796,7.99609375
9797,-8
9798,0.00390625
9799,0
9800,0.00390625
9801,0
9802,-0.00390625
9803,0
9804,-7.5
9805,-7.48828125
9806,-7.48046875
9807,-7.47265625
9808,-7.4609375
9809,0
9810,0
9811,0
9812,7.99609375
9813,-8
9814,0.00390625
9815,0
9816,0.00390625
9817,0
9818,-0.00390625
9819,0
9820,-7.35546875
9821,-7.34375
9822,-7.3359375
9823,-7.328125
9824,-7.31640625
9825,0
9826,0
9827,0
9828,7.99609375
9829,-8
9830,0.00390625
9831,0
9832,0.00390625
9833,0
9834,-0.00390625
9835,0
9836,-7.2109375
9837,-7.19921875
9838,-7.19140625
9839,-7.18359375
9840,-7.171875
9841,0
9842,0
9843,0
9844,7.99609375
9845,-8
9846,0.00390625
9847,0
9848,0.00390625
9849,0
9850,-0.00390625
9851,0
9852,-7.06640625
9853,-7.0546875
9854,-7.046875
9855,-7.0390625
9856,-7.02734375
9857,0
9858,0
9859,0
9860,7.99609375
9861,-8
9862,0.00390625
9863,0
9864,0.00390625
9865,0
9866,-0.00390625
9867,0
9868,-6.921875
9869,-6.91015625
9870,-6.90234375
9871,-6.89453125
9872,-6.8828125
9873,0
9874,0
9875,0
9876,7.99609375
9877,-8
9878,0.00390625
9879,0
9880,0.00390625
9881,0
9882,-0.00390625
9883,0
9884,-6.77734375
9885,-6.765625
9886,-6.7578125
9887,-6.75
9888,-6.73828125
9889,0
9890,0
9891,0
9892,7.99609375
9893,-8
9894,0.00390625
9895,0
9896,0.00390625
9897,0
9898,-0.00390625
9899,0
9900,-6.6328125
9901,-6.62109375
9902,-6.61328125
9903,-6.60546875
9904,-6.59375
9905,0
9906,0
9907,0
9908,7.99609375
9909,-8
9910,0.00390625
9911,0
9912,0.00390625
9913,0
9914,-0.00390625
9915,0
9916,-6.48828125
9917,-6.4765625
9918,-6.46875
9919,-6.4609375
9920,-6.44921875
9921,0
9922,0
9923,0
9924,7.99609375
9925,-8
9926,0.00390625
9927,0
9928,0.00390625
9929,0
9930,-0.00390625
9931,0
9932,-6.34375
9933,-6.33203125
9934,-6.32421875
9935,-6.31640625
9936,-6.3046875
9937,0
9938,0
9939,0
9940,7.99609375
9941,-8
9942,0.00390625
9943,0
9944,0.00390625
9945,0
9946,-0.00390625
9947,0
9948,-6.19921875
9949,-6.1875
9950,-6.1796875
9951,-6.171875
9952,-6.16015625
9953,0
9954,0
9955,0
9956,7.99609375
9957,-8
9958,0.00390625
9959,0
9960,0.00390625
9961,0
9962,-0.00390625
9963,0
9964,-6.0546875
9965,-6.04296875
9966,-6.03515625
9967,-6.02734375
9968,-6.015625
9969,0
9970,0
9971,0
9972,7.99609375
9973,-8
9974,0.00390625
9975,0
9976,0.00390625
9977,0
9978,-0.00390625
9979,0
9980,-5.91015625
9981,-5.8984375
9982,-5.890625
9983,-5.8828125
9984,-5.87109375
9985,0
9986,0
9987,0
9988,7.99609375
9989,-8
9990,0.00390625
9991,0
9992,0.00390625
9993,0
9994,-0.00390625
9995,0
9996,-5.765625
9997,-5.75390625
9998,-5.74609375
9999,-5.73828125
10000,-5.7265625
10001,0
10002,0
10003,0
10004,7.99609375
10005,-8
10006,0.00390625
10007,0
10008,0.00390625
10009,0
10010,-0.00390625
10011,0
10012,-5.62109375
10013,-5.609375
10014,-5.6015625
10015,-5.59375
10016,-5.58203125
10017,0
10018,0
10019,0
10020,7.99609375
10021,-8
10022,0.00390625
10023,0
10024,0.00390625
10025,0
10026,-0.00390625
10027,0
10028,-5.4765625
10029,-5.46484375
10030,-5.45703125
10031,-5.44921875
10032,-5.4375
10033,0
10034,0
10035,0
10036,7.99609375
10037,-8
10038,0.00390625
10039,0
10040,0.00390625
10041,0
10042,-0.00390625
10043,0
10044,-5.33203125
10045,-5.3203125
10046,-5.3125
10047,-5.3046875
10048,-5.29296875
10049,0
10050,0
10051,0
10052,7.99609375
10053,-8
10054,0.00390625
10055,0
10056,0.00390625
10057,0
10058,-0.00390625
10059,0
10060,-5.1875
10061,-5.17578125
10062,-5.16796875
10063,-5.16015625
10064,-5.1484375
10065,0
10066,0
10067,0
10068,7.99609375
10069,-8
10070,0.00390625
10071,0
10072,0.00390625
10073,0
10074,-0.00390625
10075,0
10076,-5.04296875
10077,-5.03125
10078,-5.0234375
10079,-5.015625
10080,-5.00390625
10081,0
10082,0
10083,0
10084,7.99609375
10085,-8
10086,0.00390625
10087,0
10088,0.00390625
10089,0
10090,-0.00390625
10091,0
10092,-4.8984375
10093,-4.88671875
10094,-4.87890625
10095,-4.87109375
10096,-4.859375
10097,0
10098,0
10099,0
10100,7.99609375
10101,-8
10102,0.00390625
10103,0
10104,0.00390625
10105,0
10106,-0.00390625
10107,0
10108,-4.75390625
10109,-4.7421875
10110,-4.734375
10111,-4.7265625
10112,-4.71484375
10113,0
10114,0
10115,0
10116,7.99609375
10117,-8
10118,0.00390625
10119,0
10120,0.00390625
10121,0
10122,-0.00390625
10123,0
10124,-4.609375
10125,-4.59765625
10126,-4.58984375
10127,-4.58203125
10128,-4.5703125
10129,0
10130,0
10131,0
10132,7.99609375
10133,-8
10134,0.00390625
10135,0
10136,0.00390625
10137,0
10138,-0.00390625
10139,0
10140,-4.46484375
10141,-4.453125
10142,-4.4453125
10143,-4.4375
10144,-4.42578125
10145,0
10146,0
10147,0
10148,7.99609375
10149,-8
10150,0.00390625
10151,0
10152,0.00390625
10153,0
10154,-0.00390625
10155,0
10156,-4.3203125
10157,-4.30859375
10158,-4.30078125
10159,-4.29296875
10160,-4.28125
10161,0
10162,0
10163,0
10164,7.99609375
10165,-8
10166,0.00390625
10167,0
10168,0.00390625
10169,0
10170,-0.00390625
10171,0
10172,-4.17578125
10173,-4.1640625
10174,-4.15625
10175,-4.1484375
10176,-4.13671875
10177,0
10178,0
10179,0
10180,7.99609375
10181,-8
10182,0.00390625
10183,0
10184,0.00390625
10185,0
10186,-0.00390625
10187,0
10188,-4.03125
10189,-4.01953125
10190,-4.01171875
10191,-4.00390625
10192,-3.9921875
10193,0
10194,0
10195,0
10196,7.99609375
10197,-8
10198,0.00390625
10199,0
10200,0.00390625
10201,0
10202,-0.00390625
10203,0
10204,-3.88671875
10205,-3.875
10206,-3.8671875
10207,-3.859375
10208,-3.84765625
10209,0
10210,0
10211,0
10212,7.99609375
10213,-8
10214,0.00390625
10215,0
10216,0.00390625
10217,0
10218,-0.00390625
10219,0
10220,-3.7421875
10221,-3.73046875
10222,-3.72265625
10223,-3.71484375
10224,-3.703125
10225,0
10226,0
10227,0
10228,7.99609375
10229,-8
10230,0.00390625
10231,0
10232,0.00390625
10233,0
10234,-0.00390625
10235,0
10236,-3.59765625
10237,-3.5859375
10238,-3.578125
10239,-3.5703125
10240,-3.55859375
10241,0
10242,0
10243,0
10244,7.99609375
10245,-8
10246,0.00390625
10247,0
10248,0.00390625
10249,0
10250,-0.00390625
10251,0
10252,-3.453125
10253,-3.44140625
10254,-3.43359375
10255,-3.42578125
10256,-3.4140625
10257,0
10258,0
10259,0
10260,7.99609375
10261,-8
10262,0.00390625
10263,0
10264,0.00390625
10265,0
10266,-0.00390625
10267,0
10268,-3.30859375
10269,-3.296875
10270,-3.2890625
10271,-3.28125
10272,-3.26953125
10273,0
10274,0
10275,0
10276,7.99609375
10277,-8
10278,0.00390625
10279,0
10280,0.00390625
10281,0
10282,-0.00390625
10283,0
10284,-3.1640625
10285,-3.15234375
10286,-3.14453125
10287,-3.13671875
10288,-3.125
10289,0
10290,0
10291,0
10292,7.99609375
10293,-8
10294,0.00390625
10295,0
10296,0.00390625
10297,0
10298,-0.00390625
10299,0
10300,-3.01953125
10301,-3.0078125
10302,-3
10303,-2.9921875
10304,-2.98046875
10305,0
10306,0
10307,0
10308,7.99609375
10309,-8
10310,0.00390625
10311,0
10312,0.00390625
10313,0
10314,-0.00390625
10315,0
10316,-2.875
10317,-2.86328125
10318,-2.85546875
10319,-2.84765625
10320,-2.8359375
10321,0
10322,0
10323,0
10324,7.99609375
10325,-8
10326,0.00390625
10327,0
10328,0.00390625
10329,0
10330,-0.00390625
10331,0
10332,-2.73046875
10333,-2.71875
10334,-2.7109375
10335,-2.703125
10336,-2.69140625
10337,0
10338,0
10339,0
10340,7.99609375
10341,-8
10342,0.00390625
10343,0
10344,0.00390625
10345,0
10346,-0.00390625
10347,0
10348,-2.5859375
10349,-2.57421875
10350,-2.56640625
10351,-2.55859375
10352,-2.546875
10353,0
10354,0
10355,0
10356,7.99609375
10357,-8
10358,0.00390625
10359,0
10360,0.00390625
10361,0
10362,-0.00390625
10363,0
10364,-2.44140625
10365,-2.4296875
10366,-2.421875
10367,-2.4140625
10368,-2.40234375
10369,0
10370,0
10371,0
10372,7.99609375
10373,-8
10374,0.00390625
10375,0
10376,0.00390625
10377,0
10378,-0.00390625
10379,0
10380,-2.296875
10381,-2.28515625
10382,-2.27734375
10383,-2.26953125
10384,-2.2578125
10385,0
10386,0
10387,0
10388,7.99609375
10389,-8
10390,0.00390625
10391,0
10392,0.00390625
10393,0
10394,-0.00390625
10395,0
10396,-2.15234375
10397,-2.140625
10398,-2.1328125
10399,-2.125
10400,-2.11328125
10401,0
10402,0
10403,0
10404,7.99609375
10405,-8
10406,0.00390625
10407,0
10408,0.00390625
10409,0
10410,-0.00390625
10411,0
10412,-2.0078125
10413,-1.99609375
10414,-1.98828125
10415,-1.98046875
10416,-1.96875
10417,0
10418,0
10419,0
10420,7.99609375
10421,-8
10422,0.00390625
10423,0
10424,0.00390625
10425,0
10426,-0.00390625
10427,0
10428,-1.86328125
10429,-1.8515625
10430,-1.84375
10431,-1.8359375
10432,-1.82421875
10433,0
10434,0
10435,0
10436,7.99609375
10437,-8
10438,0.00390625
10439,0
10440,0.00390625
10441,0
10442,-0.00390625
10443,0
10444,-1.71875
10445,-1.70703125
10446,-1.69921875
10447,-1.69140625
10448,-1.6796875
10449,0
10450,0
10451,0
10452,7.99609375
10453,-8
10454,0.00390625
10455,0
10456,0.00390625
10457,0
10458,-0.00390625
10459,0
10460,-1.57421875
10461,-1.5625
10462,-1.5546875
10463,-1.546875
10464,-1.53515625
10465,0
10466,0
10467,0
10468,7.99609375
10469,-8
10470,0.00390625
10471,0
10472,0.00390625
10473,0
10474,-0.00390625
10475,0
10476,-1.4296875
10477,-1.41796875
10478,-1.41015625
10479,-1.40234375
10480,-1.390625
10481,0
10482,0
10483,0
10484,7.99609375
10485,-8
10486,0.00390625
10487,0
10488,0.00390625
10489,0
10490,-0.00390625
10491,0
10492,-1.28515625
10493,-1.2734375
10494,-1.265625
10495,-1.2578125
10496,-1.24609375
10497,0
10498,0
10499,0
10500,7.99609375
10501,-8
10502,0.00390625
10503,0
10504,0.00390625
10505,0
10506,-0.00390625
10507,0
10508,-1.140625
10509,-1.12890625
10510,-1.12109375
10511,-1.11328125
10512,-1.1015625
10513,0
10514,0
10515,0
10516,7.99609375
10517,-8
10518,0.00390625
10519,0
10520,0.00390625
10521,0
10522,-0.00390625
10523,0
10524,-0.99609375
10525,-0.984375
10526,-0.9765625
10527,-0.96875
10528,-0.95703125
10529,0
10530,0
10531,0
10532,7.99609375
10533,-8
10534,0.00390625
10535,0
10536,0.00390625
10537,0
10538,-0.00390625
10539,0
10540,-0.8515625
10541,-0.83984375
10542,-0.83203125
10543,-0.82421875
10544,-0.8125
10545,0
10546,0
10547,0
10548,7.99609375
10549,-8
10550,0.00390625
10551,0
10552,0.00390625
10553,0
10554,-0.00390625
10555,0
10556,-0.70703125
10557,-0.6953125
10558,-0.6875
10559,-0.6796875
10560,-0.66796875
10561,0
10562,0
10563,0
10564,7.99609375
10565,-8
10566,0.00390625
10567,0
10568,0.00390625
10569,0
10570,-0.00390625
10571,0
10572,-0.5625
10573,-0.55078125
10574,-0.54296875
10575,-0.53515625
10576,-0.5234375
10577,0
10578,0
10579,0
10580,7.99609375
10581,-8
10582,0.00390625
10583,0
10584,0.00390625
10585,0
10586,-0.00390625
10587,0
10588,-0.41796875
10589,-0.40625
10590,-0.3984375
10591,-0.390625
10592,-0.37890625
10593,0
10594,0
10595,0
10596,7.99609375
10597,-8
10598,0.00390625
10599,0
10600,0.00390625
10601,0
10602,-0.00390625
10603,0
10604,-0.2734375
10605,-0.26171875
10606,-0.25390625
10607,-0.24609375
10608,-0.234375
10609,0
10610,0
10611,0
10612,7.99609375
10613,-8
10614,0.00390625
10615,0
10616,0.00390625
10617,0
10618,-0.00390625
10619,0
10620,-0.12890625
10621,-0.1171875
10622,-0.109375
10623,-0.1015625
10624,-0.08984375
10625,0
10626,0
10627,0
10628,7.99609375
10629,-8
10630,0.00390625
10631,0
10632,0.00390625
10633,0
10634,-0.00390625
10635,0
10636,0.015625
10637,0.02734375
10638,0.03515625
10639,0.04296875
10640,0.0546875
10641,0
10642,0
10643,0
10644,7.99609375
10645,-8
10646,0.00390625
10647,0
10648,0.00390625
10649,0
10650,-0.00390625
10651,0
10652,0.16015625
10653,0.171875
10654,0.1796875
10655,0.1875
10656,0.19921875
10657,0
10658,0
10659,0
10660,7.99609375
10661,-8
10662,0.00390625
10663,0
10664,0.00390625
10665,0
10666,-0.00390625
10667,0
10668,0.3046875
10669,0.31640625
10670,0.32421875
10671,0.33203125
10672,0.34375
10673,0
10674,0
10675,0
10676,7.99609375
10677,-8
10678,0.00390625
10679,0
10680,0.00390625
10681,0
10682,-0.00390625
10683,0
10684,0.44921875
10685,0.4609375
10686,0.46875
10687,0.4765625
10688,0.48828125
10689,0
10690,0
10691,0
10692,7.99609375
10693,-8
10694,0.00390625
10695,0
10696,0.00390625
10697,0
10698,-0.00390625
10699,0
10700,0.59375
10701,0.60546875
10702,0.61328125
10703,0.62109375
10704,0.6328125
10705,0
10706,0
10707,0
10708,7.99609375
10709,-8
10710,0.00390625
10711,0
10712,0.00390625
10713,0
10714,-0.00390625
10715,0
10716,0.73828125
10717,0.75
10718,0.7578125
10719,0.765625
10720,0.77734375
10721,0
10722,0
10723,0
10724,7.99609375
10725,-8
10726,0.00390625
10727,0
10728,0.00390625
10729,0
10730,-0.00390625
10731,0
10732,0.8828125
10733,0.89453125
10734,0.90234375
10735,0.91015625
10736,0.921875
10737,0
10738,0
10739,0
10740,7.99609375
10741,-8
10742,0.00390625
10743,0
10744,0.00390625
10745,0
10746,-0.00390625
10747,0
10748,1.02734375
10749,1.0390625
10750,1.046875
10751,1.0546875
10752,1.06640625
10753,0
10754,0
10755,0
10756,7.99609375
10757,-8
10758,0.00390625
10759,0
10760,0.00390625
10761,0
10762,-0.00390625
10763,0
10764,1.171875
10765,1.18359375
10766,1.19140625
10767,1.19921875
10768,1.2109375
10769,0
10770,0
10771,0
10772,7.99609375
10773,-8
10774,0.00390625
10775,0
10776,0.00390625
10777,0
10778,-0.00390625
10779,0
10780,1.31640625
10781,1.328125
10782,1.3359375
10783,1.34375
10784,1.35546875
10785,0
10786,0
10787,0
10788,7.99609375
10789,-8
10790,0.00390625
10791,0
10792,0.00390625
10793,0
10794,-0.00390625
10795,0
10796,1.4609375
10797,1.47265625
10798,1.48046875
10799,1.48828125
10800,1.5
10801,0
10802,0
10803,0
10804,7.99609375
10805,-8
10806,0.00390625
10807,0
10808,0.00390625
10809,0
10810,-0.00390625
10811,0
10812,1.60546875
10813,1.6171875
10814,1.625
10815,1.6328125
10816,1.64453125
10817,0
10818,0
10819,0
10820,7.99609375
10821,-8
10822,0.00390625
10823,0
10824,0.00390625
10825,0
10826,-0.00390625
10827,0
10828,1.75
10829,1.76171875
10830,1.76953125
10831,1.77734375
10832,1.7890625
10833,0
10834,0
10835,0
10836,7.99609375
10837,-8
10838,0.00390625
10839,0
10840,0.00390625
10841,0
10842,-0.00390625
10843,0
10844,1.89453125
10845,1.90625
10846,1.9140625
10847,1.921875
10848,1.93359375
10849,0
10850,0
10851,0
10852,7.99609375
10853,-8
10854,0.00390625
10855,0
10856,0.00390625
10857,0
10858,-0.00390625
10859,0
10860,2.0390625
10861,2.05078125
10862,2.05859375
10863,2.06640625
10864,2.078125
10865,0
10866,0
10867,0
10868,7.99609375
10869,-8
10870,0.00390625
10871,0
10872,0.00390625
10873,0
10874,-0.00390625
10875,0
10876,2.18359375
10877,2.1953125
10878,2.203125
10879,2.2109375
10880,2.22265625
10881,0
10882,0
10883,0
10884,7.99609375
10885,-8
10886,0.00390625
10887,0
10888,0.00390625
10889,0
10890,-0.00390625
10891,0
10892,2.328125
10893,2.33984375
10894,2.34765625
10895,2.35546875
10896,2.3671875
10897,0
10898,0
10899,0
10900,7.99609375
10901,-8
10902,0.00390625
10903,0
10904,0.00390625
10905,0
10906,-0.00390625
10907,0
10908,2.47265625
10909,2.484375
10910,2.4921875
10911,2.5
10912,2.51171875
10913,0
10914,0
10915,0
10916,7.99609375
10917,-8
10918,0.00390625
10919,0
10920,0.00390625
10921,0
10922,-0.00390625
10923,0
10924,2.6171875
10925,2.62890625
10926,2.63671875
10927,2.64453125
10928,2.65625
10929,0
10930,0
10931,0
10932,7.99609375
10933,-8
10934,0.00390625
10935,0
10936,0.00390625
10937,0
10938,-0.00390625
10939,0
10940,2.76171875
10941,2.7734375
10942,2.78125
10943,2.7890625
10944,2.80078125
10945,0
10946,0
10947,0
10948,7.99609375
10949,-8
10950,0.00390625
10951,0
10952,0.00390625
10953,0
10954,-0.00390625
10955,0
10956,2.90625
10957,2.91796875
10958,2.92578125
10959,2.93359375
10960,2.9453125
10961,0
10962,0
10963,0
10964,7.99609375
10965,-8
10966,0.00390625
10967,0
10968,0.00390625
10969,0
10970,-0.00390625
10971,0
10972,3.05078125
10973,3.0625
10974,3.0703125
10975,3.078125
10976,3.08984375
10977,0
10978,0
10979,0
10980,7.99609375
10981,-8
10982,0.00390625
10983,0
10984,0.00390625
10985,0
10986,-0.00390625
10987,0
10988,3.1953125
10989,3.20703125
10990,3.21484375
10991,3.22265625
10992,3.234375
10993,0
10994,0
10995,0
10996,7.99609375
10997,-8
10998,0.00390625
10999,0
11000,0.00390625
11001,0
11002,-0.00390625
11003,0
11004,3.33984375
11005,3.3515625
11006,3.359375
11007,3.3671875
11008,3.37890625
11009,0
11010,0
11011,0
11012,7.99609375
11013,-8
11014,0.00390625
11015,0
11016,0.00390625
11017,0
11018,-0.00390625
11019,0
11020,3.484375
11021,3.49609375
11022,3.50390625
11023,3.51171875
11024,3.5234375
11025,0
11026,0
11027,0
11028,7.99609375
11029,-8
11030,0.00390625
11031,0
11032,0.00390625
11033,0
11034,-0.00390625
11035,0
11036,3.62890625
11037,3.640625
11038,3.6484375
11039,3.65625
11040,3.66796875
11041,0
11042,0
11043,0
11044,7.99609375
11045,-8
11046,0.00390625
11047,0
11048,0.00390625
11049,0
11050,-0.00390625
11051,0
11052,3.7734375
11053,3.78515625
11054,3.79296875
11055,3.80078125
11056,3.8125
11057,0
11058,0
11059,0
11060,7.99609375
11061,-8
11062,0.00390625
11063,0
11064,0.00390625
11065,0
11066,-0.00390625
11067,0
11068,3.91796875
11069,3.9296875
11070,3.9375
11071,3.9453125
11072,3.95703125
11073,0
11074,0
11075,0
11076,7.99609375
11077,-8
11078,0.00390625
11079,0
11080,0.00390625
11081,0
11082,-0.00390625
11083,0
11084,4.0625
11085,4.07421875
11086,4.08203125
11087,4.08984375
11088,4.1015625
11089,0
11090,0
11091,0
11092,7.99609375
11093,-8
11094,0.00390625
11095,0
11096,0.00390625
11097,0
11098,-0.00390625
11099,0
11100,4.20703125
11101,4.21875
11102,4.2265625
11103,4.234375
11104,4.24609375
11105,0
11106,0
11107,0
11108,7.99609375
11109,-8
11110,0.00390625
11111,0
11112,0.00390625
11113,0
11114,-0.00390625
11115,0
11116,4.3515625
11117,4.36328125
11118,4.37109375
11119,4.37890625
11120,4.390625
11121,0
11122,0
11123,0
11124,7.99609375
11125,-8
11126,0.00390625
11127,0
11128,0.00390625
11129,0
11130,-0.00390625
11131,0
11132,4.49609375
11133,4.5078125
11134,4.515625
11135,4.5234375
11136,4.53515625
11137,0
11138,0
11139,0
11140,7.99609375
11141,-8
11142,0.00390625
11143,0
11144,0.00390625
11145,0
11146,-0.00390625
11147,0
11148,4.640625
11149,4.65234375
11150,4.66015625
11151,4.66796875
11152,4.6796875
11153,0
11154,0
11155,0
11156,7.99609375
11157,-8
11158,0.00390625
11159,0
11160,0.00390625
11161,0
11162,-0.00390625
11163,0
11164,4.78515625
11165,4.796875
11166,4.8046875
11167,4.8125
11168,4.82421875
11169,0
11170,0
11171,0
11172,7.99609375
11173,-8
11174,0.00390625
11175,0
11176,0.00390625
11177,0
11178,-0.00390625
11179,0
11180,4.9296875
11181,4.94140625
11182,4.94921875
11183,4.95703125
11184,4.96875
11185,0
11186,0
11187,0
11188,7.99609375
11189,-8
11190,0.00390625
11191,0
11192,0.00390625
11193,0
11194,-0.00390625
11195,0
11196,5.07421875
11197,5.0859375
11198,5.09375
11199,5.1015625
11200,5.11328125
11201,0
11202,0
11203,0
11204,7.99609375
11205,-8
11206,0.00390625
11207,0
11208,0.00390625
11209,0
11210,-0.00390625
11211,0
11212,5.21875
11213,5.23046875
11214,5.23828125
11215,5.24609375
11216,5.2578125
11217,0
11218,0
11219,0
11220,7.99609375
11221,-8
11222,0.00390625
11223,0
11224,0.00390625
11225,0
11226,-0.00390625
11227,0
11228,5.36328125
11229,5.375
11230,5.3828125
11231,5.390625
11232,5.40234375
11233,0
11234,0
11235,0
11236,7.99609375
11237,-8
11238,0.00390625
11239,0
11240,0.00390625
11241,0
11242,-0.00390625
11243,0
11244,5.5078125
11245,5.51953125
11246,5.52734375
11247,5.53515625
11248,5.546875
11249,0
11250,0
11251,0
11252,7.99609375
11253,-8
11254,0.00390625
11255,0
11256,0.00390625
11257,0
11258,-0.00390625
11259,0
11260,5.65234375
11261,5.6640625
11262,5.671875
11263,5.6796875
11264,5.69140625
11265,0
11266,0
11267,0
11268,7.99609375
11269,-8
11270,0.00390625
11271,0
11272,0.00390625
11273,0
11274,-0.00390625
11275,0
11276,5.796875
11277,5.80859375
11278,5.81640625
11279,5.82421875
11280,5.8359375
11281,0
11282,0
11283,0
11284,7.99609375
11285,-8
11286,0.00390625
11287,0
11288,0.00390625
11289,0
11290,-0.00390625
11291,0
11292,5.94140625
11293,5.953125
11294,5.9609375
11295,5.96875
11296,5.98046875
11297,0
11298,0
11299,0
11300,7.99609375
11301,-8
11302,0.00390625
11303,0
11304,0.00390625
11305,0
11306,-0.00390625
11307,0
11308,6.0859375
11309,6.09765625
11310,6.10546875
11311,6.11328125
11312,6.125
11313,0
11314,0
11315,0
11316,7.99609375
11317,-8
11318,0.00390625
11319,0
11320,0.00390625
11321,0
11322,-0.00390625
11323,0
11324,6.23046875
11325,6.2421875
11326,6.25
11327,6.2578125
11328,6.26953125
11329,0
11330,0
11331,0
11332,7.99609375
11333,-8
11334,0.00390625
11335,0
11336,0.00390625
11337,0
11338,-0.00390625
11339,0
11340,6.375
11341,6.38671875
11342,6.39453125
11343,6.40234375
11344,6.4140625
11345,0
11346,0
11347,0
11348,7.99609375
11349,-8
11350,0.00390625
11351,0
11352,0.00390625
11353,0
11354,-0.00390625
11355,0
11356,6.51953125
11357,6.53125
11358,6.5390625
11359,6.546875
11360,6.55859375
11361,0
11362,0
11363,0
11364,7.99609375
11365,-8
11366,0.00390625
11367,0
11368,0.00390625
11369,0
11370,-0.00390625
11371,0
11372,6.6640625
11373,6.67578125
11374,6.68359375
11375,6.69140625
11376,6.703125
11377,0
11378,0
11379,0
11380,7.99609375
11381,-8
11382,0.00390625
11383,0
11384,0.00390625
11385,0
11386,-0.00390625
11387,0
11388,6.80859375
11389,6.8203125
11390,6.828125
11391,6.8359375
11392,6.84765625
11393,0
11394,0
11395,0
11396,7.99609375
11397,-8
11398,0.00390625
11399,0
11400,0.00390625
11401,0
11402,-0.00390625
11403,0
11404,6.953125
11405,6.96484375
11406,6.97265625
11407,6.98046875
11408,6.9921875
11409,0
11410,0
11411,0
11412,7.99609375
11413,-8
11414,0.00390625
11415,0
11416,0.00390625
11417,0
11418,-0.00390625
11419,0
11420,7.09765625
11421,7.109375
11422,7.1171875
11423,7.125
11424,7.13671875
11425,0
11426,0
11427,0
11428,7.99609375
11429,-8
11430,0.00390625
11431,0
11432,0.00390625
11433,0
11434,-0.00390625
11435,0
11436,7.2421875
11437,7.25390625
11438,7.26171875
11439,7.26953125
11440,7.28125
11441,0
11442,0
11443,0
11444,7.99609375
11445,-8
11446,0.00390625
11447,0
11448,0.00390625
11449,0
11450,-0.00390625
11451,0
11452,7.38671875
11453,7.3984375
11454,7.40625
11455,7.4140625
11456,7.42578125
11457,0
11458,0
11459,0
11460,7.99609375
11461,-8
11462,0.00390625
11463,0
11464,0.00390625
11465,0
11466,-0.00390625
11467,0
11468,7.53125
11469,7.54296875
11470,7.55078125
11471,7.55859375
11472,7.5703125
11473,0
11474,0
11475,0
11476,7.99609375
11477,-8
11478,0.00390625
11479,0
11480,0.00390625
11481,0
11482,-0.00390625
11483,0
11484,7.67578125
11485,7.6875
11486,7.6953125
11487,7.703125
11488,7.71484375
11489,0
11490,0
11491,0
11492,7.99609375
11493,-8
11494,0.00390625
11495,0
11496,0.00390625
11497,0
11498,-0.00390625
11499,0
11500,7.8203125
11501,7.83203125
11502,7.83984375
11503,7.84765625
11504,7.859375
11505,0
11506,0
11507,0
11508,7.99609375
11509,-8
11510,0.00390625
11511,0
11512,0.00390625
11513,0
11514,-0.00390625
11515,0
11516,7.96484375
11517,7.9765625
11518,7.984375
11519,7.9921875
11520,-7.99609375
11521,0
11522,0
11523,0
11524,7.99609375
11525,-8
11526,0.00390625
11527,0
11528,0.00390625
11529,0
11530,-0.00390625
11531,0
11532,-7.890625
11533,-7.87890625
11534,-7.87109375
11535,-7.86328125
11536,-7.8515625
11537,0
11538,0
11539,0
11540,7.99609375
11541,-8
11542,0.00390625
11543,0
11544,0.00390625
11545,0
11546,-0.00390625
11547,0
11548,-7.74609375
11549,-7.734375
11550,-7.7265625
11551,-7.71875
11552,-7.70703125
11553,0
11554,0
11555,0
11556,7.99609375
11557,-8
11558,0.00390625
11559,0
11560,0.00390625
11561,0
11562,-0.00390625
11563,0
11564,-7.6015625
11565,-7.58984375
11566,-7.58203125
11567,-7.57421875
11568,-7.5625
11569,0
11570,0
11571,0
11572,7.99609375
11573,-8
11574,0.00390625
11575,0
11576,0.00390625
11577,0
11578,-0.00390625
11579,0
11580,-7.45703125
11581,-7.4453125
11582,-7.4375
11583,-7.4296875
11584,-7.41796875
11585,0
11586,0
11587,0
11588,7.99609375
11589,-8
11590,0.00390625
11591,0
11592,0.00390625
11593,0
11594,-0.00390625
11595,0
11596,-7.3125
11597,-7.30078125
11598,-7.29296875
11599,-7.28515625
11600,-7.2734375
11601,0
11602,0
11603,0
11604,7.99609375
11605,-8
11606,0.00390625
11607,0
11608,0.00390625
11609,0
11610,-0.00390625
11611,0
11612,-7.16796875
11613,-7.15625
11614,-7.1484375
11615,-7.140625
11616,-7.12890625
11617,0
11618,0
11619,0
11620,7.99609375
11621,-8
11622,0.00390625
11623,0
11624,0.00390625
11625,0
11626,-0.00390625
11627,0
11628,-7.0234375
11629,-7.01171875
11630,-7.00390625
11631,-6.99609375
11632,-6.984375
11633,0
11634,0
11635,0
11636,7.99609375
11637,-8
11638,0.00390625
11639,0
11640,0.00390625
11641,0
11642,-0.00390625
11643,0
11644,-6.87890625
11645,-6.8671875
11646,-6.859375
11647,-6.8515625
11648,-6.83984375
11649,0
11650,0
11651,0
11652,7.99609375
11653,-8
11654,0.00390625
11655,0
11656,0.00390625
11657,0
11658,-0.00390625
11659,0
11660,-6.734375
11661,-6.72265625
11662,-6.71484375
11663,-6.70703125
11664,-6.6953125
11665,0
11666,0
11667,0
11668,7.99609375
11669,-8
11670,0.00390625
11671,0
11672,0.00390625
11673,0
11674,-0.00390625
11675,0
11676,-6.58984375
11677,-6.578125
11678,-6.5703125
11679,-6.5625
11680,-6.55078125
11681,0
11682,0
11683,0
11684,7.99609375
11685,-8
11686,0.00390625
11687,0
11688,0.00390625
11689,0
11690,-0.00390625
11691,0
11692,-6.4453125
11693,-6.43359375
11694,-6.42578125
11695,-6.41796875
11696,-6.40625
11697,0
11698,0
11699,0
11700,7.99609375
11701,-8
11702,0.00390625
11703,0
11704,0.00390625
11705,0
11706,-0.00390625
11707,0
11708,-6.30078125
11709,-6.2890625
11710,-6.28125
11711,-6.2734375
11712,-6.26171875
11713,0
11714,0
11715,0
11716,7.99609375
11717,-8
11718,0.00390625
11719,0
11720,0.00390625
11721,0
11722,-0.00390625
11723,0
11724,-6.15625
11725,-6.14453125
11726,-6.13671875
11727,-6.12890625
11728,-6.1171875
11729,0
11730,0
11731,0
11732,7.99609375
11733,-8
11734,0.00390625
11735,0
11736,0.00390625
11737,0
11738,-0.00390625
11739,0
11740,-6.01171875
11741,-6
11742,-5.9921875
11743,-5.984375
11744,-5.97265625
11745,0
11746,0
11747,0
11748,7.99609375
11749,-8
11750,0.00390625
11751,0
11752,0.00390625
11753,0
11754,-0.00390625
11755,0
11756,-5.8671875
11757,-5.85546875
11758,-5.84765625
11759,-5.83984375
11760,-5.828125
11761,0
11762,0
11763,0
11764,7.99609375
11765,-8
11766,0.00390625
11767,0
11768,0.00390625
11769,0
11770,-0.00390625
11771,0
11772,-5.72265625
11773,-5.7109375
11774,-5.703125
11775,-5.6953125
11776,-5.68359375
11777,0
11778,0
11779,0
11780,7.99609375
11781,-8
11782,0.00390625
11783,0
11784,0.00390625
11785,0
11786,-0.00390625
11787,0
11788,-5.578125
11789,-5.56640625
11790,-5.55859375
11791,-5.55078125
11792,-5.5390625
11793,0
11794,0
11795,0
11796,7.99609375
11797,-8
11798,0.00390625
11799,0
11800,0.00390625
11801,0
11802,-0.00390625
11803,0
11804,-5.43359375
11805,-5.421875
11806,-5.4140625
11807,-5.40625
11808,-5.39453125
11809,0
11810,0
11811,0
11812,7.99609375
11813,-8
11814,0.00390625
11815,0
11816,0.00390625
11817,0
11818,-0.00390625
11819,0
11820,-5.2890625
11821,-5.27734375
11822,-5.26953125
11823,-5.26171875
11824,-5.25
11825,0
11826,0
11827,0
11828,7.99609375
11829,-8
11830,0.00390625
11831,0
11832,0.00390625
11833,0
11834,-0.00390625
11835,0
11836,-5.14453125
11837,-5.1328125
11838,-5.125
11839,-5.1171875
11840,-5.10546875
11841,0
11842,0
11843,0
11844,7.99609375
11845,-8
11846,0.00390625
11847,0
11848,0.00390625
11849,0
11850,-0.00390625
11851,0
11852,-5
11853,-4.98828125
11854,-4.98046875
11855,-4.97265625
11856,-4.9609375
11857,0
11858,0
11859,0
11860,7.99609375
11861,-8
11862,0.00390625
11863,0
11864,0.00390625
11865,0
11866,-0.00390625
11867,0
11868,-4.85546875
11869,-4.84375
11870,-4.8359375
11871,-4.828125
11872,-4.81640625
11873,0
11874,0
11875,0
11876,7.99609375
11877,-8
11878,0.00390625
11879,0
11880,0.00390625
11881,0
11882,-0.00390625
11883,0
11884,-4.7109375
11885,-4.69921875
11886,-4.69140625
11887,-4.68359375
11888,-4.671875
11889,0
11890,0
11891,0
11892,7.99609375
11893,-8
11894,0.00390625
11895,0
11896,0.00390625
11897,0
11898,-0.00390625
11899,0
11900,-4.56640625
11901,-4.5546875
11902,-4.546875
11903,-4.5390625
11904,-4.52734375
11905,0
11906,0
11907,0
11908,7.99609375
11909,-8
11910,0.00390625
11911,0
11912,0.00390625
11913,0
11914,-0.00390625
11915,0
11916,-4.421875
11917,-4.41015625
11918,-4.40234375
11919,-4.39453125
11920,-4.3828125
11921,0
11922,0
11923,0
11924,7.99609375
11925,-8
11926,0.00390625
11927,0
11928,0.00390625
11929,0
11930,-0.00390625
11931,0
11932,-4.27734375
11933,-4.265625
11934,-4.2578125
11935,-4.25
11936,-4.23828125
11937,0
11938,0
11939,0
11940,7.99609375
11941,-8
11942,0.00390625
11943,0
11944,0.00390625
11945,0
11946,-0.00390625
11947,0
11948,-4.1328125
11949,-4.12109375
11950,-4.11328125
11951,-4.10546875
11952,-4.09375
11953,0
11954,0
11955,0
11956,7.99609375
11957,-8
11958,0.00390625
11959,0
11960,0.00390625
11961,0
11962,-0.00390625
11963,0
11964,-3.98828125
11965,-3.9765625
11966,-3.96875
11967,-3.9609375
11968,-3.94921875
11969,0
11970,0
11971,0
11972,7.99609375
11973,-8
11974,0.00390625
11975,0
11976,0.00390625
11977,0
11978,-0.00390625
11979,0
11980,-3.84375
11981,-3.83203125
11982,-3.82421875
11983,-3.81640625
11984,-3.8046875
11985,0
11986,0
11987,0
11988,7.99609375
11989,-8
11990,0.00390625
11991,0
11992,0.00390625
11993,0
11994,-0.00390625
11995,0
11996,-3.69921875
11997,-3.6875
11998,-3.6796875
11999,-3.671875
12000,-3.66015625
12001,0
12002,0
12003,0
12004,7.99609375
12005,-8
12006,0.00390625
12007,0
12008,0.00390625
12009,0
12010,-0.00390625
12011,0
12012,-3.5546875
12013,-3.54296875
12014,-3.53515625
12015,-3.52734375
12016,-3.515625
12017,0
12018,0
12019,0
12020,7.99609375
12021,-8
12022,0.00390625
12023,0
12024,0.00390625
12025,0
12026,-0.00390625
12027,0
12028,-3.41015625
12029,-3.3984375
12030,-3.390625
12031,-3.3828125
12032,-3.37109375
12033,0
12034,0
12035,0
12036,7.99609375
12037,-8
12038,0.00390625
12039,0
12040,0.00390625
12041,0
12042,-0.00390625
12043,0
12044,-3.265625
12045,-3.25390625
12046,-3.24609375
12047,-3.23828125
12048,-3.2265625
12049,0
12050,0
12051,0
12052,7.99609375
12053,-8
12054,0.00390625
12055,0
12056,0.00390625
12057,0
12058,-0.00390625
12059,0
12060,-3.12109375
12061,-3.109375
12062,-3.1015625
12063,-3.09375
12064,-3.08203125
12065,0
12066,0
12067,0
12068,7.99609375
12069,-8
12070,0.00390625
12071,0
12072,0.00390625
12073,0
12074,-0.00390625
12075,0
12076,-2.9765625
12077,-2.96484375
12078,-2.95703125
12079,-2.94921875
12080,-2.9375
12081,0
12082,0
12083,0
12084,7.99609375
12085,-8
12086,0.00390625
12087,0
12088,0.00390625
12089,0
12090,-0.00390625
12091,0
12092,-2.83203125
12093,-2.8203125
12094,-2.8125
12095,-2.8046875
12096,-2.79296875
12097,0
12098,0
12099,0
12100,7.99609375
12101,-8
12102,0.00390625
12103,0
12104,0.00390625
12105,0
12106,-0.00390625
12107,0
12108,-2.6875
12109,-2.67578125
12110,-2.66796875
12111,-2.66015625
12112,-2.6484375
12113,0
12114,0
12115,0
12116,7.99609375
12117,-8
12118,0.00390625
12119,0
12120,0.00390625
12121,0
12122,-0.00390625
12123,0
12124,-2.54296875
12125,-2.53125
12126,-2.5234375
12127,-2.515625
12128,-2.50390625
12129,0
12130,0
12131,0
12132,7.99609375
12133,-8
12134,0.00390625
12135,0
12136,0.00390625
12137,0
12138,-0.00390625
12139,0
12140,-2.3984375
12141,-2.38671875
12142,-2.37890625
12143,-2.37109375
12144,-2.359375
12145,0
12146,0
12147,0
12148,7.99609375
12149,-8
12150,0.00390625
12151,0
12152,0.00390625
12153,0
12154,-0.00390625
12155,0
12156,-2.25390625
12157,-2.2421875
12158,-2.234375
12159,-2.2265625
12160,-2.21484375
12161,0
12162,0
12163,0
12164,7.99609375
12165,-8
12166,0.00390625
12167,0
12168,0.00390625
12169,0
12170,-0.00390625
12171,0
12172,-2.109375
12173,-2.09765625
12174,-2.08984375
12175,-2.08203125
12176,-2.0703125
12177,0
12178,0
12179,0
12180,7.99609375
12181,-8
12182,0.00390625
12183,0
12184,0.00390625
12185,0
12186,-0.00390625
12187,0
12188,-1.96484375
12189,-1.953125
12190,-1.9453125
12191,-1.9375
12192,-1.92578125
12193,0
12194,0
12195,0
12196,7.99609375
12197,-8
12198,0.00390625
12199,0
12200,0.00390625
12201,0
12202,-0.00390625
12203,0
12204,-1.8203125
12205,-1.80859375
12206,-1.80078125
12207,-1.79296875
12208,-1.78125
12209,0
12210,0
12211,0
12212,7.99609375
12213,-8
12214,0.00390625
12215,0
12216,0.00390625
12217,0
12218,-0.00390625
12219,0
12220,-1.67578125
12221,-1.6640625
12222,-1.65625
12223,-1.6484375
12224,-1.63671875
12225,0
12226,0
12227,0
12228,7.99609375
12229,-8
12230,0.00390625
12231,0
12232,0.00390625
12233,0
12234,-0.00390625
12235,0
12236,-1.53125
12237,-1.51953125
12238,-1.51171875
12239,-1.50390625
12240,-1.4921875
12241,0
12242,0
12243,0
12244,7.99609375
12245,-8
12246,0.00390625
12247,0
12248,0.00390625
12249,0
12250,-0.00390625
12251,0
12252,-1.38671875
12253,-1.375
12254,-1.3671875
12255,-1.359375
12256,-1.34765625
12257,0
12258,0
12259,0
12260,7.99609375
12261,-8
12262,0.00390625
12263,0
12264,0.00390625
12265,0
12266,-0.00390625
12267,0
12268,-1.2421875
12269,-1.23046875
12270,-1.22265625
12271,-1.21484375
12272,-1.203125
12273,0
12274,0
12275,0
12276,7.99609375
12277,-8
12278,0.00390625
12279,0
12280,0.00390625
12281,0
12282,-0.00390625
12283,0
12284,-1.09765625
12285,-1.0859375
12286,-1.078125
12287,-1.0703125
12288,-1.05859375
12289,0
12290,0
12291,0
12292,7.99609375
12293,-8
12294,0.00390625
12295,0
12296,0.00390625
12297,0
12298,-0.00390625
12299,0
12300,-0.953125
12301,-0.94140625
12302,-0.93359375
12303,-0.92578125
12304,-0.9140625
12305,0
12306,0
12307,0
12308,7.99609375
12309,-8
12310,0.00390625
12311,0
12312,0.00390625
12313,0
12314,-0.00390625
12315,0
12316,-0.80859375
12317,-0.796875
12318,-0.7890625
12319,-0.78125
12320,-0.76953125
12321,0
12322,0
12323,0
12324,7.99609375
12325,-8
12326,0.00390625
12327,0
12328,0.00390625
12329,0
12330,-0.00390625
12331,0
12332,-0.6640625
12333,-0.65234375
12334,-0.64453125
12335,-0.63671875
12336,-0.625
12337,0
12338,0
12339,0
12340,7.99609375
12341,-8
12342,0.00390625
12343,0
12344,0.00390625
12345,0
12346,-0.00390625
12347,0
12348,-0.51953125
12349,-0.5078125
12350,-0.5
12351,-0.4921875
12352,-0.48046875
12353,0
12354,0
12355,0
12356,7.99609375
12357,-8
12358,0.00390625
12359,0
12360,0.00390625
12361,0
12362,-0.00390625
12363,0
12364,-0.375
12365,-0.36328125
12366,-0.35546875
12367,-0.34765625
12368,-0.3359375
12369,0
12370,0
12371,0
12372,7.99609375
12373,-8
12374,0.00390625
12375,0
12376,0.00390625
12377,0
12378,-0.00390625
12379,0
12380,-0.23046875
12381,-0.21875
12382,-0.2109375
12383,-0.203125
12384,-0.19140625
12385,0
12386,0
12387,0
12388,7.99609375
12389,-8
12390,0.00390625
12391,0
12392,0.00390625
12393,0
12394,-0.00390625
12395,0
12396,-0.0859375
12397,-0.07421875
12398,-0.06640625
12399,-0.05859375
12400,-0.046875
12401,0
12402,0
12403,0
12404,7.99609375
12405,-8
12406,0.00390625
12407,0
12408,0.00390625
12409,0
12410,-0.00390625
12411,0
12412,0.05859375
12413,0.0703125
12414,0.078125
12415,0.0859375
12416,0.09765625
12417,0
12418,0
12419,0
12420,7.99609375
12421,-8
12422,0.00390625
12423,0
12424,0.00390625
12425,0
12426,-0.00390625
12427,0
12428,0.203125
12429,0.21484375
12430,0.22265625
12431,0.23046875
12432,0.2421875
12433,0
12434,0
12435,0
12436,7.99609375
12437,-8
12438,0.00390625
12439,0
12440,0.00390625
12441,0
12442,-0.00390625
12443,0
12444,0.34765625
12445,0.359375
12446,0.3671875
12447,0.375
12448,0.38671875
12449,0
12450,0
12451,0
12452,7.99609375
12453,-8
12454,0.00390625
12455,0
12456,0.00390625
12457,0
12458,-0.00390625
12459,0
12460,0.4921875
12461,0.50390625
12462,0.51171875
12463,0.51953125
12464,0.53125
12465,0
12466,0
12467,0
12468,7.99609375
12469,-8
12470,0.00390625
12471,0
12472,0.00390625
12473,0
12474,-0.00390625
12475,0
12476,0.63671875
12477,0.6484375
12478,0.65625
12479,0.6640625
12480,0.67578125
12481,0
12482,0
12483,0
12484,7.99609375
12485,-8
12486,0.00390625
12487,0
12488,0.00390625
12489,0
12490,-0.00390625
12491,0
12492,0.78125
12493,0.79296875
12494,0.80078125
12495,0.80859375
12496,0.8203125
12497,0
12498,0
12499,0
12500,7.99609375
12501,-8
12502,0.00390625
12503,0
12504,0.00390625
12505,0
12506,-0.00390625
12507,0
12508,0.92578125
12509,0.9375
12510,0.9453125
12511,0.953125
12512,0.96484375
12513,0
12514,0
12515,0
12516,7.99609375
12517,-8
12518,0.00390625
12519,0
12520,0.00390625
12521,0
12522,-0.00390625
12523,0
12524,1.0703125
12525,1.08203125
12526,1.08984375
12527,1.09765625
12528,1.109375
12529,0
12530,0
12531,0
12532,7.99609375
12533,-8
12534,0.00390625
12535,0
12536,0.00390625
12537,0
12538,-0.00390625
12539,0
12540,1.21484375
12541,1.2265625
12542,1.234375
12543,1.2421875
12544,1.25390625
12545,0
12546,0
12547,0
12548,7.99609375
12549,-8
12550,0.00390625
12551,0
12552,0.00390625
12553,0
12554,-0.00390625
12555,0
12556,1.359375
12557,1.37109375
12558,1.37890625
12559,1.38671875
12560,1.3984375
12561,0
12562,0
12563,0
12564,7.99609375
12565,-8
12566,0.00390625
12567,0
12568,0.00390625
12569,0
12570,-0.00390625
12571,0
12572,1.50390625
12573,1.515625
12574,1.5234375
12575,1.53125
12576,1.54296875
12577,0
12578,0
12579,0
12580,7.99609375
12581,-8
12582,0.00390625
12583,0
12584,0.00390625
12585,0
12586,-0.00390625
12587,0
12588,1.6484375
12589,1.66015625
12590,1.66796875
12591,1.67578125
12592,1.6875
12593,0
12594,0
12595,0
12596,7.99609375
12597,-8
12598,0.00390625
12599,0
12600,0.00390625
12601,0
12602,-0.00390625
12603,0
12604,1.79296875
12605,1.8046875
12606,1.8125
12607,1.8203125
12608,1.83203125
12609,0
12610,0
12611,0
12612,7.99609375
12613,-8
12614,0.00390625
12615,0
12616,0.00390625
12617,0
12618,-0.00390625
12619,0
12620,1.9375
12621,1.94921875
12622,1.95703125
12623,1.96484375
12624,1.9765625
12625,0
12626,0
12627,0
12628,7.99609375
12629,-8
12630,0.00390625
12631,0
12632,0.00390625
12633,0
12634,-0.00390625
12635,0
12636,2.08203125
12637,2.09375
12638,2.1015625
12639,2.109375
12640,2.12109375
12641,0
12642,0
12643,0
12644,7.99609375
12645,-8
12646,0.00390625
12647,0
12648,0.00390625
12649,0
12650,-0.00390625
12651,0
12652,2.2265625
12653,2.23828125
12654,2.24609375
12655,2.25390625
12656,2.265625
12657,0
12658,0
12659,0
12660,7.99609375
12661,-8
12662,0.00390625
12663,0
12664,0.00390625
12665,0
12666,-0.00390625
12667,0
12668,2.37109375
12669,2.3828125
12670,2.390625
12671,2.3984375
12672,2.41015625
12673,0
12674,0
12675,0
12676,7.99609375
12677,-8
12678,0.00390625
12679,0
12680,0.00390625
12681,0
12682,-0.00390625
12683,0
12684,2.515625
12685,2.52734375
12686,2.53515625
12687,2.54296875
12688,2.5546875
12689,0
12690,0
12691,0
12692,7.99609375
12693,-8
12694,0.00390625
12695,0
12696,0.00390625
12697,0
12698,-0.00390625
12699,0
12700,2.66015625
12701,2.671875
12702,2.6796875
12703,2.6875
12704,2.69921875
12705,0
12706,0
12707,0
12708,7.99609375
12709,-8
12710,0.00390625
12711,0
12712,0.00390625
12713,0
12714,-0.00390625
12715,0
12716,2.8046875
12717,2.81640625
12718,2.82421875
12719,2.83203125
12720,2.84375
12721,0
12722,0
12723,0
12724,7.99609375
12725,-8
12726,0.00390625
12727,0
12728,0.00390625
12729,0
12730,-0.00390625
12731,0
12732,2.94921875
12733,2.9609375
12734,2.96875
12735,2.9765625
12736,2.98828125
12737,0
12738,0
12739,0
12740,7.99609375
12741,-8
12742,0.00390625
12743,0
12744,0.00390625
12745,0
12746,-0.00390625
12747,0
12748,3.09375
12749,3.10546875
12750,3.11328125
12751,3.12109375
12752,3.1328125
12753,0
12754,0
12755,0
12756,7.99609375
12757,-8
12758,0.00390625
12759,0
12760,0.00390625
12761,0
12762,-0.00390625
12763,0
12764,3.23828125
12765,3.25
12766,3.2578125
12767,3.265625
12768,3.27734375
12769,0
12770,0
12771,0
12772,7.99609375
12773,-8
12774,0.00390625
12775,0
12776,0.00390625
12777,0
12778,-0.00390625
12779,0
12780,3.3828125
12781,3.39453125
12782,3.40234375
12783,3.41015625
12784,3.421875
12785,0
12786,0
12787,0
12788,7.99609375
12789,-8
12790,0.00390625
12791,0
12792,0.00390625
12793,0
12794,-0.00390625
12795,0
12796,3.52734375
12797,3.5390625
12798,3.546875
12799,3.5546875
12800,3.56640625
12801,0
12802,0
12803,0
12804,7.99609375
12805,-8
12806,0.00390625
12807,0
12808,0.00390625
12809,0
12810,-0.00390625
12811,0
12812,3.671875
12813,3.68359375
12814,3.69140625
12815,3.69921875
12816,3.7109375
12817,0
12818,0
12819,0
12820,7.99609375
12821,-8
12822,0.00390625
12823,0
12824,0.00390625
12825,0
12826,-0.00390625
12827,0
12828,3.81640625
12829,3.828125
12830,3.8359375
12831,3.84375
12832,3.85546875
12833,0
12834,0
12835,0
12836,7.99609375
12837,-8
12838,0.00390625
12839,0
12840,0.00390625
12841,0
12842,-0.00390625
12843,0
12844,3.9609375
12845,3.97265625
12846,3.98046875
12847,3.98828125
12848,4
12849,0
12850,0
12851,0
12852,7.99609375
12853,-8
12854,0.00390625
12855,0
12856,0.00390625
12857,0
12858,-0.00390625
12859,0
12860,4.10546875
12861,4.1171875
12862,4.125
12863,4.1328125
12864,4.14453125
12865,0
12866,0
12867,0
12868,7.99609375
12869,-8
12870,0.00390625
12871,0
12872,0.00390625
12873,0
12874,-0.00390625
12875,0
12876,4.25
12877,4.26171875
12878,4.26953125
12879,4.27734375
12880,4.2890625
12881,0
12882,0
12883,0
12884,7.99609375
12885,-8
12886,0.00390625
12887,0
12888,0.00390625
12889,0
12890,-0.00390625
12891,0
12892,4.39453125
12893,4.40625
12894,4.4140625
12895,4.421875
12896,4.43359375
12897,0
12898,0
12899,0
12900,7.99609375
12901,-8
12902,0.00390625
12903,0
12904,0.00390625
12905,0
12906,-0.00390625
12907,0
12908,4.5390625
12909,4.55078125
12910,4.55859375
12911,4.56640625
12912,4.578125
12913,0
12914,0
12915,0
12916,7.99609375
12917,-8
12918,0.00390625
12919,0
12920,0.00390625
12921,0
12922,-0.00390625
12923,0
12924,4.68359375
12925,4.6953125
12926,4.703125
12927,4.7109375
12928,4.72265625
12929,0
12930,0
12931,0
12932,7.99609375
12933,-8
12934,0.00390625
12935,0
12936,0.00390625
12937,0
12938,-0.00390625
12939,0
12940,4.828125
12941,4.83984375
12942,4.84765625
12943,4.85546875
12944,4.8671875
12945,0
12946,0
12947,0
12948,7.99609375
12949,-8
12950,0.00390625
12951,0
12952,0.00390625
12953,0
12954,-0.00390625
12955,0
12956,4.97265625
12957,4.984375
12958,4.9921875
12959,5
12960,5.01171875
12961,0
12962,0
12963,0
12964,7.99609375
12965,-8
12966,0.00390625
12967,0
12968,0.00390625
12969,0
12970,-0.00390625
12971,0
12972,5.1171875
12973,5.12890625
12974,5.13671875
12975,5.14453125
12976,5.15625
12977,0
12978,0
12979,0
12980,7.99609375
12981,-8
12982,0.00390625
12983,0
12984,0.00390625
12985,0
12986,-0.00390625
12987,0
12988,5.26171875
12989,5.2734375
12990,5.28125
12991,5.2890625
12992,5.30078125
12993,0
12994,0
12995,0
12996,7.99609375
12997,-8
12998,0.00390625
12999,0
13000,0.00390625
13001,0
13002,-0.00390625
13003,0
13004,5.40625
13005,5.41796875
13006,5.42578125
13007,5.43359375
13008,5.4453125
13009,0
13010,0
13011,0
13012,7.99609375
13013,-8
13014,0.00390625
13015,0
13016,0.00390625
13017,0
13018,-0.00390625
13019,0
13020,5.55078125
13021,5.5625
13022,5.5703125
13023,5.578125
13024,5.58984375
13025,0
13026,0
13027,0
13028,7.99609375
13029,-8
13030,0.00390625
13031,0
13032,0.00390625
13033,0
13034,-0.00390625
13035,0
13036,5.6953125
13037,5.70703125
13038,5.71484375
13039,5.72265625
13040,5.734375
13041,0
13042,0
13043,0
13044,7.99609375
13045,-8
13046,0.00390625
13047,0
13048,0.00390625
13049,0
13050,-0.00390625
13051,0
13052,5.83984375
13053,5.8515625
13054,5.859375
13055,5.8671875
13056,5.87890625
13057,0
13058,0
13059,0
13060,7.99609375
13061,-8
13062,0.00390625
13063,0
13064,0.00390625
13065,0
13066,-0.00390625
13067,0
13068,5.984375
13069,5.99609375
13070,6.00390625
13071,6.01171875
13072,6.0234375
13073,0
13074,0
13075,0
13076,7.99609375
13077,-8
13078,0.00390625
13079,0
13080,0.00390625
13081,0
13082,-0.00390625
13083,0
13084,6.12890625
13085,6.140625
13086,6.1484375
13087,6.15625
13088,6.16796875
13089,0
13090,0
13091,0
13092,7.99609375
13093,-8
13094,0.00390625
13095,0
13096,0.00390625
13097,0
13098,-0.00390625
13099,0
13100,6.2734375
13101,6.28515625
13102,6.29296875
13103,6.30078125
13104,6.3125
13105,0
13106,0
13107,0
13108,7.99609375
13109,-8
13110,0.00390625
13111,0
13112,0.00390625
13113,0
13114,-0.00390625
13115,0
13116,6.41796875
13117,6.4296875
13118,6.4375
13119,6.4453125
13120,6.45703125
13121,0
13122,0
13123,0
13124,7.99609375
13125,-8
13126,0.00390625
13127,0
13128,0.00390625
13129,0
13130,-0.00390625
13131,0
13132,6.5625
13133,6.57421875
13134,6.58203125
13135,6.58984375
13136,6.6015625
13137,0
13138,0
13139,0
13140,7.99609375
13141,-8
13142,0.00390625
13143,0
13144,0.00390625
13145,0
13146,-0.00390625
13147,0
13148,6.70703125
13149,6.71875
13150,6.7265625
13151,6.734375
13152,6.74609375
13153,0
13154,0
13155,0
13156,7.99609375
13157,-8
13158,0.00390625
13159,0
13160,0.00390625
13161,0
13162,-0.00390625
13163,0
13164,6.8515625
13165,6.86328125
13166,6.87109375
13167,6.87890625
13168,6.890625
13169,0
13170,0
13171,0
13172,7.99609375
13173,-8
13174,0.00390625
13175,0
13176,0.00390625
13177,0
13178,-0.00390625
13179,0
13180,6.99609375
13181,7.0078125
13182,7.015625
13183,7.0234375
13184,7.03515625
13185,0
13186,0
13187,0
13188,7.99609375
13189,-8
13190,0.00390625
13191,0
13192,0.00390625
13193,0
13194,-0.00390625
13195,0
13196,7.140625
13197,7.15234375
13198,7.16015625
13199,7.16796875
13200,7.1796875
13201,0
13202,0
13203,0
13204,7.99609375
13205,-8
13206,0.00390625
13207,0
13208,0.00390625
13209,0
13210,-0.00390625
13211,0
13212,7.28515625
13213,7.296875
13214,7.3046875
13215,7.3125
13216,7.32421875
13217,0
13218,0
13219,0
13220,7.99609375
13221,-8
13222,0.00390625
13223,0
13224,0.00390625
13225,0
13226,-0.00390625
13227,0
13228,7.4296875
13229,7.44140625
13230,7.44921875
13231,7.45703125
13232,7.46875
13233,0
13234,0
13235,0
13236,7.99609375
13237,-8
13238,0.00390625
13239,0
13240,0.00390625
13241,0
13242,-0.00390625
13243,0
13244,7.57421875
13245,7.5859375
13246,7.59375
13247,7.6015625
13248,7.61328125
13249,0
13250,0
13251,0
13252,7.99609375
13253,-8
13254,0.00390625
13255,0
13256,0.00390625
13257,0
13258,-0.00390625
13259,0
13260,7.71875
13261,7.73046875
13262,7.73828125
13263,7.74609375
13264,7.7578125
13265,0
13266,0
13267,0
13268,7.99609375
13269,-8
13270,0.00390625
13271,0
13272,0.00390625
13273,0
13274,-0.00390625
13275,0
13276,7.86328125
13277,7.875
13278,7.8828125
13279,7.890625
13280,7.90234375
13281,0
13282,0
13283,0
13284,7.99609375
13285,-8
13286,0.00390625
13287,0
13288,0.00390625
13289,0
13290,-0.00390625
13291,0
13292,-7.9921875
13293,-7.98046875
13294,-7.97265625
13295,-7.96484375
13296,-7.953125
13297,0
13298,0
13299,0
13300,7.99609375
13301,-8
13302,0.00390625
13303,0
13304,0.00390625
13305,0
13306,-0.00390625
13307,0
13308,-7.84765625
13309,-7.8359375
13310,-7.828125
13311,-7.8203125
13312,-7.80859375
13313,0
13314,0
13315,0
13316,7.99609375
13317,-8
13318,0.00390625
13319,0
13320,0.00390625
13321,0
13322,-0.00390625
13323,0
13324,-7.703125
13325,-7.69140625
13326,-7.68359375
13327,-7.67578125
13328,-7.6640625
13329,0
13330,0
13331,0
13332,7.99609375
13333,-8
13334,0.00390625
13335,0
13336,0.00390625
13337,0
13338,-0.00390625
13339,0
13340,-7.55859375
13341,-7.546875
13342,-7.5390625
13343,-7.53125
13344,-7.51953125
13345,0
13346,0
13347,0
13348,7.99609375
13349,-8
13350,0.00390625
13351,0
13352,0.00390625
13353,0
13354,-0.00390625
13355,0
13356,-7.4140625
13357,-7.40234375
13358,-7.39453125
13359,-7.38671875
13360,-7.375
13361,0
13362,0
13363,0
13364,7.99609375
13365,-8
13366,0.00390625
13367,0
13368,0.00390625
13369,0
13370,-0.00390625
13371,0
13372,-7.26953125
13373,-7.2578125
13374,-7.25
13375,-7.2421875
13376,-7.23046875
13377,0
13378,0
13379,0
13380,7.99609375
13381,-8
13382,0.00390625
13383,0
13384,0.00390625
13385,0
13386,-0.00390625
13387,0
13388,-7.125
13389,-7.11328125
13390,-7.10546875
13391,-7.09765625
13392,-7.0859375
13393,0
13394,0
13395,0
13396,7.99609375
13397,-8
13398,0.00390625
13399,0
13400,0.00390625
13401,0
13402,-0.00390625
13403,0
13404,-6.98046875
13405,-6.96875
13406,-6.9609375
13407,-6.953125
13408,-6.94140625
13409,0
13410,0
13411,0
13412,7.99609375
13413,-8
13414,0.00390625
13415,0
13416,0.00390625
13417,0
13418,-0.00390625
13419,0
13420,-6.8359375
13421,-6.82421875
13422,-6.81640625
13423,-6.80859375
13424,-6.796875
13425,0
13426,0
13427,0
13428,7.99609375
13429,-8
13430,0.00390625
13431,0
13432,0.00390625
13433,0
13434,-0.00390625
13435,0
13436,-6.69140625
13437,-6.6796875
13438,-6.671875
13439,-6.6640625
13440,-6.65234375
13441,0
13442,0
13443,0
13444,7.99609375
13445,-8
13446,0.00390625
13447,0
13448,0.00390625
13449,0
13450,-0.00390625
13451,0
13452,-6.546875
13453,-6.53515625
13454,-6.52734375
13455,-6.51953125
13456,-6.5078125
13457,0
13458,0
13459,0
13460,7.99609375
13461,-8
13462,0.00390625
13463,0
13464,0.00390625
13465,0
13466,-0.00390625
13467,0
13468,-6.40234375
13469,-6.390625
13470,-6.3828125
13471,-6.375
13472,-6.36328125
13473,0
13474,0
13475,0
13476,7.99609375
13477,-8
13478,0.00390625
13479,0
13480,0.00390625
13481,0
13482,-0.00390625
13483,0
13484,-6.2578125
13485,-6.24609375
13486,-6.23828125
13487,-6.23046875
13488,-6.21875
13489,0
13490,0
13491,0
13492,7.99609375
13493,-8
13494,0.00390625
13495,0
13496,0.00390625
13497,0
13498,-0.00390625
13499,0
13500,-6.11328125
13501,-6.1015625
13502,-6.09375
13503,-6.0859375
13504,-6.07421875
13505,0
13506,0
13507,0
13508,7.99609375
13509,-8
13510,0.00390625
13511,0
13512,0.00390625
13513,0
13514,-0.00390625
13515,0
13516,-5.96875
13517,-5.95703125
13518,-5.94921875
13519,-5.94140625
13520,-5.9296875
13521,0
13522,0
13523,0
13524,7.99609375
13525,-8
13526,0.00390625
13527,0
13528,0.00390625
13529,0
13530,-0.00390625
13531,0
13532,-5.82421875
13533,-5.8125
13534,-5.8046875
13535,-5.796875
13536,-5.78515625
13537,0
13538,0
13539,0
13540,7.99609375
13541,-8
13542,0.00390625
13543,0
13544,0.00390625
13545,0
13546,-0.00390625
13547,0
13548,-5.6796875
13549,-5.66796875
13550,-5.66015625
13551,-5.65234375
13552,-5.640625
13553,0
13554,0
13555,0
13556,7.99609375
13557,-8
13558,0.00390625
13559,0
13560,0.00390625
13561,0
13562,-0.00390625
13563,0
13564,-5.53515625
13565,-5.5234375
13566,-5.515625
13567,-5.5078125
13568,-5.49609375
13569,0
13570,0
13571,0
13572,7.99609375
13573,-8
13574,0.00390625
13575,0
13576,0.00390625
13577,0
13578,-0.00390625
13579,0
13580,-5.390625
13581,-5.37890625
13582,-5.37109375
13583,-5.36328125
13584,-5.3515625
13585,0
13586,0
13587,0
13588,7.99609375
13589,-8
13590,0.00390625
13591,0
13592,0.00390625
13593,0
13594,-0.00390625
13595,0
13596,-5.24609375
13597,-5.234375
13598,-5.2265625
13599,-5.21875
13600,-5.20703125
13601,0
13602,0
13603,0
13604,7.99609375
13605,-8
13606,0.00390625
13607,0
13608,0.00390625
13609,0
13610,-0.00390625
13611,0
13612,-5.1015625
13613,-5.08984375
13614,-5.08203125
13615,-5.07421875
13616,-5.0625
13617,0
13618,0
13619,0
13620,7.99609375
13621,-8
13622,0.00390625
13623,0
13624,0.00390625
13625,0
13626,-0.00390625
13627,0
13628,-4.95703125
13629,-4.9453125
13630,-4.9375
13631,-4.9296875
13632,-4.91796875
13633,0
13634,0
13635,0
13636,7.99609375
13637,-8
13638,0.00390625
13639,0
13640,0.00390625
13641,0
13642,-0.00390625
13643,0
13644,-4.8125
13645,-4.80078125
13646,-4.79296875
13647,-4.78515625
13648,-4.7734375
13649,0
13650,0
13651,0
13652,7.99609375
13653,-8
13654,0.00390625
13655,0
13656,0.00390625
13657,0
13658,-0.00390625
13659,0
13660,-4.66796875
13661,-4.65625
13662,-4.6484375
13663,-4.640625
13664,-4.62890625
13665,0
13666,0
13667,0
13668,7.99609375
13669,-8
13670,0.00390625
13671,0
13672,0.00390625
13673,0
13674,-0.00390625
13675,0
13676,-4.5234375
13677,-4.51171875
13678,-4.50390625
13679,-4.49609375
13680,-4.484375
13681,0
13682,0
13683,0
13684,7.99609375
13685,-8
13686,0.00390625
13687,0
13688,0.00390625
13689,0
13690,-0.00390625
13691,0
13692,-4.37890625
13693,-4.3671875
13694,-4.359375
13695,-4.3515625
13696,-4.33984375
13697,0
13698,0
13699,0
13700,7.99609375
13701,-8
13702,0.00390625
13703,0
13704,0.00390625
13705,0
13706,-0.00390625
13707,0
13708,-4.234375
13709,-4.22265625
13710,-4.21484375
13711,-4.20703125
13712,-4.1953125
13713,0
13714,0
13715,0
13716,7.99609375
13717,-8
13718,0.00390625
13719,0
13720,0.00390625
13721,0
13722,-0.00390625
13723,0
13724,-4.08984375
13725,-4.078125
13726,-4.0703125
13727,-4.0625
13728,-4.05078125
13729,0
13730,0
13731,0
13732,7.99609375
13733,-8
13734,0.00390625
13735,0
13736,0.00390625
13737,0
13738,-0.00390625
13739,0
13740,-3.9453125
13741,-3.93359375
13742,-3.92578125
13743,-3.91796875
13744,-3.90625
13745,0
13746,0
13747,0
13748,7.99609375
13749,-8
13750,0.00390625
13751,0
13752,0.00390625
13753,0
13754,-0.00390625
13755,0
13756,-3.80078125
13757,-3.7890625
13758,-3.78125
13759,-3.7734375
13760,-3.76171875
13761,0
13762,0
13763,0
13764,7.99609375
13765,-8
13766,0.00390625
13767,0
13768,0.00390625
13769,0
13770,-0.00390625
13771,0
13772,-3.65625
13773,-3.64453125
13774,-3.63671875
13775,-3.62890625
13776,-3.6171875
13777,0
13778,0
13779,0
13780,7.99609375
13781,-8
13782,0.00390625
13783,0
13784,0.00390625
13785,0
13786,-0.00390625
13787,0
13788,-3.51171875
13789,-3.5
13790,-3.4921875
13791,-3.484375
13792,-3.47265625
13793,0
13794,0
13795,0
13796,7.99609375
13797,-8
13798,0.00390625
13799,0
13800,0.00390625
13801,0
13802,-0.00390625
13803,0
13804,-3.3671875
13805,-3.35546875
13806,-3.34765625
13807,-3.33984375
13808,-3.328125
13809,0
13810,0
13811,0
13812,7.99609375
13813,-8
13814,0.00390625
13815,0
13816,0.00390625
13817,0
13818,-0.00390625
13819,0
13820,-3.22265625
13821,-3.2109375
13822,-3.203125
13823,-3.1953125
13824,-3.18359375
13825,0
13826,0
13827,0
13828,7.99609375
13829,-8
13830,0.00390625
13831,0
13832,0.00390625
13833,0
13834,-0.00390625
13835,0
13836,-3.078125
13837,-3.06640625
13838,-3.05859375
13839,-3.05078125
13840,-3.0390625
13841,0
13842,0
13843,0
13844,7.99609375
13845,-8
13846,0.00390625
13847,0
13848,0.00390625
13849,0
13850,-0.00390625
13851,0
13852,-2.93359375
13853,-2.921875
13854,-2.9140625
13855,-2.90625
13856,-2.89453125
13857,0
13858,0
13859,0
13860,7.99609375
13861,-8
13862,0.00390625
13863,0
13864,0.00390625
13865,0
13866,-0.00390625
13867,0
13868,-2.7890625
13869,-2.77734375
13870,-2.76953125
13871,-2.76171875
13872,-2.75
13873,0
13874,0
13875,0
13876,7.99609375
13877,-8
13878,0.00390625
13879,0
13880,0.00390625
13881,0
13882,-0.00390625
13883,0
13884,-2.64453125
13885,-2.6328125
13886,-2.625
13887,-2.6171875
13888,-2.60546875
13889,0
13890,0
13891,0
13892,7.99609375
13893,-8
13894,0.00390625
13895,0
13896,0.00390625
13897,0
13898,-0.00390625
13899,0
13900,-2.5
13901,-2.48828125
13902,-2.48046875
13903,-2.47265625
13904,-2.4609375
13905,0
13906,0
13907,0
13908,7.99609375
13909,-8
13910,0.00390625
13911,0
13912,0.00390625
13913,0
13914,-0.00390625
13915,0
13916,-2.35546875
13917,-2.34375
13918,-2.3359375
13919,-2.328125
13920,-2.31640625
13921,0
13922,0
13923,0
13924,7.99609375
13925,-8
13926,0.00390625
13927,0
13928,0.00390625
13929,0
13930,-0.00390625
13931,0
13932,-2.2109375
13933,-2.19921875
13934,-2.19140625
13935,-2.18359375
13936,-2.171875
13937,0
13938,0
13939,0
13940,7.99609375
13941,-8
13942,0.00390625
13943,0
13944,0.00390625
13945,0
13946,-0.00390625
13947,0
13948,-2.06640625
13949,-2.0546875
13950,-2.046875
13951,-2.0390625
13952,-2.02734375
13953,0
13954,0
13955,0
13956,7.99609375
13957,-8
13958,0.00390625
13959,0
13960,0.00390625
13961,0
13962,-0.00390625
13963,0
13964,-1.921875
13965,-1.91015625
13966,-1.90234375
13967,-1.89453125
13968,-1.8828125
13969,0
13970,0
13971,0
13972,7.99609375
13973,-8
13974,0.00390625
13975,0
13976,0.00390625
13977,0
13978,-0.00390625
13979,0
13980,-1.77734375
13981,-1.765625
13982,-1.7578125
13983,-1.75
13984,-1.73828125
13985,0
13986,0
13987,0
13988,7.99609375
13989,-8
13990,0.00390625
13991,0
13992,0.00390625
13993,0
13994,-0.00390625
13995,0
13996,-1.6328125
13997,-1.62109375
13998,-1.61328125
13999,-1.60546875
14000,-1.59375
14001,0
14002,0
14003,0
14004,7.99609375
14005,-8
14006,0.00390625
14007,0
14008,0.00390625
14009,0
14010,-0.00390625
14011,0
14012,-1.48828125
14013,-1.4765625
14014,-1.46875
14015,-1.4609375
14016,-1.44921875
14017,0
14018,0
14019,0
14020,7.99609375
14021,-8
14022,0.00390625
14023,0
14024,0.00390625
14025,0
14026,-0.00390625
14027,0
14028,-1.34375
14029,-1.33203125
14030,-1.32421875
14031,-1.31640625
14032,-1.3046875
14033,0
14034,0
14035,0
14036,7.99609375
14037,-8
14038,0.00390625
14039,0
14040,0.00390625
14041,0
14042,-0.00390625
14043,0
14044,-1.19921875
14045,-1.1875
14046,-1.1796875
14047,-1.171875
14048,-1.16015625
14049,0
14050,0
14051,0
14052,7.99609375
14053,-8
14054,0.00390625
14055,0
14056,0.00390625
14057,0
14058,-0.00390625
14059,0
14060,-1.0546875
14061,-1.04296875
14062,-1.03515625
14063,-1.02734375
14064,-1.015625
14065,0
14066,0
14067,0
14068,7.99609375
14069,-8
14070,0.00390625
14071,0
14072,0.00390625
14073,0
14074,-0.00390625
14075,0
14076,-0.91015625
14077,-0.8984375
14078,-0.890625
14079,-0.8828125
14080,-0.87109375
14081,0
14082,0
14083,0
14084,7.99609375
14085,-8
14086,0.00390625
14087,0
14088,0.00390625
14089,0
14090,-0.00390625
14091,0
14092,-0.765625
14093,-0.75390625
14094,-0.74609375
14095,-0.73828125
14096,-0.7265625
14097,0
14098,0
14099,0
14100,7.99609375
14101,-8
14102,0.00390625
14103,0
14104,0.00390625
14105,0
14106,-0.00390625
14107,0
14108,-0.62109375
14109,-0.609375
14110,-0.6015625
14111,-0.59375
14112,-0.58203125
14113,0
14114,0
14115,0
14116,7.99609375
14117,-8
14118,0.00390625
14119,0
14120,0.00390625
14121,0
14122,-0.00390625
14123,0
14124,-0.4765625
14125,-0.46484375
14126,-0.45703125
14127,-0.44921875
14128,-0.4375
14129,0
14130,0
14131,0
14132,7.99609375
14133,-8
14134,0.00390625
14135,0
14136,0.00390625
14137,0
14138,-0.00390625
14139,0
14140,-0.33203125
14141,-0.3203125
14142,-0.3125
14143,-0.3046875
14144,-0.29296875
14145,0
14146,0
14147,0
14148,7.99609375
14149,-8
14150,0.00390625
14151,0
14152,0.00390625
14153,0
14154,-0.00390625
14155,0
14156,-0.1875
14157,-0.17578125
14158,-0.16796875
14159,-0.16015625
14160,-0.1484375
14161,0
14162,0
14163,0
14164,7.99609375
14165,-8
14166,0.00390625
14167,0
14168,0.00390625
14169,0
14170,-0.00390625
14171,0
14172,-0.04296875
14173,-0.03125
14174,-0.0234375
14175,-0.015625
14176,-0.00390625
14177,0
14178,0
14179,0
14180,7.99609375
14181,-8
14182,0.00390625
14183,0
14184,0.00390625
14185,0
14186,-0.00390625
14187,0
14188,0.1015625
14189,0.11328125
14190,0.12109375
14191,0.12890625
14192,0.140625
14193,0
14194,0
14195,0
14196,7.99609375
14197,-8
14198,0.00390625
14199,0
14200,0.00390625
14201,0
14202,-0.00390625
14203,0
14204,0.24609375
14205,0.2578125
14206,0.265625
14207,0.2734375
14208,0.28515625
14209,0
14210,0
14211,0
14212,7.99609375
14213,-8
14214,0.00390625
14215,0
14216,0.00390625
14217,0
14218,-0.00390625
14219,0
14220,0.390625
14221,0.40234375
14222,0.41015625
14223,0.41796875
14224,0.4296875
14225,0
14226,0
14227,0
14228,7.99609375
14229,-8
14230,0.00390625
14231,0
14232,0.00390625
14233,0
14234,-0.00390625
14235,0
14236,0.53515625
14237,0.546875
14238,0.5546875
14239,0.5625
14240,0.57421875
14241,0
14242,0
14243,0
14244,7.99609375
14245,-8
14246,0.00390625
14247,0
14248,0.00390625
14249,0
14250,-0.00390625
14251,0
14252,0.6796875
14253,0.69140625
14254,0.69921875
14255,0.70703125
14256,0.71875
14257,0
14258,0
14259,0
14260,7.99609375
14261,-8
14262,0.00390625
14263,0
14264,0.00390625
14265,0
14266,-0.00390625
14267,0
14268,0.82421875
14269,0.8359375
14270,0.84375
14271,0.8515625
14272,0.86328125
14273,0
14274,0
14275,0
14276,7.99609375
14277,-8
14278,0.00390625
14279,0
14280,0.00390625
14281,0
14282,-0.00390625
14283,0
14284,0.96875
14285,0.98046875
14286,0.98828125
14287,0.99609375
14288,1.0078125
14289,0
14290,0
14291,0
14292,7.99609375
14293,-8
14294,0.00390625
14295,0
14296,0.00390625
14297,0
14298,-0.00390625
14299,0
14300,1.11328125
14301,1.125
14302,1.1328125
14303,1.140625
14304,1.15234375
14305,0
14306,0
14307,0
14308,7.99609375
14309,-8
14310,0.00390625
14311,0
14312,0.00390625
14313,0
14314,-0.00390625
14315,0
14316,1.2578125
14317,1.26953125
14318,1.27734375
14319,1.28515625
14320,1.296875
14321,0
14322,0
14323,0
14324,7.99609375
14325,-8
14326,0.00390625
14327,0
14328,0.00390625
14329,0
14330,-0.00390625
14331,0
14332,1.40234375
14333,1.4140625
14334,1.421875
14335,1.4296875
14336,1.44140625
14337,0
14338,0
14339,0
14340,7.99609375
14341,-8
14342,0.00390625
14343,0
14344,0.00390625
14345,0
14346,-0.00390625
14347,0
14348,1.546875
14349,1.55859375
14350,1.56640625
14351,1.57421875
14352,1.5859375
14353,0
14354,0
14355,0
14356,7.99609375
14357,-8
14358,0.00390625
14359,0
14360,0.00390625
14361,0
14362,-0.00390625
14363,0
14364,1.69140625
14365,1.703125
14366,1.7109375
14367,1.71875
14368,1.73046875
14369,0
14370,0
14371,0
14372,7.99609375
14373,-8
14374,0.00390625
14375,0
14376,0.00390625
14377,0
14378,-0.00390625
14379,0
14380,1.8359375
14381,1.84765625
14382,1.85546875
14383,1.86328125
14384,1.875
14385,0
14386,0
14387,0
14388,7.99609375
14389,-8
14390,0.00390625
14391,0
14392,0.00390625
14393,0
14394,-0.00390625
14395,0
14396,1.98046875
14397,1.9921875
14398,2
14399,2.0078125
14400,2.01953125
14401,0
14402,0
14403,0
14404,7.99609375
14405,-8
14406,0.00390625
14407,0
14408,0.00390625
14409,0
14410,-0.00390625
14411,0
14412,2.125
14413,2.13671875
14414,2.14453125
14415,2.15234375
14416,2.1640625
14417,0
14418,0
14419,0
14420,7.99609375
14421,-8
14422,0.00390625
14423,0
14424,0.00390625
14425,0
14426,-0.00390625
14427,0
14428,2.26953125
14429,2.28125
14430,2.2890625
14431,2.296875
14432,2.30859375
14433,0
14434,0
14435,0
14436,7.99609375
14437,-8
14438,0.00390625
14439,0
14440,0.00390625
14441,0
14442,-0.00390625
14443,0
14444,2.4140625
14445,2.42578125
14446,2.43359375
14447,2.44140625
14448,2.453125
14449,0
14450,0
14451,0
14452,7.99609375
14453,-8
14454,0.00390625
14455,0
14456,0.00390625
14457,0
14458,-0.00390625
14459,0
14460,2.55859375
14461,2.5703125
14462,2.578125
14463,2.5859375
14464,2.59765625
14465,0
14466,0
14467,0
14468,7.99609375
14469,-8
14470,0.00390625
14471,0
14472,0.00390625
14473,0
14474,-0.00390625
14475,0
14476,2.703125
14477,2.71484375
14478,2.72265625
14479,2.73046875
14480,2.7421875
14481,0
14482,0
14483,0
14484,7.99609375
14485,-8
14486,0.00390625
14487,0
14488,0.00390625
14489,0
14490,-0.00390625
14491,0
14492,2.84765625
14493,2.859375
14494,2.8671875
14495,2.875
14496,2.88671875
14497,0
14498,0
14499,0
14500,7.99609375
14501,-8
14502,0.00390625
14503,0
14504,0.00390625
14505,0
14506,-0.00390625
14507,0
14508,2.9921875
14509,3.00390625
14510,3.01171875
14511,3.01953125
14512,3.03125
14513,0
14514,0
14515,0
14516,7.99609375
14517,-8
14518,0.00390625
14519,0
14520,0.00390625
14521,0
14522,-0.00390625
14523,0
14524,3.13671875
14525,3.1484375
14526,3.15625
14527,3.1640625
14528,3.17578125
14529,0
14530,0
14531,0
14532,7.99609375
14533,-8
14534,0.00390625
14535,0
14536,0.00390625
14537,0
14538,-0.00390625
14539,0
14540,3.28125
14541,3.29296875
14542,3.30078125
14543,3.30859375
14544,3.3203125
14545,0
14546,0
14547,0
14548,7.99609375
14549,-8
14550,0.00390625
14551,0
14552,0.00390625
14553,0
14554,-0.00390625
14555,0
14556,3.42578125
14557,3.4375
14558,3.4453125
14559,3.453125
14560,3.46484375
14561,0
14562,0
14563,0
14564,7.99609375
14565,-8
14566,0.00390625
14567,0
14568,0.00390625
14569,0
14570,-0.00390625
14571,0
14572,3.5703125
14573,3.58203125
14574,3.58984375
14575,3.59765625
14576,3.609375
14577,0
14578,0
14579,0
14580,7.99609375
14581,-8
14582,0.00390625
14583,0
14584,0.00390625
14585,0
14586,-0.00390625
14587,0
14588,3.71484375
14589,3.7265625
14590,3.734375
14591,3.7421875
14592,3.75390625
14593,0
14594,0
14595,0
14596,7.99609375
14597,-8
14598,0.00390625
14599,0
14600,0.00390625
14601,0
14602,-0.00390625
14603,0
14604,3.859375
14605,3.87109375
14606,3.87890625
14607,3.88671875
14608,3.8984375
14609,0
14610,0
14611,0
14612,7.99609375
14613,-8
14614,0.00390625
14615,0
14616,0.00390625
14617,0
14618,-0.00390625
14619,0
14620,4.00390625
14621,4.015625
14622,4.0234375
14623,4.03125
14624,4.04296875
14625,0
14626,0
14627,0
14628,7.99609375
14629,-8
14630,0.00390625
14631,0
14632,0.00390625
14633,0
14634,-0.00390625
14635,0
14636,4.1484375
14637,4.16015625
14638,4.16796875
14639,4.17578125
14640,4.1875
14641,0
14642,0
14643,0
14644,7.99609375
14645,-8
14646,0.00390625
14647,0
14648,0.00390625
14649,0
14650,-0.00390625
14651,0
14652,4.29296875
14653,4.3046875
14654,4.3125
14655,4.3203125
14656,4.33203125
14657,0
14658,0
14659,0
14660,7.99609375
14661,-8
14662,0.00390625
14663,0
14664,0.00390625
14665,0
14666,-0.00390625
14667,0
14668,4.4375
14669,4.44921875
14670,4.45703125
14671,4.46484375
14672,4.4765625
14673,0
14674,0
14675,0
14676,7.99609375
14677,-8
14678,0.00390625
14679,0
14680,0.00390625
14681,0
14682,-0.00390625
14683,0
14684,4.58203125
14685,4.59375
14686,4.6015625
14687,4.609375
14688,4.62109375
14689,0
14690,0
14691,0
14692,7.99609375
14693,-8
14694,0.00390625
14695,0
14696,0.00390625
14697,0
14698,-0.00390625
14699,0
14700,4.7265625
14701,4.73828125
14702,4.74609375
14703,4.75390625
14704,4.765625
14705,0
14706,0
14707,0
14708,7.99609375
14709,-8
14710,0.00390625
14711,0
14712,0.00390625
14713,0
14714,-0.00390625
14715,0
14716,4.87109375
14717,4.8828125
14718,4.890625
14719,4.8984375
14720,4.91015625
14721,0
14722,0
14723,0
14724,7.99609375
14725,-8
14726,0.00390625
14727,0
14728,0.00390625
14729,0
14730,-0.00390625
14731,0
14732,5.015625
14733,5.02734375
14734,5.03515625
14735,5.04296875
14736,5.0546875
14737,0
14738,0
14739,0
14740,7.99609375
14741,-8
14742,0.00390625
14743,0
14744,0.00390625
14745,0
14746,-0.00390625
14747,0
14748,5.16015625
14749,5.171875
14750,5.1796875
14751,5.1875
14752,5.19921875
14753,0
14754,0
14755,0
14756,7.99609375
14757,-8
14758,0.00390625
14759,0
14760,0.00390625
14761,0
14762,-0.00390625
14763,0
14764,5.3046875
14765,5.31640625
14766,5.32421875
14767,5.33203125
14768,5.34375
14769,0
14770,0
14771,0
14772,7.99609375
14773,-8
14774,0.00390625
14775,0
14776,0.00390625
14777,0
14778,-0.00390625
14779,0
14780,5.44921875
14781,5.4609375
14782,5.46875
14783,5.4765625
14784,5.48828125
14785,0
14786,0
14787,0
14788,7.99609375
14789,-8
14790,0.00390625
14791,0
14792,0.00390625
14793,0
14794,-0.00390625
14795,0
14796,5.59375
14797,5.60546875
14798,5.61328125
14799,5.62109375
14800,5.6328125
14801,0
14802,0
14803,0
14804,7.99609375
14805,-8
14806,0.00390625
14807,0
14808,0.00390625
14809,0
14810,-0.00390625
14811,0
14812,5.73828125
14813,5.75
14814,5.7578125
14815,5.765625
14816,5.77734375
14817,0
14818,0
14819,0
14820,7.99609375
14821,-8
14822,0.00390625
14823,0
14824,0.00390625
14825,0
14826,-0.00390625
14827,0
14828,5.8828125
14829,5.89453125
14830,5.90234375
14831,5.91015625
14832,5.921875
14833,0
14834,0
14835,0
14836,7.99609375
14837,-8
14838,0.00390625
14839,0
14840,0.00390625
14841,0
14842,-0.00390625
14843,0
14844,6.02734375
14845,6.0390625
14846,6.046875
14847,6.0546875
14848,6.06640625
14849,0
14850,0
14851,0
14852,7.99609375
14853,-8
14854,0.00390625
14855,0
14856,0.00390625
14857,0
14858,-0.00390625
14859,0
14860,6.171875
14861,6.18359375
14862,6.19140625
14863,6.19921875
14864,6.2109375
14865,0
14866,0
14867,0
14868,7.99609375
14869,-8
14870,0.00390625
14871,0
14872,0.00390625
14873,0
14874,-0.00390625
14875,0
14876,6.31640625
14877,6.328125
14878,6.3359375
14879,6.34375
14880,6.35546875
14881,0
14882,0
14883,0
14884,7.99609375
14885,-8
14886,0.00390625
14887,0
14888,0.00390625
14889,0
14890,-0.00390625
14891,0
14892,6.4609375
14893,6.47265625
14894,6.48046875
14895,6.48828125
14896,6.5
14897,0
14898,0
14899,0
14900,7.99609375
14901,-8
14902,0.00390625
14903,0
14904,0.00390625
14905,0
14906,-0.00390625
14907,0
14908,6.60546875
14909,6.6171875
14910,6.625
14911,6.6328125
14912,6.64453125
14913,0
14914,0
14915,0
14916,7.99609375
14917,-8
14918,0.00390625
14919,0
14920,0.00390625
14921,0
14922,-0.00390625
14923,0
14924,6.75
14925,6.76171875
14926,6.76953125
14927,6.77734375
14928,6.7890625
14929,0
14930,0
14931,0
14932,7.99609375
14933,-8
14934,0.00390625
14935,0
14936,0.00390625
14937,0
14938,-0.00390625
14939,0
14940,6.89453125
14941,6.90625
14942,6.9140625
14943,6.921875
14944,6.93359375
14945,0
14946,0
14947,0
14948,7.99609375
14949,-8
14950,0.00390625
14951,0
14952,0.00390625
14953,0
14954,-0.00390625
14955,0
14956,7.0390625
14957,7.05078125
14958,7.05859375
14959,7.06640625
14960,7.078125
14961,0
14962,0
14963,0
14964,7.99609375
14965,-8
14966,0.00390625
14967,0
14968,0.00390625
14969,0
14970,-0.00390625
14971,0
14972,7.18359375
14973,7.1953125
14974,7.203125
14975,7.2109375
14976,7.22265625
14977,0
14978,0
14979,0
14980,7.99609375
14981,-8
14982,0.00390625
14983,0
14984,0.00390625
14985,0
14986,-0.00390625
14987,0
14988,7.328125
14989,7.33984375
14990,7.34765625
14991,7.35546875
14992,7.3671875
14993,0
14994,0
14995,0
14996,7.99609375
14997,-8
14998,0.00390625
14999,0
15000,0.00390625
15001,0
15002,-0.00390625
15003,0
15004,7.47265625
15005,7.484375
15006,7.4921875
15007,7.5
15008,7.51171875
15009,0
15010,0
15011,0
15012,7.99609375
15013,-8
15014,0.00390625
15015,0
15016,0.00390625
15017,0
15018,-0.00390625
15019,0
15020,7.6171875
15021,7.62890625
15022,7.63671875
15023,7.64453125
15024,7.65625
15025,0
15026,0
15027,0
15028,7.99609375
15029,-8
15030,0.00390625
15031,0
15032,0.00390625
15033,0
15034,-0.00390625
15035,0
15036,7.76171875
15037,7.7734375
15038,7.78125
15039,7.7890625
15040,7.80078125
15041,0
15042,0
15043,0
15044,7.99609375
15045,-8
15046,0.00390625
15047,0
15048,0.00390625
15049,0
15050,-0.00390625
15051,0
15052,7.90625
15053,7.91796875
15054,7.92578125
15055,7.93359375
15056,7.9453125
15057,0
15058,0
15059,0
15060,7.99609375
15061,-8
15062,0.00390625
15063,0
15064,0.00390625
15065,0
15066,-0.00390625
15067,0
15068,-7.94921875
15069,-7.9375
15070,-7.9296875
15071,-7.921875
15072,-7.91015625
15073,0
15074,0
15075,0
15076,7.99609375
15077,-8
15078,0.00390625
15079,0
15080,0.00390625
15081,0
15082,-0.00390625
15083,0
15084,-7.8046875
15085,-7.79296875
15086,-7.78515625
15087,-7.77734375
15088,-7.765625
15089,0
15090,0
15091,0
15092,7.99609375
15093,-8
15094,0.00390625
15095,0
15096,0.00390625
15097,0
15098,-0.00390625
15099,0
15100,-7.66015625
15101,-7.6484375
15102,-7.640625
15103,-7.6328125
15104,-7.62109375
15105,0
15106,0
15107,0
15108,7.99609375
15109,-8
15110,0.00390625
15111,0
15112,0.00390625
15113,0
15114,-0.00390625
15115,0
15116,-7.515625
15117,-7.50390625
15118,-7.49609375
15119,-7.48828125
15120,-7.4765625
15121,0
15122,0
15123,0
15124,7.99609375
15125,-8
15126,0.00390625
15127,0
15128,0.00390625
15129,0
15130,-0.00390625
15131,0
15132,-7.37109375
15133,-7.359375
15134,-7.3515625
15135,-7.34375
15136,-7.33203125
15137,0
15138,0
15139,0
15140,7.99609375
15141,-8
15142,0.00390625
15143,0
15144,0.00390625
15145,0
15146,-0.00390625
15147,0
15148,-7.2265625
15149,-7.21484375
15150,-7.20703125
15151,-7.19921875
15152,-7.1875
15153,0
15154,0
15155,0
15156,7.99609375
15157,-8
15158,0.00390625
15159,0
15160,0.00390625
15161,0
15162,-0.00390625
15163,0
15164,-7.08203125
15165,-7.0703125
15166,-7.0625
15167,-7.0546875
15168,-7.04296875
15169,0
15170,0
15171,0
15172,7.99609375
15173,-8
15174,0.00390625
15175,0
15176,0.00390625
15177,0
15178,-0.00390625
15179,0
15180,-6.9375
15181,-6.92578125
15182,-6.91796875
15183,-6.91015625
15184,-6.8984375
15185,0
15186,0
15187,0
15188,7.99609375
15189,-8
15190,0.00390625
15191,0
15192,0.00390625
15193,0
15194,-0.00390625
15195,0
15196,-6.79296875
15197,-6.78125
15198,-6.7734375
15199,-6.765625
15200,-6.75390625
15201,0
15202,0
15203,0
15204,7.99609375
15205,-8
15206,0.00390625
15207,0
15208,0.00390625
15209,0
15210,-0.00390625
15211,0
15212,-6.6484375
15213,-6.63671875
15214,-6.62890625
15215,-6.62109375
15216,-6.609375
15217,0
15218,0
15219,0
15220,7.99609375
15221,-8
15222,0.00390625
15223,0
15224,0.00390625
15225,0
15226,-0.00390625
15227,0
15228,-6.50390625
15229,-6.4921875
15230,-6.484375
15231,-6.4765625
15232,-6.46484375
15233,0
15234,0
15235,0
15236,7.99609375
15237,-8
15238,0.00390625
15239,0
15240,0.00390625
15241,0
15242,-0.00390625
15243,0
15244,-6.359375
15245,-6.34765625
15246,-6.33984375
15247,-6.33203125
15248,-6.3203125
15249,0
15250,0
15251,0
15252,7.99609375
15253,-8
15254,0.00390625
15255,0
15256,0.00390625
15257,0
15258,-0.00390625
15259,0
15260,-6.21484375
15261,-6.203125
15262,-6.1953125
15263,-6.1875
15264,-6.17578125
15265,0
15266,0
15267,0
15268,7.99609375
15269,-8
15270,0.00390625
15271,0
15272,0.00390625
15273,0
15274,-0.00390625
15275,0
15276,-6.0703125
15277,-6.05859375
15278,-6.05078125
15279,-6.04296875
15280,-6.03125
15281,0
15282,0
15283,0
15284,7.99609375
15285,-8
15286,0.00390625
15287,0
15288,0.00390625
15289,0
15290,-0.00390625
15291,0
15292,-5.92578125
15293,-5.9140625
15294,-5.90625
15295,-5.8984375
15296,-5.88671875
15297,0
15298,0
15299,0
15300,7.99609375
15301,-8
15302,0.00390625
15303,0
15304,0.00390625
15305,0
15306,-0.00390625
15307,0
15308,-5.78125
15309,-5.76953125
15310,-5.76171875
15311,-5.75390625
15312,-5.7421875
15313,0
15314,0
15315,0
15316,7.99609375
15317,-8
15318,0.00390625
15319,0
15320,0.00390625
15321,0
15322,-0.00390625
15323,0
15324,-5.63671875
15325,-5.625
15326,-5.6171875
15327,-5.609375
15328,-5.59765625
15329,0
15330,0
15331,0
15332,7.99609375
15333,-8
15334,0.00390625
15335,0
15336,0.00390625
15337,0
15338,-0.00390625
15339,0
15340,-5.4921875
15341,-5.48046875
15342,-5.47265625
15343,-5.46484375
15344,-5.453125
15345,0
15346,0
15347,0
15348,7.99609375
15349,-8
15350,0.00390625
15351,0
15352,0.00390625
15353,0
15354,-0.00390625
15355,0
15356,-5.34765625
15357,-5.3359375
15358,-5.328125
15359,-5.3203125
15360,-5.30859375
15361,0
15362,0
15363,0
15364,7.99609375
15365,-8
15366,0.00390625
15367,0
15368,0.00390625
15369,0
15370,-0.00390625
15371,0
15372,-5.203125
15373,-5.19140625
15374,-5.18359375
15375,-5.17578125
15376,-5.1640625
15377,0
15378,0
15379,0
15380,7.99609375
15381,-8
15382,0.00390625
15383,0
15384,0.00390625
15385,0
15386,-0.00390625
15387,0
15388,-5.05859375
15389,-5.046875
15390,-5.0390625
15391,-5.03125
15392,-5.01953125
15393,0
15394,0
15395,0
15396,7.99609375
15397,-8
15398,0.00390625
15399,0
15400,0.00390625
15401,0
15402,-0.00390625
15403,0
15404,-4.9140625
15405,-4.90234375
15406,-4.89453125
15407,-4.88671875
15408,-4.875
15409,0
15410,0
15411,0
15412,7.99609375
15413,-8
15414,0.00390625
15415,0
15416,0.00390625
15417,0
15418,-0.00390625
15419,0
15420,-4.76953125
15421,-4.7578125
15422,-4.75
15423,-4.7421875
15424,-4.73046875
15425,0
15426,0
15427,0
15428,7.99609375
15429,-8
15430,0.00390625
15431,0
15432,0.00390625
15433,0
15434,-0.00390625
15435,0
15436,-4.625
15437,-4.61328125
15438,-4.60546875
15439,-4.59765625
15440,-4.5859375
15441,0
15442,0
15443,0
15444,7.99609375
15445,-8
15446,0.00390625
15447,0
15448,0.00390625
15449,0
15450,-0.00390625
15451,0
15452,-4.48046875
15453,-4.46875
15454,-4.4609375
15455,-4.453125
15456,-4.44140625
15457,0
15458,0
15459,0
15460,7.99609375
15461,-8
15462,0.00390625
15463,0
15464,0.00390625
15465,0
15466,-0.00390625
15467,0
15468,-4.3359375
15469,-4.32421875
15470,-4.31640625
15471,-4.30859375
15472,-4.296875
15473,0
15474,0
15475,0
15476,7.99609375
15477,-8
15478,0.00390625
15479,0
15480,0.00390625
15481,0
15482,-0.00390625
15483,0
15484,-4.19140625
15485,-4.1796875
15486,-4.171875
15487,-4.1640625
15488,-4.15234375
15489,0
15490,0
15491,0
15492,7.99609375
15493,-8
15494,0.00390625
15495,0
15496,0.00390625
15497,0
15498,-0.00390625
15499,0
15500,-4.046875
15501,-4.03515625
15502,-4.02734375
15503,-4.01953125
15504,-4.0078125
15505,0
15506,0
15507,0
15508,7.99609375
15509,-8
15510,0.00390625
15511,0
15512,0.00390625
15513,0
15514,-0.00390625
15515,0
15516,-3.90234375
15517,-3.890625
15518,-3.8828125
15519,-3.875
15520,-3.86328125
15521,0
15522,0
15523,0
15524,7.99609375
15525,-8
15526,0.00390625
15527,0
15528,0.00390625
15529,0
15530,-0.00390625
15531,0
15532,-3.7578125
15533,-3.74609375
15534,-3.73828125
15535,-3.73046875
15536,-3.71875
15537,0
15538,0
15539,0
15540,7.99609375
15541,-8
15542,0.00390625
15543,0
15544,0.00390625
15545,0
15546,-0.00390625
15547,0
15548,-3.61328125
15549,-3.6015625
15550,-3.59375
15551,-3.5859375
15552,-3.57421875
15553,0
15554,0
15555,0
15556,7.99609375
15557,-8
15558,0.00390625
15559,0
15560,0.00390625
15561,0
15562,-0.00390625
15563,0
15564,-3.46875
15565,-3.45703125
15566,-3.44921875
15567,-3.44140625
15568,-3.4296875
15569,0
15570,0
15571,0
15572,7.99609375
15573,-8
15574,0.00390625
15575,0
15576,0.00390625
15577,0
15578,-0.00390625
15579,0
15580,-3.32421875
15581,-3.3125
15582,-3.3046875
15583,-3.296875
15584,-3.28515625
15585,0
15586,0
15587,0
15588,7.99609375
15589,-8
15590,0.00390625
15591,0
15592,0.00390625
15593,0
15594,-0.00390625
15595,0
15596,-3.1796875
15597,-3.16796875
15598,-3.16015625
15599,-3.15234375
15600,-3.140625
15601,0
15602,0
15603,0
15604,7.99609375
15605,-8
15606,0.00390625
15607,0
15608,0.00390625
15609,0
15610,-0.00390625
15611,0
15612,-3.03515625
15613,-3.0234375
15614,-3.015625
15615,-3.0078125
15616,-2.99609375
15617,0
15618,0
15619,0
15620,7.99609375
15621,-8
15622,0.00390625
15623,0
15624,0.00390625
15625,0
15626,-0.00390625
15627,0
15628,-2.890625
15629,-2.87890625
15630,-2.87109375
15631,-2.86328125
15632,-2.8515625
15633,0
15634,0
15635,0
15636,7.99609375
15637,-8
15638,0.00390625
15639,0
15640,0.00390625
15641,0
15642,-0.00390625
15643,0
15644,-2.74609375
15645,-2.734375
15646,-2.7265625
15647,-2.71875
15648,-2.70703125
15649,0
15650,0
15651,0
15652,7.99609375
15653,-8
15654,0.00390625
15655,0
15656,0.00390625
15657,0
15658,-0.00390625
15659,0
15660,-2.6015625
15661,-2.58984375
15662,-2.58203125
15663,-2.57421875
15664,-2.5625
15665,0
15666,0
15667,0
15668,7.99609375
15669,-8
15670,0.00390625
15671,0
15672,0.00390625
15673,0
15674,-0.00390625
15675,0
15676,-2.45703125
15677,-2.4453125
15678,-2.4375
15679,-2.4296875
15680,-2.41796875
15681,0
15682,0
15683,0
15684,7.99609375
15685,-8
15686,0.00390625
15687,0
15688,0.00390625
15689,0
15690,-0.00390625
15691,0
15692,-2.3125
15693,-2.30078125
15694,-2.29296875
15695,-2.28515625
15696,-2.2734375
15697,0
15698,0
15699,0
15700,7.99609375
15701,-8
15702,0.00390625
15703,0
15704,0.00390625
15705,0
15706,-0.00390625
15707,0
15708,-2.16796875
15709,-2.15625
15710,-2.1484375
15711,-2.140625
15712,-2.12890625
15713,0
15714,0
15715,0
15716,7.99609375
15717,-8
15718,0.00390625
15719,0
15720,0.00390625
15721,0
15722,-0.00390625
15723,0
15724,-2.0234375
15725,-2.01171875
15726,-2.00390625
15727,-1.99609375
15728,-1.984375
15729,0
15730,0
15731,0
15732,7.99609375
15733,-8
15734,0.00390625
15735,0
15736,0.00390625
15737,0
15738,-0.00390625
15739,0
15740,-1.87890625
15741,-1.8671875
15742,-1.859375
15743,-1.8515625
15744,-1.83984375
15745,0
15746,0
15747,0
15748,7.99609375
15749,-8
15750,0.00390625
15751,0
15752,0.00390625
15753,0
15754,-0.00390625
15755,0
15756,-1.734375
15757,-1.72265625
15758,-1.71484375
15759,-1.70703125
15760,-1.6953125
15761,0
15762,0
15763,0
15764,7.99609375
15765,-8
15766,0.00390625
15767,0
15768,0.00390625
15769,0
15770,-0.00390625
15771,0
15772,-1.58984375
15773,-1.578125
15774,-1.5703125
15775,-1.5625
15776,-1.55078125
15777,0
15778,0
15779,0
15780,7.99609375
15781,-8
15782,0.00390625
15783,0
15784,0.00390625
15785,0
15786,-0.00390625
15787,0
15788,-1.4453125
15789,-1.43359375
15790,-1.42578125
15791,-1.41796875
15792,-1.40625
15793,0
15794,0
15795,0
15796,7.99609375
15797,-8
15798,0.00390625
15799,0
15800,0.00390625
15801,0
15802,-0.00390625
15803,0
15804,-1.30078125
15805,-1.2890625
15806,-1.28125
15807,-1.2734375
15808,-1.26171875
15809,0
15810,0
15811,0
15812,7.99609375
15813,-8
15814,0.00390625
15815,0
15816,0.00390625
15817,0
15818,-0.00390625
15819,0
15820,-1.15625
15821,-1.14453125
15822,-1.13671875
15823,-1.12890625
15824,-1.1171875
15825,0
15826,0
15827,0
15828,7.99609375
15829,-8
15830,0.00390625
15831,0
15832,0.00390625
15833,0
15834,-0.00390625
15835,0
15836,-1.01171875
15837,-1
15838,-0.9921875
15839,-0.984375
15840,-0.97265625
15841,0
15842,0
15843,0
15844,7.99609375
15845,-8
15846,0.00390625
15847,0
15848,0.00390625
15849,0
15850,-0.00390625
15851,0
15852,-0.8671875
15853,-0.85546875
15854,-0.84765625
15855,-0.83984375
15856,-0.828125
15857,0
15858,0
15859,0
15860,7.99609375
15861,-8
15862,0.00390625
15863,0
15864,0.00390625
15865,0
15866,-0.00390625
15867,0
15868,-0.72265625
15869,-0.7109375
15870,-0.703125
15871,-0.6953125
15872,-0.68359375
15873,0
15874,0
15875,0
15876,7.99609375
15877,-8
15878,0.00390625
15879,0
15880,0.00390625
15881,0
15882,-0.00390625
15883,0
15884,-0.578125
15885,-0.56640625
15886,-0.55859375
15887,-0.55078125
15888,-0.5390625
15889,0
15890,0
15891,0
15892,7.99609375
15893,-8
15894,0.00390625
15895,0
15896,0.00390625
15897,0
15898,-0.00390625
15899,0
15900,-0.43359375
15901,-0.421875
15902,-0.4140625
15903,-0.40625
15904,-0.39453125
15905,0
15906,0
15907,0
15908,7.99609375
15909,-8
15910,0.00390625
15911,0
15912,0.00390625
15913,0
15914,-0.00390625
15915,0
15916,-0.2890625
15917,-0.27734375
15918,-0.26953125
15919,-0.26171875
15920,-0.25
15921,0
15922,0
15923,0
15924,7.99609375
15925,-8
15926,0.00390625
15927,0
15928,0.00390625
15929,0
15930,-0.00390625
15931,0
15932,-0.14453125
15933,-0.1328125
15934,-0.125
15935,-0.1171875
15936,-0.10546875
15937,0
15938,0
15939,0
15940,7.99609375
15941,-8
15942,0.00390625
15943,0
15944,0.00390625
15945,0
15946,-0.00390625
15947,0
15948,0
15949,0.01171875
15950,0.01953125
15951,0.02734375
15952,0.0390625
15953,0
15954,0
15955,0
15956,7.99609375
15957,-8
15958,0.00390625
15959,0
15960,0.00390625
15961,0
15962,-0.00390625
15963,0
15964,0.14453125
15965,0.15625
15966,0.1640625
15967,0.171875
15968,0.18359375
15969,0
15970,0
15971,0
15972,7.99609375
15973,-8
15974,0.00390625
15975,0
15976,0.00390625
15977,0
15978,-0.00390625
15979,0
15980,0.2890625
15981,0.30078125
15982,0.30859375
15983,0.31640625
15984,0.328125
15985,0
15986,0
15987,0
15988,7.99609375
15989,-8
15990,0.00390625
15991,0
15992,0.00390625
15993,0
15994,-0.00390625
15995,0
15996,0.43359375
15997,0.4453125
15998,0.453125
15999,0.4609375
16000,0.47265625
16001,0
16002,0
16003,0
16004,7.99609375
16005,-8
16006,0.00390625
16007,0
16008,0.00390625
16009,0
16010,-0.00390625
16011,0
16012,0.578125
16013,0.58984375
16014,0.59765625
16015,0.60546875
16016,0.6171875
16017,0
16018,0
16019,0
16020,7.99609375
16021,-8
16022,0.00390625
16023,0
16024,0.00390625
16025,0
16026,-0.00390625
16027,0
16028,0.72265625
16029,0.734375
16030,0.7421875
16031,0.75
16032,0.76171875
16033,0
16034,0
16035,0
16036,7.99609375
16037,-8
16038,0.00390625
16039,0
16040,0.00390625
16041,0
16042,-0.00390625
16043,0
16044,0.8671875
16045,0.87890625
16046,0.88671875
16047,0.89453125
16048,0.90625
16049,0
16050,0
16051,0
16052,7.99609375
16053,-8
16054,0.00390625
16055,0
16056,0.00390625
16057,0
16058,-0.00390625
16059,0
16060,1.01171875
16061,1.0234375
16062,1.03125
16063,1.0390625
16064,1.05078125
16065,0
16066,0
16067,0
16068,7.99609375
16069,-8
16070,0.00390625
16071,0
16072,0.00390625
16073,0
16074,-0.00390625
16075,0
16076,1.15625
16077,1.16796875
16078,1.17578125
16079,1.18359375
16080,1.1953125
16081,0
16082,0
16083,0
16084,7.99609375
16085,-8
16086,0.00390625
16087,0
16088,0.00390625
16089,0
16090,-0.00390625
16091,0
16092,1.30078125
16093,1.3125
16094,1.3203125
16095,1.328125
16096,1.33984375
16097,0
16098,0
16099,0
16100,7.99609375
16101,-8
16102,0.00390625
16103,0
16104,0.00390625
16105,0
16106,-0.00390625
16107,0
16108,1.4453125
16109,1.45703125
16110,1.46484375
16111,1.47265625
16112,1.484375
16113,0
16114,0
16115,0
16116,7.99609375
16117,-8
16118,0.00390625
16119,0
16120,0.00390625
16121,0
16122,-0.00390625
16123,0
16124,1.58984375
16125,1.6015625
16126,1.609375
16127,1.6171875
16128,1.62890625
16129,0
16130,0
16131,0
16132,7.99609375
16133,-8
16134,0.00390625
16135,0
16136,0.00390625
16137,0
16138,-0.00390625
16139,0
16140,1.734375
16141,1.74609375
16142,1.75390625
16143,1.76171875
16144,1.7734375
16145,0
16146,0
16147,0
16148,7.99609375
16149,-8
16150,0.00390625
16151,0
16152,0.00390625
16153,0
16154,-0.00390625
16155,0
16156,1.87890625
16157,1.890625
16158,1.8984375
16159,1.90625
16160,1.91796875
16161,0
16162,0
16163,0
16164,7.99609375
16165,-8
16166,0.00390625
16167,0
16168,0.00390625
16169,0
16170,-0.00390625
16171,0
16172,2.0234375
16173,2.03515625
16174,2.04296875
16175,2.05078125
16176,2.0625
16177,0
16178,0
16179,0
16180,7.99609375
16181,-8
16182,0.00390625
16183,0
16184,0.00390625
16185,0
16186,-0.00390625
16187,0
16188,2.16796875
16189,2.1796875
16190,2.1875
16191,2.1953125
16192,2.20703125
16193,0
16194,0
16195,0
16196,7.99609375
16197,-8
16198,0.00390625
16199,0
16200,0.00390625
16201,0
16202,-0.00390625
16203,0
16204,2.3125
16205,2.32421875
16206,2.33203125
16207,2.33984375
16208,2.3515625
16209,0
16210,0
16211,0
16212,7.99609375
16213,-8
16214,0.00390625
16215,0
16216,0.00390625
16217,0
16218,-0.00390625
16219,0
16220,2.45703125
16221,2.46875
16222,2.4765625
16223,2.484375
16224,2.49609375
16225,0
16226,0
16227,0
16228,7.99609375
16229,-8
16230,0.00390625
16231,0
16232,0.00390625
16233,0
16234,-0.00390625
16235,0
16236,2.6015625
16237,2.61328125
16238,2.62109375
16239,2.62890625
16240,2.640625
16241,0
16242,0
16243,0
16244,7.99609375
16245,-8
16246,0.00390625
16247,0
16248,0.00390625
16249,0
16250,-0.00390625
16251,0
16252,2.74609375
16253,2.7578125
16254,2.765625
16255,2.7734375
16256,2.78515625
16257,0
16258,0
16259,0
16260,7.99609375
16261,-8
16262,0.00390625
16263,0
16264,0.00390625
16265,0
16266,-0.00390625
16267,0
16268,2.890625
16269,2.90234375
16270,2.91015625
16271,2.91796875
16272,2.9296875
16273,0
16274,0
16275,0
16276,7.99609375
16277,-8
16278,0.00390625
16279,0
16280,0.00390625
16281,0
16282,-0.00390625
16283,0
16284,3.03515625
16285,3.046875
16286,3.0546875
16287,3.0625
16288,3.07421875
16289,0
16290,0
16291,0
16292,7.99609375
16293,-8
16294,0.00390625
16295,0
16296,0.00390625
16297,0
16298,-0.00390625
16299,0
16300,3.1796875
16301,3.19140625
16302,3.19921875
16303,3.20703125
16304,3.21875
16305,0
16306,0
16307,0
16308,7.99609375
16309,-8
16310,0.00390625
16311,0
16312,0.00390625
16313,0
16314,-0.00390625
16315,0
16316,3.32421875
16317,3.3359375
16318,3.34375
16319,3.3515625
16320,3.36328125
16321,0
16322,0
16323,0
16324,7.99609375
16325,-8
16326,0.00390625
16327,0
16328,0.00390625
16329,0
16330,-0.00390625
16331,0
16332,3.46875
16333,3.48046875
16334,3.48828125
16335,3.49609375
16336,3.5078125
16337,0
16338,0
16339,0
16340,7.99609375
16341,-8
16342,0.00390625
16343,0
16344,0.00390625
16345,0
16346,-0.00390625
16347,0
16348,3.61328125
16349,3.625
16350,3.6328125
16351,3.640625
16352,3.65234375
16353,0
16354,0
16355,0
16356,7.99609375
16357,-8
16358,0.00390625
16359,0
16360,0.00390625
16361,0
16362,-0.00390625
16363,0
16364,3.7578125
16365,3.76953125
16366,3.77734375
16367,3.78515625
16368,3.796875
16369,0
16370,0
16371,0
16372,7.99609375
16373,-8
16374,0.00390625
16375,0
16376,0.00390625
16377,0
16378,-0.00390625
16379,0
16380,3.90234375
16381,3.9140625
16382,3.921875
16383,3.9296875
16384,3.94140625
16385,0
16386,0
16387,0
16388,7.99609375
16389,-8
16390,0.00390625
16391,0
16392,0.00390625
16393,0
16394,-0.00390625
16395,0
16396,4.046875
16397,4.05859375
16398,4.06640625
16399,4.07421875
16400,4.0859375
16401,0
16402,0
16403,0
16404,7.99609375
16405,-8
16406,0.00390625
16407,0
16408,0.00390625
16409,0
16410,-0.00390625
16411,0
16412,4.19140625
16413,4.203125
16414,4.2109375
16415,4.21875
16416,4.23046875
16417,0
16418,0
16419,0
16420,7.99609375
16421,-8
16422,0.00390625
16423,0
16424,0.00390625
16425,0
16426,-0.00390625
16427,0
16428,4.3359375
16429,4.34765625
16430,4.35546875
16431,4.36328125
16432,4.375
16433,0
16434,0
16435,0
16436,7.99609375
16437,-8
16438,0.00390625
16439,0
16440,0.00390625
16441,0
16442,-0.00390625
16443,0
16444,4.48046875
16445,4.4921875
16446,4.5
16447,4.5078125
16448,4.51953125
16449,0
16450,0
16451,0
16452,7.99609375
16453,-8
16454,0.00390625
16455,0
16456,0.00390625
16457,0
16458,-0.00390625
16459,0
16460,4.625
16461,4.63671875
16462,4.64453125
16463,4.65234375
16464,4.6640625
16465,0
16466,0
16467,0
16468,7.99609375
16469,-8
16470,0.00390625
16471,0
16472,0.00390625
16473,0
16474,-0.00390625
16475,0
16476,4.76953125
16477,4.78125
16478,4.7890625
16479,4.796875
16480,4.80859375
16481,0
16482,0
16483,0
16484,7.99609375
16485,-8
16486,0.00390625
16487,0
16488,0.00390625
16489,0
16490,-0.00390625
16491,0
16492,4.9140625
16493,4.92578125
16494,4.93359375
16495,4.94140625
16496,4.953125
16497,0
16498,0
16499,0
16500,7.99609375
16501,-8
16502,0.00390625
16503,0
16504,0.00390625
16505,0
16506,-0.00390625
16507,0
16508,5.05859375
16509,5.0703125
16510,5.078125
16511,5.0859375
16512,5.09765625
16513,0
16514,0
16515,0
16516,7.99609375
16517,-8
16518,0.00390625
16519,0
16520,0.00390625
16521,0
16522,-0.00390625
16523,0
16524,5.203125
16525,5.21484375
16526,5.22265625
16527,5.23046875
16528,5.2421875
16529,0
16530,0
16531,0
16532,7.99609375
16533,-8
16534,0.00390625
16535,0
16536,0.00390625
16537,0
16538,-0.00390625
16539,0
16540,5.34765625
16541,5.359375
16542,5.3671875
16543,5.375
16544,5.38671875
16545,0
16546,0
16547,0
16548,7.99609375
16549,-8
16550,0.00390625
16551,0
16552,0.00390625
16553,0
16554,-0.00390625
16555,0
16556,5.4921875
16557,5.50390625
16558,5.51171875
16559,5.51953125
16560,5.53125
16561,0
16562,0
16563,0
16564,7.99609375
16565,-8
16566,0.00390625
16567,0
16568,0.00390625
16569,0
16570,-0.00390625
16571,0
16572,5.63671875
16573,5.6484375
16574,5.65625
16575,5.6640625
16576,5.67578125
16577,0
16578,0
16579,0
16580,7.99609375
16581,-8
16582,0.00390625
16583,0
16584,0.00390625
16585,0
16586,-0.00390625
16587,0
16588,5.78125
16589,5.79296875
16590,5.80078125
16591,5.80859375
16592,5.8203125
16593,0
16594,0
16595,0
16596,7.99609375
16597,-8
16598,0.00390625
16599,0
16600,0.00390625
16601,0
16602,-0.00390625
16603,0
16604,5.92578125
16605,5.9375
16606,5.9453125
16607,5.953125
16608,5.96484375
16609,0
16610,0
16611,0
16612,7.99609375
16613,-8
16614,0.00390625
16615,0
16616,0.00390625
16617,0
16618,-0.00390625
16619,0
16620,6.0703125
16621,6.08203125
16622,6.08984375
16623,6.09765625
16624,6.109375
16625,0
16626,0
16627,0
16628,7.99609375
16629,-8
16630,0.00390625
16631,0
16632,0.00390625
16633,0
16634,-0.00390625
16635,0
16636,6.21484375
16637,6.2265625
16638,6.234375
16639,6.2421875
16640,6.25390625
16641,0
16642,0
16643,0
16644,7.99609375
16645,-8
16646,0.00390625
16647,0
16648,0.00390625
16649,0
16650,-0.00390625
16651,0
16652,6.359375
16653,6.37109375
16654,6.37890625
16655,6.38671875
16656,6.3984375
16657,0
16658,0
16659,0
16660,7.99609375
16661,-8
16662,0.00390625
16663,0
16664,0.00390625
16665,0
16666,-0.00390625
16667,0
16668,6.50390625
16669,6.515625
16670,6.5234375
16671,6.53125
16672,6.54296875
16673,0
16674,0
16675,0
16676,7.99609375
16677,-8
16678,0.00390625
16679,0
16680,0.00390625
16681,0
16682,-0.00390625
16683,0
16684,6.6484375
16685,6.66015625
16686,6.66796875
16687,6.67578125
16688,6.6875
16689,0
16690,0
16691,0
16692,7.99609375
16693,-8
16694,0.00390625
16695,0
16696,0.00390625
16697,0
16698,-0.00390625
16699,0
16700,6.79296875
16701,6.8046875
16702,6.8125
16703,6.8203125
16704,6.83203125
16705,0
16706,0
16707,0
16708,7.99609375
16709,-8
16710,0.00390625
16711,0
16712,0.00390625
16713,0
16714,-0.00390625
16715,0
16716,6.9375
16717,6.94921875
16718,6.95703125
16719,6.96484375
16720,6.9765625
16721,0
16722,0
16723,0
16724,7.99609375
16725,-8
16726,0.00390625
16727,0
16728,0.00390625
16729,0
16730,-0.00390625
16731,0
16732,7.08203125
16733,7.09375
16734,7.1015625
16735,7.109375
16736,7.12109375
16737,0
16738,0
16739,0
16740,7.99609375
16741,-8
16742,0.00390625
16743,0
16744,0.00390625
16745,0
16746,-0.00390625
16747,0
16748,7.2265625
16749,7.23828125
16750,7.24609375
16751,7.25390625
16752,7.265625
16753,0
16754,0
16755,0
16756,7.99609375
16757,-8
16758,0.00390625
16759,0
16760,0.00390625
16761,0
16762,-0.00390625
16763,0
16764,7.37109375
16765,7.3828125
16766,7.390625
16767,7.3984375
16768,7.41015625
16769,0
16770,0
16771,0
16772,7.99609375
16773,-8
16774,0.00390625
16775,0
16776,0.00390625
16777,0
16778,-0.00390625
16779,0
16780,7.515625
16781,7.52734375
16782,7.53515625
16783,7.54296875
16784,7.5546875
16785,0
16786,0
16787,0
16788,7.99609375
16789,-8
16790,0.00390625
16791,0
16792,0.00390625
16793,0
16794,-0.00390625
16795,0
16796,7.66015625
16797,7.671875
16798,7.6796875
16799,7.6875
16800,7.69921875
16801,0
16802,0
16803,0
16804,7.99609375
16805,-8
16806,0.00390625
16807,0
16808,0.00390625
16809,0
16810,-0.00390625
16811,0
16812,7.8046875
16813,7.81640625
16814,7.82421875
16815,7.83203125
16816,7.84375
16817,0
16818,0
16819,0
16820,7.99609375
16821,-8
16822,0.00390625
16823,0
16824,0.00390625
16825,0
16826,-0.00390625
16827,0
16828,7.94921875
16829,7.9609375
16830,7.96875
16831,7.9765625
16832,7.98828125
16833,0
16834,0
16835,0
16836,7.99609375
16837,-8
16838,0.00390625
16839,0
16840,0.00390625
16841,0
16842,-0.00390625
16843,0
16844,-7.90625
16845,-7.89453125
16846,-7.88671875
16847,-7.87890625
16848,-7.8671875
16849,0
16850,0
16851,0
16852,7.99609375
16853,-8
16854,0.00390625
16855,0
16856,0.00390625
16857,0
16858,-0.00390625
16859,0
16860,-7.76171875
16861,-7.75
16862,-7.7421875
16863,-7.734375
16864,-7.72265625
16865,0
16866,0
16867,0
16868,7.99609375
16869,-8
16870,0.00390625
16871,0
16872,0.00390625
16873,0
16874,-0.00390625
16875,0
16876,-7.6171875
16877,-7.60546875
16878,-7.59765625
16879,-7.58984375
16880,-7.578125
16881,0
16882,0
16883,0
16884,7.99609375
16885,-8
16886,0.00390625
16887,0
16888,0.00390625
16889,0
16890,-0.00390625
16891,0
16892,-7.47265625
16893,-7.4609375
16894,-7.453125
16895,-7.4453125
16896,-7.43359375
16897,0
16898,0
16899,0
16900,7.99609375
16901,-8
16902,0.00390625
16903,0
16904,0.00390625
16905,0
16906,-0.00390625
16907,0
16908,-7.328125
16909,-7.31640625
16910,-7.30859375
16911,-7.30078125
16912,-7.2890625
16913,0
16914,0
16915,0
16916,7.99609375
16917,-8
16918,0.00390625
16919,0
16920,0.00390625
16921,0
16922,-0.00390625
16923,0
16924,-7.18359375
16925,-7.171875
16926,-7.1640625
16927,-7.15625
16928,-7.14453125
16929,0
16930,0
16931,0
16932,7.99609375
16933,-8
16934,0.00390625
16935,0
16936,0.00390625
16937,0
16938,-0.00390625
16939,0
16940,-7.0390625
16941,-7.02734375
16942,-7.01953125
16943,-7.01171875
16944,-7
16945,0
16946,0
16947,0
16948,7.99609375
16949,-8
16950,0.00390625
16951,0
16952,0.00390625
16953,0
16954,-0.00390625
16955,0
16956,-6.89453125
16957,-6.8828125
16958,-6.875
16959,-6.8671875
16960,-6.85546875
16961,0
16962,0
16963,0
16964,7.99609375
16965,-8
16966,0.00390625
16967,0
16968,0.00390625
16969,0
16970,-0.00390625
16971,0
16972,-6.75
16973,-6.73828125
16974,-6.73046875
16975,-6.72265625
16976,-6.7109375
16977,0
16978,0
16979,0
16980,7.99609375
16981,-8
16982,0.00390625
16983,0
16984,0.00390625
16985,0
16986,-0.00390625
16987,0
16988,-6.60546875
16989,-6.59375
16990,-6.5859375
16991,-6.578125
16992,-6.56640625
16993,0
16994,0
16995,0
16996,7.99609375
16997,-8
16998,0.00390625
16999,0
17000,0.00390625
17001,0
17002,-0.00390625
17003,0
17004,-6.4609375
17005,-6.44921875
17006,-6.44140625
17007,-6.43359375
17008,-6.421875
17009,0
17010,0
17011,0
17012,7.99609375
17013,-8
17014,0.00390625
17015,0
17016,0.00390625
17017,0
17018,-0.00390625
17019,0
17020,-6.31640625
17021,-6.3046875
17022,-6.296875
17023,-6.2890625
17024,-6.27734375
17025,0
17026,0
17027,0
17028,7.99609375
17029,-8
17030,0.00390625
17031,0
17032,0.00390625
17033,0
17034,-0.00390625
17035,0
17036,-6.171875
17037,-6.16015625
17038,-6.15234375
17039,-6.14453125
17040,-6.1328125
17041,0
17042,0
17043,0
17044,7.99609375
17045,-8
17046,0.00390625
17047,0
17048,0.00390625
17049,0
17050,-0.00390625
17051,0
17052,-6.02734375
17053,-6.015625
17054,-6.0078125
17055,-6
17056,-5.98828125
17057,0
17058,0
17059,0
17060,7.99609375
17061,-8
17062,0.00390625
17063,0
17064,0.00390625
17065,0
17066,-0.00390625
17067,0
17068,-5.8828125
17069,-5.87109375
17070,-5.86328125
17071,-5.85546875
17072,-5.84375
17073,0
17074,0
17075,0
17076,7.99609375
17077,-8
17078,0.00390625
17079,0
17080,0.00390625
17081,0
17082,-0.00390625
17083,0
17084,-5.73828125
17085,-5.7265625
17086,-5.71875
17087,-5.7109375
17088,-5.69921875
17089,0
17090,0
17091,0
17092,7.99609375
17093,-8
17094,0.00390625
17095,0
17096,0.00390625
17097,0
17098,-0.00390625
17099,0
17100,-5.59375
17101,-5.58203125
17102,-5.57421875
17103,-5.56640625
17104,-5.5546875
17105,0
17106,0
17107,0
17108,7.99609375
17109,-8
17110,0.00390625
17111,0
17112,0.00390625
17113,0
17114,-0.00390625
17115,0
17116,-5.44921875
17117,-5.4375
17118,-5.4296875
17119,-5.421875
17120,-5.41015625
17121,0
17122,0
17123,0
17124,7.99609375
17125,-8
17126,0.00390625
17127,0
17128,0.00390625
17129,0
17130,-0.00390625
17131,0
17132,-5.3046875
17133,-5.29296875
17134,-5.28515625
17135,-5.27734375
17136,-5.265625
17137,0
17138,0
17139,0
17140,7.99609375
17141,-8
17142,0.00390625
17143,0
17144,0.00390625
17145,0
17146,-0.00390625
17147,0
17148,-5.16015625
17149,-5.1484375
17150,-5.140625
17151,-5.1328125
17152,-5.12109375
17153,0
17154,0
17155,0
17156,7.99609375
17157,-8
17158,0.00390625
17159,0
17160,0.00390625
17161,0
17162,-0.00390625
17163,0
17164,-5.015625
17165,-5.00390625
17166,-4.99609375
17167,-4.98828125
17168,-4.9765625
17169,0
17170,0
17171,0
17172,7.99609375
17173,-8
17174,0.00390625
17175,0
17176,0.00390625
17177,0
17178,-0.00390625
17179,0
17180,-4.87109375
17181,-4.859375
17182,-4.8515625
17183,-4.84375
17184,-4.83203125
17185,0
17186,0
17187,0
17188,7.99609375
17189,-8
17190,0.00390625
17191,0
17192,0.00390625
17193,0
17194,-0.00390625
17195,0
17196,-4.7265625
17197,-4.71484375
17198,-4.70703125
17199,-4.69921875
17200,-4.6875
17201,0
17202,0
17203,0
17204,7.99609375
17205,-8
17206,0.00390625
17207,0
17208,0.00390625
17209,0
17210,-0.00390625
17211,0
17212,-4.58203125
17213,-4.5703125
17214,-4.5625
17215,-4.5546875
17216,-4.54296875
17217,0
17218,0
17219,0
17220,7.99609375
17221,-8
17222,0.00390625
17223,0
17224,0.00390625
17225,0
17226,-0.00390625
17227,0
17228,-4.4375
17229,-4.42578125
17230,-4.41796875
17231,-4.41015625
17232,-4.3984375
17233,0
17234,0
17235,0
17236,7.99609375
17237,-8
17238,0.00390625
17239,0
17240,0.00390625
17241,0
17242,-0.00390625
17243,0
17244,-4.29296875
17245,-4.28125
17246,-4.2734375
17247,-4.265625
17248,-4.25390625
17249,0
17250,0
17251,0
17252,7.99609375
17253,-8
17254,0.00390625
17255,0
17256,0.00390625
17257,0
17258,-0.00390625
17259,0
17260,-4.1484375
17261,-4.13671875
17262,-4.12890625
17263,-4.12109375
17264,-4.109375
17265,0
17266,0
17267,0
17268,7.99609375
17269,-8
17270,0.00390625
17271,0
17272,0.00390625
17273,0
17274,-0.00390625
17275,0
17276,-4.00390625
17277,-3.9921875
17278,-3.984375
17279,-3.9765625
17280,-3.96484375
17281,0
17282,0
17283,0
17284,7.99609375
17285,-8
17286,0.00390625
17287,0
17288,0.00390625
17289,0
17290,-0.00390625
17291,0
17292,-3.859375
17293,-3.84765625
17294,-3.83984375
17295,-3.83203125
17296,-3.8203125
17297,0
17298,0
17299,0
17300,7.99609375
17301,-8
17302,0.00390625
17303,0
17304,0.00390625
17305,0
17306,-0.00390625
17307,0
17308,-3.71484375
17309,-3.703125
17310,-3.6953125
17311,-3.6875
17312,-3.67578125
17313,0
17314,0
17315,0
17316,7.99609375
17317,-8
17318,0.00390625
17319,0
17320,0.00390625
17321,0
17322,-0.00390625
17323,0
17324,-3.5703125
17325,-3.55859375
17326,-3.55078125
17327,-3.54296875
17328,-3.53125
17329,0
17330,0
17331,0
17332,7.99609375
17333,-8
17334,0.00390625
17335,0
17336,0.00390625
17337,0
17338,-0.00390625
17339,0
17340,-3.42578125
17341,-3.4140625
17342,-3.40625
17343,-3.3984375
17344,-3.38671875
17345,0
17346,0
17347,0
17348,7.99609375
17349,-8
17350,0.00390625
17351,0
17352,0.00390625
17353,0
17354,-0.00390625
17355,0
17356,-3.28125
17357,-3.26953125
17358,-3.26171875
17359,-3.25390625
17360,-3.2421875
17361,0
17362,0
17363,0
17364,7.99609375
17365,-8
17366,0.00390625
17367,0
17368,0.00390625
17369,0
17370,-0.00390625
17371,0
17372,-3.13671875
17373,-3.125
17374,-3.1171875
17375,-3.109375
17376,-3.09765625
17377,0
17378,0
17379,0
17380,7.99609375
17381,-8
17382,0.00390625
17383,0
17384,0.00390625
17385,0
17386,-0.00390625
17387,0
17388,-2.9921875
17389,-2.98046875
17390,-2.97265625
17391,-2.96484375
17392,-2.953125
17393,0
17394,0
17395,0
17396,7.99609375
17397,-8
17398,0.00390625
17399,0
17400,0.00390625
17401,0
17402,-0.00390625
17403,0
17404,-2.84765625
17405,-2.8359375
17406,-2.828125
17407,-2.8203125
17408,-2.80859375
17409,0
17410,0
17411,0
17412,7.99609375
17413,-8
17414,0.00390625
17415,0
17416,0.00390625
17417,0
17418,-0.00390625
17419,0
17420,-2.703125
17421,-2.69140625
17422,-2.68359375
17423,-2.67578125
17424,-2.6640625
17425,0
17426,0
17427,0
17428,7.99609375
17429,-8
17430,0.00390625
17431,0
17432,0.00390625
17433,0
17434,-0.00390625
17435,0
17436,-2.55859375
17437,-2.546875
17438,-2.5390625
17439,-2.53125
17440,-2.51953125
17441,0
17442,0
17443,0
17444,7.99609375
17445,-8
17446,0.00390625
17447,0
17448,0.00390625
17449,0
17450,-0.00390625
17451,0
17452,-2.4140625
17453,-2.40234375
17454,-2.39453125
17455,-2.38671875
17456,-2.375
17457,0
17458,0
17459,0
17460,7.99609375
17461,-8
17462,0.00390625
17463,0
17464,0.00390625
17465,0
17466,-0.00390625
17467,0
17468,-2.26953125
17469,-2.2578125
17470,-2.25
17471,-2.2421875
17472,-2.23046875
17473,0
17474,0
17475,0
17476,7.99609375
17477,-8
17478,0.00390625
17479,0
17480,0.00390625
17481,0
17482,-0.00390625
17483,0
17484,-2.125
17485,-2.11328125
17486,-2.10546875
17487,-2.09765625
17488,-2.0859375
17489,0
17490,0
17491,0
17492,7.99609375
17493,-8
17494,0.00390625
17495,0
17496,0.00390625
17497,0
17498,-0.00390625
17499,0
17500,-1.98046875
17501,-1.96875
17502,-1.9609375
17503,-1.953125
17504,-1.94140625
17505,0
17506,0
17507,0
17508,7.99609375
17509,-8
17510,0.00390625
17511,0
17512,0.00390625
17513,0
17514,-0.00390625
17515,0
17516,-1.8359375
17517,-1.82421875
17518,-1.81640625
17519,-1.80859375
17520,-1.796875
17521,0
17522,0
17523,0
17524,7.99609375
17525,-8
17526,0.00390625
17527,0
17528,0.00390625
17529,0
17530,-0.00390625
17531,0
17532,-1.69140625
17533,-1.6796875
17534,-1.671875
17535,-1.6640625
17536,-1.65234375
17537,0
17538,0
17539,0
17540,7.99609375
17541,-8
17542,0.00390625
17543,0
17544,0.00390625
17545,0
17546,-0.00390625
17547,0
17548,-1.546875
17549,-1.53515625
17550,-1.52734375
17551,-1.51953125
17552,-1.5078125
17553,0
17554,0
17555,0
17556,7.99609375
17557,-8
17558,0.00390625
17559,0
17560,0.00390625
17561,0
17562,-0.00390625
17563,0
17564,-1.40234375
17565,-1.390625
17566,-1.3828125
17567,-1.375
17568,-1.36328125
17569,0
17570,0
17571,0
17572,7.99609375
17573,-8
17574,0.00390625
17575,0
17576,0.00390625
17577,0
17578,-0.00390625
17579,0
17580,-1.2578125
17581,-1.24609375
17582,-1.23828125
17583,-1.23046875
17584,-1.21875
17585,0
17586,0
17587,0
17588,7.99609375
17589,-8
17590,0.00390625
17591,0
17592,0.00390625
17593,0
17594,-0.00390625
17595,0
17596,-1.11328125
17597,-1.1015625
17598,-1.09375
17599,-1.0859375
17600,-1.07421875
17601,0
17602,0
17603,0
17604,7.99609375
17605,-8
17606,0.00390625
17607,0
17608,0.00390625
17609,0
17610,-0.00390625
17611,0
17612,-0.96875
17613,-0.95703125
17614,-0.94921875
17615,-0.94140625
17616,-0.9296875
17617,0
17618,0
17619,0
17620,7.99609375
17621,-8
17622,0.00390625
17623,0
17624,0.00390625
17625,0
17626,-0.00390625
17627,0
17628,-0.82421875
17629,-0.8125
17630,-0.8046875
17631,-0.796875
17632,-0.78515625
17633,0
17634,0
17635,0
17636,7.99609375
17637,-8
17638,0.00390625
17639,0
17640,0.00390625
17641,0
17642,-0.00390625
17643,0
17644,-0.6796875
17645,-0.66796875
17646,-0.66015625
17647,-0.65234375
17648,-0.640625
17649,0
17650,0
17651,0
17652,7.99609375
17653,-8
17654,0.00390625
17655,0
17656,0.00390625
17657,0
17658,-0.00390625
17659,0
17660,-0.53515625
17661,-0.5234375
17662,-0.515625
17663,-0.5078125
17664,-0.49609375
17665,0
17666,0
17667,0
17668,7.99609375
17669,-8
17670,0.00390625
17671,0
17672,0.00390625
17673,0
17674,-0.00390625
17675,0
17676,-0.390625
17677,-0.37890625
17678,-0.37109375
17679,-0.36328125
17680,-0.3515625
17681,0
17682,0
17683,0
17684,7.99609375
17685,-8
17686,0.00390625
17687,0
17688,0.00390625
17689,0
17690,-0.00390625
17691,0
17692,-0.24609375
17693,-0.234375
17694,-0.2265625
17695,-0.21875
17696,-0.20703125
17697,0
17698,0
17699,0
17700,7.99609375
17701,-8
17702,0.00390625
17703,0
17704,0.00390625
17705,0
17706,-0.00390625
17707,0
17708,-0.1015625
17709,-0.08984375
17710,-0.08203125
17711,-0.07421875
17712,-0.0625
17713,0
17714,0
17715,0
17716,7.99609375
17717,-8
17718,0.00390625
17719,0
17720,0.00390625
17721,0
17722,-0.00390625
17723,0
17724,0.04296875
17725,0.0546875
17726,0.0625
17727,0.0703125
17728,0.08203125
17729,0
17730,0
17731,0
17732,7.99609375
17733,-8
17734,0.00390625
17735,0
17736,0.00390625
17737,0
17738,-0.00390625
17739,0
17740,0.1875
17741,0.19921875
17742,0.20703125
17743,0.21484375
17744,0.2265625
17745,0
17746,0
17747,0
17748,7.99609375
17749,-8
17750,0.00390625
17751,0
17752,0.00390625
17753,0
17754,-0.00390625
17755,0
17756,0.33203125
17757,0.34375
17758,0.3515625
17759,0.359375
17760,0.37109375
17761,0
17762,0
17763,0
17764,7.99609375
17765,-8
17766,0.00390625
17767,0
17768,0.00390625
17769,0
17770,-0.00390625
17771,0
17772,0.4765625
17773,0.48828125
17774,0.49609375
17775,0.50390625
17776,0.515625
17777,0
17778,0
17779,0
17780,7.99609375
17781,-8
17782,0.00390625
17783,0
17784,0.00390625
17785,0
17786,-0.00390625
17787,0
17788,0.62109375
17789,0.6328125
17790,0.640625
17791,0.6484375
17792,0.66015625
17793,0
17794,0
17795,0
17796,7.99609375
17797,-8
17798,0.00390625
17799,0
17800,0.00390625
17801,0
17802,-0.00390625
17803,0
17804,0.765625
17805,0.77734375
17806,0.78515625
17807,0.79296875
17808,0.8046875
17809,0
17810,0
17811,0
17812,7.99609375
17813,-8
17814,0.00390625
17815,0
17816,0.00390625
17817,0
17818,-0.00390625
17819,0
17820,0.91015625
17821,0.921875
17822,0.9296875
17823,0.9375
17824,0.94921875
17825,0
17826,0
17827,0
17828,7.99609375
17829,-8
17830,0.00390625
17831,0
17832,0.00390625
17833,0
17834,-0.00390625
17835,0
17836,1.0546875
17837,1.06640625
17838,1.07421875
17839,1.08203125
17840,1.09375
17841,0
17842,0
17843,0
17844,7.99609375
17845,-8
17846,0.00390625
17847,0
17848,0.00390625
17849,0
17850,-0.00390625
17851,0
17852,1.19921875
17853,1.2109375
17854,1.21875
17855,1.2265625
17856,1.23828125
17857,0
17858,0
17859,0
17860,7.99609375
17861,-8
17862,0.00390625
17863,0
17864,0.00390625
17865,0
17866,-0.00390625
17867,0
17868,1.34375
17869,1.35546875
17870,1.36328125
17871,1.37109375
17872,1.3828125
17873,0
17874,0
17875,0
17876,7.99609375
17877,-8
17878,0.00390625
17879,0
17880,0.00390625
17881,0
17882,-0.00390625
17883,0
17884,1.48828125
17885,1.5
17886,1.5078125
17887,1.515625
17888,1.52734375
17889,0
17890,0
17891,0
17892,7.99609375
17893,-8
17894,0.00390625
17895,0
17896,0.00390625
17897,0
17898,-0.00390625
17899,0
17900,1.6328125
17901,1.64453125
17902,1.65234375
17903,1.66015625
17904,1.671875
17905,0
17906,0
17907,0
17908,7.99609375
17909,-8
17910,0.00390625
17911,0
17912,0.00390625
17913,0
17914,-0.00390625
17915,0
17916,1.77734375
17917,1.7890625
17918,1.796875
17919,1.8046875
17920,1.81640625
17921,0
17922,0
17923,0
17924,7.99609375
17925,-8
17926,0.00390625
17927,0
17928,0.00390625
17929,0
17930,-0.00390625
17931,0
17932,1.921875
17933,1.93359375
17934,1.94140625
17935,1.94921875
17936,1.9609375
17937,0
17938,0
17939,0
17940,7.99609375
17941,-8
17942,0.00390625
17943,0
17944,0.00390625
17945,0
17946,-0.00390625
17947,0
17948,2.06640625
17949,2.078125
17950,2.0859375
17951,2.09375
17952,2.10546875
17953,0
17954,0
17955,0
17956,7.99609375
17957,-8
17958,0.00390625
17959,0
17960,0.00390625
17961,0
17962,-0.00390625
17963,0
17964,2.2109375
17965,2.22265625
17966,2.23046875
17967,2.23828125
17968,2.25
17969,0
17970,0
17971,0
17972,7.99609375
17973,-8
17974,0.00390625
17975,0
17976,0.00390625
17977,0
17978,-0.00390625
17979,0
17980,2.35546875
17981,2.3671875
17982,2.375
17983,2.3828125
17984,2.39453125
17985,0
17986,0
17987,0
17988,7.99609375
17989,-8
17990,0.00390625
17991,0
17992,0.00390625
17993,0
17994,-0.00390625
17995,0
17996,2.5
17997,2.51171875
17998,2.51953125
17999,2.52734375
18000,2.5390625
18001,0
18002,0
18003,0
18004,7.99609375
18005,-8
18006,0.00390625
18007,0
18008,0.00390625
18009,0
18010,-0.00390625
18011,0
18012,2.64453125
18013,2.65625
18014,2.6640625
18015,2.671875
18016,2.68359375
18017,0
18018,0
18019,0
18020,7.99609375
18021,-8
18022,0.00390625
18023,0
18024,0.00390625
18025,0
18026,-0.00390625
18027,0
18028,2.7890625
18029,2.80078125
18030,2.80859375
18031,2.81640625
18032,2.828125
18033,0
18034,0
18035,0
18036,7.99609375
18037,-8
18038,0.00390625
18039,0
18040,0.00390625
18041,0
18042,-0.00390625
18043,0
18044,2.93359375
18045,2.9453125
18046,2.953125
18047,2.9609375
18048,2.97265625
18049,0
18050,0
18051,0
18052,7.99609375
18053,-8
18054,0.00390625
18055,0
18056,0.00390625
18057,0
18058,-0.00390625
18059,0
18060,3.078125
18061,3.08984375
18062,3.09765625
18063,3.10546875
18064,3.1171875
18065,0
18066,0
18067,0
18068,7.99609375
18069,-8
18070,0.00390625
18071,0
18072,0.00390625
18073,0
18074,-0.00390625
18075,0
18076,3.22265625
18077,3.234375
18078,3.2421875
18079,3.25
18080,3.26171875
18081,0
18082,0
18083,0
18084,7.99609375
18085,-8
18086,0.00390625
18087,0
18088,0.00390625
18089,0
18090,-0.00390625
18091,0
18092,3.3671875
18093,3.37890625
18094,3.38671875
18095,3.39453125
18096,3.40625
18097,0
18098,0
18099,0
18100,7.99609375
18101,-8
18102,0.00390625
18103,0
18104,0.00390625
18105,0
18106,-0.00390625
18107,0
18108,3.51171875
18109,3.5234375
18110,3.53125
18111,3.5390625
18112,3.55078125
18113,0
18114,0
18115,0
18116,7.99609375
18117,-8
18118,0.00390625
18119,0
18120,0.00390625
18121,0
18122,-0.00390625
18123,0
18124,3.65625
18125,3.66796875
18126,3.67578125
18127,3.68359375
18128,3.6953125
18129,0
18130,0
18131,0
18132,7.99609375
18133,-8
18134,0.00390625
18135,0
18136,0.00390625
18137,0
18138,-0.00390625
18139,0
18140,3.80078125
18141,3.8125
18142,3.8203125
18143,3.828125
18144,3.83984375
18145,0
18146,0
18147,0
18148,7.99609375
18149,-8
18150,0.00390625
18151,0
18152,0.00390625
18153,0
18154,-0.00390625
18155,0
18156,3.9453125
18157,3.95703125
18158,3.96484375
18159,3.97265625
18160,3.984375
18161,0
18162,0
18163,0
18164,7.99609375
18165,-8
18166,0.00390625
18167,0
18168,0.00390625
18169,0
18170,-0.00390625
18171,0
18172,4.08984375
18173,4.1015625
18174,4.109375
18175,4.1171875
18176,4.12890625
18177,0
18178,0
18179,0
18180,7.99609375
18181,-8
18182,0.00390625
18183,0
18184,0.00390625
18185,0
18186,-0.00390625
18187,0
18188,4.234375
18189,4.24609375
18190,4.25390625
18191,4.26171875
18192,4.2734375
18193,0
18194,0
18195,0
18196,7.99609375
18197,-8
18198,0.00390625
18199,0
18200,0.00390625
18201,0
18202,-0.00390625
18203,0
18204,4.37890625
18205,4.390625
18206,4.3984375
18207,4.40625
18208,4.41796875
18209,0
18210,0
18211,0
18212,7.99609375
18213,-8
18214,0.00390625
18215,0
18216,0.00390625
18217,0
18218,-0.00390625
18219,0
18220,4.5234375
18221,4.53515625
18222,4.54296875
18223,4.55078125
18224,4.5625
18225,0
18226,0
18227,0
18228,7.99609375
18229,-8
18230,0.00390625
18231,0
18232,0.00390625
18233,0
18234,-0.00390625
18235,0
18236,4.66796875
18237,4.6796875
18238,4.6875
18239,4.6953125
18240,4.70703125
18241,0
18242,0
18243,0
18244,7.99609375
18245,-8
18246,0.00390625
18247,0
18248,0.00390625
18249,0
18250,-0.00390625
18251,0
18252,4.8125
18253,4.82421875
18254,4.83203125
18255,4.83984375
18256,4.8515625
18257,0
18258,0
18259,0
18260,7.99609375
18261,-8
18262,0.00390625
18263,0
18264,0.00390625
18265,0
18266,-0.00390625
18267,0
18268,4.95703125
18269,4.96875
18270,4.9765625
18271,4.984375
18272,4.99609375
18273,0
18274,0
18275,0
18276,7.99609375
18277,-8
18278,0.00390625
18279,0
18280,0.00390625
18281,0
18282,-0.00390625
18283,0
18284,5.1015625
18285,5.11328125
18286,5.12109375
18287,5.12890625
18288,5.140625
18289,0
18290,0
18291,0
18292,7.99609375
18293,-8
18294,0.00390625
18295,0
18296,0.00390625
18297,0
18298,-0.00390625
18299,0
18300,5.24609375
18301,5.2578125
18302,5.265625
18303,5.2734375
18304,5.28515625
18305,0
18306,0
18307,0
18308,7.99609375
18309,-8
18310,0.00390625
18311,0
18312,0.00390625
18313,0
18314,-0.00390625
18315,0
18316,5.390625
18317,5.40234375
18318,5.41015625
18319,5.41796875
18320,5.4296875
18321,0
18322,0
18323,0
18324,7.99609375
18325,-8
18326,0.00390625
18327,0
18328,0.00390625
18329,0
18330,-0.00390625
18331,0
18332,5.53515625
18333,5.546875
18334,5.5546875
18335,5.5625
18336,5.57421875
18337,0
18338,0
18339,0
18340,7.99609375
18341,-8
18342,0.00390625
18343,0
18344,0.00390625
18345,0
18346,-0.00390625
18347,0
18348,5.6796875
18349,5.69140625
18350,5.69921875
18351,5.70703125
18352,5.71875
18353,0
18354,0
18355,0
18356,7.99609375
18357,-8
18358,0.00390625
18359,0
18360,0.00390625
18361,0
18362,-0.00390625
18363,0
18364,5.82421875
18365,5.8359375
18366,5.84375
18367,5.8515625
18368,5.86328125
18369,0
18370,0
18371,0
18372,7.99609375
18373,-8
18374,0.00390625
18375,0
18376,0.00390625
18377,0
18378,-0.00390625
18379,0
18380,5.96875
18381,5.98046875
18382,5.98828125
18383,5.99609375
18384,6.0078125
18385,0
18386,0
18387,0
18388,7.99609375
18389,-8
18390,0.00390625
18391,0
18392,0.00390625
18393,0
18394,-0.00390625
18395,0
18396,6.11328125
18397,6.125
18398,6.1328125
18399,6.140625
18400,6.15234375
18401,0
18402,0
18403,0
18404,7.99609375
18405,-8
18406,0.00390625
18407,0
18408,0.00390625
18409,0
18410,-0.00390625
18411,0
18412,6.2578125
18413,6.26953125
18414,6.27734375
18415,6.28515625
18416,6.296875
18417,0
18418,0
18419,0
18420,7.99609375
18421,-8
18422,0.00390625
18423,0
18424,0.00390625
18425,0
18426,-0.00390625
18427,0
18428,6.40234375
18429,6.4140625
18430,6.421875
18431,6.4296875
18432,6.44140625
18433,0
18434,0
18435,0
18436,7.99609375
18437,-8
18438,0.00390625
18439,0
18440,0.00390625
18441,0
18442,-0.00390625
18443,0
18444,6.546875
18445,6.55859375
18446,6.56640625
18447,6.57421875
18448,6.5859375
18449,0
18450,0
18451,0
18452,7.99609375
18453,-8
18454,0.00390625
18455,0
18456,0.00390625
18457,0
18458,-0.00390625
18459,0
18460,6.69140625
18461,6.703125
18462,6.7109375
18463,6.71875
18464,6.73046875
18465,0
18466,0
18467,0
18468,7.99609375
18469,-8
18470,0.00390625
18471,0
18472,0.00390625
18473,0
18474,-0.00390625
18475,0
18476,6.8359375
18477,6.84765625
18478,6.85546875
18479,6.86328125
18480,6.875
18481,0
18482,0
18483,0
18484,7.99609375
18485,-8
18486,0.00390625
18487,0
18488,0.00390625
18489,0
18490,-0.00390625
18491,0
18492,6.98046875
18493,6.9921875
18494,7
18495,7.0078125
18496,7.01953125
18497,0
18498,0
18499,0
18500,7.99609375
18501,-8
18502,0.00390625
18503,0
18504,0.00390625
18505,0
18506,-0.00390625
18507,0
18508,7.125
18509,7.13671875
18510,7.14453125
18511,7.15234375
18512,7.1640625
18513,0
18514,0
18515,0
18516,7.99609375
18517,-8
18518,0.00390625
18519,0
18520,0.00390625
18521,0
18522,-0.00390625
18523,0
18524,7.26953125
18525,7.28125
18526,7.2890625
18527,7.296875
18528,7.30859375
18529,0
18530,0
18531,0
18532,7.99609375
18533,-8
18534,0.00390625
18535,0
18536,0.00390625
18537,0
18538,-0.00390625
18539,0
18540,7.4140625
18541,7.42578125
18542,7.43359375
18543,7.44140625
18544,7.453125
18545,0
18546,0
18547,0
18548,7.99609375
18549,-8
18550,0.00390625
18551,0
18552,0.00390625
18553,0
18554,-0.00390625
18555,0
18556,7.55859375
18557,7.5703125
18558,7.578125
18559,7.5859375
18560,7.59765625
18561,0
18562,0
18563,0
18564,7.99609375
18565,-8
18566,0.00390625
18567,0
18568,0.00390625
18569,0
18570,-0.00390625
18571,0
18572,7.703125
18573,7.71484375
18574,7.72265625
18575,7.73046875
18576,7.7421875
18577,0
18578,0
18579,0
18580,7.99609375
18581,-8
18582,0.00390625
18583,0
18584,0.00390625
18585,0
18586,-0.00390625
18587,0
18588,7.84765625
18589,7.859375
18590,7.8671875
18591,7.875
18592,7.88671875
18593,0
18594,0
18595,0
18596,7.99609375
18597,-8
18598,0.00390625
18599,0
18600,0.00390625
18601,0
18602,-0.00390625
18603,0
18604,7.9921875
18605,-7.99609375
18606,-7.98828125
18607,-7.98046875
18608,-7.96875
18609,0
18610,0
18611,0
18612,7.99609375
18613,-8
18614,0.00390625
18615,0
18616,0.00390625
18617,0
18618,-0.00390625
18619,0
18620,-7.86328125
18621,-7.8515625
18622,-7.84375
18623,-7.8359375
18624,-7.82421875
18625,0
18626,0
18627,0
18628,7.99609375
18629,-8
18630,0.00390625
18631,0
18632,0.00390625
18633,0
18634,-0.00390625
18635,0
18636,-7.71875
18637,-7.70703125
18638,-7.69921875
18639,-7.69140625
18640,-7.6796875
18641,0
18642,0
18643,0
18644,7.99609375
18645,-8
18646,0.00390625
18647,0
18648,0.00390625
18649,0
18650,-0.00390625
18651,0
18652,-7.57421875
18653,-7.5625
18654,-7.5546875
18655,-7.546875
18656,-7.53515625
18657,0
18658,0
18659,0
18660,7.99609375
18661,-8
18662,0.00390625
18663,0
18664,0.00390625
18665,0
18666,-0.00390625
18667,0
18668,-7.4296875
18669,-7.41796875
18670,-7.41015625
18671,-7.40234375
18672,-7.390625
18673,0
18674,0
18675,0
18676,7.99609375
18677,-8
18678,0.00390625
18679,0
18680,0.00390625
18681,0
18682,-0.00390625
18683,0
18684,-7.28515625
18685,-7.2734375
18686,-7.265625
18687,-7.2578125
18688,-7.24609375
18689,0
18690,0
18691,0
18692,7.99609375
18693,-8
18694,0.00390625
18695,0
18696,0.00390625
18697,0
18698,-0.00390625
18699,0
18700,-7.140625
18701,-7.12890625
18702,-7.12109375
18703,-7.11328125
18704,-7.1015625
18705,0
18706,0
18707,0
18708,7.99609375
18709,-8
18710,0.00390625
18711,0
18712,0.00390625
18713,0
18714,-0.00390625
18715,0
18716,-6.99609375
18717,-6.984375
18718,-6.9765625
18719,-6.96875
18720,-6.95703125
18721,0
18722,0
18723,0
18724,7.99609375
18725,-8
18726,0.00390625
18727,0
18728,0.00390625
18729,0
18730,-0.00390625
18731,0
18732,-6.8515625
18733,-6.83984375
18734,-6.83203125
18735,-6.82421875
18736,-6.8125
18737,0
18738,0
18739,0
18740,7.99609375
18741,-8
18742,0.00390625
18743,0
18744,0.00390625
18745,0
18746,-0.00390625
18747,0
18748,-6.70703125
18749,-6.6953125
18750,-6.6875
18751,-6.6796875
18752,-6.66796875
18753,0
18754,0
18755,0
18756,7.99609375
18757,-8
18758,0.00390625
18759,0
18760,0.00390625
18761,0
18762,-0.00390625
18763,0
18764,-6.5625
18765,-6.55078125
18766,-6.54296875
18767,-6.53515625
18768,-6.5234375
18769,0
18770,0
18771,0
18772,7.99609375
18773,-8
18774,0.00390625
18775,0
18776,0.00390625
18777,0
18778,-0.00390625
18779,0
18780,-6.41796875
18781,-6.40625
18782,-6.3984375
18783,-6.390625
18784,-6.37890625
18785,0
18786,0
18787,0
18788,7.99609375
18789,-8
18790,0.00390625
18791,0
18792,0.00390625
18793,0
18794,-0.00390625
18795,0
18796,-6.2734375
18797,-6.26171875
18798,-6.25390625
18799,-6.24609375
18800,-6.234375
18801,0
18802,0
18803,0
18804,7.99609375
18805,-8
18806,0.00390625
18807,0
18808,0.00390625
18809,0
18810,-0.00390625
18811,0
18812,-6.12890625
18813,-6.1171875
18814,-6.109375
18815,-6.1015625
18816,-6.08984375
18817,0
18818,0
18819,0
18820,7.99609375
18821,-8
18822,0.00390625
18823,0
18824,0.00390625
18825,0
18826,-0.00390625
18827,0
18828,-5.984375
18829,-5.97265625
18830,-5.96484375
18831,-5.95703125
18832,-5.9453125
18833,0
18834,0
18835,0
18836,7.99609375
18837,-8
18838,0.00390625
18839,0
18840,0.00390625
18841,0
18842,-0.00390625
18843,0
18844,-5.83984375
18845,-5.828125
18846,-5.8203125
18847,-5.8125
18848,-5.80078125
18849,0
18850,0
18851,0
18852,7.99609375
18853,-8
18854,0.00390625
18855,0
18856,0.00390625
18857,0
18858,-0.00390625
18859,0
18860,-5.6953125
18861,-5.68359375
18862,-5.67578125
18863,-5.66796875
18864,-5.65625
18865,0
18866,0
18867,0
18868,7.99609375
18869,-8
18870,0.00390625
18871,0
18872,0.00390625
18873,0
18874,-0.00390625
18875,0
18876,-5.55078125
18877,-5.5390625
18878,-5.53125
18879,-5.5234375
18880,-5.51171875
18881,0
18882,0
18883,0
18884,7.99609375
18885,-8
18886,0.00390625
18887,0
18888,0.00390625
18889,0
18890,-0.00390625
18891,0
18892,-5.40625
18893,-5.39453125
18894,-5.38671875
18895,-5.37890625
18896,-5.3671875
18897,0
18898,0
18899,0
18900,7.99609375
18901,-8
18902,0.00390625
18903,0
18904,0.00390625
18905,0
18906,-0.00390625
18907,0
18908,-5.26171875
18909,-5.25
18910,-5.2421875
18911,-5.234375
18912,-5.22265625
18913,0
18914,0
18915,0
18916,7.99609375
18917,-8
18918,0.00390625
18919,0
18920,0.00390625
18921,0
18922,-0.00390625
18923,0
18924,-5.1171875
18925,-5.10546875
18926,-5.09765625
18927,-5.08984375
18928,-5.078125
18929,0
18930,0
18931,0
18932,7.99609375
18933,-8
18934,0.00390625
18935,0
18936,0.00390625
18937,0
18938,-0.00390625
18939,0
18940,-4.97265625
18941,-4.9609375
18942,-4.953125
18943,-4.9453125
18944,-4.93359375
18945,0
18946,0
18947,0
18948,7.99609375
18949,-8
18950,0.00390625
18951,0
18952,0.00390625
18953,0
18954,-0.00390625
18955,0
18956,-4.828125
18957,-4.81640625
18958,-4.80859375
18959,-4.80078125
18960,-4.7890625
18961,0
18962,0
18963,0
18964,7.99609375
18965,-8
18966,0.00390625
18967,0
18968,0.00390625
18969,0
18970,-0.00390625
18971,0
18972,-4.68359375
18973,-4.671875
18974,-4.6640625
18975,-4.65625
18976,-4.64453125
18977,0
18978,0
18979,0
18980,7.99609375
18981,-8
18982,0.00390625
18983,0
18984,0.00390625
18985,0
18986,-0.00390625
18987,0
18988,-4.5390625
18989,-4.52734375
18990,-4.51953125
18991,-4.51171875
18992,-4.5
18993,0
18994,0
18995,0
18996,7.99609375
18997,-8
18998,0.00390625
18999,0
19000,0.00390625
19001,0
19002,-0.00390625
19003,0
19004,-4.39453125
19005,-4.3828125
19006,-4.375
19007,-4.3671875
19008,-4.35546875
19009,0
19010,0
19011,0
19012,7.99609375
19013,-8
19014,0.00390625
19015,0
19016,0.00390625
19017,0
19018,-0.00390625
19019,0
19020,-4.25
19021,-4.23828125
19022,-4.23046875
19023,-4.22265625
19024,-4.2109375
19025,0
19026,0
19027,0
19028,7.99609375
19029,-8
19030,0.00390625
19031,0
19032,0.00390625
19033,0
19034,-0.00390625
19035,0
19036,-4.10546875
19037,-4.09375
19038,-4.0859375
19039,-4.078125
19040,-4.06640625
19041,0
19042,0
19043,0
19044,7.99609375
19045,-8
19046,0.00390625
19047,0
19048,0.00390625
19049,0
19050,-0.00390625
19051,0
19052,-3.9609375
19053,-3.94921875
19054,-3.94140625
19055,-3.93359375
19056,-3.921875
19057,0
19058,0
19059,0
19060,7.99609375
19061,-8
19062,0.00390625
19063,0
19064,0.00390625
19065,0
19066,-0.00390625
19067,0
19068,-3.81640625
19069,-3.8046875
19070,-3.796875
19071,-3.7890625
19072,-3.77734375
19073,0
19074,0
19075,0
19076,7.99609375
19077,-8
19078,0.00390625
19079,0
19080,0.00390625
19081,0
19082,-0.00390625
19083,0
19084,-3.671875
19085,-3.66015625
19086,-3.65234375
19087,-3.64453125
19088,-3.6328125
19089,0
19090,0
19091,0
19092,7.99609375
19093,-8
19094,0.00390625
19095,0
19096,0.00390625
19097,0
19098,-0.00390625
19099,0
19100,-3.52734375
19101,-3.515625
19102,-3.5078125
19103,-3.5
19104,-3.48828125
19105,0
19106,0
19107,0
19108,7.99609375
19109,-8
19110,0.00390625
19111,0
19112,0.00390625
19113,0
19114,-0.00390625
19115,0
19116,-3.3828125
19117,-3.37109375
19118,-3.36328125
19119,-3.35546875
19120,-3.34375
19121,0
19122,0
19123,0
19124,7.99609375
19125,-8
19126,0.00390625
19127,0
19128,0.00390625
19129,0
19130,-0.00390625
19131,0
19132,-3.23828125
19133,-3.2265625
19134,-3.21875
19135,-3.2109375
19136,-3.19921875
19137,0
19138,0
19139,0
19140,7.99609375
19141,-8
19142,0.00390625
19143,0
19144,0.00390625
19145,0
19146,-0.00390625
19147,0
19148,-3.09375
19149,-3.08203125
19150,-3.07421875
19151,-3.06640625
19152,-3.0546875
19153,0
19154,0
19155,0
19156,7.99609375
19157,-8
19158,0.00390625
19159,0
19160,0.00390625
19161,0
19162,-0.00390625
19163,0
19164,-2.94921875
19165,-2.9375
19166,-2.9296875
19167,-2.921875
19168,-2.91015625
19169,0
19170,0
19171,0
19172,7.99609375
19173,-8
19174,0.00390625
19175,0
19176,0.00390625
19177,0
19178,-0.00390625
19179,0
19180,-2.8046875
19181,-2.79296875
19182,-2.78515625
19183,-2.77734375
19184,-2.765625
19185,0
19186,0
19187,0
19188,7.99609375
19189,-8
19190,0.00390625
19191,0
19192,0.00390625
19193,0
19194,-0.00390625
19195,0
19196,-2.66015625
19197,-2.6484375
19198,-2.640625
19199,-2.6328125
19200,-2.62109375
19201,0
19202,0
19203,0
19204,7.99609375
19205,-8
19206,0.00390625
19207,0
19208,0.00390625
19209,0
19210,-0.00390625
19211,0
19212,-2.515625
19213,-2.50390625
19214,-2.49609375
19215,-2.48828125
19216,-2.4765625
19217,0
19218,0
19219,0
19220,7.99609375
19221,-8
19222,0.00390625
19223,0
19224,0.00390625
19225,0
19226,-0.00390625
19227,0
19228,-2.37109375
19229,-2.359375
19230,-2.3515625
19231,-2.34375
19232,-2.33203125
19233,0
19234,0
19235,0
19236,7.99609375
19237,-8
19238,0.00390625
19239,0
19240,0.00390625
19241,0
19242,-0.00390625
19243,0
19244,-2.2265625
19245,-2.21484375
19246,-2.20703125
19247,-2.19921875
19248,-2.1875
19249,0
19250,0
19251,0
19252,7.99609375
19253,-8
19254,0.00390625
19255,0
19256,0.00390625
19257,0
19258,-0.00390625
19259,0
19260,-2.08203125
19261,-2.0703125
19262,-2.0625
19263,-2.0546875
19264,-2.04296875
19265,0
19266,0
19267,0
19268,7.99609375
19269,-8
19270,0.00390625
19271,0
19272,0.00390625
19273,0
19274,-0.00390625
19275,0
19276,-1.9375
19277,-1.92578125
19278,-1.91796875
19279,-1.91015625
19280,-1.8984375
19281,0
19282,0
19283,0
19284,7.99609375
19285,-8
19286,0.00390625
19287,0
19288,0.00390625
19289,0
19290,-0.00390625
19291,0
19292,-1.79296875
19293,-1.78125
19294,-1.7734375
19295,-1.765625
19296,-1.75390625
19297,0
19298,0
19299,0
19300,7.99609375
19301,-8
19302,0.00390625
19303,0
19304,0.00390625
19305,0
19306,-0.00390625
19307,0
19308,-1.6484375
19309,-1.63671875
19310,-1.62890625
19311,-1.62109375
19312,-1.609375
19313,0
19314,0
19315,0
19316,7.99609375
19317,-8
19318,0.00390625
19319,0
19320,0.00390625
19321,0
19322,-0.00390625
19323,0
19324,-1.50390625
19325,-1.4921875
19326,-1.484375
19327,-1.4765625
19328,-1.46484375
19329,0
19330,0
19331,0
19332,7.99609375
19333,-8
19334,0.00390625
19335,0
19336,0.00390625
19337,0
19338,-0.00390625
19339,0
19340,-1.359375
19341,-1.34765625
19342,-1.33984375
19343,-1.33203125
19344,-1.3203125
19345,0
19346,0
19347,0
19348,7.99609375
19349,-8
19350,0.00390625
19351,0
19352,0.00390625
19353,0
19354,-0.00390625
19355,0
19356,-1.21484375
19357,-1.203125
19358,-1.1953125
19359,-1.1875
19360,-1.17578125
19361,0
19362,0
19363,0
19364,7.99609375
19365,-8
19366,0.00390625
19367,0
19368,0.00390625
19369,0
19370,-0.00390625
19371,0
19372,-1.0703125
19373,-1.05859375
19374,-1.05078125
19375,-1.04296875
19376,-1.03125
19377,0
19378,0
19379,0
19380,7.99609375
19381,-8
19382,0.00390625
19383,0
19384,0.00390625
19385,0
19386,-0.00390625
19387,0
19388,-0.92578125
19389,-0.9140625
19390,-0.90625
19391,-0.8984375
19392,-0.88671875
19393,0
19394,0
19395,0
19396,7.99609375
19397,-8
19398,0.00390625
19399,0
19400,0.00390625
19401,0
19402,-0.00390625
19403,0
19404,-0.78125
19405,-0.76953125
19406,-0.76171875
19407,-0.75390625
19408,-0.7421875
19409,0
19410,0
19411,0
19412,7.99609375
19413,-8
19414,0.00390625
19415,0
19416,0.00390625
19417,0
19418,-0.00390625
19419,0
19420,-0.63671875
19421,-0.625
19422,-0.6171875
19423,-0.609375
19424,-0.59765625
19425,0
19426,0
19427,0
19428,7.99609375
19429,-8
19430,0.00390625
19431,0
19432,0.00390625
19433,0
19434,-0.00390625
19435,0
19436,-0.4921875
19437,-0.48046875
19438,-0.47265625
19439,-0.46484375
19440,-0.453125
19441,0
19442,0
19443,0
19444,7.99609375
19445,-8
19446,0.00390625
19447,0
19448,0.00390625
19449,0
19450,-0.00390625
19451,0
19452,-0.34765625
19453,-0.3359375
19454,-0.328125
19455,-0.3203125
19456,-0.30859375
19457,0
19458,0
19459,0
19460,7.99609375
19461,-8
19462,0.00390625
19463,0
19464,0.00390625
19465,0
19466,-0.00390625
19467,0
19468,-0.203125
19469,-0.19140625
19470,-0.18359375
19471,-0.17578125
19472,-0.1640625
19473,0
19474,0
19475,0
19476,7.99609375
19477,-8
19478,0.00390625
19479,0
19480,0.00390625
19481,0
19482,-0.00390625
19483,0
19484,-0.05859375
19485,-0.046875
19486,-0.0390625
19487,-0.03125
19488,-0.01953125
19489,0
19490,0
19491,0
19492,7.99609375
19493,-8
19494,0.00390625
19495,0
19496,0.00390625
19497,0
19498,-0.00390625
19499,0
19500,0.0859375
19501,0.09765625
19502,0.10546875
19503,0.11328125
19504,0.125
19505,0
19506,0
19507,0
19508,7.99609375
19509,-8
19510,0.00390625
19511,0
19512,0.00390625
19513,0
19514,-0.00390625
19515,0
19516,0.23046875
19517,0.2421875
19518,0.25
19519,0.2578125
19520,0.26953125
19521,0
19522,0
19523,0
19524,7.99609375
19525,-8
19526,0.00390625
19527,0
19528,0.00390625
19529,0
19530,-0.00390625
19531,0
19532,0.375
19533,0.38671875
19534,0.39453125
19535,0.40234375
19536,0.4140625
19537,0
19538,0
19539,0
19540,7.99609375
19541,-8
19542,0.00390625
19543,0
19544,0.00390625
19545,0
19546,-0.00390625
19547,0
19548,0.51953125
19549,0.53125
19550,0.5390625
19551,0.546875
19552,0.55859375
19553,0
19554,0
19555,0
19556,7.99609375
19557,-8
19558,0.00390625
19559,0
19560,0.00390625
19561,0
19562,-0.00390625
19563,0
19564,0.6640625
19565,0.67578125
19566,0.68359375
19567,0.69140625
19568,0.703125
19569,0
19570,0
19571,0
19572,7.99609375
19573,-8
19574,0.00390625
19575,0
19576,0.00390625
19577,0
19578,-0.00390625
19579,0
19580,0.80859375
19581,0.8203125
19582,0.828125
19583,0.8359375
19584,0.84765625
19585,0
19586,0
19587,0
19588,7.99609375
19589,-8
19590,0.00390625
19591,0
19592,0.00390625
19593,0
19594,-0.00390625
19595,0
19596,0.953125
19597,0.96484375
19598,0.97265625
19599,0.98046875
19600,0.9921875
19601,0
19602,0
19603,0
19604,7.99609375
19605,-8
19606,0.00390625
19607,0
19608,0.00390625
19609,0
19610,-0.00390625
19611,0
19612,1.09765625
19613,1.109375
19614,1.1171875
19615,1.125
19616,1.13671875
19617,0
19618,0
19619,0
19620,7.99609375
19621,-8
19622,0.00390625
19623,0
19624,0.00390625
19625,0
19626,-0.00390625
19627,0
19628,1.2421875
19629,1.25390625
19630,1.26171875
19631,1.26953125
19632,1.28125
19633,0
19634,0
19635,0
19636,7.99609375
19637,-8
19638,0.00390625
19639,0
19640,0.00390625
19641,0
19642,-0.00390625
19643,0
19644,1.38671875
19645,1.3984375
19646,1.40625
19647,1.4140625
19648,1.42578125
19649,0
19650,0
19651,0
19652,7.99609375
19653,-8
19654,0.00390625
19655,0
19656,0.00390625
19657,0
19658,-0.00390625
19659,0
19660,1.53125
19661,1.54296875
19662,1.55078125
19663,1.55859375
19664,1.5703125
19665,0
19666,0
19667,0
19668,7.99609375
19669,-8
19670,0.00390625
19671,0
19672,0.00390625
19673,0
19674,-0.00390625
19675,0
19676,1.67578125
19677,1.6875
19678,1.6953125
19679,1.703125
19680,1.71484375
19681,0
19682,0
19683,0
19684,7.99609375
19685,-8
19686,0.00390625
19687,0
19688,0.00390625
19689,0
19690,-0.00390625
19691,0
19692,1.8203125
19693,1.83203125
19694,1.83984375
19695,1.84765625
19696,1.859375
19697,0
19698,0
19699,0
19700,7.99609375
19701,-8
19702,0.00390625
19703,0
19704,0.00390625
19705,0
19706,-0.00390625
19707,0
19708,1.96484375
19709,1.9765625
19710,1.984375
19711,1.9921875
19712,2.00390625
19713,0
19714,0
19715,0
19716,7.99609375
19717,-8
19718,0.00390625
19719,0
19720,0.00390625
19721,0
19722,-0.00390625
19723,0
19724,2.109375
19725,2.12109375
19726,2.12890625
19727,2.13671875
19728,2.1484375
19729,0
19730,0
19731,0
19732,7.99609375
19733,-8
19734,0.00390625
19735,0
19736,0.00390625
19737,0
19738,-0.00390625
19739,0
19740,2.25390625
19741,2.265625
19742,2.2734375
19743,2.28125
19744,2.29296875
19745,0
19746,0
19747,0
19748,7.99609375
19749,-8
19750,0.00390625
19751,0
19752,0.00390625
19753,0
19754,-0.00390625
19755,0
19756,2.3984375
19757,2.41015625
19758,2.41796875
19759,2.42578125
19760,2.4375
19761,0
19762,0
19763,0
19764,7.99609375
19765,-8
19766,0.00390625
19767,0
19768,0.00390625
19769,0
19770,-0.00390625
19771,0
19772,2.54296875
19773,2.5546875
19774,2.5625
19775,2.5703125
19776,2.58203125
19777,0
19778,0
19779,0
19780,7.99609375
19781,-8
19782,0.00390625
19783,0
19784,0.00390625
19785,0
19786,-0.00390625
19787,0
19788,2.6875
19789,2.69921875
19790,2.70703125
19791,2.71484375
19792,2.7265625
19793,0
19794,0
19795,0
19796,7.99609375
19797,-8
19798,0.00390625
19799,0
19800,0.00390625
19801,0
19802,-0.00390625
19803,0
19804,2.83203125
19805,2.84375
19806,2.8515625
19807,2.859375
19808,2.87109375
19809,0
19810,0
19811,0
19812,7.99609375
19813,-8
19814,0.00390625
19815,0
19816,0.00390625
19817,0
19818,-0.00390625
19819,0
19820,2.9765625
19821,2.98828125
19822,2.99609375
19823,3.00390625
19824,3.015625
19825,0
19826,0
19827,0
19828,7.99609375
19829,-8
19830,0.00390625
19831,0
19832,0.00390625
19833,0
19834,-0.00390625
19835,0
19836,3.12109375
19837,3.1328125
19838,3.140625
19839,3.1484375
19840,3.16015625
19841,0
19842,0
19843,0
19844,7.99609375
19845,-8
19846,0.00390625
19847,0
19848,0.00390625
19849,0
19850,-0.00390625
19851,0
19852,3.265625
19853,3.27734375
19854,3.28515625
19855,3.29296875
19856,3.3046875
19857,0
19858,0
19859,0
19860,7.99609375
19861,-8
19862,0.00390625
19863,0
19864,0.00390625
19865,0
19866,-0.00390625
19867,0
19868,3.41015625
19869,3.421875
19870,3.4296875
19871,3.4375
19872,3.44921875
19873,0
19874,0
19875,0
19876,7.99609375
19877,-8
19878,0.00390625
19879,0
19880,0.00390625
19881,0
19882,-0.00390625
19883,0
19884,3.5546875
19885,3.56640625
19886,3.57421875
19887,3.58203125
19888,3.59375
19889,0
19890,0
19891,0
19892,7.99609375
19893,-8
19894,0.00390625
19895,0
19896,0.00390625
19897,0
19898,-0.00390625
19899,0
19900,3.69921875
19901,3.7109375
19902,3.71875
19903,3.7265625
19904,3.73828125
19905,0
19906,0
19907,0
19908,7.99609375
19909,-8
19910,0.00390625
19911,0
19912,0.00390625
19913,0
19914,-0.00390625
19915,0
19916,3.84375
19917,3.85546875
19918,3.86328125
19919,3.87109375
19920,3.8828125
19921,0
19922,0
19923,0
19924,7.99609375
19925,-8
19926,0.00390625
19927,0
19928,0.00390625
19929,0
19930,-0.00390625
19931,0
19932,3.98828125
19933,4
19934,4.0078125
19935,4.015625
19936,4.02734375
19937,0
19938,0
19939,0
19940,7.99609375
19941,-8
19942,0.00390625
19943,0
19944,0.00390625
19945,0
19946,-0.00390625
19947,0
19948,4.1328125
19949,4.14453125
19950,4.15234375
19951,4.16015625
19952,4.171875
19953,0
19954,0
19955,0
19956,7.99609375
19957,-8
19958,0.00390625
19959,0
19960,0.00390625
19961,0
19962,-0.00390625
19963,0
19964,4.27734375
19965,4.2890625
19966,4.296875
19967,4.3046875
19968,4.31640625
19969,0
19970,0
19971,0
19972,7.99609375
19973,-8
19974,0.00390625
19975,0
19976,0.00390625
19977,0
19978,-0.00390625
19979,0
19980,4.421875
19981,4.43359375
19982,4.44140625
19983,4.44921875
19984,4.4609375
19985,0
19986,0
19987,0
19988,7.99609375
19989,-8
19990,0.00390625
19991,0
19992,0.00390625
19993,0
19994,-0.00390625
19995,0
19996,4.56640625
19997,4.578125
19998,4.5859375
19999,4.59375
20000,4.60546875
