cycle,o_word
1,0
2,0
3,-0.0625
4,7.9375
5,-8
6,0
7,0
8,0
9,-0.0625
10,-0.0625
11,-0.0625
12,0.75
13,0.875
14,1
15,1.1875
16,1.3125
17,0
18,0
19,-0.0625
20,7.9375
21,-8
22,0
23,0
24,0
25,-0.0625
26,-0.0625
27,-0.0625
28,3.0625
29,3.1875
30,3.3125
31,3.5
32,3.625
33,0
34,0
35,-0.0625
36,7.9375
37,-8
38,0
39,0
40,0
41,-0.0625
42,-0.0625
43,-0.0625
44,5.375
45,5.5
46,5.625
47,5.8125
48,5.9375
49,0
50,0
51,-0.0625
52,7.9375
53,-8
54,0
55,0
56,0
57,-0.0625
58,-0.0625
59,-0.0625
60,7.6875
61,7.8125
62,7.9375
63,-7.875
64,-7.75
65,0
66,0
67,-0.0625
68,7.9375
69,-8
70,0
71,0
72,0
73,-0.0625
74,-0.0625
75,-0.0625
76,-6
77,-5.875
78,-5.75
79,-5.5625
80,-5.4375
81,0
82,0
83,-0.0625
84,7.9375
85,-8
86,0
87,0
88,0
89,-0.0625
90,-0.0625
91,-0.0625
92,-3.6875
93,-3.5625
94,-3.4375
95,-3.25
96,-3.125
97,0
98,0
99,-0.0625
100,7.9375
101,-8
102,0
103,0
104,0
105,-0.0625
106,-0.0625
107,-0.0625
108,-1.375
109,-1.25
110,-1.125
111,-0.9375
112,-0.8125
113,0
114,0
115,-0.0625
116,7.9375
117,-8
118,0
119,0
120,0
121,-0.0625
122,-0.0625
123,-0.0625
124,0.9375
125,1.0625
126,1.1875
127,1.375
128,1.5
129,0
130,0
131,-0.0625
132,7.9375
133,-8
134,0
135,0
136,0
137,-0.0625
138,-0.0625
139,-0.0625
140,3.25
141,3.375
142,3.5
143,3.6875
144,3.8125
145,0
146,0
147,-0.0625
148,7.9375
149,-8
150,0
151,0
152,0
153,-0.0625
154,-0.0625
155,-0.0625
156,5.5625
157,5.6875
158,5.8125
159,6
160,6.125
161,0
162,0
163,-0.0625
164,7.9375
165,-8
166,0
167,0
168,0
169,-0.0625
170,-0.0625
171,-0.0625
172,7.875
173,-8
174,-7.875
175,-7.6875
176,-7.5625
177,0
178,0
179,-0.0625
180,7.9375
181,-8
182,0
183,0
184,0
185,-0.0625
186,-0.0625
187,-0.0625
188,-5.8125
189,-5.6875
190,-5.5625
191,-5.375
192,-5.25
193,0
194,0
195,-0.0625
196,7.9375
197,-8
198,0
199,0
200,0
201,-0.0625
202,-0.0625
203,-0.0625
204,-3.5
205,-3.375
206,-3.25
207,-3.0625
208,-2.9375
209,0
210,0
211,-0.0625
212,7.9375
213,-8
214,0
215,0
216,0
217,-0.0625
218,-0.0625
219,-0.0625
220,-1.1875
221,-1.0625
222,-0.9375
223,-0.75
224,-0.625
225,0
226,0
227,-0.0625
228,7.9375
229,-8
230,0
231,0
232,0
233,-0.0625
234,-0.0625
235,-0.0625
236,1.125
237,1.25
238,1.375
239,1.5625
240,1.6875
241,0
242,0
243,-0.0625
244,7.9375
245,-8
246,0
247,0
248,0
249,-0.0625
250,-0.0625
251,-0.0625
252,3.4375
253,3.5625
254,3.6875
255,3.875
256,4
257,0
258,0
259,-0.0625
260,7.9375
261,-8
262,0
263,0
264,0
265,-0.0625
266,-0.0625
267,-0.0625
268,5.75
269,5.875
270,6
271,6.1875
272,6.3125
273,0
274,0
275,-0.0625
276,7.9375
277,-8
278,0
279,0
280,0
281,-0.0625
282,-0.0625
283,-0.0625
284,-7.9375
285,-7.8125
286,-7.6875
287,-7.5
288,-7.375
289,0
290,0
291,-0.0625
292,7.9375
293,-8
294,0
295,0
296,0
297,-0.0625
298,-0.0625
299,-0.0625
300,-5.625
301,-5.5
302,-5.375
303,-5.1875
304,-5.0625
305,0
306,0
307,-0.0625
308,7.9375
309,-8
310,0
311,0
312,0
313,-0.0625
314,-0.0625
315,-0.0625
316,-3.3125
317,-3.1875
318,-3.0625
319,-2.875
320,-2.75
321,0
322,0
323,-0.0625
324,7.9375
325,-8
326,0
327,0
328,0
329,-0.0625
330,-0.0625
331,-0.0625
332,-1
333,-0.875
334,-0.75
335,-0.5625
336,-0.4375
337,0
338,0
339,-0.0625
340,7.9375
341,-8
342,0
343,0
344,0
345,-0.0625
346,-0.0625
347,-0.0625
348,1.3125
349,1.4375
350,1.5625
351,1.75
352,1.875
353,0
354,0
355,-0.0625
356,7.9375
357,-8
358,0
359,0
360,0
361,-0.0625
362,-0.0625
363,-0.0625
364,3.625
365,3.75
366,3.875
367,4.0625
368,4.1875
369,0
370,0
371,-0.0625
372,7.9375
373,-8
374,0
375,0
376,0
377,-0.0625
378,-0.0625
379,-0.0625
380,5.9375
381,6.0625
382,6.1875
383,6.375
384,6.5
385,0
386,0
387,-0.0625
388,7.9375
389,-8
390,0
391,0
392,0
393,-0.0625
394,-0.0625
395,-0.0625
396,-7.75
397,-7.625
398,-7.5
399,-7.3125
400,-7.1875
401,0
402,0
403,-0.0625
404,7.9375
405,-8
406,0
407,0
408,0
409,-0.0625
410,-0.0625
411,-0.0625
412,-5.4375
413,-5.3125
414,-5.1875
415,-5
416,-4.875
417,0
418,0
419,-0.0625
420,7.9375
421,-8
422,0
423,0
424,0
425,-0.0625
426,-0.0625
427,-0.0625
428,-3.125
429,-3
430,-2.875
431,-2.6875
432,-2.5625
433,0
434,0
435,-0.0625
436,7.9375
437,-8
438,0
439,0
440,0
441,-0.0625
442,-0.0625
443,-0.0625
444,-0.8125
445,-0.6875
446,-0.5625
447,-0.375
448,-0.25
449,0
450,0
451,-0.0625
452,7.9375
453,-8
454,0
455,0
456,0
457,-0.0625
458,-0.0625
459,-0.0625
460,1.5
461,1.625
462,1.75
463,1.9375
464,2.0625
465,0
466,0
467,-0.0625
468,7.9375
469,-8
470,0
471,0
472,0
473,-0.0625
474,-0.0625
475,-0.0625
476,3.8125
477,3.9375
478,4.0625
479,4.25
480,4.375
481,0
482,0
483,-0.0625
484,7.9375
485,-8
486,0
487,0
488,0
489,-0.0625
490,-0.0625
491,-0.0625
492,6.125
493,6.25
494,6.375
495,6.5625
496,6.6875
497,0
498,0
499,-0.0625
500,7.9375
501,-8
502,0
503,0
504,0
505,-0.0625
506,-0.0625
507,-0.0625
508,-7.5625
509,-7.4375
510,-7.3125
511,-7.125
512,-7
513,0
514,0
515,-0.0625
516,7.9375
517,-8
518,0
519,0
520,0
521,-0.0625
522,-0.0625
523,-0.0625
524,-5.25
525,-5.125
526,-5
527,-4.8125
528,-4.6875
529,0
530,0
531,-0.0625
532,7.9375
533,-8
534,0
535,0
536,0
537,-0.0625
538,-0.0625
539,-0.0625
540,-2.9375
541,-2.8125
542,-2.6875
543,-2.5
544,-2.375
545,0
546,0
547,-0.0625
548,7.9375
549,-8
550,0
551,0
552,0
553,-0.0625
554,-0.0625
555,-0.0625
556,-0.625
557,-0.5
558,-0.375
559,-0.1875
560,-0.0625
561,0
562,0
563,-0.0625
564,7.9375
565,-8
566,0
567,0
568,0
569,-0.0625
570,-0.0625
571,-0.0625
572,1.6875
573,1.8125
574,1.9375
575,2.125
576,2.25
577,0
578,0
579,-0.0625
580,7.9375
581,-8
582,0
583,0
584,0
585,-0.0625
586,-0.0625
587,-0.0625
588,4
589,4.125
590,4.25
591,4.4375
592,4.5625
593,0
594,0
595,-0.0625
596,7.9375
597,-8
598,0
599,0
600,0
601,-0.0625
602,-0.0625
603,-0.0625
604,6.3125
605,6.4375
606,6.5625
607,6.75
608,6.875
609,0
610,0
611,-0.0625
612,7.9375
613,-8
614,0
615,0
616,0
617,-0.0625
618,-0.0625
619,-0.0625
620,-7.375
621,-7.25
622,-7.125
623,-6.9375
624,-6.8125
625,0
626,0
627,-0.0625
628,7.9375
629,-8
630,0
631,0
632,0
633,-0.0625
634,-0.0625
635,-0.0625
636,-5.0625
637,-4.9375
638,-4.8125
639,-4.625
640,-4.5
641,0
642,0
643,-0.0625
644,7.9375
645,-8
646,0
647,0
648,0
649,-0.0625
650,-0.0625
651,-0.0625
652,-2.75
653,-2.625
654,-2.5
655,-2.3125
656,-2.1875
657,0
658,0
659,-0.0625
660,7.9375
661,-8
662,0
663,0
664,0
665,-0.0625
666,-0.0625
667,-0.0625
668,-0.4375
669,-0.3125
670,-0.1875
671,0
672,0.125
673,0
674,0
675,-0.0625
676,7.9375
677,-8
678,0
679,0
680,0
681,-0.0625
682,-0.0625
683,-0.0625
684,1.875
685,2
686,2.125
687,2.3125
688,2.4375
689,0
690,0
691,-0.0625
692,7.9375
693,-8
694,0
695,0
696,0
697,-0.0625
698,-0.0625
699,-0.0625
700,4.1875
701,4.3125
702,4.4375
703,4.625
704,4.75
705,0
706,0
707,-0.0625
708,7.9375
709,-8
710,0
711,0
712,0
713,-0.0625
714,-0.0625
715,-0.0625
716,6.5
717,6.625
718,6.75
719,6.9375
720,7.0625
721,0
722,0
723,-0.0625
724,7.9375
725,-8
726,0
727,0
728,0
729,-0.0625
730,-0.0625
731,-0.0625
732,-7.1875
733,-7.0625
734,-6.9375
735,-6.75
736,-6.625
737,0
738,0
739,-0.0625
740,7.9375
741,-8
742,0
743,0
744,0
745,-0.0625
746,-0.0625
747,-0.0625
748,-4.875
749,-4.75
750,-4.625
751,-4.4375
752,-4.3125
753,0
754,0
755,-0.0625
756,7.9375
757,-8
758,0
759,0
760,0
761,-0.0625
762,-0.0625
763,-0.0625
764,-2.5625
765,-2.4375
766,-2.3125
767,-2.125
768,-2
769,0
770,0
771,-0.0625
772,7.9375
773,-8
774,0
775,0
776,0
777,-0.0625
778,-0.0625
779,-0.0625
780,-0.25
781,-0.125
782,0
783,0.1875
784,0.3125
785,0
786,0
787,-0.0625
788,7.9375
789,-8
790,0
791,0
792,0
793,-0.0625
794,-0.0625
795,-0.0625
796,2.0625
797,2.1875
798,2.3125
799,2.5
800,2.625
801,0
802,0
803,-0.0625
804,7.9375
805,-8
806,0
807,0
808,0
809,-0.0625
810,-0.0625
811,-0.0625
812,4.375
813,4.5
814,4.625
815,4.8125
816,4.9375
817,0
818,0
819,-0.0625
820,7.9375
821,-8
822,0
823,0
824,0
825,-0.0625
826,-0.0625
827,-0.0625
828,6.6875
829,6.8125
830,6.9375
831,7.125
832,7.25
833,0
834,0
835,-0.0625
836,7.9375
837,-8
838,0
839,0
840,0
841,-0.0625
842,-0.0625
843,-0.0625
844,-7
845,-6.875
846,-6.75
847,-6.5625
848,-6.4375
849,0
850,0
851,-0.0625
852,7.9375
853,-8
854,0
855,0
856,0
857,-0.0625
858,-0.0625
859,-0.0625
860,-4.6875
861,-4.5625
862,-4.4375
863,-4.25
864,-4.125
865,0
866,0
867,-0.0625
868,7.9375
869,-8
870,0
871,0
872,0
873,-0.0625
874,-0.0625
875,-0.0625
876,-2.375
877,-2.25
878,-2.125
879,-1.9375
880,-1.8125
881,0
882,0
883,-0.0625
884,7.9375
885,-8
886,0
887,0
888,0
889,-0.0625
890,-0.0625
891,-0.0625
892,-0.0625
893,0.0625
894,0.1875
895,0.375
896,0.5
897,0
898,0
899,-0.0625
900,7.9375
901,-8
902,0
903,0
904,0
905,-0.0625
906,-0.0625
907,-0.0625
908,2.25
909,2.375
910,2.5
911,2.6875
912,2.8125
913,0
914,0
915,-0.0625
916,7.9375
917,-8
918,0
919,0
920,0
921,-0.0625
922,-0.0625
923,-0.0625
924,4.5625
925,4.6875
926,4.8125
927,5
928,5.125
929,0
930,0
931,-0.0625
932,7.9375
933,-8
934,0
935,0
936,0
937,-0.0625
938,-0.0625
939,-0.0625
940,6.875
941,7
942,7.125
943,7.3125
944,7.4375
945,0
946,0
947,-0.0625
948,7.9375
949,-8
950,0
951,0
952,0
953,-0.0625
954,-0.0625
955,-0.0625
956,-6.8125
957,-6.6875
958,-6.5625
959,-6.375
960,-6.25
961,0
962,0
963,-0.0625
964,7.9375
965,-8
966,0
967,0
968,0
969,-0.0625
970,-0.0625
971,-0.0625
972,-4.5
973,-4.375
974,-4.25
975,-4.0625
976,-3.9375
977,0
978,0
979,-0.0625
980,7.9375
981,-8
982,0
983,0
984,0
985,-0.0625
986,-0.0625
987,-0.0625
988,-2.1875
989,-2.0625
990,-1.9375
991,-1.75
992,-1.625
993,0
994,0
995,-0.0625
996,7.9375
997,-8
998,0
999,0
1000,0
1001,-0.0625
1002,-0.0625
1003,-0.0625
1004,0.125
1005,0.25
1006,0.375
1007,0.5625
1008,0.6875
1009,0
1010,0
1011,-0.0625
1012,7.9375
1013,-8
1014,0
1015,0
1016,0
1017,-0.0625
1018,-0.0625
1019,-0.0625
1020,2.4375
1021,2.5625
1022,2.6875
1023,2.875
1024,3
1025,0
1026,0
1027,-0.0625
1028,7.9375
1029,-8
1030,0
1031,0
1032,0
1033,-0.0625
1034,-0.0625
1035,-0.0625
1036,4.75
1037,4.875
1038,5
1039,5.1875
1040,5.3125
1041,0
1042,0
1043,-0.0625
1044,7.9375
1045,-8
1046,0
1047,0
1048,0
1049,-0.0625
1050,-0.0625
1051,-0.0625
1052,7.0625
1053,7.1875
1054,7.3125
1055,7.5
1056,7.625
1057,0
1058,0
1059,-0.0625
1060,7.9375
1061,-8
1062,0
1063,0
1064,0
1065,-0.0625
1066,-0.0625
1067,-0.0625
1068,-6.625
1069,-6.5
1070,-6.375
1071,-6.1875
1072,-6.0625
1073,0
1074,0
1075,-0.0625
1076,7.9375
1077,-8
1078,0
1079,0
1080,0
1081,-0.0625
1082,-0.0625
1083,-0.0625
1084,-4.3125
1085,-4.1875
1086,-4.0625
1087,-3.875
1088,-3.75
1089,0
1090,0
1091,-0.0625
1092,7.9375
1093,-8
1094,0
1095,0
1096,0
1097,-0.0625
1098,-0.0625
1099,-0.0625
1100,-2
1101,-1.875
1102,-1.75
1103,-1.5625
1104,-1.4375
1105,0
1106,0
1107,-0.0625
1108,7.9375
1109,-8
1110,0
1111,0
1112,0
1113,-0.0625
1114,-0.0625
1115,-0.0625
1116,0.3125
1117,0.4375
1118,0.5625
1119,0.75
1120,0.875
1121,0
1122,0
1123,-0.0625
1124,7.9375
1125,-8
1126,0
1127,0
1128,0
1129,-0.0625
1130,-0.0625
1131,-0.0625
1132,2.625
1133,2.75
1134,2.875
1135,3.0625
1136,3.1875
1137,0
1138,0
1139,-0.0625
1140,7.9375
1141,-8
1142,0
1143,0
1144,0
1145,-0.0625
1146,-0.0625
1147,-0.0625
1148,4.9375
1149,5.0625
1150,5.1875
1151,5.375
1152,5.5
1153,0
1154,0
1155,-0.0625
1156,7.9375
1157,-8
1158,0
1159,0
1160,0
1161,-0.0625
1162,-0.0625
1163,-0.0625
1164,7.25
1165,7.375
1166,7.5
1167,7.6875
1168,7.8125
1169,0
1170,0
1171,-0.0625
1172,7.9375
1173,-8
1174,0
1175,0
1176,0
1177,-0.0625
1178,-0.0625
1179,-0.0625
1180,-6.4375
1181,-6.3125
1182,-6.1875
1183,-6
1184,-5.875
1185,0
1186,0
1187,-0.0625
1188,7.9375
1189,-8
1190,0
1191,0
1192,0
1193,-0.0625
1194,-0.0625
1195,-0.0625
1196,-4.125
1197,-4
1198,-3.875
1199,-3.6875
1200,-3.5625
1201,0
1202,0
1203,-0.0625
1204,7.9375
1205,-8
1206,0
1207,0
1208,0
1209,-0.0625
1210,-0.0625
1211,-0.0625
1212,-1.8125
1213,-1.6875
1214,-1.5625
1215,-1.375
1216,-1.25
1217,0
1218,0
1219,-0.0625
1220,7.9375
1221,-8
1222,0
1223,0
1224,0
1225,-0.0625
1226,-0.0625
1227,-0.0625
1228,0.5
1229,0.625
1230,0.75
1231,0.9375
1232,1.0625
1233,0
1234,0
1235,-0.0625
1236,7.9375
1237,-8
1238,0
1239,0
1240,0
1241,-0.0625
1242,-0.0625
1243,-0.0625
1244,2.8125
1245,2.9375
1246,3.0625
1247,3.25
1248,3.375
1249,0
1250,0
1251,-0.0625
1252,7.9375
1253,-8
1254,0
1255,0
1256,0
1257,-0.0625
1258,-0.0625
1259,-0.0625
1260,5.125
1261,5.25
1262,5.375
1263,5.5625
1264,5.6875
1265,0
1266,0
1267,-0.0625
1268,7.9375
1269,-8
1270,0
1271,0
1272,0
1273,-0.0625
1274,-0.0625
1275,-0.0625
1276,7.4375
1277,7.5625
1278,7.6875
1279,7.875
1280,-8
1281,0
1282,0
1283,-0.0625
1284,7.9375
1285,-8
1286,0
1287,0
1288,0
1289,-0.0625
1290,-0.0625
1291,-0.0625
1292,-6.25
1293,-6.125
1294,-6
1295,-5.8125
1296,-5.6875
1297,0
1298,0
1299,-0.0625
1300,7.9375
1301,-8
1302,0
1303,0
1304,0
1305,-0.0625
1306,-0.0625
1307,-0.0625
1308,-3.9375
1309,-3.8125
1310,-3.6875
1311,-3.5
1312,-3.375
1313,0
1314,0
1315,-0.0625
1316,7.9375
1317,-8
1318,0
1319,0
1320,0
1321,-0.0625
1322,-0.0625
1323,-0.0625
1324,-1.625
1325,-1.5
1326,-1.375
1327,-1.1875
1328,-1.0625
1329,0
1330,0
1331,-0.0625
1332,7.9375
1333,-8
1334,0
1335,0
1336,0
1337,-0.0625
1338,-0.0625
1339,-0.0625
1340,0.6875
1341,0.8125
1342,0.9375
1343,1.125
1344,1.25
1345,0
1346,0
1347,-0.0625
1348,7.9375
1349,-8
1350,0
1351,0
1352,0
1353,-0.0625
1354,-0.0625
1355,-0.0625
1356,3
1357,3.125
1358,3.25
1359,3.4375
1360,3.5625
1361,0
1362,0
1363,-0.0625
1364,7.9375
1365,-8
1366,0
1367,0
1368,0
1369,-0.0625
1370,-0.0625
1371,-0.0625
1372,5.3125
1373,5.4375
1374,5.5625
1375,5.75
1376,5.875
1377,0
1378,0
1379,-0.0625
1380,7.9375
1381,-8
1382,0
1383,0
1384,0
1385,-0.0625
1386,-0.0625
1387,-0.0625
1388,7.625
1389,7.75
1390,7.875
1391,-7.9375
1392,-7.8125
1393,0
1394,0
1395,-0.0625
1396,7.9375
1397,-8
1398,0
1399,0
1400,0
1401,-0.0625
1402,-0.0625
1403,-0.0625
1404,-6.0625
1405,-5.9375
1406,-5.8125
1407,-5.625
1408,-5.5
1409,0
1410,0
1411,-0.0625
1412,7.9375
1413,-8
1414,0
1415,0
1416,0
1417,-0.0625
1418,-0.0625
1419,-0.0625
1420,-3.75
1421,-3.625
1422,-3.5
1423,-3.3125
1424,-3.1875
1425,0
1426,0
1427,-0.0625
1428,7.9375
1429,-8
1430,0
1431,0
1432,0
1433,-0.0625
1434,-0.0625
1435,-0.0625
1436,-1.4375
1437,-1.3125
1438,-1.1875
1439,-1
1440,-0.875
1441,0
1442,0
1443,-0.0625
1444,7.9375
1445,-8
1446,0
1447,0
1448,0
1449,-0.0625
1450,-0.0625
1451,-0.0625
1452,0.875
1453,1
1454,1.125
1455,1.3125
1456,1.4375
1457,0
1458,0
1459,-0.0625
1460,7.9375
1461,-8
1462,0
1463,0
1464,0
1465,-0.0625
1466,-0.0625
1467,-0.0625
1468,3.1875
1469,3.3125
1470,3.4375
1471,3.625
1472,3.75
1473,0
1474,0
1475,-0.0625
1476,7.9375
1477,-8
1478,0
1479,0
1480,0
1481,-0.0625
1482,-0.0625
1483,-0.0625
1484,5.5
1485,5.625
1486,5.75
1487,5.9375
1488,6.0625
1489,0
1490,0
1491,-0.0625
1492,7.9375
1493,-8
1494,0
1495,0
1496,0
1497,-0.0625
1498,-0.0625
1499,-0.0625
1500,7.8125
1501,7.9375
1502,-7.9375
1503,-7.75
1504,-7.625
1505,0
1506,0
1507,-0.0625
1508,7.9375
1509,-8
1510,0
1511,0
1512,0
1513,-0.0625
1514,-0.0625
1515,-0.0625
1516,-5.875
1517,-5.75
1518,-5.625
1519,-5.4375
1520,-5.3125
1521,0
1522,0
1523,-0.0625
1524,7.9375
1525,-8
1526,0
1527,0
1528,0
1529,-0.0625
1530,-0.0625
1531,-0.0625
1532,-3.5625
1533,-3.4375
1534,-3.3125
1535,-3.125
1536,-3
1537,0
1538,0
1539,-0.0625
1540,7.9375
1541,-8
1542,0
1543,0
1544,0
1545,-0.0625
1546,-0.0625
1547,-0.0625
1548,-1.25
1549,-1.125
1550,-1
1551,-0.8125
1552,-0.6875
1553,0
1554,0
1555,-0.0625
1556,7.9375
1557,-8
1558,0
1559,0
1560,0
1561,-0.0625
1562,-0.0625
1563,-0.0625
1564,1.0625
1565,1.1875
1566,1.3125
1567,1.5
1568,1.625
1569,0
1570,0
1571,-0.0625
1572,7.9375
1573,-8
1574,0
1575,0
1576,0
1577,-0.0625
1578,-0.0625
1579,-0.0625
1580,3.375
1581,3.5
1582,3.625
1583,3.8125
1584,3.9375
1585,0
1586,0
1587,-0.0625
1588,7.9375
1589,-8
1590,0
1591,0
1592,0
1593,-0.0625
1594,-0.0625
1595,-0.0625
1596,5.6875
1597,5.8125
1598,5.9375
1599,6.125
1600,6.25
1601,0
1602,0
1603,-0.0625
1604,7.9375
1605,-8
1606,0
1607,0
1608,0
1609,-0.0625
1610,-0.0625
1611,-0.0625
1612,-8
1613,-7.875
1614,-7.75
1615,-7.5625
1616,-7.4375
1617,0
1618,0
1619,-0.0625
1620,7.9375
1621,-8
1622,0
1623,0
1624,0
1625,-0.0625
1626,-0.0625
1627,-0.0625
1628,-5.6875
1629,-5.5625
1630,-5.4375
1631,-5.25
1632,-5.125
1633,0
1634,0
1635,-0.0625
1636,7.9375
1637,-8
1638,0
1639,0
1640,0
1641,-0.0625
1642,-0.0625
1643,-0.0625
1644,-3.375
1645,-3.25
1646,-3.125
1647,-2.9375
1648,-2.8125
1649,0
1650,0
1651,-0.0625
1652,7.9375
1653,-8
1654,0
1655,0
1656,0
1657,-0.0625
1658,-0.0625
1659,-0.0625
1660,-1.0625
1661,-0.9375
1662,-0.8125
1663,-0.625
1664,-0.5
1665,0
1666,0
1667,-0.0625
1668,7.9375
1669,-8
1670,0
1671,0
1672,0
1673,-0.0625
1674,-0.0625
1675,-0.0625
1676,1.25
1677,1.375
1678,1.5
1679,1.6875
1680,1.8125
1681,0
1682,0
1683,-0.0625
1684,7.9375
1685,-8
1686,0
1687,0
1688,0
1689,-0.0625
1690,-0.0625
1691,-0.0625
1692,3.5625
1693,3.6875
1694,3.8125
1695,4
1696,4.125
1697,0
1698,0
1699,-0.0625
1700,7.9375
1701,-8
1702,0
1703,0
1704,0
1705,-0.0625
1706,-0.0625
1707,-0.0625
1708,5.875
1709,6
1710,6.125
1711,6.3125
1712,6.4375
1713,0
1714,0
1715,-0.0625
1716,7.9375
1717,-8
1718,0
1719,0
1720,0
1721,-0.0625
1722,-0.0625
1723,-0.0625
1724,-7.8125
1725,-7.6875
1726,-7.5625
1727,-7.375
1728,-7.25
1729,0
1730,0
1731,-0.0625
1732,7.9375
1733,-8
1734,0
1735,0
1736,0
1737,-0.0625
1738,-0.0625
1739,-0.0625
1740,-5.5
1741,-5.375
1742,-5.25
1743,-5.0625
1744,-4.9375
1745,0
1746,0
1747,-0.0625
1748,7.9375
1749,-8
1750,0
1751,0
1752,0
1753,-0.0625
1754,-0.0625
1755,-0.0625
1756,-3.1875
1757,-3.0625
1758,-2.9375
1759,-2.75
1760,-2.625
1761,0
1762,0
1763,-0.0625
1764,7.9375
1765,-8
1766,0
1767,0
1768,0
1769,-0.0625
1770,-0.0625
1771,-0.0625
1772,-0.875
1773,-0.75
1774,-0.625
1775,-0.4375
1776,-0.3125
1777,0
1778,0
1779,-0.0625
1780,7.9375
1781,-8
1782,0
1783,0
1784,0
1785,-0.0625
1786,-0.0625
1787,-0.0625
1788,1.4375
1789,1.5625
1790,1.6875
1791,1.875
1792,2
1793,0
1794,0
1795,-0.0625
1796,7.9375
1797,-8
1798,0
1799,0
1800,0
1801,-0.0625
1802,-0.0625
1803,-0.0625
1804,3.75
1805,3.875
1806,4
1807,4.1875
1808,4.3125
1809,0
1810,0
1811,-0.0625
1812,7.9375
1813,-8
1814,0
1815,0
1816,0
1817,-0.0625
1818,-0.0625
1819,-0.0625
1820,6.0625
1821,6.1875
1822,6.3125
1823,6.5
1824,6.625
1825,0
1826,0
1827,-0.0625
1828,7.9375
1829,-8
1830,0
1831,0
1832,0
1833,-0.0625
1834,-0.0625
1835,-0.0625
1836,-7.625
1837,-7.5
1838,-7.375
1839,-7.1875
1840,-7.0625
1841,0
1842,0
1843,-0.0625
1844,7.9375
1845,-8
1846,0
1847,0
1848,0
1849,-0.0625
1850,-0.0625
1851,-0.0625
1852,-5.3125
1853,-5.1875
1854,-5.0625
1855,-4.875
1856,-4.75
1857,0
1858,0
1859,-0.0625
1860,7.9375
1861,-8
1862,0
1863,0
1864,0
1865,-0.0625
1866,-0.0625
1867,-0.0625
1868,-3
1869,-2.875
1870,-2.75
1871,-2.5625
1872,-2.4375
1873,0
1874,0
1875,-0.0625
1876,7.9375
1877,-8
1878,0
1879,0
1880,0
1881,-0.0625
1882,-0.0625
1883,-0.0625
1884,-0.6875
1885,-0.5625
1886,-0.4375
1887,-0.25
1888,-0.125
1889,0
1890,0
1891,-0.0625
1892,7.9375
1893,-8
1894,0
1895,0
1896,0
1897,-0.0625
1898,-0.0625
1899,-0.0625
1900,1.625
1901,1.75
1902,1.875
1903,2.0625
1904,2.1875
1905,0
1906,0
1907,-0.0625
1908,7.9375
1909,-8
1910,0
1911,0
1912,0
1913,-0.0625
1914,-0.0625
1915,-0.0625
1916,3.9375
1917,4.0625
1918,4.1875
1919,4.375
1920,4.5
1921,0
1922,0
1923,-0.0625
1924,7.9375
1925,-8
1926,0
1927,0
1928,0
1929,-0.0625
1930,-0.0625
1931,-0.0625
1932,6.25
1933,6.375
1934,6.5
1935,6.6875
1936,6.8125
1937,0
1938,0
1939,-0.0625
1940,7.9375
1941,-8
1942,0
1943,0
1944,0
1945,-0.0625
1946,-0.0625
1947,-0.0625
1948,-7.4375
1949,-7.3125
1950,-7.1875
1951,-7
1952,-6.875
1953,0
1954,0
1955,-0.0625
1956,7.9375
1957,-8
1958,0
1959,0
1960,0
1961,-0.0625
1962,-0.0625
1963,-0.0625
1964,-5.125
1965,-5
1966,-4.875
1967,-4.6875
1968,-4.5625
1969,0
1970,0
1971,-0.0625
1972,7.9375
1973,-8
1974,0
1975,0
1976,0
1977,-0.0625
1978,-0.0625
1979,-0.0625
1980,-2.8125
1981,-2.6875
1982,-2.5625
1983,-2.375
1984,-2.25
1985,0
1986,0
1987,-0.0625
1988,7.9375
1989,-8
1990,0
1991,0
1992,0
1993,-0.0625
1994,-0.0625
1995,-0.0625
1996,-0.5
1997,-0.375
1998,-0.25
1999,-0.0625
2000,0.0625
2001,0
2002,0
2003,-0.0625
2004,7.9375
2005,-8
2006,0
2007,0
2008,0
2009,-0.0625
2010,-0.0625
2011,-0.0625
2012,1.8125
2013,1.9375
2014,2.0625
2015,2.25
2016,2.375
2017,0
2018,0
2019,-0.0625
2020,7.9375
2021,-8
2022,0
2023,0
2024,0
2025,-0.0625
2026,-0.0625
2027,-0.0625
2028,4.125
2029,4.25
2030,4.375
2031,4.5625
2032,4.6875
2033,0
2034,0
2035,-0.0625
2036,7.9375
2037,-8
2038,0
2039,0
2040,0
2041,-0.0625
2042,-0.0625
2043,-0.0625
2044,6.4375
2045,6.5625
2046,6.6875
2047,6.875
2048,7
2049,0
2050,0
2051,-0.0625
2052,7.9375
2053,-8
2054,0
2055,0
2056,0
2057,-0.0625
2058,-0.0625
2059,-0.0625
2060,-7.25
2061,-7.125
2062,-7
2063,-6.8125
2064,-6.6875
2065,0
2066,0
2067,-0.0625
2068,7.9375
2069,-8
2070,0
2071,0
2072,0
2073,-0.0625
2074,-0.0625
2075,-0.0625
2076,-4.9375
2077,-4.8125
2078,-4.6875
2079,-4.5
2080,-4.375
2081,0
2082,0
2083,-0.0625
2084,7.9375
2085,-8
2086,0
2087,0
2088,0
2089,-0.0625
2090,-0.0625
2091,-0.0625
2092,-2.625
2093,-2.5
2094,-2.375
2095,-2.1875
2096,-2.0625
2097,0
2098,0
2099,-0.0625
2100,7.9375
2101,-8
2102,0
2103,0
2104,0
2105,-0.0625
2106,-0.0625
2107,-0.0625
2108,-0.3125
2109,-0.1875
2110,-0.0625
2111,0.125
2112,0.25
2113,0
2114,0
2115,-0.0625
2116,7.9375
2117,-8
2118,0
2119,0
2120,0
2121,-0.0625
2122,-0.0625
2123,-0.0625
2124,2
2125,2.125
2126,2.25
2127,2.4375
2128,2.5625
2129,0
2130,0
2131,-0.0625
2132,7.9375
2133,-8
2134,0
2135,0
2136,0
2137,-0.0625
2138,-0.0625
2139,-0.0625
2140,4.3125
2141,4.4375
2142,4.5625
2143,4.75
2144,4.875
2145,0
2146,0
2147,-0.0625
2148,7.9375
2149,-8
2150,0
2151,0
2152,0
2153,-0.0625
2154,-0.0625
2155,-0.0625
2156,6.625
2157,6.75
2158,6.875
2159,7.0625
2160,7.1875
2161,0
2162,0
2163,-0.0625
2164,7.9375
2165,-8
2166,0
2167,0
2168,0
2169,-0.0625
2170,-0.0625
2171,-0.0625
2172,-7.0625
2173,-6.9375
2174,-6.8125
2175,-6.625
2176,-6.5
2177,0
2178,0
2179,-0.0625
2180,7.9375
2181,-8
2182,0
2183,0
2184,0
2185,-0.0625
2186,-0.0625
2187,-0.0625
2188,-4.75
2189,-4.625
2190,-4.5
2191,-4.3125
2192,-4.1875
2193,0
2194,0
2195,-0.0625
2196,7.9375
2197,-8
2198,0
2199,0
2200,0
2201,-0.0625
2202,-0.0625
2203,-0.0625
2204,-2.4375
2205,-2.3125
2206,-2.1875
2207,-2
2208,-1.875
2209,0
2210,0
2211,-0.0625
2212,7.9375
2213,-8
2214,0
2215,0
2216,0
2217,-0.0625
2218,-0.0625
2219,-0.0625
2220,-0.125
2221,0
2222,0.125
2223,0.3125
2224,0.4375
2225,0
2226,0
2227,-0.0625
2228,7.9375
2229,-8
2230,0
2231,0
2232,0
2233,-0.0625
2234,-0.0625
2235,-0.0625
2236,2.1875
2237,2.3125
2238,2.4375
2239,2.625
2240,2.75
2241,0
2242,0
2243,-0.0625
2244,7.9375
2245,-8
2246,0
2247,0
2248,0
2249,-0.0625
2250,-0.0625
2251,-0.0625
2252,4.5
2253,4.625
2254,4.75
2255,4.9375
2256,5.0625
2257,0
2258,0
2259,-0.0625
2260,7.9375
2261,-8
2262,0
2263,0
2264,0
2265,-0.0625
2266,-0.0625
2267,-0.0625
2268,6.8125
2269,6.9375
2270,7.0625
2271,7.25
2272,7.375
2273,0
2274,0
2275,-0.0625
2276,7.9375
2277,-8
2278,0
2279,0
2280,0
2281,-0.0625
2282,-0.0625
2283,-0.0625
2284,-6.875
2285,-6.75
2286,-6.625
2287,-6.4375
2288,-6.3125
2289,0
2290,0
2291,-0.0625
2292,7.9375
2293,-8
2294,0
2295,0
2296,0
2297,-0.0625
2298,-0.0625
2299,-0.0625
2300,-4.5625
2301,-4.4375
2302,-4.3125
2303,-4.125
2304,-4
2305,0
2306,0
2307,-0.0625
2308,7.9375
2309,-8
2310,0
2311,0
2312,0
2313,-0.0625
2314,-0.0625
2315,-0.0625
2316,-2.25
2317,-2.125
2318,-2
2319,-1.8125
2320,-1.6875
2321,0
2322,0
2323,-0.0625
2324,7.9375
2325,-8
2326,0
2327,0
2328,0
2329,-0.0625
2330,-0.0625
2331,-0.0625
2332,0.0625
2333,0.1875
2334,0.3125
2335,0.5
2336,0.625
2337,0
2338,0
2339,-0.0625
2340,7.9375
2341,-8
2342,0
2343,0
2344,0
2345,-0.0625
2346,-0.0625
2347,-0.0625
2348,2.375
2349,2.5
2350,2.625
2351,2.8125
2352,2.9375
2353,0
2354,0
2355,-0.0625
2356,7.9375
2357,-8
2358,0
2359,0
2360,0
2361,-0.0625
2362,-0.0625
2363,-0.0625
2364,4.6875
2365,4.8125
2366,4.9375
2367,5.125
2368,5.25
2369,0
2370,0
2371,-0.0625
2372,7.9375
2373,-8
2374,0
2375,0
2376,0
2377,-0.0625
2378,-0.0625
2379,-0.0625
2380,7
2381,7.125
2382,7.25
2383,7.4375
2384,7.5625
2385,0
2386,0
2387,-0.0625
2388,7.9375
2389,-8
2390,0
2391,0
2392,0
2393,-0.0625
2394,-0.0625
2395,-0.0625
2396,-6.6875
2397,-6.5625
2398,-6.4375
2399,-6.25
2400,-6.125
2401,0
2402,0
2403,-0.0625
2404,7.9375
2405,-8
2406,0
2407,0
2408,0
2409,-0.0625
2410,-0.0625
2411,-0.0625
2412,-4.375
2413,-4.25
2414,-4.125
2415,-3.9375
2416,-3.8125
2417,0
2418,0
2419,-0.0625
2420,7.9375
2421,-8
2422,0
2423,0
2424,0
2425,-0.0625
2426,-0.0625
2427,-0.0625
2428,-2.0625
2429,-1.9375
2430,-1.8125
2431,-1.625
2432,-1.5
2433,0
2434,0
2435,-0.0625
2436,7.9375
2437,-8
2438,0
2439,0
2440,0
2441,-0.0625
2442,-0.0625
2443,-0.0625
2444,0.25
2445,0.375
2446,0.5
2447,0.6875
2448,0.8125
2449,0
2450,0
2451,-0.0625
2452,7.9375
2453,-8
2454,0
2455,0
2456,0
2457,-0.0625
2458,-0.0625
2459,-0.0625
2460,2.5625
2461,2.6875
2462,2.8125
2463,3
2464,3.125
2465,0
2466,0
2467,-0.0625
2468,7.9375
2469,-8
2470,0
2471,0
2472,0
2473,-0.0625
2474,-0.0625
2475,-0.0625
2476,4.875
2477,5
2478,5.125
2479,5.3125
2480,5.4375
2481,0
2482,0
2483,-0.0625
2484,7.9375
2485,-8
2486,0
2487,0
2488,0
2489,-0.0625
2490,-0.0625
2491,-0.0625
2492,7.1875
2493,7.3125
2494,7.4375
2495,7.625
2496,7.75
2497,0
2498,0
2499,-0.0625
2500,7.9375
2501,-8
2502,0
2503,0
2504,0
2505,-0.0625
2506,-0.0625
2507,-0.0625
2508,-6.5
2509,-6.375
2510,-6.25
2511,-6.0625
2512,-5.9375
2513,0
2514,0
2515,-0.0625
2516,7.9375
2517,-8
2518,0
2519,0
2520,0
2521,-0.0625
2522,-0.0625
2523,-0.0625
2524,-4.1875
2525,-4.0625
2526,-3.9375
2527,-3.75
2528,-3.625
2529,0
2530,0
2531,-0.0625
2532,7.9375
2533,-8
2534,0
2535,0
2536,0
2537,-0.0625
2538,-0.0625
2539,-0.0625
2540,-1.875
2541,-1.75
2542,-1.625
2543,-1.4375
2544,-1.3125
2545,0
2546,0
2547,-0.0625
2548,7.9375
2549,-8
2550,0
2551,0
2552,0
2553,-0.0625
2554,-0.0625
2555,-0.0625
2556,0.4375
2557,0.5625
2558,0.6875
2559,0.875
2560,1
2561,0
2562,0
2563,-0.0625
2564,7.9375
2565,-8
2566,0
2567,0
2568,0
2569,-0.0625
2570,-0.0625
2571,-0.0625
2572,2.75
2573,2.875
2574,3
2575,3.1875
2576,3.3125
2577,0
2578,0
2579,-0.0625
2580,7.9375
2581,-8
2582,0
2583,0
2584,0
2585,-0.0625
2586,-0.0625
2587,-0.0625
2588,5.0625
2589,5.1875
2590,5.3125
2591,5.5
2592,5.625
2593,0
2594,0
2595,-0.0625
2596,7.9375
2597,-8
2598,0
2599,0
2600,0
2601,-0.0625
2602,-0.0625
2603,-0.0625
2604,7.375
2605,7.5
2606,7.625
2607,7.8125
2608,7.9375
2609,0
2610,0
2611,-0.0625
2612,7.9375
2613,-8
2614,0
2615,0
2616,0
2617,-0.0625
2618,-0.0625
2619,-0.0625
2620,-6.3125
2621,-6.1875
2622,-6.0625
2623,-5.875
2624,-5.75
2625,0
2626,0
2627,-0.0625
2628,7.9375
2629,-8
2630,0
2631,0
2632,0
2633,-0.0625
2634,-0.0625
2635,-0.0625
2636,-4
2637,-3.875
2638,-3.75
2639,-3.5625
2640,-3.4375
2641,0
2642,0
2643,-0.0625
2644,7.9375
2645,-8
2646,0
2647,0
2648,0
2649,-0.0625
2650,-0.0625
2651,-0.0625
2652,-1.6875
2653,-1.5625
2654,-1.4375
2655,-1.25
2656,-1.125
2657,0
2658,0
2659,-0.0625
2660,7.9375
2661,-8
2662,0
2663,0
2664,0
2665,-0.0625
2666,-0.0625
2667,-0.0625
2668,0.625
2669,0.75
2670,0.875
2671,1.0625
2672,1.1875
2673,0
2674,0
2675,-0.0625
2676,7.9375
2677,-8
2678,0
2679,0
2680,0
2681,-0.0625
2682,-0.0625
2683,-0.0625
2684,2.9375
2685,3.0625
2686,3.1875
2687,3.375
2688,3.5
2689,0
2690,0
2691,-0.0625
2692,7.9375
2693,-8
2694,0
2695,0
2696,0
2697,-0.0625
2698,-0.0625
2699,-0.0625
2700,5.25
2701,5.375
2702,5.5
2703,5.6875
2704,5.8125
2705,0
2706,0
2707,-0.0625
2708,7.9375
2709,-8
2710,0
2711,0
2712,0
2713,-0.0625
2714,-0.0625
2715,-0.0625
2716,7.5625
2717,7.6875
2718,7.8125
2719,-8
2720,-7.875
2721,0
2722,0
2723,-0.0625
2724,7.9375
2725,-8
2726,0
2727,0
2728,0
2729,-0.0625
2730,-0.0625
2731,-0.0625
2732,-6.125
2733,-6
2734,-5.875
2735,-5.6875
2736,-5.5625
2737,0
2738,0
2739,-0.0625
2740,7.9375
2741,-8
2742,0
2743,0
2744,0
2745,-0.0625
2746,-0.0625
2747,-0.0625
2748,-3.8125
2749,-3.6875
2750,-3.5625
2751,-3.375
2752,-3.25
2753,0
2754,0
2755,-0.0625
2756,7.9375
2757,-8
2758,0
2759,0
2760,0
2761,-0.0625
2762,-0.0625
2763,-0.0625
2764,-1.5
2765,-1.375
2766,-1.25
2767,-1.0625
2768,-0.9375
2769,0
2770,0
2771,-0.0625
2772,7.9375
2773,-8
2774,0
2775,0
2776,0
2777,-0.0625
2778,-0.0625
2779,-0.0625
2780,0.8125
2781,0.9375
2782,1.0625
2783,1.25
2784,1.375
2785,0
2786,0
2787,-0.0625
2788,7.9375
2789,-8
2790,0
2791,0
2792,0
2793,-0.0625
2794,-0.0625
2795,-0.0625
2796,3.125
2797,3.25
2798,3.375
2799,3.5625
2800,3.6875
2801,0
2802,0
2803,-0.0625
2804,7.9375
2805,-8
2806,0
2807,0
2808,0
2809,-0.0625
2810,-0.0625
2811,-0.0625
2812,5.4375
2813,5.5625
2814,5.6875
2815,5.875
2816,6
2817,0
2818,0
2819,-0.0625
2820,7.9375
2821,-8
2822,0
2823,0
2824,0
2825,-0.0625
2826,-0.0625
2827,-0.0625
2828,7.75
2829,7.875
2830,-8
2831,-7.8125
2832,-7.6875
2833,0
2834,0
2835,-0.0625
2836,7.9375
2837,-8
2838,0
2839,0
2840,0
2841,-0.0625
2842,-0.0625
2843,-0.0625
2844,-5.9375
2845,-5.8125
2846,-5.6875
2847,-5.5
2848,-5.375
2849,0
2850,0
2851,-0.0625
2852,7.9375
2853,-8
2854,0
2855,0
2856,0
2857,-0.0625
2858,-0.0625
2859,-0.0625
2860,-3.625
2861,-3.5
2862,-3.375
2863,-3.1875
2864,-3.0625
2865,0
2866,0
2867,-0.0625
2868,7.9375
2869,-8
2870,0
2871,0
2872,0
2873,-0.0625
2874,-0.0625
2875,-0.0625
2876,-1.3125
2877,-1.1875
2878,-1.0625
2879,-0.875
2880,-0.75
2881,0
2882,0
2883,-0.0625
2884,7.9375
2885,-8
2886,0
2887,0
2888,0
2889,-0.0625
2890,-0.0625
2891,-0.0625
2892,1
2893,1.125
2894,1.25
2895,1.4375
2896,1.5625
2897,0
2898,0
2899,-0.0625
2900,7.9375
2901,-8
2902,0
2903,0
2904,0
2905,-0.0625
2906,-0.0625
2907,-0.0625
2908,3.3125
2909,3.4375
2910,3.5625
2911,3.75
2912,3.875
2913,0
2914,0
2915,-0.0625
2916,7.9375
2917,-8
2918,0
2919,0
2920,0
2921,-0.0625
2922,-0.0625
2923,-0.0625
2924,5.625
2925,5.75
2926,5.875
2927,6.0625
2928,6.1875
2929,0
2930,0
2931,-0.0625
2932,7.9375
2933,-8
2934,0
2935,0
2936,0
2937,-0.0625
2938,-0.0625
2939,-0.0625
2940,7.9375
2941,-7.9375
2942,-7.8125
2943,-7.625
2944,-7.5
2945,0
2946,0
2947,-0.0625
2948,7.9375
2949,-8
2950,0
2951,0
2952,0
2953,-0.0625
2954,-0.0625
2955,-0.0625
2956,-5.75
2957,-5.625
2958,-5.5
2959,-5.3125
2960,-5.1875
2961,0
2962,0
2963,-0.0625
2964,7.9375
2965,-8
2966,0
2967,0
2968,0
2969,-0.0625
2970,-0.0625
2971,-0.0625
2972,-3.4375
2973,-3.3125
2974,-3.1875
2975,-3
2976,-2.875
2977,0
2978,0
2979,-0.0625
2980,7.9375
2981,-8
2982,0
2983,0
2984,0
2985,-0.0625
2986,-0.0625
2987,-0.0625
2988,-1.125
2989,-1
2990,-0.875
2991,-0.6875
2992,-0.5625
2993,0
2994,0
2995,-0.0625
2996,7.9375
2997,-8
2998,0
2999,0
3000,0
3001,-0.0625
3002,-0.0625
3003,-0.0625
3004,1.1875
3005,1.3125
3006,1.4375
3007,1.625
3008,1.75
3009,0
3010,0
3011,-0.0625
3012,7.9375
3013,-8
3014,0
3015,0
3016,0
3017,-0.0625
3018,-0.0625
3019,-0.0625
3020,3.5
3021,3.625
3022,3.75
3023,3.9375
3024,4.0625
3025,0
3026,0
3027,-0.0625
3028,7.9375
3029,-8
3030,0
3031,0
3032,0
3033,-0.0625
3034,-0.0625
3035,-0.0625
3036,5.8125
3037,5.9375
3038,6.0625
3039,6.25
3040,6.375
3041,0
3042,0
3043,-0.0625
3044,7.9375
3045,-8
3046,0
3047,0
3048,0
3049,-0.0625
3050,-0.0625
3051,-0.0625
3052,-7.875
3053,-7.75
3054,-7.625
3055,-7.4375
3056,-7.3125
3057,0
3058,0
3059,-0.0625
3060,7.9375
3061,-8
3062,0
3063,0
3064,0
3065,-0.0625
3066,-0.0625
3067,-0.0625
3068,-5.5625
3069,-5.4375
3070,-5.3125
3071,-5.125
3072,-5
3073,0
3074,0
3075,-0.0625
3076,7.9375
3077,-8
3078,0
3079,0
3080,0
3081,-0.0625
3082,-0.0625
3083,-0.0625
3084,-3.25
3085,-3.125
3086,-3
3087,-2.8125
3088,-2.6875
3089,0
3090,0
3091,-0.0625
3092,7.9375
3093,-8
3094,0
3095,0
3096,0
3097,-0.0625
3098,-0.0625
3099,-0.0625
3100,-0.9375
3101,-0.8125
3102,-0.6875
3103,-0.5
3104,-0.375
3105,0
3106,0
3107,-0.0625
3108,7.9375
3109,-8
3110,0
3111,0
3112,0
3113,-0.0625
3114,-0.0625
3115,-0.0625
3116,1.375
3117,1.5
3118,1.625
3119,1.8125
3120,1.9375
3121,0
3122,0
3123,-0.0625
3124,7.9375
3125,-8
3126,0
3127,0
3128,0
3129,-0.0625
3130,-0.0625
3131,-0.0625
3132,3.6875
3133,3.8125
3134,3.9375
3135,4.125
3136,4.25
3137,0
3138,0
3139,-0.0625
3140,7.9375
3141,-8
3142,0
3143,0
3144,0
3145,-0.0625
3146,-0.0625
3147,-0.0625
3148,6
3149,6.125
3150,6.25
3151,6.4375
3152,6.5625
3153,0
3154,0
3155,-0.0625
3156,7.9375
3157,-8
3158,0
3159,0
3160,0
3161,-0.0625
3162,-0.0625
3163,-0.0625
3164,-7.6875
3165,-7.5625
3166,-7.4375
3167,-7.25
3168,-7.125
3169,0
3170,0
3171,-0.0625
3172,7.9375
3173,-8
3174,0
3175,0
3176,0
3177,-0.0625
3178,-0.0625
3179,-0.0625
3180,-5.375
3181,-5.25
3182,-5.125
3183,-4.9375
3184,-4.8125
3185,0
3186,0
3187,-0.0625
3188,7.9375
3189,-8
3190,0
3191,0
3192,0
3193,-0.0625
3194,-0.0625
3195,-0.0625
3196,-3.0625
3197,-2.9375
3198,-2.8125
3199,-2.625
3200,-2.5
3201,0
3202,0
3203,-0.0625
3204,7.9375
3205,-8
3206,0
3207,0
3208,0
3209,-0.0625
3210,-0.0625
3211,-0.0625
3212,-0.75
3213,-0.625
3214,-0.5
3215,-0.3125
3216,-0.1875
3217,0
3218,0
3219,-0.0625
3220,7.9375
3221,-8
3222,0
3223,0
3224,0
3225,-0.0625
3226,-0.0625
3227,-0.0625
3228,1.5625
3229,1.6875
3230,1.8125
3231,2
3232,2.125
3233,0
3234,0
3235,-0.0625
3236,7.9375
3237,-8
3238,0
3239,0
3240,0
3241,-0.0625
3242,-0.0625
3243,-0.0625
3244,3.875
3245,4
3246,4.125
3247,4.3125
3248,4.4375
3249,0
3250,0
3251,-0.0625
3252,7.9375
3253,-8
3254,0
3255,0
3256,0
3257,-0.0625
3258,-0.0625
3259,-0.0625
3260,6.1875
3261,6.3125
3262,6.4375
3263,6.625
3264,6.75
3265,0
3266,0
3267,-0.0625
3268,7.9375
3269,-8
3270,0
3271,0
3272,0
3273,-0.0625
3274,-0.0625
3275,-0.0625
3276,-7.5
3277,-7.375
3278,-7.25
3279,-7.0625
3280,-6.9375
3281,0
3282,0
3283,-0.0625
3284,7.9375
3285,-8
3286,0
3287,0
3288,0
3289,-0.0625
3290,-0.0625
3291,-0.0625
3292,-5.1875
3293,-5.0625
3294,-4.9375
3295,-4.75
3296,-4.625
3297,0
3298,0
3299,-0.0625
3300,7.9375
3301,-8
3302,0
3303,0
3304,0
3305,-0.0625
3306,-0.0625
3307,-0.0625
3308,-2.875
3309,-2.75
3310,-2.625
3311,-2.4375
3312,-2.3125
3313,0
3314,0
3315,-0.0625
3316,7.9375
3317,-8
3318,0
3319,0
3320,0
3321,-0.0625
3322,-0.0625
3323,-0.0625
3324,-0.5625
3325,-0.4375
3326,-0.3125
3327,-0.125
3328,0
3329,0
3330,0
3331,-0.0625
3332,7.9375
3333,-8
3334,0
3335,0
3336,0
3337,-0.0625
3338,-0.0625
3339,-0.0625
3340,1.75
3341,1.875
3342,2
3343,2.1875
3344,2.3125
3345,0
3346,0
3347,-0.0625
3348,7.9375
3349,-8
3350,0
3351,0
3352,0
3353,-0.0625
3354,-0.0625
3355,-0.0625
3356,4.0625
3357,4.1875
3358,4.3125
3359,4.5
3360,4.625
3361,0
3362,0
3363,-0.0625
3364,7.9375
3365,-8
3366,0
3367,0
3368,0
3369,-0.0625
3370,-0.0625
3371,-0.0625
3372,6.375
3373,6.5
3374,6.625
3375,6.8125
3376,6.9375
3377,0
3378,0
3379,-0.0625
3380,7.9375
3381,-8
3382,0
3383,0
3384,0
3385,-0.0625
3386,-0.0625
3387,-0.0625
3388,-7.3125
3389,-7.1875
3390,-7.0625
3391,-6.875
3392,-6.75
3393,0
3394,0
3395,-0.0625
3396,7.9375
3397,-8
3398,0
3399,0
3400,0
3401,-0.0625
3402,-0.0625
3403,-0.0625
3404,-5
3405,-4.875
3406,-4.75
3407,-4.5625
3408,-4.4375
3409,0
3410,0
3411,-0.0625
3412,7.9375
3413,-8
3414,0
3415,0
3416,0
3417,-0.0625
3418,-0.0625
3419,-0.0625
3420,-2.6875
3421,-2.5625
3422,-2.4375
3423,-2.25
3424,-2.125
3425,0
3426,0
3427,-0.0625
3428,7.9375
3429,-8
3430,0
3431,0
3432,0
3433,-0.0625
3434,-0.0625
3435,-0.0625
3436,-0.375
3437,-0.25
3438,-0.125
3439,0.0625
3440,0.1875
3441,0
3442,0
3443,-0.0625
3444,7.9375
3445,-8
3446,0
3447,0
3448,0
3449,-0.0625
3450,-0.0625
3451,-0.0625
3452,1.9375
3453,2.0625
3454,2.1875
3455,2.375
3456,2.5
3457,0
3458,0
3459,-0.0625
3460,7.9375
3461,-8
3462,0
3463,0
3464,0
3465,-0.0625
3466,-0.0625
3467,-0.0625
3468,4.25
3469,4.375
3470,4.5
3471,4.6875
3472,4.8125
3473,0
3474,0
3475,-0.0625
3476,7.9375
3477,-8
3478,0
3479,0
3480,0
3481,-0.0625
3482,-0.0625
3483,-0.0625
3484,6.5625
3485,6.6875
3486,6.8125
3487,7
3488,7.125
3489,0
3490,0
3491,-0.0625
3492,7.9375
3493,-8
3494,0
3495,0
3496,0
3497,-0.0625
3498,-0.0625
3499,-0.0625
3500,-7.125
3501,-7
3502,-6.875
3503,-6.6875
3504,-6.5625
3505,0
3506,0
3507,-0.0625
3508,7.9375
3509,-8
3510,0
3511,0
3512,0
3513,-0.0625
3514,-0.0625
3515,-0.0625
3516,-4.8125
3517,-4.6875
3518,-4.5625
3519,-4.375
3520,-4.25
3521,0
3522,0
3523,-0.0625
3524,7.9375
3525,-8
3526,0
3527,0
3528,0
3529,-0.0625
3530,-0.0625
3531,-0.0625
3532,-2.5
3533,-2.375
3534,-2.25
3535,-2.0625
3536,-1.9375
3537,0
3538,0
3539,-0.0625
3540,7.9375
3541,-8
3542,0
3543,0
3544,0
3545,-0.0625
3546,-0.0625
3547,-0.0625
3548,-0.1875
3549,-0.0625
3550,0.0625
3551,0.25
3552,0.375
3553,0
3554,0
3555,-0.0625
3556,7.9375
3557,-8
3558,0
3559,0
3560,0
3561,-0.0625
3562,-0.0625
3563,-0.0625
3564,2.125
3565,2.25
3566,2.375
3567,2.5625
3568,2.6875
3569,0
3570,0
3571,-0.0625
3572,7.9375
3573,-8
3574,0
3575,0
3576,0
3577,-0.0625
3578,-0.0625
3579,-0.0625
3580,4.4375
3581,4.5625
3582,4.6875
3583,4.875
3584,5
3585,0
3586,0
3587,-0.0625
3588,7.9375
3589,-8
3590,0
3591,0
3592,0
3593,-0.0625
3594,-0.0625
3595,-0.0625
3596,6.75
3597,6.875
3598,7
3599,7.1875
3600,7.3125
3601,0
3602,0
3603,-0.0625
3604,7.9375
3605,-8
3606,0
3607,0
3608,0
3609,-0.0625
3610,-0.0625
3611,-0.0625
3612,-6.9375
3613,-6.8125
3614,-6.6875
3615,-6.5
3616,-6.375
3617,0
3618,0
3619,-0.0625
3620,7.9375
3621,-8
3622,0
3623,0
3624,0
3625,-0.0625
3626,-0.0625
3627,-0.0625
3628,-4.625
3629,-4.5
3630,-4.375
3631,-4.1875
3632,-4.0625
3633,0
3634,0
3635,-0.0625
3636,7.9375
3637,-8
3638,0
3639,0
3640,0
3641,-0.0625
3642,-0.0625
3643,-0.0625
3644,-2.3125
3645,-2.1875
3646,-2.0625
3647,-1.875
3648,-1.75
3649,0
3650,0
3651,-0.0625
3652,7.9375
3653,-8
3654,0
3655,0
3656,0
3657,-0.0625
3658,-0.0625
3659,-0.0625
3660,0
3661,0.125
3662,0.25
3663,0.4375
3664,0.5625
3665,0
3666,0
3667,-0.0625
3668,7.9375
3669,-8
3670,0
3671,0
3672,0
3673,-0.0625
3674,-0.0625
3675,-0.0625
3676,2.3125
3677,2.4375
3678,2.5625
3679,2.75
3680,2.875
3681,0
3682,0
3683,-0.0625
3684,7.9375
3685,-8
3686,0
3687,0
3688,0
3689,-0.0625
3690,-0.0625
3691,-0.0625
3692,4.625
3693,4.75
3694,4.875
3695,5.0625
3696,5.1875
3697,0
3698,0
3699,-0.0625
3700,7.9375
3701,-8
3702,0
3703,0
3704,0
3705,-0.0625
3706,-0.0625
3707,-0.0625
3708,6.9375
3709,7.0625
3710,7.1875
3711,7.375
3712,7.5
3713,0
3714,0
3715,-0.0625
3716,7.9375
3717,-8
3718,0
3719,0
3720,0
3721,-0.0625
3722,-0.0625
3723,-0.0625
3724,-6.75
3725,-6.625
3726,-6.5
3727,-6.3125
3728,-6.1875
3729,0
3730,0
3731,-0.0625
3732,7.9375
3733,-8
3734,0
3735,0
3736,0
3737,-0.0625
3738,-0.0625
3739,-0.0625
3740,-4.4375
3741,-4.3125
3742,-4.1875
3743,-4
3744,-3.875
3745,0
3746,0
3747,-0.0625
3748,7.9375
3749,-8
3750,0
3751,0
3752,0
3753,-0.0625
3754,-0.0625
3755,-0.0625
3756,-2.125
3757,-2
3758,-1.875
3759,-1.6875
3760,-1.5625
3761,0
3762,0
3763,-0.0625
3764,7.9375
3765,-8
3766,0
3767,0
3768,0
3769,-0.0625
3770,-0.0625
3771,-0.0625
3772,0.1875
3773,0.3125
3774,0.4375
3775,0.625
3776,0.75
3777,0
3778,0
3779,-0.0625
3780,7.9375
3781,-8
3782,0
3783,0
3784,0
3785,-0.0625
3786,-0.0625
3787,-0.0625
3788,2.5
3789,2.625
3790,2.75
3791,2.9375
3792,3.0625
3793,0
3794,0
3795,-0.0625
3796,7.9375
3797,-8
3798,0
3799,0
3800,0
3801,-0.0625
3802,-0.0625
3803,-0.0625
3804,4.8125
3805,4.9375
3806,5.0625
3807,5.25
3808,5.375
3809,0
3810,0
3811,-0.0625
3812,7.9375
3813,-8
3814,0
3815,0
3816,0
3817,-0.0625
3818,-0.0625
3819,-0.0625
3820,7.125
3821,7.25
3822,7.375
3823,7.5625
3824,7.6875
3825,0
3826,0
3827,-0.0625
3828,7.9375
3829,-8
3830,0
3831,0
3832,0
3833,-0.0625
3834,-0.0625
3835,-0.0625
3836,-6.5625
3837,-6.4375
3838,-6.3125
3839,-6.125
3840,-6
3841,0
3842,0
3843,-0.0625
3844,7.9375
3845,-8
3846,0
3847,0
3848,0
3849,-0.0625
3850,-0.0625
3851,-0.0625
3852,-4.25
3853,-4.125
3854,-4
3855,-3.8125
3856,-3.6875
3857,0
3858,0
3859,-0.0625
3860,7.9375
3861,-8
3862,0
3863,0
3864,0
3865,-0.0625
3866,-0.0625
3867,-0.0625
3868,-1.9375
3869,-1.8125
3870,-1.6875
3871,-1.5
3872,-1.375
3873,0
3874,0
3875,-0.0625
3876,7.9375
3877,-8
3878,0
3879,0
3880,0
3881,-0.0625
3882,-0.0625
3883,-0.0625
3884,0.375
3885,0.5
3886,0.625
3887,0.8125
3888,0.9375
3889,0
3890,0
3891,-0.0625
3892,7.9375
3893,-8
3894,0
3895,0
3896,0
3897,-0.0625
3898,-0.0625
3899,-0.0625
3900,2.6875
3901,2.8125
3902,2.9375
3903,3.125
3904,3.25
3905,0
3906,0
3907,-0.0625
3908,7.9375
3909,-8
3910,0
3911,0
3912,0
3913,-0.0625
3914,-0.0625
3915,-0.0625
3916,5
3917,5.125
3918,5.25
3919,5.4375
3920,5.5625
3921,0
3922,0
3923,-0.0625
3924,7.9375
3925,-8
3926,0
3927,0
3928,0
3929,-0.0625
3930,-0.0625
3931,-0.0625
3932,7.3125
3933,7.4375
3934,7.5625
3935,7.75
3936,7.875
3937,0
3938,0
3939,-0.0625
3940,7.9375
3941,-8
3942,0
3943,0
3944,0
3945,-0.0625
3946,-0.0625
3947,-0.0625
3948,-6.375
3949,-6.25
3950,-6.125
3951,-5.9375
3952,-5.8125
3953,0
3954,0
3955,-0.0625
3956,7.9375
3957,-8
3958,0
3959,0
3960,0
3961,-0.0625
3962,-0.0625
3963,-0.0625
3964,-4.0625
3965,-3.9375
3966,-3.8125
3967,-3.625
3968,-3.5
3969,0
3970,0
3971,-0.0625
3972,7.9375
3973,-8
3974,0
3975,0
3976,0
3977,-0.0625
3978,-0.0625
3979,-0.0625
3980,-1.75
3981,-1.625
3982,-1.5
3983,-1.3125
3984,-1.1875
3985,0
3986,0
3987,-0.0625
3988,7.9375
3989,-8
3990,0
3991,0
3992,0
3993,-0.0625
3994,-0.0625
3995,-0.0625
3996,0.5625
3997,0.6875
3998,0.8125
3999,1
4000,1.125
4001,0
4002,0
4003,-0.0625
4004,7.9375
4005,-8
4006,0
4007,0
4008,0
4009,-0.0625
4010,-0.0625
4011,-0.0625
4012,2.875
4013,3
4014,3.125
4015,3.3125
4016,3.4375
4017,0
4018,0
4019,-0.0625
4020,7.9375
4021,-8
4022,0
4023,0
4024,0
4025,-0.0625
4026,-0.0625
4027,-0.0625
4028,5.1875
4029,5.3125
4030,5.4375
4031,5.625
4032,5.75
4033,0
4034,0
4035,-0.0625
4036,7.9375
4037,-8
4038,0
4039,0
4040,0
4041,-0.0625
4042,-0.0625
4043,-0.0625
4044,7.5
4045,7.625
4046,7.75
4047,7.9375
4048,-7.9375
4049,0
4050,0
4051,-0.0625
4052,7.9375
4053,-8
4054,0
4055,0
4056,0
4057,-0.0625
4058,-0.0625
4059,-0.0625
4060,-6.1875
4061,-6.0625
4062,-5.9375
4063,-5.75
4064,-5.625
4065,0
4066,0
4067,-0.0625
4068,7.9375
4069,-8
4070,0
4071,0
4072,0
4073,-0.0625
4074,-0.0625
4075,-0.0625
4076,-3.875
4077,-3.75
4078,-3.625
4079,-3.4375
4080,-3.3125
4081,0
4082,0
4083,-0.0625
4084,7.9375
4085,-8
4086,0
4087,0
4088,0
4089,-0.0625
4090,-0.0625
4091,-0.0625
4092,-1.5625
4093,-1.4375
4094,-1.3125
4095,-1.125
4096,-1
4097,0
4098,0
4099,-0.0625
4100,7.9375
4101,-8
4102,0
4103,0
4104,0
4105,-0.0625
4106,-0.0625
4107,-0.0625
4108,0.75
4109,0.875
4110,1
4111,1.1875
4112,1.3125
4113,0
4114,0
4115,-0.0625
4116,7.9375
4117,-8
4118,0
4119,0
4120,0
4121,-0.0625
4122,-0.0625
4123,-0.0625
4124,3.0625
4125,3.1875
4126,3.3125
4127,3.5
4128,3.625
4129,0
4130,0
4131,-0.0625
4132,7.9375
4133,-8
4134,0
4135,0
4136,0
4137,-0.0625
4138,-0.0625
4139,-0.0625
4140,5.375
4141,5.5
4142,5.625
4143,5.8125
4144,5.9375
4145,0
4146,0
4147,-0.0625
4148,7.9375
4149,-8
4150,0
4151,0
4152,0
4153,-0.0625
4154,-0.0625
4155,-0.0625
4156,7.6875
4157,7.8125
4158,7.9375
4159,-7.875
4160,-7.75
4161,0
4162,0
4163,-0.0625
4164,7.9375
4165,-8
4166,0
4167,0
4168,0
4169,-0.0625
4170,-0.0625
4171,-0.0625
4172,-6
4173,-5.875
4174,-5.75
4175,-5.5625
4176,-5.4375
4177,0
4178,0
4179,-0.0625
4180,7.9375
4181,-8
4182,0
4183,0
4184,0
4185,-0.0625
4186,-0.0625
4187,-0.0625
4188,-3.6875
4189,-3.5625
4190,-3.4375
4191,-3.25
4192,-3.125
4193,0
4194,0
4195,-0.0625
4196,7.9375
4197,-8
4198,0
4199,0
4200,0
4201,-0.0625
4202,-0.0625
4203,-0.0625
4204,-1.375
4205,-1.25
4206,-1.125
4207,-0.9375
4208,-0.8125
4209,0
4210,0
4211,-0.0625
4212,7.9375
4213,-8
4214,0
4215,0
4216,0
4217,-0.0625
4218,-0.0625
4219,-0.0625
4220,0.9375
4221,1.0625
4222,1.1875
4223,1.375
4224,1.5
4225,0
4226,0
4227,-0.0625
4228,7.9375
4229,-8
4230,0
4231,0
4232,0
4233,-0.0625
4234,-0.0625
4235,-0.0625
4236,3.25
4237,3.375
4238,3.5
4239,3.6875
4240,3.8125
4241,0
4242,0
4243,-0.0625
4244,7.9375
4245,-8
4246,0
4247,0
4248,0
4249,-0.0625
4250,-0.0625
4251,-0.0625
4252,5.5625
4253,5.6875
4254,5.8125
4255,6
4256,6.125
4257,0
4258,0
4259,-0.0625
4260,7.9375
4261,-8
4262,0
4263,0
4264,0
4265,-0.0625
4266,-0.0625
4267,-0.0625
4268,7.875
4269,-8
4270,-7.875
4271,-7.6875
4272,-7.5625
4273,0
4274,0
4275,-0.0625
4276,7.9375
4277,-8
4278,0
4279,0
4280,0
4281,-0.0625
4282,-0.0625
4283,-0.0625
4284,-5.8125
4285,-5.6875
4286,-5.5625
4287,-5.375
4288,-5.25
4289,0
4290,0
4291,-0.0625
4292,7.9375
4293,-8
4294,0
4295,0
4296,0
4297,-0.0625
4298,-0.0625
4299,-0.0625
4300,-3.5
4301,-3.375
4302,-3.25
4303,-3.0625
4304,-2.9375
4305,0
4306,0
4307,-0.0625
4308,7.9375
4309,-8
4310,0
4311,0
4312,0
4313,-0.0625
4314,-0.0625
4315,-0.0625
4316,-1.1875
4317,-1.0625
4318,-0.9375
4319,-0.75
4320,-0.625
4321,0
4322,0
4323,-0.0625
4324,7.9375
4325,-8
4326,0
4327,0
4328,0
4329,-0.0625
4330,-0.0625
4331,-0.0625
4332,1.125
4333,1.25
4334,1.375
4335,1.5625
4336,1.6875
4337,0
4338,0
4339,-0.0625
4340,7.9375
4341,-8
4342,0
4343,0
4344,0
4345,-0.0625
4346,-0.0625
4347,-0.0625
4348,3.4375
4349,3.5625
4350,3.6875
4351,3.875
4352,4
4353,0
4354,0
4355,-0.0625
4356,7.9375
4357,-8
4358,0
4359,0
4360,0
4361,-0.0625
4362,-0.0625
4363,-0.0625
4364,5.75
4365,5.875
4366,6
4367,6.1875
4368,6.3125
4369,0
4370,0
4371,-0.0625
4372,7.9375
4373,-8
4374,0
4375,0
4376,0
4377,-0.0625
4378,-0.0625
4379,-0.0625
4380,-7.9375
4381,-7.8125
4382,-7.6875
4383,-7.5
4384,-7.375
4385,0
4386,0
4387,-0.0625
4388,7.9375
4389,-8
4390,0
4391,0
4392,0
4393,-0.0625
4394,-0.0625
4395,-0.0625
4396,-5.625
4397,-5.5
4398,-5.375
4399,-5.1875
4400,-5.0625
4401,0
4402,0
4403,-0.0625
4404,7.9375
4405,-8
4406,0
4407,0
4408,0
4409,-0.0625
4410,-0.0625
4411,-0.0625
4412,-3.3125
4413,-3.1875
4414,-3.0625
4415,-2.875
4416,-2.75
4417,0
4418,0
4419,-0.0625
4420,7.9375
4421,-8
4422,0
4423,0
4424,0
4425,-0.0625
4426,-0.0625
4427,-0.0625
4428,-1
4429,-0.875
4430,-0.75
4431,-0.5625
4432,-0.4375
4433,0
4434,0
4435,-0.0625
4436,7.9375
4437,-8
4438,0
4439,0
4440,0
4441,-0.0625
4442,-0.0625
4443,-0.0625
4444,1.3125
4445,1.4375
4446,1.5625
4447,1.75
4448,1.875
4449,0
4450,0
4451,-0.0625
4452,7.9375
4453,-8
4454,0
4455,0
4456,0
4457,-0.0625
4458,-0.0625
4459,-0.0625
4460,3.625
4461,3.75
4462,3.875
4463,4.0625
4464,4.1875
4465,0
4466,0
4467,-0.0625
4468,7.9375
4469,-8
4470,0
4471,0
4472,0
4473,-0.0625
4474,-0.0625
4475,-0.0625
4476,5.9375
4477,6.0625
4478,6.1875
4479,6.375
4480,6.5
4481,0
4482,0
4483,-0.0625
4484,7.9375
4485,-8
4486,0
4487,0
4488,0
4489,-0.0625
4490,-0.0625
4491,-0.0625
4492,-7.75
4493,-7.625
4494,-7.5
4495,-7.3125
4496,-7.1875
4497,0
4498,0
4499,-0.0625
4500,7.9375
4501,-8
4502,0
4503,0
4504,0
4505,-0.0625
4506,-0.0625
4507,-0.0625
4508,-5.4375
4509,-5.3125
4510,-5.1875
4511,-5
4512,-4.875
4513,0
4514,0
4515,-0.0625
4516,7.9375
4517,-8
4518,0
4519,0
4520,0
4521,-0.0625
4522,-0.0625
4523,-0.0625
4524,-3.125
4525,-3
4526,-2.875
4527,-2.6875
4528,-2.5625
4529,0
4530,0
4531,-0.0625
4532,7.9375
4533,-8
4534,0
4535,0
4536,0
4537,-0.0625
4538,-0.0625
4539,-0.0625
4540,-0.8125
4541,-0.6875
4542,-0.5625
4543,-0.375
4544,-0.25
4545,0
4546,0
4547,-0.0625
4548,7.9375
4549,-8
4550,0
4551,0
4552,0
4553,-0.0625
4554,-0.0625
4555,-0.0625
4556,1.5
4557,1.625
4558,1.75
4559,1.9375
4560,2.0625
4561,0
4562,0
4563,-0.0625
4564,7.9375
4565,-8
4566,0
4567,0
4568,0
4569,-0.0625
4570,-0.0625
4571,-0.0625
4572,3.8125
4573,3.9375
4574,4.0625
4575,4.25
4576,4.375
4577,0
4578,0
4579,-0.0625
4580,7.9375
4581,-8
4582,0
4583,0
4584,0
4585,-0.0625
4586,-0.0625
4587,-0.0625
4588,6.125
4589,6.25
4590,6.375
4591,6.5625
4592,6.6875
4593,0
4594,0
4595,-0.0625
4596,7.9375
4597,-8
4598,0
4599,0
4600,0
4601,-0.0625
4602,-0.0625
4603,-0.0625
4604,-7.5625
4605,-7.4375
4606,-7.3125
4607,-7.125
4608,-7
4609,0
4610,0
4611,-0.0625
4612,7.9375
4613,-8
4614,0
4615,0
4616,0
4617,-0.0625
4618,-0.0625
4619,-0.0625
4620,-5.25
4621,-5.125
4622,-5
4623,-4.8125
4624,-4.6875
4625,0
4626,0
4627,-0.0625
4628,7.9375
4629,-8
4630,0
4631,0
4632,0
4633,-0.0625
4634,-0.0625
4635,-0.0625
4636,-2.9375
4637,-2.8125
4638,-2.6875
4639,-2.5
4640,-2.375
4641,0
4642,0
4643,-0.0625
4644,7.9375
4645,-8
4646,0
4647,0
4648,0
4649,-0.0625
4650,-0.0625
4651,-0.0625
4652,-0.625
4653,-0.5
4654,-0.375
4655,-0.1875
4656,-0.0625
4657,0
4658,0
4659,-0.0625
4660,7.9375
4661,-8
4662,0
4663,0
4664,0
4665,-0.0625
4666,-0.0625
4667,-0.0625
4668,1.6875
4669,1.8125
4670,1.9375
4671,2.125
4672,2.25
4673,0
4674,0
4675,-0.0625
4676,7.9375
4677,-8
4678,0
4679,0
4680,0
4681,-0.0625
4682,-0.0625
4683,-0.0625
4684,4
4685,4.125
4686,4.25
4687,4.4375
4688,4.5625
4689,0
4690,0
4691,-0.0625
4692,7.9375
4693,-8
4694,0
4695,0
4696,0
4697,-0.0625
4698,-0.0625
4699,-0.0625
4700,6.3125
4701,6.4375
4702,6.5625
4703,6.75
4704,6.875
4705,0
4706,0
4707,-0.0625
4708,7.9375
4709,-8
4710,0
4711,0
4712,0
4713,-0.0625
4714,-0.0625
4715,-0.0625
4716,-7.375
4717,-7.25
4718,-7.125
4719,-6.9375
4720,-6.8125
4721,0
4722,0
4723,-0.0625
4724,7.9375
4725,-8
4726,0
4727,0
4728,0
4729,-0.0625
4730,-0.0625
4731,-0.0625
4732,-5.0625
4733,-4.9375
4734,-4.8125
4735,-4.625
4736,-4.5
4737,0
4738,0
4739,-0.0625
4740,7.9375
4741,-8
4742,0
4743,0
4744,0
4745,-0.0625
4746,-0.0625
4747,-0.0625
4748,-2.75
4749,-2.625
4750,-2.5
4751,-2.3125
4752,-2.1875
4753,0
4754,0
4755,-0.0625
4756,7.9375
4757,-8
4758,0
4759,0
4760,0
4761,-0.0625
4762,-0.0625
4763,-0.0625
4764,-0.4375
4765,-0.3125
4766,-0.1875
4767,0
4768,0.125
4769,0
4770,0
4771,-0.0625
4772,7.9375
4773,-8
4774,0
4775,0
4776,0
4777,-0.0625
4778,-0.0625
4779,-0.0625
4780,1.875
4781,2
4782,2.125
4783,2.3125
4784,2.4375
4785,0
4786,0
4787,-0.0625
4788,7.9375
4789,-8
4790,0
4791,0
4792,0
4793,-0.0625
4794,-0.0625
4795,-0.0625
4796,4.1875
4797,4.3125
4798,4.4375
4799,4.625
4800,4.75
4801,0
4802,0
4803,-0.0625
4804,7.9375
4805,-8
4806,0
4807,0
4808,0
4809,-0.0625
4810,-0.0625
4811,-0.0625
4812,6.5
4813,6.625
4814,6.75
4815,6.9375
4816,7.0625
4817,0
4818,0
4819,-0.0625
4820,7.9375
4821,-8
4822,0
4823,0
4824,0
4825,-0.0625
4826,-0.0625
4827,-0.0625
4828,-7.1875
4829,-7.0625
4830,-6.9375
4831,-6.75
4832,-6.625
4833,0
4834,0
4835,-0.0625
4836,7.9375
4837,-8
4838,0
4839,0
4840,0
4841,-0.0625
4842,-0.0625
4843,-0.0625
4844,-4.875
4845,-4.75
4846,-4.625
4847,-4.4375
4848,-4.3125
4849,0
4850,0
4851,-0.0625
4852,7.9375
4853,-8
4854,0
4855,0
4856,0
4857,-0.0625
4858,-0.0625
4859,-0.0625
4860,-2.5625
4861,-2.4375
4862,-2.3125
4863,-2.125
4864,-2
4865,0
4866,0
4867,-0.0625
4868,7.9375
4869,-8
4870,0
4871,0
4872,0
4873,-0.0625
4874,-0.0625
4875,-0.0625
4876,-0.25
4877,-0.125
4878,0
4879,0.1875
4880,0.3125
4881,0
4882,0
4883,-0.0625
4884,7.9375
4885,-8
4886,0
4887,0
4888,0
4889,-0.0625
4890,-0.0625
4891,-0.0625
4892,2.0625
4893,2.1875
4894,2.3125
4895,2.5
4896,2.625
4897,0
4898,0
4899,-0.0625
4900,7.9375
4901,-8
4902,0
4903,0
4904,0
4905,-0.0625
4906,-0.0625
4907,-0.0625
4908,4.375
4909,4.5
4910,4.625
4911,4.8125
4912,4.9375
4913,0
4914,0
4915,-0.0625
4916,7.9375
4917,-8
4918,0
4919,0
4920,0
4921,-0.0625
4922,-0.0625
4923,-0.0625
4924,6.6875
4925,6.8125
4926,6.9375
4927,7.125
4928,7.25
4929,0
4930,0
4931,-0.0625
4932,7.9375
4933,-8
4934,0
4935,0
4936,0
4937,-0.0625
4938,-0.0625
4939,-0.0625
4940,-7
4941,-6.875
4942,-6.75
4943,-6.5625
4944,-6.4375
4945,0
4946,0
4947,-0.0625
4948,7.9375
4949,-8
4950,0
4951,0
4952,0
4953,-0.0625
4954,-0.0625
4955,-0.0625
4956,-4.6875
4957,-4.5625
4958,-4.4375
4959,-4.25
4960,-4.125
4961,0
4962,0
4963,-0.0625
4964,7.9375
4965,-8
4966,0
4967,0
4968,0
4969,-0.0625
4970,-0.0625
4971,-0.0625
4972,-2.375
4973,-2.25
4974,-2.125
4975,-1.9375
4976,-1.8125
4977,0
4978,0
4979,-0.0625
4980,7.9375
4981,-8
4982,0
4983,0
4984,0
4985,-0.0625
4986,-0.0625
4987,-0.0625
4988,-0.0625
4989,0.0625
4990,0.1875
4991,0.375
4992,0.5
4993,0
4994,0
4995,-0.0625
4996,7.9375
4997,-8
4998,0
4999,0
5000,0
5001,-0.0625
5002,-0.0625
5003,-0.0625
5004,2.25
5005,2.375
5006,2.5
5007,2.6875
5008,2.8125
5009,0
5010,0
5011,-0.0625
5012,7.9375
5013,-8
5014,0
5015,0
5016,0
5017,-0.0625
5018,-0.0625
5019,-0.0625
5020,4.5625
5021,4.6875
5022,4.8125
5023,5
5024,5.125
5025,0
5026,0
5027,-0.0625
5028,7.9375
5029,-8
5030,0
5031,0
5032,0
5033,-0.0625
5034,-0.0625
5035,-0.0625
5036,6.875
5037,7
5038,7.125
5039,7.3125
5040,7.4375
5041,0
5042,0
5043,-0.0625
5044,7.9375
5045,-8
5046,0
5047,0
5048,0
5049,-0.0625
5050,-0.0625
5051,-0.0625
5052,-6.8125
5053,-6.6875
5054,-6.5625
5055,-6.375
5056,-6.25
5057,0
5058,0
5059,-0.0625
5060,7.9375
5061,-8
5062,0
5063,0
5064,0
5065,-0.0625
5066,-0.0625
5067,-0.0625
5068,-4.5
5069,-4.375
5070,-4.25
5071,-4.0625
5072,-3.9375
5073,0
5074,0
5075,-0.0625
5076,7.9375
5077,-8
5078,0
5079,0
5080,0
5081,-0.0625
5082,-0.0625
5083,-0.0625
5084,-2.1875
5085,-2.0625
5086,-1.9375
5087,-1.75
5088,-1.625
5089,0
5090,0
5091,-0.0625
5092,7.9375
5093,-8
5094,0
5095,0
5096,0
5097,-0.0625
5098,-0.0625
5099,-0.0625
5100,0.125
5101,0.25
5102,0.375
5103,0.5625
5104,0.6875
5105,0
5106,0
5107,-0.0625
5108,7.9375
5109,-8
5110,0
5111,0
5112,0
5113,-0.0625
5114,-0.0625
5115,-0.0625
5116,2.4375
5117,2.5625
5118,2.6875
5119,2.875
5120,3
5121,0
5122,0
5123,-0.0625
5124,7.9375
5125,-8
5126,0
5127,0
5128,0
5129,-0.0625
5130,-0.0625
5131,-0.0625
5132,4.75
5133,4.875
5134,5
5135,5.1875
5136,5.3125
5137,0
5138,0
5139,-0.0625
5140,7.9375
5141,-8
5142,0
5143,0
5144,0
5145,-0.0625
5146,-0.0625
5147,-0.0625
5148,7.0625
5149,7.1875
5150,7.3125
5151,7.5
5152,7.625
5153,0
5154,0
5155,-0.0625
5156,7.9375
5157,-8
5158,0
5159,0
5160,0
5161,-0.0625
5162,-0.0625
5163,-0.0625
5164,-6.625
5165,-6.5
5166,-6.375
5167,-6.1875
5168,-6.0625
5169,0
5170,0
5171,-0.0625
5172,7.9375
5173,-8
5174,0
5175,0
5176,0
5177,-0.0625
5178,-0.0625
5179,-0.0625
5180,-4.3125
5181,-4.1875
5182,-4.0625
5183,-3.875
5184,-3.75
5185,0
5186,0
5187,-0.0625
5188,7.9375
5189,-8
5190,0
5191,0
5192,0
5193,-0.0625
5194,-0.0625
5195,-0.0625
5196,-2
5197,-1.875
5198,-1.75
5199,-1.5625
5200,-1.4375
5201,0
5202,0
5203,-0.0625
5204,7.9375
5205,-8
5206,0
5207,0
5208,0
5209,-0.0625
5210,-0.0625
5211,-0.0625
5212,0.3125
5213,0.4375
5214,0.5625
5215,0.75
5216,0.875
5217,0
5218,0
5219,-0.0625
5220,7.9375
5221,-8
5222,0
5223,0
5224,0
5225,-0.0625
5226,-0.0625
5227,-0.0625
5228,2.625
5229,2.75
5230,2.875
5231,3.0625
5232,3.1875
5233,0
5234,0
5235,-0.0625
5236,7.9375
5237,-8
5238,0
5239,0
5240,0
5241,-0.0625
5242,-0.0625
5243,-0.0625
5244,4.9375
5245,5.0625
5246,5.1875
5247,5.375
5248,5.5
5249,0
5250,0
5251,-0.0625
5252,7.9375
5253,-8
5254,0
5255,0
5256,0
5257,-0.0625
5258,-0.0625
5259,-0.0625
5260,7.25
5261,7.375
5262,7.5
5263,7.6875
5264,7.8125
5265,0
5266,0
5267,-0.0625
5268,7.9375
5269,-8
5270,0
5271,0
5272,0
5273,-0.0625
5274,-0.0625
5275,-0.0625
5276,-6.4375
5277,-6.3125
5278,-6.1875
5279,-6
5280,-5.875
5281,0
5282,0
5283,-0.0625
5284,7.9375
5285,-8
5286,0
5287,0
5288,0
5289,-0.0625
5290,-0.0625
5291,-0.0625
5292,-4.125
5293,-4
5294,-3.875
5295,-3.6875
5296,-3.5625
5297,0
5298,0
5299,-0.0625
5300,7.9375
5301,-8
5302,0
5303,0
5304,0
5305,-0.0625
5306,-0.0625
5307,-0.0625
5308,-1.8125
5309,-1.6875
5310,-1.5625
5311,-1.375
5312,-1.25
5313,0
5314,0
5315,-0.0625
5316,7.9375
5317,-8
5318,0
5319,0
5320,0
5321,-0.0625
5322,-0.0625
5323,-0.0625
5324,0.5
5325,0.625
5326,0.75
5327,0.9375
5328,1.0625
5329,0
5330,0
5331,-0.0625
5332,7.9375
5333,-8
5334,0
5335,0
5336,0
5337,-0.0625
5338,-0.0625
5339,-0.0625
5340,2.8125
5341,2.9375
5342,3.0625
5343,3.25
5344,3.375
5345,0
5346,0
5347,-0.0625
5348,7.9375
5349,-8
5350,0
5351,0
5352,0
5353,-0.0625
5354,-0.0625
5355,-0.0625
5356,5.125
5357,5.25
5358,5.375
5359,5.5625
5360,5.6875
5361,0
5362,0
5363,-0.0625
5364,7.9375
5365,-8
5366,0
5367,0
5368,0
5369,-0.0625
5370,-0.0625
5371,-0.0625
5372,7.4375
5373,7.5625
5374,7.6875
5375,7.875
5376,-8
5377,0
5378,0
5379,-0.0625
5380,7.9375
5381,-8
5382,0
5383,0
5384,0
5385,-0.0625
5386,-0.0625
5387,-0.0625
5388,-6.25
5389,-6.125
5390,-6
5391,-5.8125
5392,-5.6875
5393,0
5394,0
5395,-0.0625
5396,7.9375
5397,-8
5398,0
5399,0
5400,0
5401,-0.0625
5402,-0.0625
5403,-0.0625
5404,-3.9375
5405,-3.8125
5406,-3.6875
5407,-3.5
5408,-3.375
5409,0
5410,0
5411,-0.0625
5412,7.9375
5413,-8
5414,0
5415,0
5416,0
5417,-0.0625
5418,-0.0625
5419,-0.0625
5420,-1.625
5421,-1.5
5422,-1.375
5423,-1.1875
5424,-1.0625
5425,0
5426,0
5427,-0.0625
5428,7.9375
5429,-8
5430,0
5431,0
5432,0
5433,-0.0625
5434,-0.0625
5435,-0.0625
5436,0.6875
5437,0.8125
5438,0.9375
5439,1.125
5440,1.25
5441,0
5442,0
5443,-0.0625
5444,7.9375
5445,-8
5446,0
5447,0
5448,0
5449,-0.0625
5450,-0.0625
5451,-0.0625
5452,3
5453,3.125
5454,3.25
5455,3.4375
5456,3.5625
5457,0
5458,0
5459,-0.0625
5460,7.9375
5461,-8
5462,0
5463,0
5464,0
5465,-0.0625
5466,-0.0625
5467,-0.0625
5468,5.3125
5469,5.4375
5470,5.5625
5471,5.75
5472,5.875
5473,0
5474,0
5475,-0.0625
5476,7.9375
5477,-8
5478,0
5479,0
5480,0
5481,-0.0625
5482,-0.0625
5483,-0.0625
5484,7.625
5485,7.75
5486,7.875
5487,-7.9375
5488,-7.8125
5489,0
5490,0
5491,-0.0625
5492,7.9375
5493,-8
5494,0
5495,0
5496,0
5497,-0.0625
5498,-0.0625
5499,-0.0625
5500,-6.0625
5501,-5.9375
5502,-5.8125
5503,-5.625
5504,-5.5
5505,0
5506,0
5507,-0.0625
5508,7.9375
5509,-8
5510,0
5511,0
5512,0
5513,-0.0625
5514,-0.0625
5515,-0.0625
5516,-3.75
5517,-3.625
5518,-3.5
5519,-3.3125
5520,-3.1875
5521,0
5522,0
5523,-0.0625
5524,7.9375
5525,-8
5526,0
5527,0
5528,0
5529,-0.0625
5530,-0.0625
5531,-0.0625
5532,-1.4375
5533,-1.3125
5534,-1.1875
5535,-1
5536,-0.875
5537,0
5538,0
5539,-0.0625
5540,7.9375
5541,-8
5542,0
5543,0
5544,0
5545,-0.0625
5546,-0.0625
5547,-0.0625
5548,0.875
5549,1
5550,1.125
5551,1.3125
5552,1.4375
5553,0
5554,0
5555,-0.0625
5556,7.9375
5557,-8
5558,0
5559,0
5560,0
5561,-0.0625
5562,-0.0625
5563,-0.0625
5564,3.1875
5565,3.3125
5566,3.4375
5567,3.625
5568,3.75
5569,0
5570,0
5571,-0.0625
5572,7.9375
5573,-8
5574,0
5575,0
5576,0
5577,-0.0625
5578,-0.0625
5579,-0.0625
5580,5.5
5581,5.625
5582,5.75
5583,5.9375
5584,6.0625
5585,0
5586,0
5587,-0.0625
5588,7.9375
5589,-8
5590,0
5591,0
5592,0
5593,-0.0625
5594,-0.0625
5595,-0.0625
5596,7.8125
5597,7.9375
5598,-7.9375
5599,-7.75
5600,-7.625
5601,0
5602,0
5603,-0.0625
5604,7.9375
5605,-8
5606,0
5607,0
5608,0
5609,-0.0625
5610,-0.0625
5611,-0.0625
5612,-5.875
5613,-5.75
5614,-5.625
5615,-5.4375
5616,-5.3125
5617,0
5618,0
5619,-0.0625
5620,7.9375
5621,-8
5622,0
5623,0
5624,0
5625,-0.0625
5626,-0.0625
5627,-0.0625
5628,-3.5625
5629,-3.4375
5630,-3.3125
5631,-3.125
5632,-3
5633,0
5634,0
5635,-0.0625
5636,7.9375
5637,-8
5638,0
5639,0
5640,0
5641,-0.0625
5642,-0.0625
5643,-0.0625
5644,-1.25
5645,-1.125
5646,-1
5647,-0.8125
5648,-0.6875
5649,0
5650,0
5651,-0.0625
5652,7.9375
5653,-8
5654,0
5655,0
5656,0
5657,-0.0625
5658,-0.0625
5659,-0.0625
5660,1.0625
5661,1.1875
5662,1.3125
5663,1.5
5664,1.625
5665,0
5666,0
5667,-0.0625
5668,7.9375
5669,-8
5670,0
5671,0
5672,0
5673,-0.0625
5674,-0.0625
5675,-0.0625
5676,3.375
5677,3.5
5678,3.625
5679,3.8125
5680,3.9375
5681,0
5682,0
5683,-0.0625
5684,7.9375
5685,-8
5686,0
5687,0
5688,0
5689,-0.0625
5690,-0.0625
5691,-0.0625
5692,5.6875
5693,5.8125
5694,5.9375
5695,6.125
5696,6.25
5697,0
5698,0
5699,-0.0625
5700,7.9375
5701,-8
5702,0
5703,0
5704,0
5705,-0.0625
5706,-0.0625
5707,-0.0625
5708,-8
5709,-7.875
5710,-7.75
5711,-7.5625
5712,-7.4375
5713,0
5714,0
5715,-0.0625
5716,7.9375
5717,-8
5718,0
5719,0
5720,0
5721,-0.0625
5722,-0.0625
5723,-0.0625
5724,-5.6875
5725,-5.5625
5726,-5.4375
5727,-5.25
5728,-5.125
5729,0
5730,0
5731,-0.0625
5732,7.9375
5733,-8
5734,0
5735,0
5736,0
5737,-0.0625
5738,-0.0625
5739,-0.0625
5740,-3.375
5741,-3.25
5742,-3.125
5743,-2.9375
5744,-2.8125
5745,0
5746,0
5747,-0.0625
5748,7.9375
5749,-8
5750,0
5751,0
5752,0
5753,-0.0625
5754,-0.0625
5755,-0.0625
5756,-1.0625
5757,-0.9375
5758,-0.8125
5759,-0.625
5760,-0.5
5761,0
5762,0
5763,-0.0625
5764,7.9375
5765,-8
5766,0
5767,0
5768,0
5769,-0.0625
5770,-0.0625
5771,-0.0625
5772,1.25
5773,1.375
5774,1.5
5775,1.6875
5776,1.8125
5777,0
5778,0
5779,-0.0625
5780,7.9375
5781,-8
5782,0
5783,0
5784,0
5785,-0.0625
5786,-0.0625
5787,-0.0625
5788,3.5625
5789,3.6875
5790,3.8125
5791,4
5792,4.125
5793,0
5794,0
5795,-0.0625
5796,7.9375
5797,-8
5798,0
5799,0
5800,0
5801,-0.0625
5802,-0.0625
5803,-0.0625
5804,5.875
5805,6
5806,6.125
5807,6.3125
5808,6.4375
5809,0
5810,0
5811,-0.0625
5812,7.9375
5813,-8
5814,0
5815,0
5816,0
5817,-0.0625
5818,-0.0625
5819,-0.0625
5820,-7.8125
5821,-7.6875
5822,-7.5625
5823,-7.375
5824,-7.25
5825,0
5826,0
5827,-0.0625
5828,7.9375
5829,-8
5830,0
5831,0
5832,0
5833,-0.0625
5834,-0.0625
5835,-0.0625
5836,-5.5
5837,-5.375
5838,-5.25
5839,-5.0625
5840,-4.9375
5841,0
5842,0
5843,-0.0625
5844,7.9375
5845,-8
5846,0
5847,0
5848,0
5849,-0.0625
5850,-0.0625
5851,-0.0625
5852,-3.1875
5853,-3.0625
5854,-2.9375
5855,-2.75
5856,-2.625
5857,0
5858,0
5859,-0.0625
5860,7.9375
5861,-8
5862,0
5863,0
5864,0
5865,-0.0625
5866,-0.0625
5867,-0.0625
5868,-0.875
5869,-0.75
5870,-0.625
5871,-0.4375
5872,-0.3125
5873,0
5874,0
5875,-0.0625
5876,7.9375
5877,-8
5878,0
5879,0
5880,0
5881,-0.0625
5882,-0.0625
5883,-0.0625
5884,1.4375
5885,1.5625
5886,1.6875
5887,1.875
5888,2
5889,0
5890,0
5891,-0.0625
5892,7.9375
5893,-8
5894,0
5895,0
5896,0
5897,-0.0625
5898,-0.0625
5899,-0.0625
5900,3.75
5901,3.875
5902,4
5903,4.1875
5904,4.3125
5905,0
5906,0
5907,-0.0625
5908,7.9375
5909,-8
5910,0
5911,0
5912,0
5913,-0.0625
5914,-0.0625
5915,-0.0625
5916,6.0625
5917,6.1875
5918,6.3125
5919,6.5
5920,6.625
5921,0
5922,0
5923,-0.0625
5924,7.9375
5925,-8
5926,0
5927,0
5928,0
5929,-0.0625
5930,-0.0625
5931,-0.0625
5932,-7.625
5933,-7.5
5934,-7.375
5935,-7.1875
5936,-7.0625
5937,0
5938,0
5939,-0.0625
5940,7.9375
5941,-8
5942,0
5943,0
5944,0
5945,-0.0625
5946,-0.0625
5947,-0.0625
5948,-5.3125
5949,-5.1875
5950,-5.0625
5951,-4.875
5952,-4.75
5953,0
5954,0
5955,-0.0625
5956,7.9375
5957,-8
5958,0
5959,0
5960,0
5961,-0.0625
5962,-0.0625
5963,-0.0625
5964,-3
5965,-2.875
5966,-2.75
5967,-2.5625
5968,-2.4375
5969,0
5970,0
5971,-0.0625
5972,7.9375
5973,-8
5974,0
5975,0
5976,0
5977,-0.0625
5978,-0.0625
5979,-0.0625
5980,-0.6875
5981,-0.5625
5982,-0.4375
5983,-0.25
5984,-0.125
5985,0
5986,0
5987,-0.0625
5988,7.9375
5989,-8
5990,0
5991,0
5992,0
5993,-0.0625
5994,-0.0625
5995,-0.0625
5996,1.625
5997,1.75
5998,1.875
5999,2.0625
6000,2.1875
6001,0
6002,0
6003,-0.0625
6004,7.9375
6005,-8
6006,0
6007,0
6008,0
6009,-0.0625
6010,-0.0625
6011,-0.0625
6012,3.9375
6013,4.0625
6014,4.1875
6015,4.375
6016,4.5
6017,0
6018,0
6019,-0.0625
6020,7.9375
6021,-8
6022,0
6023,0
6024,0
6025,-0.0625
6026,-0.0625
6027,-0.0625
6028,6.25
6029,6.375
6030,6.5
6031,6.6875
6032,6.8125
6033,0
6034,0
6035,-0.0625
6036,7.9375
6037,-8
6038,0
6039,0
6040,0
6041,-0.0625
6042,-0.0625
6043,-0.0625
6044,-7.4375
6045,-7.3125
6046,-7.1875
6047,-7
6048,-6.875
6049,0
6050,0
6051,-0.0625
6052,7.9375
6053,-8
6054,0
6055,0
6056,0
6057,-0.0625
6058,-0.0625
6059,-0.0625
6060,-5.125
6061,-5
6062,-4.875
6063,-4.6875
6064,-4.5625
6065,0
6066,0
6067,-0.0625
6068,7.9375
6069,-8
6070,0
6071,0
6072,0
6073,-0.0625
6074,-0.0625
6075,-0.0625
6076,-2.8125
6077,-2.6875
6078,-2.5625
6079,-2.375
6080,-2.25
6081,0
6082,0
6083,-0.0625
6084,7.9375
6085,-8
6086,0
6087,0
6088,0
6089,-0.0625
6090,-0.0625
6091,-0.0625
6092,-0.5
6093,-0.375
6094,-0.25
6095,-0.0625
6096,0.0625
6097,0
6098,0
6099,-0.0625
6100,7.9375
6101,-8
6102,0
6103,0
6104,0
6105,-0.0625
6106,-0.0625
6107,-0.0625
6108,1.8125
6109,1.9375
6110,2.0625
6111,2.25
6112,2.375
6113,0
6114,0
6115,-0.0625
6116,7.9375
6117,-8
6118,0
6119,0
6120,0
6121,-0.0625
6122,-0.0625
6123,-0.0625
6124,4.125
6125,4.25
6126,4.375
6127,4.5625
6128,4.6875
6129,0
6130,0
6131,-0.0625
6132,7.9375
6133,-8
6134,0
6135,0
6136,0
6137,-0.0625
6138,-0.0625
6139,-0.0625
6140,6.4375
6141,6.5625
6142,6.6875
6143,6.875
6144,7
6145,0
6146,0
6147,-0.0625
6148,7.9375
6149,-8
6150,0
6151,0
6152,0
6153,-0.0625
6154,-0.0625
6155,-0.0625
6156,-7.25
6157,-7.125
6158,-7
6159,-6.8125
6160,-6.6875
6161,0
6162,0
6163,-0.0625
6164,7.9375
6165,-8
6166,0
6167,0
6168,0
6169,-0.0625
6170,-0.0625
6171,-0.0625
6172,-4.9375
6173,-4.8125
6174,-4.6875
6175,-4.5
6176,-4.375
6177,0
6178,0
6179,-0.0625
6180,7.9375
6181,-8
6182,0
6183,0
6184,0
6185,-0.0625
6186,-0.0625
6187,-0.0625
6188,-2.625
6189,-2.5
6190,-2.375
6191,-2.1875
6192,-2.0625
6193,0
6194,0
6195,-0.0625
6196,7.9375
6197,-8
6198,0
6199,0
6200,0
6201,-0.0625
6202,-0.0625
6203,-0.0625
6204,-0.3125
6205,-0.1875
6206,-0.0625
6207,0.125
6208,0.25
6209,0
6210,0
6211,-0.0625
6212,7.9375
6213,-8
6214,0
6215,0
6216,0
6217,-0.0625
6218,-0.0625
6219,-0.0625
6220,2
6221,2.125
6222,2.25
6223,2.4375
6224,2.5625
6225,0
6226,0
6227,-0.0625
6228,7.9375
6229,-8
6230,0
6231,0
6232,0
6233,-0.0625
6234,-0.0625
6235,-0.0625
6236,4.3125
6237,4.4375
6238,4.5625
6239,4.75
6240,4.875
6241,0
6242,0
6243,-0.0625
6244,7.9375
6245,-8
6246,0
6247,0
6248,0
6249,-0.0625
6250,-0.0625
6251,-0.0625
6252,6.625
6253,6.75
6254,6.875
6255,7.0625
6256,7.1875
6257,0
6258,0
6259,-0.0625
6260,7.9375
6261,-8
6262,0
6263,0
6264,0
6265,-0.0625
6266,-0.0625
6267,-0.0625
6268,-7.0625
6269,-6.9375
6270,-6.8125
6271,-6.625
6272,-6.5
6273,0
6274,0
6275,-0.0625
6276,7.9375
6277,-8
6278,0
6279,0
6280,0
6281,-0.0625
6282,-0.0625
6283,-0.0625
6284,-4.75
6285,-4.625
6286,-4.5
6287,-4.3125
6288,-4.1875
6289,0
6290,0
6291,-0.0625
6292,7.9375
6293,-8
6294,0
6295,0
6296,0
6297,-0.0625
6298,-0.0625
6299,-0.0625
6300,-2.4375
6301,-2.3125
6302,-2.1875
6303,-2
6304,-1.875
6305,0
6306,0
6307,-0.0625
6308,7.9375
6309,-8
6310,0
6311,0
6312,0
6313,-0.0625
6314,-0.0625
6315,-0.0625
6316,-0.125
6317,0
6318,0.125
6319,0.3125
6320,0.4375
6321,0
6322,0
6323,-0.0625
6324,7.9375
6325,-8
6326,0
6327,0
6328,0
6329,-0.0625
6330,-0.0625
6331,-0.0625
6332,2.1875
6333,2.3125
6334,2.4375
6335,2.625
6336,2.75
6337,0
6338,0
6339,-0.0625
6340,7.9375
6341,-8
6342,0
6343,0
6344,0
6345,-0.0625
6346,-0.0625
6347,-0.0625
6348,4.5
6349,4.625
6350,4.75
6351,4.9375
6352,5.0625
6353,0
6354,0
6355,-0.0625
6356,7.9375
6357,-8
6358,0
6359,0
6360,0
6361,-0.0625
6362,-0.0625
6363,-0.0625
6364,6.8125
6365,6.9375
6366,7.0625
6367,7.25
6368,7.375
6369,0
6370,0
6371,-0.0625
6372,7.9375
6373,-8
6374,0
6375,0
6376,0
6377,-0.0625
6378,-0.0625
6379,-0.0625
6380,-6.875
6381,-6.75
6382,-6.625
6383,-6.4375
6384,-6.3125
6385,0
6386,0
6387,-0.0625
6388,7.9375
6389,-8
6390,0
6391,0
6392,0
6393,-0.0625
6394,-0.0625
6395,-0.0625
6396,-4.5625
6397,-4.4375
6398,-4.3125
6399,-4.125
6400,-4
6401,0
6402,0
6403,-0.0625
6404,7.9375
6405,-8
6406,0
6407,0
6408,0
6409,-0.0625
6410,-0.0625
6411,-0.0625
6412,-2.25
6413,-2.125
6414,-2
6415,-1.8125
6416,-1.6875
6417,0
6418,0
6419,-0.0625
6420,7.9375
6421,-8
6422,0
6423,0
6424,0
6425,-0.0625
6426,-0.0625
6427,-0.0625
6428,0.0625
6429,0.1875
6430,0.3125
6431,0.5
6432,0.625
6433,0
6434,0
6435,-0.0625
6436,7.9375
6437,-8
6438,0
6439,0
6440,0
6441,-0.0625
6442,-0.0625
6443,-0.0625
6444,2.375
6445,2.5
6446,2.625
6447,2.8125
6448,2.9375
6449,0
6450,0
6451,-0.0625
6452,7.9375
6453,-8
6454,0
6455,0
6456,0
6457,-0.0625
6458,-0.0625
6459,-0.0625
6460,4.6875
6461,4.8125
6462,4.9375
6463,5.125
6464,5.25
6465,0
6466,0
6467,-0.0625
6468,7.9375
6469,-8
6470,0
6471,0
6472,0
6473,-0.0625
6474,-0.0625
6475,-0.0625
6476,7
6477,7.125
6478,7.25
6479,7.4375
6480,7.5625
6481,0
6482,0
6483,-0.0625
6484,7.9375
6485,-8
6486,0
6487,0
6488,0
6489,-0.0625
6490,-0.0625
6491,-0.0625
6492,-6.6875
6493,-6.5625
6494,-6.4375
6495,-6.25
6496,-6.125
6497,0
6498,0
6499,-0.0625
6500,7.9375
6501,-8
6502,0
6503,0
6504,0
6505,-0.0625
6506,-0.0625
6507,-0.0625
6508,-4.375
6509,-4.25
6510,-4.125
6511,-3.9375
6512,-3.8125
6513,0
6514,0
6515,-0.0625
6516,7.9375
6517,-8
6518,0
6519,0
6520,0
6521,-0.0625
6522,-0.0625
6523,-0.0625
6524,-2.0625
6525,-1.9375
6526,-1.8125
6527,-1.625
6528,-1.5
6529,0
6530,0
6531,-0.0625
6532,7.9375
6533,-8
6534,0
6535,0
6536,0
6537,-0.0625
6538,-0.0625
6539,-0.0625
6540,0.25
6541,0.375
6542,0.5
6543,0.6875
6544,0.8125
6545,0
6546,0
6547,-0.0625
6548,7.9375
6549,-8
6550,0
6551,0
6552,0
6553,-0.0625
6554,-0.0625
6555,-0.0625
6556,2.5625
6557,2.6875
6558,2.8125
6559,3
6560,3.125
6561,0
6562,0
6563,-0.0625
6564,7.9375
6565,-8
6566,0
6567,0
6568,0
6569,-0.0625
6570,-0.0625
6571,-0.0625
6572,4.875
6573,5
6574,5.125
6575,5.3125
6576,5.4375
6577,0
6578,0
6579,-0.0625
6580,7.9375
6581,-8
6582,0
6583,0
6584,0
6585,-0.0625
6586,-0.0625
6587,-0.0625
6588,7.1875
6589,7.3125
6590,7.4375
6591,7.625
6592,7.75
6593,0
6594,0
6595,-0.0625
6596,7.9375
6597,-8
6598,0
6599,0
6600,0
6601,-0.0625
6602,-0.0625
6603,-0.0625
6604,-6.5
6605,-6.375
6606,-6.25
6607,-6.0625
6608,-5.9375
6609,0
6610,0
6611,-0.0625
6612,7.9375
6613,-8
6614,0
6615,0
6616,0
6617,-0.0625
6618,-0.0625
6619,-0.0625
6620,-4.1875
6621,-4.0625
6622,-3.9375
6623,-3.75
6624,-3.625
6625,0
6626,0
6627,-0.0625
6628,7.9375
6629,-8
6630,0
6631,0
6632,0
6633,-0.0625
6634,-0.0625
6635,-0.0625
6636,-1.875
6637,-1.75
6638,-1.625
6639,-1.4375
6640,-1.3125
6641,0
6642,0
6643,-0.0625
6644,7.9375
6645,-8
6646,0
6647,0
6648,0
6649,-0.0625
6650,-0.0625
6651,-0.0625
6652,0.4375
6653,0.5625
6654,0.6875
6655,0.875
6656,1
6657,0
6658,0
6659,-0.0625
6660,7.9375
6661,-8
6662,0
6663,0
6664,0
6665,-0.0625
6666,-0.0625
6667,-0.0625
6668,2.75
6669,2.875
6670,3
6671,3.1875
6672,3.3125
6673,0
6674,0
6675,-0.0625
6676,7.9375
6677,-8
6678,0
6679,0
6680,0
6681,-0.0625
6682,-0.0625
6683,-0.0625
6684,5.0625
6685,5.1875
6686,5.3125
6687,5.5
6688,5.625
6689,0
6690,0
6691,-0.0625
6692,7.9375
6693,-8
6694,0
6695,0
6696,0
6697,-0.0625
6698,-0.0625
6699,-0.0625
6700,7.375
6701,7.5
6702,7.625
6703,7.8125
6704,7.9375
6705,0
6706,0
6707,-0.0625
6708,7.9375
6709,-8
6710,0
6711,0
6712,0
6713,-0.0625
6714,-0.0625
6715,-0.0625
6716,-6.3125
6717,-6.1875
6718,-6.0625
6719,-5.875
6720,-5.75
6721,0
6722,0
6723,-0.0625
6724,7.9375
6725,-8
6726,0
6727,0
6728,0
6729,-0.0625
6730,-0.0625
6731,-0.0625
6732,-4
6733,-3.875
6734,-3.75
6735,-3.5625
6736,-3.4375
6737,0
6738,0
6739,-0.0625
6740,7.9375
6741,-8
6742,0
6743,0
6744,0
6745,-0.0625
6746,-0.0625
6747,-0.0625
6748,-1.6875
6749,-1.5625
6750,-1.4375
6751,-1.25
6752,-1.125
6753,0
6754,0
6755,-0.0625
6756,7.9375
6757,-8
6758,0
6759,0
6760,0
6761,-0.0625
6762,-0.0625
6763,-0.0625
6764,0.625
6765,0.75
6766,0.875
6767,1.0625
6768,1.1875
6769,0
6770,0
6771,-0.0625
6772,7.9375
6773,-8
6774,0
6775,0
6776,0
6777,-0.0625
6778,-0.0625
6779,-0.0625
6780,2.9375
6781,3.0625
6782,3.1875
6783,3.375
6784,3.5
6785,0
6786,0
6787,-0.0625
6788,7.9375
6789,-8
6790,0
6791,0
6792,0
6793,-0.0625
6794,-0.0625
6795,-0.0625
6796,5.25
6797,5.375
6798,5.5
6799,5.6875
6800,5.8125
6801,0
6802,0
6803,-0.0625
6804,7.9375
6805,-8
6806,0
6807,0
6808,0
6809,-0.0625
6810,-0.0625
6811,-0.0625
6812,7.5625
6813,7.6875
6814,7.8125
6815,-8
6816,-7.875
6817,0
6818,0
6819,-0.0625
6820,7.9375
6821,-8
6822,0
6823,0
6824,0
6825,-0.0625
6826,-0.0625
6827,-0.0625
6828,-6.125
6829,-6
6830,-5.875
6831,-5.6875
6832,-5.5625
6833,0
6834,0
6835,-0.0625
6836,7.9375
6837,-8
6838,0
6839,0
6840,0
6841,-0.0625
6842,-0.0625
6843,-0.0625
6844,-3.8125
6845,-3.6875
6846,-3.5625
6847,-3.375
6848,-3.25
6849,0
6850,0
6851,-0.0625
6852,7.9375
6853,-8
6854,0
6855,0
6856,0
6857,-0.0625
6858,-0.0625
6859,-0.0625
6860,-1.5
6861,-1.375
6862,-1.25
6863,-1.0625
6864,-0.9375
6865,0
6866,0
6867,-0.0625
6868,7.9375
6869,-8
6870,0
6871,0
6872,0
6873,-0.0625
6874,-0.0625
6875,-0.0625
6876,0.8125
6877,0.9375
6878,1.0625
6879,1.25
6880,1.375
6881,0
6882,0
6883,-0.0625
6884,7.9375
6885,-8
6886,0
6887,0
6888,0
6889,-0.0625
6890,-0.0625
6891,-0.0625
6892,3.125
6893,3.25
6894,3.375
6895,3.5625
6896,3.6875
6897,0
6898,0
6899,-0.0625
6900,7.9375
6901,-8
6902,0
6903,0
6904,0
6905,-0.0625
6906,-0.0625
6907,-0.0625
6908,5.4375
6909,5.5625
6910,5.6875
6911,5.875
6912,6
6913,0
6914,0
6915,-0.0625
6916,7.9375
6917,-8
6918,0
6919,0
6920,0
6921,-0.0625
6922,-0.0625
6923,-0.0625
6924,7.75
6925,7.875
6926,-8
6927,-7.8125
6928,-7.6875
6929,0
6930,0
6931,-0.0625
6932,7.9375
6933,-8
6934,0
6935,0
6936,0
6937,-0.0625
6938,-0.0625
6939,-0.0625
6940,-5.9375
6941,-5.8125
6942,-5.6875
6943,-5.5
6944,-5.375
6945,0
6946,0
6947,-0.0625
6948,7.9375
6949,-8
6950,0
6951,0
6952,0
6953,-0.0625
6954,-0.0625
6955,-0.0625
6956,-3.625
6957,-3.5
6958,-3.375
6959,-3.1875
6960,-3.0625
6961,0
6962,0
6963,-0.0625
6964,7.9375
6965,-8
6966,0
6967,0
6968,0
6969,-0.0625
6970,-0.0625
6971,-0.0625
6972,-1.3125
6973,-1.1875
6974,-1.0625
6975,-0.875
6976,-0.75
6977,0
6978,0
6979,-0.0625
6980,7.9375
6981,-8
6982,0
6983,0
6984,0
6985,-0.0625
6986,-0.0625
6987,-0.0625
6988,1
6989,1.125
6990,1.25
6991,1.4375
6992,1.5625
6993,0
6994,0
6995,-0.0625
6996,7.9375
6997,-8
6998,0
6999,0
7000,0
7001,-0.0625
7002,-0.0625
7003,-0.0625
7004,3.3125
7005,3.4375
7006,3.5625
7007,3.75
7008,3.875
7009,0
7010,0
7011,-0.0625
7012,7.9375
7013,-8
7014,0
7015,0
7016,0
7017,-0.0625
7018,-0.0625
7019,-0.0625
7020,5.625
7021,5.75
7022,5.875
7023,6.0625
7024,6.1875
7025,0
7026,0
7027,-0.0625
7028,7.9375
7029,-8
7030,0
7031,0
7032,0
7033,-0.0625
7034,-0.0625
7035,-0.0625
7036,7.9375
7037,-7.9375
7038,-7.8125
7039,-7.625
7040,-7.5
7041,0
7042,0
7043,-0.0625
7044,7.9375
7045,-8
7046,0
7047,0
7048,0
7049,-0.0625
7050,-0.0625
7051,-0.0625
7052,-5.75
7053,-5.625
7054,-5.5
7055,-5.3125
7056,-5.1875
7057,0
7058,0
7059,-0.0625
7060,7.9375
7061,-8
7062,0
7063,0
7064,0
7065,-0.0625
7066,-0.0625
7067,-0.0625
7068,-3.4375
7069,-3.3125
7070,-3.1875
7071,-3
7072,-2.875
7073,0
7074,0
7075,-0.0625
7076,7.9375
7077,-8
7078,0
7079,0
7080,0
7081,-0.0625
7082,-0.0625
7083,-0.0625
7084,-1.125
7085,-1
7086,-0.875
7087,-0.6875
7088,-0.5625
7089,0
7090,0
7091,-0.0625
7092,7.9375
7093,-8
7094,0
7095,0
7096,0
7097,-0.0625
7098,-0.0625
7099,-0.0625
7100,1.1875
7101,1.3125
7102,1.4375
7103,1.625
7104,1.75
7105,0
7106,0
7107,-0.0625
7108,7.9375
7109,-8
7110,0
7111,0
7112,0
7113,-0.0625
7114,-0.0625
7115,-0.0625
7116,3.5
7117,3.625
7118,3.75
7119,3.9375
7120,4.0625
7121,0
7122,0
7123,-0.0625
7124,7.9375
7125,-8
7126,0
7127,0
7128,0
7129,-0.0625
7130,-0.0625
7131,-0.0625
7132,5.8125
7133,5.9375
7134,6.0625
7135,6.25
7136,6.375
7137,0
7138,0
7139,-0.0625
7140,7.9375
7141,-8
7142,0
7143,0
7144,0
7145,-0.0625
7146,-0.0625
7147,-0.0625
7148,-7.875
7149,-7.75
7150,-7.625
7151,-7.4375
7152,-7.3125
7153,0
7154,0
7155,-0.0625
7156,7.9375
7157,-8
7158,0
7159,0
7160,0
7161,-0.0625
7162,-0.0625
7163,-0.0625
7164,-5.5625
7165,-5.4375
7166,-5.3125
7167,-5.125
7168,-5
7169,0
7170,0
7171,-0.0625
7172,7.9375
7173,-8
7174,0
7175,0
7176,0
7177,-0.0625
7178,-0.0625
7179,-0.0625
7180,-3.25
7181,-3.125
7182,-3
7183,-2.8125
7184,-2.6875
7185,0
7186,0
7187,-0.0625
7188,7.9375
7189,-8
7190,0
7191,0
7192,0
7193,-0.0625
7194,-0.0625
7195,-0.0625
7196,-0.9375
7197,-0.8125
7198,-0.6875
7199,-0.5
7200,-0.375
7201,0
7202,0
7203,-0.0625
7204,7.9375
7205,-8
7206,0
7207,0
7208,0
7209,-0.0625
7210,-0.0625
7211,-0.0625
7212,1.375
7213,1.5
7214,1.625
7215,1.8125
7216,1.9375
7217,0
7218,0
7219,-0.0625
7220,7.9375
7221,-8
7222,0
7223,0
7224,0
7225,-0.0625
7226,-0.0625
7227,-0.0625
7228,3.6875
7229,3.8125
7230,3.9375
7231,4.125
7232,4.25
7233,0
7234,0
7235,-0.0625
7236,7.9375
7237,-8
7238,0
7239,0
7240,0
7241,-0.0625
7242,-0.0625
7243,-0.0625
7244,6
7245,6.125
7246,6.25
7247,6.4375
7248,6.5625
7249,0
7250,0
7251,-0.0625
7252,7.9375
7253,-8
7254,0
7255,0
7256,0
7257,-0.0625
7258,-0.0625
7259,-0.0625
7260,-7.6875
7261,-7.5625
7262,-7.4375
7263,-7.25
7264,-7.125
7265,0
7266,0
7267,-0.0625
7268,7.9375
7269,-8
7270,0
7271,0
7272,0
7273,-0.0625
7274,-0.0625
7275,-0.0625
7276,-5.375
7277,-5.25
7278,-5.125
7279,-4.9375
7280,-4.8125
7281,0
7282,0
7283,-0.0625
7284,7.9375
7285,-8
7286,0
7287,0
7288,0
7289,-0.0625
7290,-0.0625
7291,-0.0625
7292,-3.0625
7293,-2.9375
7294,-2.8125
7295,-2.625
7296,-2.5
7297,0
7298,0
7299,-0.0625
7300,7.9375
7301,-8
7302,0
7303,0
7304,0
7305,-0.0625
7306,-0.0625
7307,-0.0625
7308,-0.75
7309,-0.625
7310,-0.5
7311,-0.3125
7312,-0.1875
7313,0
7314,0
7315,-0.0625
7316,7.9375
7317,-8
7318,0
7319,0
7320,0
7321,-0.0625
7322,-0.0625
7323,-0.0625
7324,1.5625
7325,1.6875
7326,1.8125
7327,2
7328,2.125
7329,0
7330,0
7331,-0.0625
7332,7.9375
7333,-8
7334,0
7335,0
7336,0
7337,-0.0625
7338,-0.0625
7339,-0.0625
7340,3.875
7341,4
7342,4.125
7343,4.3125
7344,4.4375
7345,0
7346,0
7347,-0.0625
7348,7.9375
7349,-8
7350,0
7351,0
7352,0
7353,-0.0625
7354,-0.0625
7355,-0.0625
7356,6.1875
7357,6.3125
7358,6.4375
7359,6.625
7360,6.75
7361,0
7362,0
7363,-0.0625
7364,7.9375
7365,-8
7366,0
7367,0
7368,0
7369,-0.0625
7370,-0.0625
7371,-0.0625
7372,-7.5
7373,-7.375
7374,-7.25
7375,-7.0625
7376,-6.9375
7377,0
7378,0
7379,-0.0625
7380,7.9375
7381,-8
7382,0
7383,0
7384,0
7385,-0.0625
7386,-0.0625
7387,-0.0625
7388,-5.1875
7389,-5.0625
7390,-4.9375
7391,-4.75
7392,-4.625
7393,0
7394,0
7395,-0.0625
7396,7.9375
7397,-8
7398,0
7399,0
7400,0
7401,-0.0625
7402,-0.0625
7403,-0.0625
7404,-2.875
7405,-2.75
7406,-2.625
7407,-2.4375
7408,-2.3125
7409,0
7410,0
7411,-0.0625
7412,7.9375
7413,-8
7414,0
7415,0
7416,0
7417,-0.0625
7418,-0.0625
7419,-0.0625
7420,-0.5625
7421,-0.4375
7422,-0.3125
7423,-0.125
7424,0
7425,0
7426,0
7427,-0.0625
7428,7.9375
7429,-8
7430,0
7431,0
7432,0
7433,-0.0625
7434,-0.0625
7435,-0.0625
7436,1.75
7437,1.875
7438,2
7439,2.1875
7440,2.3125
7441,0
7442,0
7443,-0.0625
7444,7.9375
7445,-8
7446,0
7447,0
7448,0
7449,-0.0625
7450,-0.0625
7451,-0.0625
7452,4.0625
7453,4.1875
7454,4.3125
7455,4.5
7456,4.625
7457,0
7458,0
7459,-0.0625
7460,7.9375
7461,-8
7462,0
7463,0
7464,0
7465,-0.0625
7466,-0.0625
7467,-0.0625
7468,6.375
7469,6.5
7470,6.625
7471,6.8125
7472,6.9375
7473,0
7474,0
7475,-0.0625
7476,7.9375
7477,-8
7478,0
7479,0
7480,0
7481,-0.0625
7482,-0.0625
7483,-0.0625
7484,-7.3125
7485,-7.1875
7486,-7.0625
7487,-6.875
7488,-6.75
7489,0
7490,0
7491,-0.0625
7492,7.9375
7493,-8
7494,0
7495,0
7496,0
7497,-0.0625
7498,-0.0625
7499,-0.0625
7500,-5
7501,-4.875
7502,-4.75
7503,-4.5625
7504,-4.4375
7505,0
7506,0
7507,-0.0625
7508,7.9375
7509,-8
7510,0
7511,0
7512,0
7513,-0.0625
7514,-0.0625
7515,-0.0625
7516,-2.6875
7517,-2.5625
7518,-2.4375
7519,-2.25
7520,-2.125
7521,0
7522,0
7523,-0.0625
7524,7.9375
7525,-8
7526,0
7527,0
7528,0
7529,-0.0625
7530,-0.0625
7531,-0.0625
7532,-0.375
7533,-0.25
7534,-0.125
7535,0.0625
7536,0.1875
7537,0
7538,0
7539,-0.0625
7540,7.9375
7541,-8
7542,0
7543,0
7544,0
7545,-0.0625
7546,-0.0625
7547,-0.0625
7548,1.9375
7549,2.0625
7550,2.1875
7551,2.375
7552,2.5
7553,0
7554,0
7555,-0.0625
7556,7.9375
7557,-8
7558,0
7559,0
7560,0
7561,-0.0625
7562,-0.0625
7563,-0.0625
7564,4.25
7565,4.375
7566,4.5
7567,4.6875
7568,4.8125
7569,0
7570,0
7571,-0.0625
7572,7.9375
7573,-8
7574,0
7575,0
7576,0
7577,-0.0625
7578,-0.0625
7579,-0.0625
7580,6.5625
7581,6.6875
7582,6.8125
7583,7
7584,7.125
7585,0
7586,0
7587,-0.0625
7588,7.9375
7589,-8
7590,0
7591,0
7592,0
7593,-0.0625
7594,-0.0625
7595,-0.0625
7596,-7.125
7597,-7
7598,-6.875
7599,-6.6875
7600,-6.5625
7601,0
7602,0
7603,-0.0625
7604,7.9375
7605,-8
7606,0
7607,0
7608,0
7609,-0.0625
7610,-0.0625
7611,-0.0625
7612,-4.8125
7613,-4.6875
7614,-4.5625
7615,-4.375
7616,-4.25
7617,0
7618,0
7619,-0.0625
7620,7.9375
7621,-8
7622,0
7623,0
7624,0
7625,-0.0625
7626,-0.0625
7627,-0.0625
7628,-2.5
7629,-2.375
7630,-2.25
7631,-2.0625
7632,-1.9375
7633,0
7634,0
7635,-0.0625
7636,7.9375
7637,-8
7638,0
7639,0
7640,0
7641,-0.0625
7642,-0.0625
7643,-0.0625
7644,-0.1875
7645,-0.0625
7646,0.0625
7647,0.25
7648,0.375
7649,0
7650,0
7651,-0.0625
7652,7.9375
7653,-8
7654,0
7655,0
7656,0
7657,-0.0625
7658,-0.0625
7659,-0.0625
7660,2.125
7661,2.25
7662,2.375
7663,2.5625
7664,2.6875
7665,0
7666,0
7667,-0.0625
7668,7.9375
7669,-8
7670,0
7671,0
7672,0
7673,-0.0625
7674,-0.0625
7675,-0.0625
7676,4.4375
7677,4.5625
7678,4.6875
7679,4.875
7680,5
7681,0
7682,0
7683,-0.0625
7684,7.9375
7685,-8
7686,0
7687,0
7688,0
7689,-0.0625
7690,-0.0625
7691,-0.0625
7692,6.75
7693,6.875
7694,7
7695,7.1875
7696,7.3125
7697,0
7698,0
7699,-0.0625
7700,7.9375
7701,-8
7702,0
7703,0
7704,0
7705,-0.0625
7706,-0.0625
7707,-0.0625
7708,-6.9375
7709,-6.8125
7710,-6.6875
7711,-6.5
7712,-6.375
7713,0
7714,0
7715,-0.0625
7716,7.9375
7717,-8
7718,0
7719,0
7720,0
7721,-0.0625
7722,-0.0625
7723,-0.0625
7724,-4.625
7725,-4.5
7726,-4.375
7727,-4.1875
7728,-4.0625
7729,0
7730,0
7731,-0.0625
7732,7.9375
7733,-8
7734,0
7735,0
7736,0
7737,-0.0625
7738,-0.0625
7739,-0.0625
7740,-2.3125
7741,-2.1875
7742,-2.0625
7743,-1.875
7744,-1.75
7745,0
7746,0
7747,-0.0625
7748,7.9375
7749,-8
7750,0
7751,0
7752,0
7753,-0.0625
7754,-0.0625
7755,-0.0625
7756,0
7757,0.125
7758,0.25
7759,0.4375
7760,0.5625
7761,0
7762,0
7763,-0.0625
7764,7.9375
7765,-8
7766,0
7767,0
7768,0
7769,-0.0625
7770,-0.0625
7771,-0.0625
7772,2.3125
7773,2.4375
7774,2.5625
7775,2.75
7776,2.875
7777,0
7778,0
7779,-0.0625
7780,7.9375
7781,-8
7782,0
7783,0
7784,0
7785,-0.0625
7786,-0.0625
7787,-0.0625
7788,4.625
7789,4.75
7790,4.875
7791,5.0625
7792,5.1875
7793,0
7794,0
7795,-0.0625
7796,7.9375
7797,-8
7798,0
7799,0
7800,0
7801,-0.0625
7802,-0.0625
7803,-0.0625
7804,6.9375
7805,7.0625
7806,7.1875
7807,7.375
7808,7.5
7809,0
7810,0
7811,-0.0625
7812,7.9375
7813,-8
7814,0
7815,0
7816,0
7817,-0.0625
7818,-0.0625
7819,-0.0625
7820,-6.75
7821,-6.625
7822,-6.5
7823,-6.3125
7824,-6.1875
7825,0
7826,0
7827,-0.0625
7828,7.9375
7829,-8
7830,0
7831,0
7832,0
7833,-0.0625
7834,-0.0625
7835,-0.0625
7836,-4.4375
7837,-4.3125
7838,-4.1875
7839,-4
7840,-3.875
7841,0
7842,0
7843,-0.0625
7844,7.9375
7845,-8
7846,0
7847,0
7848,0
7849,-0.0625
7850,-0.0625
7851,-0.0625
7852,-2.125
7853,-2
7854,-1.875
7855,-1.6875
7856,-1.5625
7857,0
7858,0
7859,-0.0625
7860,7.9375
7861,-8
7862,0
7863,0
7864,0
7865,-0.0625
7866,-0.0625
7867,-0.0625
7868,0.1875
7869,0.3125
7870,0.4375
7871,0.625
7872,0.75
7873,0
7874,0
7875,-0.0625
7876,7.9375
7877,-8
7878,0
7879,0
7880,0
7881,-0.0625
7882,-0.0625
7883,-0.0625
7884,2.5
7885,2.625
7886,2.75
7887,2.9375
7888,3.0625
7889,0
7890,0
7891,-0.0625
7892,7.9375
7893,-8
7894,0
7895,0
7896,0
7897,-0.0625
7898,-0.0625
7899,-0.0625
7900,4.8125
7901,4.9375
7902,5.0625
7903,5.25
7904,5.375
7905,0
7906,0
7907,-0.0625
7908,7.9375
7909,-8
7910,0
7911,0
7912,0
7913,-0.0625
7914,-0.0625
7915,-0.0625
7916,7.125
7917,7.25
7918,7.375
7919,7.5625
7920,7.6875
7921,0
7922,0
7923,-0.0625
7924,7.9375
7925,-8
7926,0
7927,0
7928,0
7929,-0.0625
7930,-0.0625
7931,-0.0625
7932,-6.5625
7933,-6.4375
7934,-6.3125
7935,-6.125
7936,-6
7937,0
7938,0
7939,-0.0625
7940,7.9375
7941,-8
7942,0
7943,0
7944,0
7945,-0.0625
7946,-0.0625
7947,-0.0625
7948,-4.25
7949,-4.125
7950,-4
7951,-3.8125
7952,-3.6875
7953,0
7954,0
7955,-0.0625
7956,7.9375
7957,-8
7958,0
7959,0
7960,0
7961,-0.0625
7962,-0.0625
7963,-0.0625
7964,-1.9375
7965,-1.8125
7966,-1.6875
7967,-1.5
7968,-1.375
7969,0
7970,0
7971,-0.0625
7972,7.9375
7973,-8
7974,0
7975,0
7976,0
7977,-0.0625
7978,-0.0625
7979,-0.0625
7980,0.375
7981,0.5
7982,0.625
7983,0.8125
7984,0.9375
7985,0
7986,0
7987,-0.0625
7988,7.9375
7989,-8
7990,0
7991,0
7992,0
7993,-0.0625
7994,-0.0625
7995,-0.0625
7996,2.6875
7997,2.8125
7998,2.9375
7999,3.125
8000,3.25
8001,0
8002,0
8003,-0.0625
8004,7.9375
8005,-8
8006,0
8007,0
8008,0
8009,-0.0625
8010,-0.0625
8011,-0.0625
8012,5
8013,5.125
8014,5.25
8015,5.4375
8016,5.5625
8017,0
8018,0
8019,-0.0625
8020,7.9375
8021,-8
8022,0
8023,0
8024,0
8025,-0.0625
8026,-0.0625
8027,-0.0625
8028,7.3125
8029,7.4375
8030,7.5625
8031,7.75
8032,7.875
8033,0
8034,0
8035,-0.0625
8036,7.9375
8037,-8
8038,0
8039,0
8040,0
8041,-0.0625
8042,-0.0625
8043,-0.0625
8044,-6.375
8045,-6.25
8046,-6.125
8047,-5.9375
8048,-5.8125
8049,0
8050,0
8051,-0.0625
8052,7.9375
8053,-8
8054,0
8055,0
8056,0
8057,-0.0625
8058,-0.0625
8059,-0.0625
8060,-4.0625
8061,-3.9375
8062,-3.8125
8063,-3.625
8064,-3.5
8065,0
8066,0
8067,-0.0625
8068,7.9375
8069,-8
8070,0
8071,0
8072,0
8073,-0.0625
8074,-0.0625
8075,-0.0625
8076,-1.75
8077,-1.625
8078,-1.5
8079,-1.3125
8080,-1.1875
8081,0
8082,0
8083,-0.0625
8084,7.9375
8085,-8
8086,0
8087,0
8088,0
8089,-0.0625
8090,-0.0625
8091,-0.0625
8092,0.5625
8093,0.6875
8094,0.8125
8095,1
8096,1.125
8097,0
8098,0
8099,-0.0625
8100,7.9375
8101,-8
8102,0
8103,0
8104,0
8105,-0.0625
8106,-0.0625
8107,-0.0625
8108,2.875
8109,3
8110,3.125
8111,3.3125
8112,3.4375
8113,0
8114,0
8115,-0.0625
8116,7.9375
8117,-8
8118,0
8119,0
8120,0
8121,-0.0625
8122,-0.0625
8123,-0.0625
8124,5.1875
8125,5.3125
8126,5.4375
8127,5.625
8128,5.75
8129,0
8130,0
8131,-0.0625
8132,7.9375
8133,-8
8134,0
8135,0
8136,0
8137,-0.0625
8138,-0.0625
8139,-0.0625
8140,7.5
8141,7.625
8142,7.75
8143,7.9375
8144,-7.9375
8145,0
8146,0
8147,-0.0625
8148,7.9375
8149,-8
8150,0
8151,0
8152,0
8153,-0.0625
8154,-0.0625
8155,-0.0625
8156,-6.1875
8157,-6.0625
8158,-5.9375
8159,-5.75
8160,-5.625
8161,0
8162,0
8163,-0.0625
8164,7.9375
8165,-8
8166,0
8167,0
8168,0
8169,-0.0625
8170,-0.0625
8171,-0.0625
8172,-3.875
8173,-3.75
8174,-3.625
8175,-3.4375
8176,-3.3125
8177,0
8178,0
8179,-0.0625
8180,7.9375
8181,-8
8182,0
8183,0
8184,0
8185,-0.0625
8186,-0.0625
8187,-0.0625
8188,-1.5625
8189,-1.4375
8190,-1.3125
8191,-1.125
8192,-1
8193,0
8194,0
8195,-0.0625
8196,7.9375
8197,-8
8198,0
8199,0
8200,0
8201,-0.0625
8202,-0.0625
8203,-0.0625
8204,0.75
8205,0.875
8206,1
8207,1.1875
8208,1.3125
8209,0
8210,0
8211,-0.0625
8212,7.9375
8213,-8
8214,0
8215,0
8216,0
8217,-0.0625
8218,-0.0625
8219,-0.0625
8220,3.0625
8221,3.1875
8222,3.3125
8223,3.5
8224,3.625
8225,0
8226,0
8227,-0.0625
8228,7.9375
8229,-8
8230,0
8231,0
8232,0
8233,-0.0625
8234,-0.0625
8235,-0.0625
8236,5.375
8237,5.5
8238,5.625
8239,5.8125
8240,5.9375
8241,0
8242,0
8243,-0.0625
8244,7.9375
8245,-8
8246,0
8247,0
8248,0
8249,-0.0625
8250,-0.0625
8251,-0.0625
8252,7.6875
8253,7.8125
8254,7.9375
8255,-7.875
8256,-7.75
8257,0
8258,0
8259,-0.0625
8260,7.9375
8261,-8
8262,0
8263,0
8264,0
8265,-0.0625
8266,-0.0625
8267,-0.0625
8268,-6
8269,-5.875
8270,-5.75
8271,-5.5625
8272,-5.4375
8273,0
8274,0
8275,-0.0625
8276,7.9375
8277,-8
8278,0
8279,0
8280,0
8281,-0.0625
8282,-0.0625
8283,-0.0625
8284,-3.6875
8285,-3.5625
8286,-3.4375
8287,-3.25
8288,-3.125
8289,0
8290,0
8291,-0.0625
8292,7.9375
8293,-8
8294,0
8295,0
8296,0
8297,-0.0625
8298,-0.0625
8299,-0.0625
8300,-1.375
8301,-1.25
8302,-1.125
8303,-0.9375
8304,-0.8125
8305,0
8306,0
8307,-0.0625
8308,7.9375
8309,-8
8310,0
8311,0
8312,0
8313,-0.0625
8314,-0.0625
8315,-0.0625
8316,0.9375
8317,1.0625
8318,1.1875
8319,1.375
8320,1.5
8321,0
8322,0
8323,-0.0625
8324,7.9375
8325,-8
8326,0
8327,0
8328,0
8329,-0.0625
8330,-0.0625
8331,-0.0625
8332,3.25
8333,3.375
8334,3.5
8335,3.6875
8336,3.8125
8337,0
8338,0
8339,-0.0625
8340,7.9375
8341,-8
8342,0
8343,0
8344,0
8345,-0.0625
8346,-0.0625
8347,-0.0625
8348,5.5625
8349,5.6875
8350,5.8125
8351,6
8352,6.125
8353,0
8354,0
8355,-0.0625
8356,7.9375
8357,-8
8358,0
8359,0
8360,0
8361,-0.0625
8362,-0.0625
8363,-0.0625
8364,7.875
8365,-8
8366,-7.875
8367,-7.6875
8368,-7.5625
8369,0
8370,0
8371,-0.0625
8372,7.9375
8373,-8
8374,0
8375,0
8376,0
8377,-0.0625
8378,-0.0625
8379,-0.0625
8380,-5.8125
8381,-5.6875
8382,-5.5625
8383,-5.375
8384,-5.25
8385,0
8386,0
8387,-0.0625
8388,7.9375
8389,-8
8390,0
8391,0
8392,0
8393,-0.0625
8394,-0.0625
8395,-0.0625
8396,-3.5
8397,-3.375
8398,-3.25
8399,-3.0625
8400,-2.9375
8401,0
8402,0
8403,-0.0625
8404,7.9375
8405,-8
8406,0
8407,0
8408,0
8409,-0.0625
8410,-0.0625
8411,-0.0625
8412,-1.1875
8413,-1.0625
8414,-0.9375
8415,-0.75
8416,-0.625
8417,0
8418,0
8419,-0.0625
8420,7.9375
8421,-8
8422,0
8423,0
8424,0
8425,-0.0625
8426,-0.0625
8427,-0.0625
8428,1.125
8429,1.25
8430,1.375
8431,1.5625
8432,1.6875
8433,0
8434,0
8435,-0.0625
8436,7.9375
8437,-8
8438,0
8439,0
8440,0
8441,-0.0625
8442,-0.0625
8443,-0.0625
8444,3.4375
8445,3.5625
8446,3.6875
8447,3.875
8448,4
8449,0
8450,0
8451,-0.0625
8452,7.9375
8453,-8
8454,0
8455,0
8456,0
8457,-0.0625
8458,-0.0625
8459,-0.0625
8460,5.75
8461,5.875
8462,6
8463,6.1875
8464,6.3125
8465,0
8466,0
8467,-0.0625
8468,7.9375
8469,-8
8470,0
8471,0
8472,0
8473,-0.0625
8474,-0.0625
8475,-0.0625
8476,-7.9375
8477,-7.8125
8478,-7.6875
8479,-7.5
8480,-7.375
8481,0
8482,0
8483,-0.0625
8484,7.9375
8485,-8
8486,0
8487,0
8488,0
8489,-0.0625
8490,-0.0625
8491,-0.0625
8492,-5.625
8493,-5.5
8494,-5.375
8495,-5.1875
8496,-5.0625
8497,0
8498,0
8499,-0.0625
8500,7.9375
8501,-8
8502,0
8503,0
8504,0
8505,-0.0625
8506,-0.0625
8507,-0.0625
8508,-3.3125
8509,-3.1875
8510,-3.0625
8511,-2.875
8512,-2.75
8513,0
8514,0
8515,-0.0625
8516,7.9375
8517,-8
8518,0
8519,0
8520,0
8521,-0.0625
8522,-0.0625
8523,-0.0625
8524,-1
8525,-0.875
8526,-0.75
8527,-0.5625
8528,-0.4375
8529,0
8530,0
8531,-0.0625
8532,7.9375
8533,-8
8534,0
8535,0
8536,0
8537,-0.0625
8538,-0.0625
8539,-0.0625
8540,1.3125
8541,1.4375
8542,1.5625
8543,1.75
8544,1.875
8545,0
8546,0
8547,-0.0625
8548,7.9375
8549,-8
8550,0
8551,0
8552,0
8553,-0.0625
8554,-0.0625
8555,-0.0625
8556,3.625
8557,3.75
8558,3.875
8559,4.0625
8560,4.1875
8561,0
8562,0
8563,-0.0625
8564,7.9375
8565,-8
8566,0
8567,0
8568,0
8569,-0.0625
8570,-0.0625
8571,-0.0625
8572,5.9375
8573,6.0625
8574,6.1875
8575,6.375
8576,6.5
8577,0
8578,0
8579,-0.0625
8580,7.9375
8581,-8
8582,0
8583,0
8584,0
8585,-0.0625
8586,-0.0625
8587,-0.0625
8588,-7.75
8589,-7.625
8590,-7.5
8591,-7.3125
8592,-7.1875
8593,0
8594,0
8595,-0.0625
8596,7.9375
8597,-8
8598,0
8599,0
8600,0
8601,-0.0625
8602,-0.0625
8603,-0.0625
8604,-5.4375
8605,-5.3125
8606,-5.1875
8607,-5
8608,-4.875
8609,0
8610,0
8611,-0.0625
8612,7.9375
8613,-8
8614,0
8615,0
8616,0
8617,-0.0625
8618,-0.0625
8619,-0.0625
8620,-3.125
8621,-3
8622,-2.875
8623,-2.6875
8624,-2.5625
8625,0
8626,0
8627,-0.0625
8628,7.9375
8629,-8
8630,0
8631,0
8632,0
8633,-0.0625
8634,-0.0625
8635,-0.0625
8636,-0.8125
8637,-0.6875
8638,-0.5625
8639,-0.375
8640,-0.25
8641,0
8642,0
8643,-0.0625
8644,7.9375
8645,-8
8646,0
8647,0
8648,0
8649,-0.0625
8650,-0.0625
8651,-0.0625
8652,1.5
8653,1.625
8654,1.75
8655,1.9375
8656,2.0625
8657,0
8658,0
8659,-0.0625
8660,7.9375
8661,-8
8662,0
8663,0
8664,0
8665,-0.0625
8666,-0.0625
8667,-0.0625
8668,3.8125
8669,3.9375
8670,4.0625
8671,4.25
8672,4.375
8673,0
8674,0
8675,-0.0625
8676,7.9375
8677,-8
8678,0
8679,0
8680,0
8681,-0.0625
8682,-0.0625
8683,-0.0625
8684,6.125
8685,6.25
8686,6.375
8687,6.5625
8688,6.6875
8689,0
8690,0
8691,-0.0625
8692,7.9375
8693,-8
8694,0
8695,0
8696,0
8697,-0.0625
8698,-0.0625
8699,-0.0625
8700,-7.5625
8701,-7.4375
8702,-7.3125
8703,-7.125
8704,-7
8705,0
8706,0
8707,-0.0625
8708,7.9375
8709,-8
8710,0
8711,0
8712,0
8713,-0.0625
8714,-0.0625
8715,-0.0625
8716,-5.25
8717,-5.125
8718,-5
8719,-4.8125
8720,-4.6875
8721,0
8722,0
8723,-0.0625
8724,7.9375
8725,-8
8726,0
8727,0
8728,0
8729,-0.0625
8730,-0.0625
8731,-0.0625
8732,-2.9375
8733,-2.8125
8734,-2.6875
8735,-2.5
8736,-2.375
8737,0
8738,0
8739,-0.0625
8740,7.9375
8741,-8
8742,0
8743,0
8744,0
8745,-0.0625
8746,-0.0625
8747,-0.0625
8748,-0.625
8749,-0.5
8750,-0.375
8751,-0.1875
8752,-0.0625
8753,0
8754,0
8755,-0.0625
8756,7.9375
8757,-8
8758,0
8759,0
8760,0
8761,-0.0625
8762,-0.0625
8763,-0.0625
8764,1.6875
8765,1.8125
8766,1.9375
8767,2.125
8768,2.25
8769,0
8770,0
8771,-0.0625
8772,7.9375
8773,-8
8774,0
8775,0
8776,0
8777,-0.0625
8778,-0.0625
8779,-0.0625
8780,4
8781,4.125
8782,4.25
8783,4.4375
8784,4.5625
8785,0
8786,0
8787,-0.0625
8788,7.9375
8789,-8
8790,0
8791,0
8792,0
8793,-0.0625
8794,-0.0625
8795,-0.0625
8796,6.3125
8797,6.4375
8798,6.5625
8799,6.75
8800,6.875
8801,0
8802,0
8803,-0.0625
8804,7.9375
8805,-8
8806,0
8807,0
8808,0
8809,-0.0625
8810,-0.0625
8811,-0.0625
8812,-7.375
8813,-7.25
8814,-7.125
8815,-6.9375
8816,-6.8125
8817,0
8818,0
8819,-0.0625
8820,7.9375
8821,-8
8822,0
8823,0
8824,0
8825,-0.0625
8826,-0.0625
8827,-0.0625
8828,-5.0625
8829,-4.9375
8830,-4.8125
8831,-4.625
8832,-4.5
8833,0
8834,0
8835,-0.0625
8836,7.9375
8837,-8
8838,0
8839,0
8840,0
8841,-0.0625
8842,-0.0625
8843,-0.0625
8844,-2.75
8845,-2.625
8846,-2.5
8847,-2.3125
8848,-2.1875
8849,0
8850,0
8851,-0.0625
8852,7.9375
8853,-8
8854,0
8855,0
8856,0
8857,-0.0625
8858,-0.0625
8859,-0.0625
8860,-0.4375
8861,-0.3125
8862,-0.1875
8863,0
8864,0.125
8865,0
8866,0
8867,-0.0625
8868,7.9375
8869,-8
8870,0
8871,0
8872,0
8873,-0.0625
8874,-0.0625
8875,-0.0625
8876,1.875
8877,2
8878,2.125
8879,2.3125
8880,2.4375
8881,0
8882,0
8883,-0.0625
8884,7.9375
8885,-8
8886,0
8887,0
8888,0
8889,-0.0625
8890,-0.0625
8891,-0.0625
8892,4.1875
8893,4.3125
8894,4.4375
8895,4.625
8896,4.75
8897,0
8898,0
8899,-0.0625
8900,7.9375
8901,-8
8902,0
8903,0
8904,0
8905,-0.0625
8906,-0.0625
8907,-0.0625
8908,6.5
8909,6.625
8910,6.75
8911,6.9375
8912,7.0625
8913,0
8914,0
8915,-0.0625
8916,7.9375
8917,-8
8918,0
8919,0
8920,0
8921,-0.0625
8922,-0.0625
8923,-0.0625
8924,-7.1875
8925,-7.0625
8926,-6.9375
8927,-6.75
8928,-6.625
8929,0
8930,0
8931,-0.0625
8932,7.9375
8933,-8
8934,0
8935,0
8936,0
8937,-0.0625
8938,-0.0625
8939,-0.0625
8940,-4.875
8941,-4.75
8942,-4.625
8943,-4.4375
8944,-4.3125
8945,0
8946,0
8947,-0.0625
8948,7.9375
8949,-8
8950,0
8951,0
8952,0
8953,-0.0625
8954,-0.0625
8955,-0.0625
8956,-2.5625
8957,-2.4375
8958,-2.3125
8959,-2.125
8960,-2
8961,0
8962,0
8963,-0.0625
8964,7.9375
8965,-8
8966,0
8967,0
8968,0
8969,-0.0625
8970,-0.0625
8971,-0.0625
8972,-0.25
8973,-0.125
8974,0
8975,0.1875
8976,0.3125
8977,0
8978,0
8979,-0.0625
8980,7.9375
8981,-8
8982,0
8983,0
8984,0
8985,-0.0625
8986,-0.0625
8987,-0.0625
8988,2.0625
8989,2.1875
8990,2.3125
8991,2.5
8992,2.625
8993,0
8994,0
8995,-0.0625
8996,7.9375
8997,-8
8998,0
8999,0
9000,0
9001,-0.0625
9002,-0.0625
9003,-0.0625
9004,4.375
9005,4.5
9006,4.625
9007,4.8125
9008,4.9375
9009,0
9010,0
9011,-0.0625
9012,7.9375
9013,-8
9014,0
9015,0
9016,0
9017,-0.0625
9018,-0.0625
9019,-0.0625
9020,6.6875
9021,6.8125
9022,6.9375
9023,7.125
9024,7.25
9025,0
9026,0
9027,-0.0625
9028,7.9375
9029,-8
9030,0
9031,0
9032,0
9033,-0.0625
9034,-0.0625
9035,-0.0625
9036,-7
9037,-6.875
9038,-6.75
9039,-6.5625
9040,-6.4375
9041,0
9042,0
9043,-0.0625
9044,7.9375
9045,-8
9046,0
9047,0
9048,0
9049,-0.0625
9050,-0.0625
9051,-0.0625
9052,-4.6875
9053,-4.5625
9054,-4.4375
9055,-4.25
9056,-4.125
9057,0
9058,0
9059,-0.0625
9060,7.9375
9061,-8
9062,0
9063,0
9064,0
9065,-0.0625
9066,-0.0625
9067,-0.0625
9068,-2.375
9069,-2.25
9070,-2.125
9071,-1.9375
9072,-1.8125
9073,0
9074,0
9075,-0.0625
9076,7.9375
9077,-8
9078,0
9079,0
9080,0
9081,-0.0625
9082,-0.0625
9083,-0.0625
9084,-0.0625
9085,0.0625
9086,0.1875
9087,0.375
9088,0.5
9089,0
9090,0
9091,-0.0625
9092,7.9375
9093,-8
9094,0
9095,0
9096,0
9097,-0.0625
9098,-0.0625
9099,-0.0625
9100,2.25
9101,2.375
9102,2.5
9103,2.6875
9104,2.8125
9105,0
9106,0
9107,-0.0625
9108,7.9375
9109,-8
9110,0
9111,0
9112,0
9113,-0.0625
9114,-0.0625
9115,-0.0625
9116,4.5625
9117,4.6875
9118,4.8125
9119,5
9120,5.125
9121,0
9122,0
9123,-0.0625
9124,7.9375
9125,-8
9126,0
9127,0
9128,0
9129,-0.0625
9130,-0.0625
9131,-0.0625
9132,6.875
9133,7
9134,7.125
9135,7.3125
9136,7.4375
9137,0
9138,0
9139,-0.0625
9140,7.9375
9141,-8
9142,0
9143,0
9144,0
9145,-0.0625
9146,-0.0625
9147,-0.0625
9148,-6.8125
9149,-6.6875
9150,-6.5625
9151,-6.375
9152,-6.25
9153,0
9154,0
9155,-0.0625
9156,7.9375
9157,-8
9158,0
9159,0
9160,0
9161,-0.0625
9162,-0.0625
9163,-0.0625
9164,-4.5
9165,-4.375
9166,-4.25
9167,-4.0625
9168,-3.9375
9169,0
9170,0
9171,-0.0625
9172,7.9375
9173,-8
9174,0
9175,0
9176,0
9177,-0.0625
9178,-0.0625
9179,-0.0625
9180,-2.1875
9181,-2.0625
9182,-1.9375
9183,-1.75
9184,-1.625
9185,0
9186,0
9187,-0.0625
9188,7.9375
9189,-8
9190,0
9191,0
9192,0
9193,-0.0625
9194,-0.0625
9195,-0.0625
9196,0.125
9197,0.25
9198,0.375
9199,0.5625
9200,0.6875
9201,0
9202,0
9203,-0.0625
9204,7.9375
9205,-8
9206,0
9207,0
9208,0
9209,-0.0625
9210,-0.0625
9211,-0.0625
9212,2.4375
9213,2.5625
9214,2.6875
9215,2.875
9216,3
9217,0
9218,0
9219,-0.0625
9220,7.9375
9221,-8
9222,0
9223,0
9224,0
9225,-0.0625
9226,-0.0625
9227,-0.0625
9228,4.75
9229,4.875
9230,5
9231,5.1875
9232,5.3125
9233,0
9234,0
9235,-0.0625
9236,7.9375
9237,-8
9238,0
9239,0
9240,0
9241,-0.0625
9242,-0.0625
9243,-0.0625
9244,7.0625
9245,7.1875
9246,7.3125
9247,7.5
9248,7.625
9249,0
9250,0
9251,-0.0625
9252,7.9375
9253,-8
9254,0
9255,0
9256,0
9257,-0.0625
9258,-0.0625
9259,-0.0625
9260,-6.625
9261,-6.5
9262,-6.375
9263,-6.1875
9264,-6.0625
9265,0
9266,0
9267,-0.0625
9268,7.9375
9269,-8
9270,0
9271,0
9272,0
9273,-0.0625
9274,-0.0625
9275,-0.0625
9276,-4.3125
9277,-4.1875
9278,-4.0625
9279,-3.875
9280,-3.75
9281,0
9282,0
9283,-0.0625
9284,7.9375
9285,-8
9286,0
9287,0
9288,0
9289,-0.0625
9290,-0.0625
9291,-0.0625
9292,-2
9293,-1.875
9294,-1.75
9295,-1.5625
9296,-1.4375
9297,0
9298,0
9299,-0.0625
9300,7.9375
9301,-8
9302,0
9303,0
9304,0
9305,-0.0625
9306,-0.0625
9307,-0.0625
9308,0.3125
9309,0.4375
9310,0.5625
9311,0.75
9312,0.875
9313,0
9314,0
9315,-0.0625
9316,7.9375
9317,-8
9318,0
9319,0
9320,0
9321,-0.0625
9322,-0.0625
9323,-0.0625
9324,2.625
9325,2.75
9326,2.875
9327,3.0625
9328,3.1875
9329,0
9330,0
9331,-0.0625
9332,7.9375
9333,-8
9334,0
9335,0
9336,0
9337,-0.0625
9338,-0.0625
9339,-0.0625
9340,4.9375
9341,5.0625
9342,5.1875
9343,5.375
9344,5.5
9345,0
9346,0
9347,-0.0625
9348,7.9375
9349,-8
9350,0
9351,0
9352,0
9353,-0.0625
9354,-0.0625
9355,-0.0625
9356,7.25
9357,7.375
9358,7.5
9359,7.6875
9360,7.8125
9361,0
9362,0
9363,-0.0625
9364,7.9375
9365,-8
9366,0
9367,0
9368,0
9369,-0.0625
9370,-0.0625
9371,-0.0625
9372,-6.4375
9373,-6.3125
9374,-6.1875
9375,-6
9376,-5.875
9377,0
9378,0
9379,-0.0625
9380,7.9375
9381,-8
9382,0
9383,0
9384,0
9385,-0.0625
9386,-0.0625
9387,-0.0625
9388,-4.125
9389,-4
9390,-3.875
9391,-3.6875
9392,-3.5625
9393,0
9394,0
9395,-0.0625
9396,7.9375
9397,-8
9398,0
9399,0
9400,0
9401,-0.0625
9402,-0.0625
9403,-0.0625
9404,-1.8125
9405,-1.6875
9406,-1.5625
9407,-1.375
9408,-1.25
9409,0
9410,0
9411,-0.0625
9412,7.9375
9413,-8
9414,0
9415,0
9416,0
9417,-0.0625
9418,-0.0625
9419,-0.0625
9420,0.5
9421,0.625
9422,0.75
9423,0.9375
9424,1.0625
9425,0
9426,0
9427,-0.0625
9428,7.9375
9429,-8
9430,0
9431,0
9432,0
9433,-0.0625
9434,-0.0625
9435,-0.0625
9436,2.8125
9437,2.9375
9438,3.0625
9439,3.25
9440,3.375
9441,0
9442,0
9443,-0.0625
9444,7.9375
9445,-8
9446,0
9447,0
9448,0
9449,-0.0625
9450,-0.0625
9451,-0.0625
9452,5.125
9453,5.25
9454,5.375
9455,5.5625
9456,5.6875
9457,0
9458,0
9459,-0.0625
9460,7.9375
9461,-8
9462,0
9463,0
9464,0
9465,-0.0625
9466,-0.0625
9467,-0.0625
9468,7.4375
9469,7.5625
9470,7.6875
9471,7.875
9472,-8
9473,0
9474,0
9475,-0.0625
9476,7.9375
9477,-8
9478,0
9479,0
9480,0
9481,-0.0625
9482,-0.0625
9483,-0.0625
9484,-6.25
9485,-6.125
9486,-6
9487,-5.8125
9488,-5.6875
9489,0
9490,0
9491,-0.0625
9492,7.9375
9493,-8
9494,0
9495,0
9496,0
9497,-0.0625
9498,-0.0625
9499,-0.0625
9500,-3.9375
9501,-3.8125
9502,-3.6875
9503,-3.5
9504,-3.375
9505,0
9506,0
9507,-0.0625
9508,7.9375
9509,-8
9510,0
9511,0
9512,0
9513,-0.0625
9514,-0.0625
9515,-0.0625
9516,-1.625
9517,-1.5
9518,-1.375
9519,-1.1875
9520,-1.0625
9521,0
9522,0
9523,-0.0625
9524,7.9375
9525,-8
9526,0
9527,0
9528,0
9529,-0.0625
9530,-0.0625
9531,-0.0625
9532,0.6875
9533,0.8125
9534,0.9375
9535,1.125
9536,1.25
9537,0
9538,0
9539,-0.0625
9540,7.9375
9541,-8
9542,0
9543,0
9544,0
9545,-0.0625
9546,-0.0625
9547,-0.0625
9548,3
9549,3.125
9550,3.25
9551,3.4375
9552,3.5625
9553,0
9554,0
9555,-0.0625
9556,7.9375
9557,-8
9558,0
9559,0
9560,0
9561,-0.0625
9562,-0.0625
9563,-0.0625
9564,5.3125
9565,5.4375
9566,5.5625
9567,5.75
9568,5.875
9569,0
9570,0
9571,-0.0625
9572,7.9375
9573,-8
9574,0
9575,0
9576,0
9577,-0.0625
9578,-0.0625
9579,-0.0625
9580,7.625
9581,7.75
9582,7.875
9583,-7.9375
9584,-7.8125
9585,0
9586,0
9587,-0.0625
9588,7.9375
9589,-8
9590,0
9591,0
9592,0
9593,-0.0625
9594,-0.0625
9595,-0.0625
9596,-6.0625
9597,-5.9375
9598,-5.8125
9599,-5.625
9600,-5.5
9601,0
9602,0
9603,-0.0625
9604,7.9375
9605,-8
9606,0
9607,0
9608,0
9609,-0.0625
9610,-0.0625
9611,-0.0625
9612,-3.75
9613,-3.625
9614,-3.5
9615,-3.3125
9616,-3.1875
9617,0
9618,0
9619,-0.0625
9620,7.9375
9621,-8
9622,0
9623,0
9624,0
9625,-0.0625
9626,-0.0625
9627,-0.0625
9628,-1.4375
9629,-1.3125
9630,-1.1875
9631,-1
9632,-0.875
9633,0
9634,0
9635,-0.0625
9636,7.9375
9637,-8
9638,0
9639,0
9640,0
9641,-0.0625
9642,-0.0625
9643,-0.0625
9644,0.875
9645,1
9646,1.125
9647,1.3125
9648,1.4375
9649,0
9650,0
9651,-0.0625
9652,7.9375
9653,-8
9654,0
9655,0
9656,0
9657,-0.0625
9658,-0.0625
9659,-0.0625
9660,3.1875
9661,3.3125
9662,3.4375
9663,3.625
9664,3.75
9665,0
9666,0
9667,-0.0625
9668,7.9375
9669,-8
9670,0
9671,0
9672,0
9673,-0.0625
9674,-0.0625
9675,-0.0625
9676,5.5
9677,5.625
9678,5.75
9679,5.9375
9680,6.0625
9681,0
9682,0
9683,-0.0625
9684,7.9375
9685,-8
9686,0
9687,0
9688,0
9689,-0.0625
9690,-0.0625
9691,-0.0625
9692,7.8125
9693,7.9375
9694,-7.9375
9695,-7.75
9696,-7.625
9697,0
9698,0
9699,-0.0625
9700,7.9375
9701,-8
9702,0
9703,0
9704,0
9705,-0.0625
9706,-0.0625
9707,-0.0625
9708,-5.875
9709,-5.75
9710,-5.625
9711,-5.4375
9712,-5.3125
9713,0
9714,0
9715,-0.0625
9716,7.9375
9717,-8
9718,0
9719,0
9720,0
9721,-0.0625
9722,-0.0625
9723,-0.0625
9724,-3.5625
9725,-3.4375
9726,-3.3125
9727,-3.125
9728,-3
9729,0
9730,0
9731,-0.0625
9732,7.9375
9733,-8
9734,0
9735,0
9736,0
9737,-0.0625
9738,-0.0625
9739,-0.0625
9740,-1.25
9741,-1.125
9742,-1
9743,-0.8125
9744,-0.6875
9745,0
9746,0
9747,-0.0625
9748,7.9375
9749,-8
9750,0
9751,0
9752,0
9753,-0.0625
9754,-0.0625
9755,-0.0625
9756,1.0625
9757,1.1875
9758,1.3125
9759,1.5
9760,1.625
9761,0
9762,0
9763,-0.0625
9764,7.9375
9765,-8
9766,0
9767,0
9768,0
9769,-0.0625
9770,-0.0625
9771,-0.0625
9772,3.375
9773,3.5
9774,3.625
9775,3.8125
9776,3.9375
9777,0
9778,0
9779,-0.0625
9780,7.9375
9781,-8
9782,0
9783,0
9784,0
9785,-0.0625
9786,-0.0625
9787,-0.0625
9788,5.6875
9789,5.8125
9790,5.9375
9791,6.125
9792,6.25
9793,0
9794,0
9795,-0.0625
9796,7.9375
9797,-8
9798,0
9799,0
9800,0
9801,-0.0625
9802,-0.0625
9803,-0.0625
9804,-8
9805,-7.875
9806,-7.75
9807,-7.5625
9808,-7.4375
9809,0
9810,0
9811,-0.0625
9812,7.9375
9813,-8
9814,0
9815,0
9816,0
9817,-0.0625
9818,-0.0625
9819,-0.0625
9820,-5.6875
9821,-5.5625
9822,-5.4375
9823,-5.25
9824,-5.125
9825,0
9826,0
9827,-0.0625
9828,7.9375
9829,-8
9830,0
9831,0
9832,0
9833,-0.0625
9834,-0.0625
9835,-0.0625
9836,-3.375
9837,-3.25
9838,-3.125
9839,-2.9375
9840,-2.8125
9841,0
9842,0
9843,-0.0625
9844,7.9375
9845,-8
9846,0
9847,0
9848,0
9849,-0.0625
9850,-0.0625
9851,-0.0625
9852,-1.0625
9853,-0.9375
9854,-0.8125
9855,-0.625
9856,-0.5
9857,0
9858,0
9859,-0.0625
9860,7.9375
9861,-8
9862,0
9863,0
9864,0
9865,-0.0625
9866,-0.0625
9867,-0.0625
9868,1.25
9869,1.375
9870,1.5
9871,1.6875
9872,1.8125
9873,0
9874,0
9875,-0.0625
9876,7.9375
9877,-8
9878,0
9879,0
9880,0
9881,-0.0625
9882,-0.0625
9883,-0.0625
9884,3.5625
9885,3.6875
9886,3.8125
9887,4
9888,4.125
9889,0
9890,0
9891,-0.0625
9892,7.9375
9893,-8
9894,0
9895,0
9896,0
9897,-0.0625
9898,-0.0625
9899,-0.0625
9900,5.875
9901,6
9902,6.125
9903,6.3125
9904,6.4375
9905,0
9906,0
9907,-0.0625
9908,7.9375
9909,-8
9910,0
9911,0
9912,0
9913,-0.0625
9914,-0.0625
9915,-0.0625
9916,-7.8125
9917,-7.6875
9918,-7.5625
9919,-7.375
9920,-7.25
9921,0
9922,0
9923,-0.0625
9924,7.9375
9925,-8
9926,0
9927,0
9928,0
9929,-0.0625
9930,-0.0625
9931,-0.0625
9932,-5.5
9933,-5.375
9934,-5.25
9935,-5.0625
9936,-4.9375
9937,0
9938,0
9939,-0.0625
9940,7.9375
9941,-8
9942,0
9943,0
9944,0
9945,-0.0625
9946,-0.0625
9947,-0.0625
9948,-3.1875
9949,-3.0625
9950,-2.9375
9951,-2.75
9952,-2.625
9953,0
9954,0
9955,-0.0625
9956,7.9375
9957,-8
9958,0
9959,0
9960,0
9961,-0.0625
9962,-0.0625
9963,-0.0625
9964,-0.875
9965,-0.75
9966,-0.625
9967,-0.4375
9968,-0.3125
9969,0
9970,0
9971,-0.0625
9972,7.9375
9973,-8
9974,0
9975,0
9976,0
9977,-0.0625
9978,-0.0625
9979,-0.0625
9980,1.4375
9981,1.5625
9982,1.6875
9983,1.875
9984,2
9985,0
9986,0
9987,-0.0625
9988,7.9375
9989,-8
9990,0
9991,0
9992,0
9993,-0.0625
9994,-0.0625
9995,-0.0625
9996,3.75
9997,3.875
9998,4
9999,4.1875
10000,4.3125
10001,0
10002,0
10003,-0.0625
10004,7.9375
10005,-8
10006,0
10007,0
10008,0
10009,-0.0625
10010,-0.0625
10011,-0.0625
10012,6.0625
10013,6.1875
10014,6.3125
10015,6.5
10016,6.625
10017,0
10018,0
10019,-0.0625
10020,7.9375
10021,-8
10022,0
10023,0
10024,0
10025,-0.0625
10026,-0.0625
10027,-0.0625
10028,-7.625
10029,-7.5
10030,-7.375
10031,-7.1875
10032,-7.0625
10033,0
10034,0
10035,-0.0625
10036,7.9375
10037,-8
10038,0
10039,0
10040,0
10041,-0.0625
10042,-0.0625
10043,-0.0625
10044,-5.3125
10045,-5.1875
10046,-5.0625
10047,-4.875
10048,-4.75
10049,0
10050,0
10051,-0.0625
10052,7.9375
10053,-8
10054,0
10055,0
10056,0
10057,-0.0625
10058,-0.0625
10059,-0.0625
10060,-3
10061,-2.875
10062,-2.75
10063,-2.5625
10064,-2.4375
10065,0
10066,0
10067,-0.0625
10068,7.9375
10069,-8
10070,0
10071,0
10072,0
10073,-0.0625
10074,-0.0625
10075,-0.0625
10076,-0.6875
10077,-0.5625
10078,-0.4375
10079,-0.25
10080,-0.125
10081,0
10082,0
10083,-0.0625
10084,7.9375
10085,-8
10086,0
10087,0
10088,0
10089,-0.0625
10090,-0.0625
10091,-0.0625
10092,1.625
10093,1.75
10094,1.875
10095,2.0625
10096,2.1875
10097,0
10098,0
10099,-0.0625
10100,7.9375
10101,-8
10102,0
10103,0
10104,0
10105,-0.0625
10106,-0.0625
10107,-0.0625
10108,3.9375
10109,4.0625
10110,4.1875
10111,4.375
10112,4.5
10113,0
10114,0
10115,-0.0625
10116,7.9375
10117,-8
10118,0
10119,0
10120,0
10121,-0.0625
10122,-0.0625
10123,-0.0625
10124,6.25
10125,6.375
10126,6.5
10127,6.6875
10128,6.8125
10129,0
10130,0
10131,-0.0625
10132,7.9375
10133,-8
10134,0
10135,0
10136,0
10137,-0.0625
10138,-0.0625
10139,-0.0625
10140,-7.4375
10141,-7.3125
10142,-7.1875
10143,-7
10144,-6.875
10145,0
10146,0
10147,-0.0625
10148,7.9375
10149,-8
10150,0
10151,0
10152,0
10153,-0.0625
10154,-0.0625
10155,-0.0625
10156,-5.125
10157,-5
10158,-4.875
10159,-4.6875
10160,-4.5625
10161,0
10162,0
10163,-0.0625
10164,7.9375
10165,-8
10166,0
10167,0
10168,0
10169,-0.0625
10170,-0.0625
10171,-0.0625
10172,-2.8125
10173,-2.6875
10174,-2.5625
10175,-2.375
10176,-2.25
10177,0
10178,0
10179,-0.0625
10180,7.9375
10181,-8
10182,0
10183,0
10184,0
10185,-0.0625
10186,-0.0625
10187,-0.0625
10188,-0.5
10189,-0.375
10190,-0.25
10191,-0.0625
10192,0.0625
10193,0
10194,0
10195,-0.0625
10196,7.9375
10197,-8
10198,0
10199,0
10200,0
10201,-0.0625
10202,-0.0625
10203,-0.0625
10204,1.8125
10205,1.9375
10206,2.0625
10207,2.25
10208,2.375
10209,0
10210,0
10211,-0.0625
10212,7.9375
10213,-8
10214,0
10215,0
10216,0
10217,-0.0625
10218,-0.0625
10219,-0.0625
10220,4.125
10221,4.25
10222,4.375
10223,4.5625
10224,4.6875
10225,0
10226,0
10227,-0.0625
10228,7.9375
10229,-8
10230,0
10231,0
10232,0
10233,-0.0625
10234,-0.0625
10235,-0.0625
10236,6.4375
10237,6.5625
10238,6.6875
10239,6.875
10240,7
10241,0
10242,0
10243,-0.0625
10244,7.9375
10245,-8
10246,0
10247,0
10248,0
10249,-0.0625
10250,-0.0625
10251,-0.0625
10252,-7.25
10253,-7.125
10254,-7
10255,-6.8125
10256,-6.6875
10257,0
10258,0
10259,-0.0625
10260,7.9375
10261,-8
10262,0
10263,0
10264,0
10265,-0.0625
10266,-0.0625
10267,-0.0625
10268,-4.9375
10269,-4.8125
10270,-4.6875
10271,-4.5
10272,-4.375
10273,0
10274,0
10275,-0.0625
10276,7.9375
10277,-8
10278,0
10279,0
10280,0
10281,-0.0625
10282,-0.0625
10283,-0.0625
10284,-2.625
10285,-2.5
10286,-2.375
10287,-2.1875
10288,-2.0625
10289,0
10290,0
10291,-0.0625
10292,7.9375
10293,-8
10294,0
10295,0
10296,0
10297,-0.0625
10298,-0.0625
10299,-0.0625
10300,-0.3125
10301,-0.1875
10302,-0.0625
10303,0.125
10304,0.25
10305,0
10306,0
10307,-0.0625
10308,7.9375
10309,-8
10310,0
10311,0
10312,0
10313,-0.0625
10314,-0.0625
10315,-0.0625
10316,2
10317,2.125
10318,2.25
10319,2.4375
10320,2.5625
10321,0
10322,0
10323,-0.0625
10324,7.9375
10325,-8
10326,0
10327,0
10328,0
10329,-0.0625
10330,-0.0625
10331,-0.0625
10332,4.3125
10333,4.4375
10334,4.5625
10335,4.75
10336,4.875
10337,0
10338,0
10339,-0.0625
10340,7.9375
10341,-8
10342,0
10343,0
10344,0
10345,-0.0625
10346,-0.0625
10347,-0.0625
10348,6.625
10349,6.75
10350,6.875
10351,7.0625
10352,7.1875
10353,0
10354,0
10355,-0.0625
10356,7.9375
10357,-8
10358,0
10359,0
10360,0
10361,-0.0625
10362,-0.0625
10363,-0.0625
10364,-7.0625
10365,-6.9375
10366,-6.8125
10367,-6.625
10368,-6.5
10369,0
10370,0
10371,-0.0625
10372,7.9375
10373,-8
10374,0
10375,0
10376,0
10377,-0.0625
10378,-0.0625
10379,-0.0625
10380,-4.75
10381,-4.625
10382,-4.5
10383,-4.3125
10384,-4.1875
10385,0
10386,0
10387,-0.0625
10388,7.9375
10389,-8
10390,0
10391,0
10392,0
10393,-0.0625
10394,-0.0625
10395,-0.0625
10396,-2.4375
10397,-2.3125
10398,-2.1875
10399,-2
10400,-1.875
10401,0
10402,0
10403,-0.0625
10404,7.9375
10405,-8
10406,0
10407,0
10408,0
10409,-0.0625
10410,-0.0625
10411,-0.0625
10412,-0.125
10413,0
10414,0.125
10415,0.3125
10416,0.4375
10417,0
10418,0
10419,-0.0625
10420,7.9375
10421,-8
10422,0
10423,0
10424,0
10425,-0.0625
10426,-0.0625
10427,-0.0625
10428,2.1875
10429,2.3125
10430,2.4375
10431,2.625
10432,2.75
10433,0
10434,0
10435,-0.0625
10436,7.9375
10437,-8
10438,0
10439,0
10440,0
10441,-0.0625
10442,-0.0625
10443,-0.0625
10444,4.5
10445,4.625
10446,4.75
10447,4.9375
10448,5.0625
10449,0
10450,0
10451,-0.0625
10452,7.9375
10453,-8
10454,0
10455,0
10456,0
10457,-0.0625
10458,-0.0625
10459,-0.0625
10460,6.8125
10461,6.9375
10462,7.0625
10463,7.25
10464,7.375
10465,0
10466,0
10467,-0.0625
10468,7.9375
10469,-8
10470,0
10471,0
10472,0
10473,-0.0625
10474,-0.0625
10475,-0.0625
10476,-6.875
10477,-6.75
10478,-6.625
10479,-6.4375
10480,-6.3125
10481,0
10482,0
10483,-0.0625
10484,7.9375
10485,-8
10486,0
10487,0
10488,0
10489,-0.0625
10490,-0.0625
10491,-0.0625
10492,-4.5625
10493,-4.4375
10494,-4.3125
10495,-4.125
10496,-4
10497,0
10498,0
10499,-0.0625
10500,7.9375
10501,-8
10502,0
10503,0
10504,0
10505,-0.0625
10506,-0.0625
10507,-0.0625
10508,-2.25
10509,-2.125
10510,-2
10511,-1.8125
10512,-1.6875
10513,0
10514,0
10515,-0.0625
10516,7.9375
10517,-8
10518,0
10519,0
10520,0
10521,-0.0625
10522,-0.0625
10523,-0.0625
10524,0.0625
10525,0.1875
10526,0.3125
10527,0.5
10528,0.625
10529,0
10530,0
10531,-0.0625
10532,7.9375
10533,-8
10534,0
10535,0
10536,0
10537,-0.0625
10538,-0.0625
10539,-0.0625
10540,2.375
10541,2.5
10542,2.625
10543,2.8125
10544,2.9375
10545,0
10546,0
10547,-0.0625
10548,7.9375
10549,-8
10550,0
10551,0
10552,0
10553,-0.0625
10554,-0.0625
10555,-0.0625
10556,4.6875
10557,4.8125
10558,4.9375
10559,5.125
10560,5.25
10561,0
10562,0
10563,-0.0625
10564,7.9375
10565,-8
10566,0
10567,0
10568,0
10569,-0.0625
10570,-0.0625
10571,-0.0625
10572,7
10573,7.125
10574,7.25
10575,7.4375
10576,7.5625
10577,0
10578,0
10579,-0.0625
10580,7.9375
10581,-8
10582,0
10583,0
10584,0
10585,-0.0625
10586,-0.0625
10587,-0.0625
10588,-6.6875
10589,-6.5625
10590,-6.4375
10591,-6.25
10592,-6.125
10593,0
10594,0
10595,-0.0625
10596,7.9375
10597,-8
10598,0
10599,0
10600,0
10601,-0.0625
10602,-0.0625
10603,-0.0625
10604,-4.375
10605,-4.25
10606,-4.125
10607,-3.9375
10608,-3.8125
10609,0
10610,0
10611,-0.0625
10612,7.9375
10613,-8
10614,0
10615,0
10616,0
10617,-0.0625
10618,-0.0625
10619,-0.0625
10620,-2.0625
10621,-1.9375
10622,-1.8125
10623,-1.625
10624,-1.5
10625,0
10626,0
10627,-0.0625
10628,7.9375
10629,-8
10630,0
10631,0
10632,0
10633,-0.0625
10634,-0.0625
10635,-0.0625
10636,0.25
10637,0.375
10638,0.5
10639,0.6875
10640,0.8125
10641,0
10642,0
10643,-0.0625
10644,7.9375
10645,-8
10646,0
10647,0
10648,0
10649,-0.0625
10650,-0.0625
10651,-0.0625
10652,2.5625
10653,2.6875
10654,2.8125
10655,3
10656,3.125
10657,0
10658,0
10659,-0.0625
10660,7.9375
10661,-8
10662,0
10663,0
10664,0
10665,-0.0625
10666,-0.0625
10667,-0.0625
10668,4.875
10669,5
10670,5.125
10671,5.3125
10672,5.4375
10673,0
10674,0
10675,-0.0625
10676,7.9375
10677,-8
10678,0
10679,0
10680,0
10681,-0.0625
10682,-0.0625
10683,-0.0625
10684,7.1875
10685,7.3125
10686,7.4375
10687,7.625
10688,7.75
10689,0
10690,0
10691,-0.0625
10692,7.9375
10693,-8
10694,0
10695,0
10696,0
10697,-0.0625
10698,-0.0625
10699,-0.0625
10700,-6.5
10701,-6.375
10702,-6.25
10703,-6.0625
10704,-5.9375
10705,0
10706,0
10707,-0.0625
10708,7.9375
10709,-8
10710,0
10711,0
10712,0
10713,-0.0625
10714,-0.0625
10715,-0.0625
10716,-4.1875
10717,-4.0625
10718,-3.9375
10719,-3.75
10720,-3.625
10721,0
10722,0
10723,-0.0625
10724,7.9375
10725,-8
10726,0
10727,0
10728,0
10729,-0.0625
10730,-0.0625
10731,-0.0625
10732,-1.875
10733,-1.75
10734,-1.625
10735,-1.4375
10736,-1.3125
10737,0
10738,0
10739,-0.0625
10740,7.9375
10741,-8
10742,0
10743,0
10744,0
10745,-0.0625
10746,-0.0625
10747,-0.0625
10748,0.4375
10749,0.5625
10750,0.6875
10751,0.875
10752,1
10753,0
10754,0
10755,-0.0625
10756,7.9375
10757,-8
10758,0
10759,0
10760,0
10761,-0.0625
10762,-0.0625
10763,-0.0625
10764,2.75
10765,2.875
10766,3
10767,3.1875
10768,3.3125
10769,0
10770,0
10771,-0.0625
10772,7.9375
10773,-8
10774,0
10775,0
10776,0
10777,-0.0625
10778,-0.0625
10779,-0.0625
10780,5.0625
10781,5.1875
10782,5.3125
10783,5.5
10784,5.625
10785,0
10786,0
10787,-0.0625
10788,7.9375
10789,-8
10790,0
10791,0
10792,0
10793,-0.0625
10794,-0.0625
10795,-0.0625
10796,7.375
10797,7.5
10798,7.625
10799,7.8125
10800,7.9375
10801,0
10802,0
10803,-0.0625
10804,7.9375
10805,-8
10806,0
10807,0
10808,0
10809,-0.0625
10810,-0.0625
10811,-0.0625
10812,-6.3125
10813,-6.1875
10814,-6.0625
10815,-5.875
10816,-5.75
10817,0
10818,0
10819,-0.0625
10820,7.9375
10821,-8
10822,0
10823,0
10824,0
10825,-0.0625
10826,-0.0625
10827,-0.0625
10828,-4
10829,-3.875
10830,-3.75
10831,-3.5625
10832,-3.4375
10833,0
10834,0
10835,-0.0625
10836,7.9375
10837,-8
10838,0
10839,0
10840,0
10841,-0.0625
10842,-0.0625
10843,-0.0625
10844,-1.6875
10845,-1.5625
10846,-1.4375
10847,-1.25
10848,-1.125
10849,0
10850,0
10851,-0.0625
10852,7.9375
10853,-8
10854,0
10855,0
10856,0
10857,-0.0625
10858,-0.0625
10859,-0.0625
10860,0.625
10861,0.75
10862,0.875
10863,1.0625
10864,1.1875
10865,0
10866,0
10867,-0.0625
10868,7.9375
10869,-8
10870,0
10871,0
10872,0
10873,-0.0625
10874,-0.0625
10875,-0.0625
10876,2.9375
10877,3.0625
10878,3.1875
10879,3.375
10880,3.5
10881,0
10882,0
10883,-0.0625
10884,7.9375
10885,-8
10886,0
10887,0
10888,0
10889,-0.0625
10890,-0.0625
10891,-0.0625
10892,5.25
10893,5.375
10894,5.5
10895,5.6875
10896,5.8125
10897,0
10898,0
10899,-0.0625
10900,7.9375
10901,-8
10902,0
10903,0
10904,0
10905,-0.0625
10906,-0.0625
10907,-0.0625
10908,7.5625
10909,7.6875
10910,7.8125
10911,-8
10912,-7.875
10913,0
10914,0
10915,-0.0625
10916,7.9375
10917,-8
10918,0
10919,0
10920,0
10921,-0.0625
10922,-0.0625
10923,-0.0625
10924,-6.125
10925,-6
10926,-5.875
10927,-5.6875
10928,-5.5625
10929,0
10930,0
10931,-0.0625
10932,7.9375
10933,-8
10934,0
10935,0
10936,0
10937,-0.0625
10938,-0.0625
10939,-0.0625
10940,-3.8125
10941,-3.6875
10942,-3.5625
10943,-3.375
10944,-3.25
10945,0
10946,0
10947,-0.0625
10948,7.9375
10949,-8
10950,0
10951,0
10952,0
10953,-0.0625
10954,-0.0625
10955,-0.0625
10956,-1.5
10957,-1.375
10958,-1.25
10959,-1.0625
10960,-0.9375
10961,0
10962,0
10963,-0.0625
10964,7.9375
10965,-8
10966,0
10967,0
10968,0
10969,-0.0625
10970,-0.0625
10971,-0.0625
10972,0.8125
10973,0.9375
10974,1.0625
10975,1.25
10976,1.375
10977,0
10978,0
10979,-0.0625
10980,7.9375
10981,-8
10982,0
10983,0
10984,0
10985,-0.0625
10986,-0.0625
10987,-0.0625
10988,3.125
10989,3.25
10990,3.375
10991,3.5625
10992,3.6875
10993,0
10994,0
10995,-0.0625
10996,7.9375
10997,-8
10998,0
10999,0
11000,0
11001,-0.0625
11002,-0.0625
11003,-0.0625
11004,5.4375
11005,5.5625
11006,5.6875
11007,5.875
11008,6
11009,0
11010,0
11011,-0.0625
11012,7.9375
11013,-8
11014,0
11015,0
11016,0
11017,-0.0625
11018,-0.0625
11019,-0.0625
11020,7.75
11021,7.875
11022,-8
11023,-7.8125
11024,-7.6875
11025,0
11026,0
11027,-0.0625
11028,7.9375
11029,-8
11030,0
11031,0
11032,0
11033,-0.0625
11034,-0.0625
11035,-0.0625
11036,-5.9375
11037,-5.8125
11038,-5.6875
11039,-5.5
11040,-5.375
11041,0
11042,0
11043,-0.0625
11044,7.9375
11045,-8
11046,0
11047,0
11048,0
11049,-0.0625
11050,-0.0625
11051,-0.0625
11052,-3.625
11053,-3.5
11054,-3.375
11055,-3.1875
11056,-3.0625
11057,0
11058,0
11059,-0.0625
11060,7.9375
11061,-8
11062,0
11063,0
11064,0
11065,-0.0625
11066,-0.0625
11067,-0.0625
11068,-1.3125
11069,-1.1875
11070,-1.0625
11071,-0.875
11072,-0.75
11073,0
11074,0
11075,-0.0625
11076,7.9375
11077,-8
11078,0
11079,0
11080,0
11081,-0.0625
11082,-0.0625
11083,-0.0625
11084,1
11085,1.125
11086,1.25
11087,1.4375
11088,1.5625
11089,0
11090,0
11091,-0.0625
11092,7.9375
11093,-8
11094,0
11095,0
11096,0
11097,-0.0625
11098,-0.0625
11099,-0.0625
11100,3.3125
11101,3.4375
11102,3.5625
11103,3.75
11104,3.875
11105,0
11106,0
11107,-0.0625
11108,7.9375
11109,-8
11110,0
11111,0
11112,0
11113,-0.0625
11114,-0.0625
11115,-0.0625
11116,5.625
11117,5.75
11118,5.875
11119,6.0625
11120,6.1875
11121,0
11122,0
11123,-0.0625
11124,7.9375
11125,-8
11126,0
11127,0
11128,0
11129,-0.0625
11130,-0.0625
11131,-0.0625
11132,7.9375
11133,-7.9375
11134,-7.8125
11135,-7.625
11136,-7.5
11137,0
11138,0
11139,-0.0625
11140,7.9375
11141,-8
11142,0
11143,0
11144,0
11145,-0.0625
11146,-0.0625
11147,-0.0625
11148,-5.75
11149,-5.625
11150,-5.5
11151,-5.3125
11152,-5.1875
11153,0
11154,0
11155,-0.0625
11156,7.9375
11157,-8
11158,0
11159,0
11160,0
11161,-0.0625
11162,-0.0625
11163,-0.0625
11164,-3.4375
11165,-3.3125
11166,-3.1875
11167,-3
11168,-2.875
11169,0
11170,0
11171,-0.0625
11172,7.9375
11173,-8
11174,0
11175,0
11176,0
11177,-0.0625
11178,-0.0625
11179,-0.0625
11180,-1.125
11181,-1
11182,-0.875
11183,-0.6875
11184,-0.5625
11185,0
11186,0
11187,-0.0625
11188,7.9375
11189,-8
11190,0
11191,0
11192,0
11193,-0.0625
11194,-0.0625
11195,-0.0625
11196,1.1875
11197,1.3125
11198,1.4375
11199,1.625
11200,1.75
11201,0
11202,0
11203,-0.0625
11204,7.9375
11205,-8
11206,0
11207,0
11208,0
11209,-0.0625
11210,-0.0625
11211,-0.0625
11212,3.5
11213,3.625
11214,3.75
11215,3.9375
11216,4.0625
11217,0
11218,0
11219,-0.0625
11220,7.9375
11221,-8
11222,0
11223,0
11224,0
11225,-0.0625
11226,-0.0625
11227,-0.0625
11228,5.8125
11229,5.9375
11230,6.0625
11231,6.25
11232,6.375
11233,0
11234,0
11235,-0.0625
11236,7.9375
11237,-8
11238,0
11239,0
11240,0
11241,-0.0625
11242,-0.0625
11243,-0.0625
11244,-7.875
11245,-7.75
11246,-7.625
11247,-7.4375
11248,-7.3125
11249,0
11250,0
11251,-0.0625
11252,7.9375
11253,-8
11254,0
11255,0
11256,0
11257,-0.0625
11258,-0.0625
11259,-0.0625
11260,-5.5625
11261,-5.4375
11262,-5.3125
11263,-5.125
11264,-5
11265,0
11266,0
11267,-0.0625
11268,7.9375
11269,-8
11270,0
11271,0
11272,0
11273,-0.0625
11274,-0.0625
11275,-0.0625
11276,-3.25
11277,-3.125
11278,-3
11279,-2.8125
11280,-2.6875
11281,0
11282,0
11283,-0.0625
11284,7.9375
11285,-8
11286,0
11287,0
11288,0
11289,-0.0625
11290,-0.0625
11291,-0.0625
11292,-0.9375
11293,-0.8125
11294,-0.6875
11295,-0.5
11296,-0.375
11297,0
11298,0
11299,-0.0625
11300,7.9375
11301,-8
11302,0
11303,0
11304,0
11305,-0.0625
11306,-0.0625
11307,-0.0625
11308,1.375
11309,1.5
11310,1.625
11311,1.8125
11312,1.9375
11313,0
11314,0
11315,-0.0625
11316,7.9375
11317,-8
11318,0
11319,0
11320,0
11321,-0.0625
11322,-0.0625
11323,-0.0625
11324,3.6875
11325,3.8125
11326,3.9375
11327,4.125
11328,4.25
11329,0
11330,0
11331,-0.0625
11332,7.9375
11333,-8
11334,0
11335,0
11336,0
11337,-0.0625
11338,-0.0625
11339,-0.0625
11340,6
11341,6.125
11342,6.25
11343,6.4375
11344,6.5625
11345,0
11346,0
11347,-0.0625
11348,7.9375
11349,-8
11350,0
11351,0
11352,0
11353,-0.0625
11354,-0.0625
11355,-0.0625
11356,-7.6875
11357,-7.5625
11358,-7.4375
11359,-7.25
11360,-7.125
11361,0
11362,0
11363,-0.0625
11364,7.9375
11365,-8
11366,0
11367,0
11368,0
11369,-0.0625
11370,-0.0625
11371,-0.0625
11372,-5.375
11373,-5.25
11374,-5.125
11375,-4.9375
11376,-4.8125
11377,0
11378,0
11379,-0.0625
11380,7.9375
11381,-8
11382,0
11383,0
11384,0
11385,-0.0625
11386,-0.0625
11387,-0.0625
11388,-3.0625
11389,-2.9375
11390,-2.8125
11391,-2.625
11392,-2.5
11393,0
11394,0
11395,-0.0625
11396,7.9375
11397,-8
11398,0
11399,0
11400,0
11401,-0.0625
11402,-0.0625
11403,-0.0625
11404,-0.75
11405,-0.625
11406,-0.5
11407,-0.3125
11408,-0.1875
11409,0
11410,0
11411,-0.0625
11412,7.9375
11413,-8
11414,0
11415,0
11416,0
11417,-0.0625
11418,-0.0625
11419,-0.0625
11420,1.5625
11421,1.6875
11422,1.8125
11423,2
11424,2.125
11425,0
11426,0
11427,-0.0625
11428,7.9375
11429,-8
11430,0
11431,0
11432,0
11433,-0.0625
11434,-0.0625
11435,-0.0625
11436,3.875
11437,4
11438,4.125
11439,4.3125
11440,4.4375
11441,0
11442,0
11443,-0.0625
11444,7.9375
11445,-8
11446,0
11447,0
11448,0
11449,-0.0625
11450,-0.0625
11451,-0.0625
11452,6.1875
11453,6.3125
11454,6.4375
11455,6.625
11456,6.75
11457,0
11458,0
11459,-0.0625
11460,7.9375
11461,-8
11462,0
11463,0
11464,0
11465,-0.0625
11466,-0.0625
11467,-0.0625
11468,-7.5
11469,-7.375
11470,-7.25
11471,-7.0625
11472,-6.9375
11473,0
11474,0
11475,-0.0625
11476,7.9375
11477,-8
11478,0
11479,0
11480,0
11481,-0.0625
11482,-0.0625
11483,-0.0625
11484,-5.1875
11485,-5.0625
11486,-4.9375
11487,-4.75
11488,-4.625
11489,0
11490,0
11491,-0.0625
11492,7.9375
11493,-8
11494,0
11495,0
11496,0
11497,-0.0625
11498,-0.0625
11499,-0.0625
11500,-2.875
11501,-2.75
11502,-2.625
11503,-2.4375
11504,-2.3125
11505,0
11506,0
11507,-0.0625
11508,7.9375
11509,-8
11510,0
11511,0
11512,0
11513,-0.0625
11514,-0.0625
11515,-0.0625
11516,-0.5625
11517,-0.4375
11518,-0.3125
11519,-0.125
11520,0
11521,0
11522,0
11523,-0.0625
11524,7.9375
11525,-8
11526,0
11527,0
11528,0
11529,-0.0625
11530,-0.0625
11531,-0.0625
11532,1.75
11533,1.875
11534,2
11535,2.1875
11536,2.3125
11537,0
11538,0
11539,-0.0625
11540,7.9375
11541,-8
11542,0
11543,0
11544,0
11545,-0.0625
11546,-0.0625
11547,-0.0625
11548,4.0625
11549,4.1875
11550,4.3125
11551,4.5
11552,4.625
11553,0
11554,0
11555,-0.0625
11556,7.9375
11557,-8
11558,0
11559,0
11560,0
11561,-0.0625
11562,-0.0625
11563,-0.0625
11564,6.375
11565,6.5
11566,6.625
11567,6.8125
11568,6.9375
11569,0
11570,0
11571,-0.0625
11572,7.9375
11573,-8
11574,0
11575,0
11576,0
11577,-0.0625
11578,-0.0625
11579,-0.0625
11580,-7.3125
11581,-7.1875
11582,-7.0625
11583,-6.875
11584,-6.75
11585,0
11586,0
11587,-0.0625
11588,7.9375
11589,-8
11590,0
11591,0
11592,0
11593,-0.0625
11594,-0.0625
11595,-0.0625
11596,-5
11597,-4.875
11598,-4.75
11599,-4.5625
11600,-4.4375
11601,0
11602,0
11603,-0.0625
11604,7.9375
11605,-8
11606,0
11607,0
11608,0
11609,-0.0625
11610,-0.0625
11611,-0.0625
11612,-2.6875
11613,-2.5625
11614,-2.4375
11615,-2.25
11616,-2.125
11617,0
11618,0
11619,-0.0625
11620,7.9375
11621,-8
11622,0
11623,0
11624,0
11625,-0.0625
11626,-0.0625
11627,-0.0625
11628,-0.375
11629,-0.25
11630,-0.125
11631,0.0625
11632,0.1875
11633,0
11634,0
11635,-0.0625
11636,7.9375
11637,-8
11638,0
11639,0
11640,0
11641,-0.0625
11642,-0.0625
11643,-0.0625
11644,1.9375
11645,2.0625
11646,2.1875
11647,2.375
11648,2.5
11649,0
11650,0
11651,-0.0625
11652,7.9375
11653,-8
11654,0
11655,0
11656,0
11657,-0.0625
11658,-0.0625
11659,-0.0625
11660,4.25
11661,4.375
11662,4.5
11663,4.6875
11664,4.8125
11665,0
11666,0
11667,-0.0625
11668,7.9375
11669,-8
11670,0
11671,0
11672,0
11673,-0.0625
11674,-0.0625
11675,-0.0625
11676,6.5625
11677,6.6875
11678,6.8125
11679,7
11680,7.125
11681,0
11682,0
11683,-0.0625
11684,7.9375
11685,-8
11686,0
11687,0
11688,0
11689,-0.0625
11690,-0.0625
11691,-0.0625
11692,-7.125
11693,-7
11694,-6.875
11695,-6.6875
11696,-6.5625
11697,0
11698,0
11699,-0.0625
11700,7.9375
11701,-8
11702,0
11703,0
11704,0
11705,-0.0625
11706,-0.0625
11707,-0.0625
11708,-4.8125
11709,-4.6875
11710,-4.5625
11711,-4.375
11712,-4.25
11713,0
11714,0
11715,-0.0625
11716,7.9375
11717,-8
11718,0
11719,0
11720,0
11721,-0.0625
11722,-0.0625
11723,-0.0625
11724,-2.5
11725,-2.375
11726,-2.25
11727,-2.0625
11728,-1.9375
11729,0
11730,0
11731,-0.0625
11732,7.9375
11733,-8
11734,0
11735,0
11736,0
11737,-0.0625
11738,-0.0625
11739,-0.0625
11740,-0.1875
11741,-0.0625
11742,0.0625
11743,0.25
11744,0.375
11745,0
11746,0
11747,-0.0625
11748,7.9375
11749,-8
11750,0
11751,0
11752,0
11753,-0.0625
11754,-0.0625
11755,-0.0625
11756,2.125
11757,2.25
11758,2.375
11759,2.5625
11760,2.6875
11761,0
11762,0
11763,-0.0625
11764,7.9375
11765,-8
11766,0
11767,0
11768,0
11769,-0.0625
11770,-0.0625
11771,-0.0625
11772,4.4375
11773,4.5625
11774,4.6875
11775,4.875
11776,5
11777,0
11778,0
11779,-0.0625
11780,7.9375
11781,-8
11782,0
11783,0
11784,0
11785,-0.0625
11786,-0.0625
11787,-0.0625
11788,6.75
11789,6.875
11790,7
11791,7.1875
11792,7.3125
11793,0
11794,0
11795,-0.0625
11796,7.9375
11797,-8
11798,0
11799,0
11800,0
11801,-0.0625
11802,-0.0625
11803,-0.0625
11804,-6.9375
11805,-6.8125
11806,-6.6875
11807,-6.5
11808,-6.375
11809,0
11810,0
11811,-0.0625
11812,7.9375
11813,-8
11814,0
11815,0
11816,0
11817,-0.0625
11818,-0.0625
11819,-0.0625
11820,-4.625
11821,-4.5
11822,-4.375
11823,-4.1875
11824,-4.0625
11825,0
11826,0
11827,-0.0625
11828,7.9375
11829,-8
11830,0
11831,0
11832,0
11833,-0.0625
11834,-0.0625
11835,-0.0625
11836,-2.3125
11837,-2.1875
11838,-2.0625
11839,-1.875
11840,-1.75
11841,0
11842,0
11843,-0.0625
11844,7.9375
11845,-8
11846,0
11847,0
11848,0
11849,-0.0625
11850,-0.0625
11851,-0.0625
11852,0
11853,0.125
11854,0.25
11855,0.4375
11856,0.5625
11857,0
11858,0
11859,-0.0625
11860,7.9375
11861,-8
11862,0
11863,0
11864,0
11865,-0.0625
11866,-0.0625
11867,-0.0625
11868,2.3125
11869,2.4375
11870,2.5625
11871,2.75
11872,2.875
11873,0
11874,0
11875,-0.0625
11876,7.9375
11877,-8
11878,0
11879,0
11880,0
11881,-0.0625
11882,-0.0625
11883,-0.0625
11884,4.625
11885,4.75
11886,4.875
11887,5.0625
11888,5.1875
11889,0
11890,0
11891,-0.0625
11892,7.9375
11893,-8
11894,0
11895,0
11896,0
11897,-0.0625
11898,-0.0625
11899,-0.0625
11900,6.9375
11901,7.0625
11902,7.1875
11903,7.375
11904,7.5
11905,0
11906,0
11907,-0.0625
11908,7.9375
11909,-8
11910,0
11911,0
11912,0
11913,-0.0625
11914,-0.0625
11915,-0.0625
11916,-6.75
11917,-6.625
11918,-6.5
11919,-6.3125
11920,-6.1875
11921,0
11922,0
11923,-0.0625
11924,7.9375
11925,-8
11926,0
11927,0
11928,0
11929,-0.0625
11930,-0.0625
11931,-0.0625
11932,-4.4375
11933,-4.3125
11934,-4.1875
11935,-4
11936,-3.875
11937,0
11938,0
11939,-0.0625
11940,7.9375
11941,-8
11942,0
11943,0
11944,0
11945,-0.0625
11946,-0.0625
11947,-0.0625
11948,-2.125
11949,-2
11950,-1.875
11951,-1.6875
11952,-1.5625
11953,0
11954,0
11955,-0.0625
11956,7.9375
11957,-8
11958,0
11959,0
11960,0
11961,-0.0625
11962,-0.0625
11963,-0.0625
11964,0.1875
11965,0.3125
11966,0.4375
11967,0.625
11968,0.75
11969,0
11970,0
11971,-0.0625
11972,7.9375
11973,-8
11974,0
11975,0
11976,0
11977,-0.0625
11978,-0.0625
11979,-0.0625
11980,2.5
11981,2.625
11982,2.75
11983,2.9375
11984,3.0625
11985,0
11986,0
11987,-0.0625
11988,7.9375
11989,-8
11990,0
11991,0
11992,0
11993,-0.0625
11994,-0.0625
11995,-0.0625
11996,4.8125
11997,4.9375
11998,5.0625
11999,5.25
12000,5.375
12001,0
12002,0
12003,-0.0625
12004,7.9375
12005,-8
12006,0
12007,0
12008,0
12009,-0.0625
12010,-0.0625
12011,-0.0625
12012,7.125
12013,7.25
12014,7.375
12015,7.5625
12016,7.6875
12017,0
12018,0
12019,-0.0625
12020,7.9375
12021,-8
12022,0
12023,0
12024,0
12025,-0.0625
12026,-0.0625
12027,-0.0625
12028,-6.5625
12029,-6.4375
12030,-6.3125
12031,-6.125
12032,-6
12033,0
12034,0
12035,-0.0625
12036,7.9375
12037,-8
12038,0
12039,0
12040,0
12041,-0.0625
12042,-0.0625
12043,-0.0625
12044,-4.25
12045,-4.125
12046,-4
12047,-3.8125
12048,-3.6875
12049,0
12050,0
12051,-0.0625
12052,7.9375
12053,-8
12054,0
12055,0
12056,0
12057,-0.0625
12058,-0.0625
12059,-0.0625
12060,-1.9375
12061,-1.8125
12062,-1.6875
12063,-1.5
12064,-1.375
12065,0
12066,0
12067,-0.0625
12068,7.9375
12069,-8
12070,0
12071,0
12072,0
12073,-0.0625
12074,-0.0625
12075,-0.0625
12076,0.375
12077,0.5
12078,0.625
12079,0.8125
12080,0.9375
12081,0
12082,0
12083,-0.0625
12084,7.9375
12085,-8
12086,0
12087,0
12088,0
12089,-0.0625
12090,-0.0625
12091,-0.0625
12092,2.6875
12093,2.8125
12094,2.9375
12095,3.125
12096,3.25
12097,0
12098,0
12099,-0.0625
12100,7.9375
12101,-8
12102,0
12103,0
12104,0
12105,-0.0625
12106,-0.0625
12107,-0.0625
12108,5
12109,5.125
12110,5.25
12111,5.4375
12112,5.5625
12113,0
12114,0
12115,-0.0625
12116,7.9375
12117,-8
12118,0
12119,0
12120,0
12121,-0.0625
12122,-0.0625
12123,-0.0625
12124,7.3125
12125,7.4375
12126,7.5625
12127,7.75
12128,7.875
12129,0
12130,0
12131,-0.0625
12132,7.9375
12133,-8
12134,0
12135,0
12136,0
12137,-0.0625
12138,-0.0625
12139,-0.0625
12140,-6.375
12141,-6.25
12142,-6.125
12143,-5.9375
12144,-5.8125
12145,0
12146,0
12147,-0.0625
12148,7.9375
12149,-8
12150,0
12151,0
12152,0
12153,-0.0625
12154,-0.0625
12155,-0.0625
12156,-4.0625
12157,-3.9375
12158,-3.8125
12159,-3.625
12160,-3.5
12161,0
12162,0
12163,-0.0625
12164,7.9375
12165,-8
12166,0
12167,0
12168,0
12169,-0.0625
12170,-0.0625
12171,-0.0625
12172,-1.75
12173,-1.625
12174,-1.5
12175,-1.3125
12176,-1.1875
12177,0
12178,0
12179,-0.0625
12180,7.9375
12181,-8
12182,0
12183,0
12184,0
12185,-0.0625
12186,-0.0625
12187,-0.0625
12188,0.5625
12189,0.6875
12190,0.8125
12191,1
12192,1.125
12193,0
12194,0
12195,-0.0625
12196,7.9375
12197,-8
12198,0
12199,0
12200,0
12201,-0.0625
12202,-0.0625
12203,-0.0625
12204,2.875
12205,3
12206,3.125
12207,3.3125
12208,3.4375
12209,0
12210,0
12211,-0.0625
12212,7.9375
12213,-8
12214,0
12215,0
12216,0
12217,-0.0625
12218,-0.0625
12219,-0.0625
12220,5.1875
12221,5.3125
12222,5.4375
12223,5.625
12224,5.75
12225,0
12226,0
12227,-0.0625
12228,7.9375
12229,-8
12230,0
12231,0
12232,0
12233,-0.0625
12234,-0.0625
12235,-0.0625
12236,7.5
12237,7.625
12238,7.75
12239,7.9375
12240,-7.9375
12241,0
12242,0
12243,-0.0625
12244,7.9375
12245,-8
12246,0
12247,0
12248,0
12249,-0.0625
12250,-0.0625
12251,-0.0625
12252,-6.1875
12253,-6.0625
12254,-5.9375
12255,-5.75
12256,-5.625
12257,0
12258,0
12259,-0.0625
12260,7.9375
12261,-8
12262,0
12263,0
12264,0
12265,-0.0625
12266,-0.0625
12267,-0.0625
12268,-3.875
12269,-3.75
12270,-3.625
12271,-3.4375
12272,-3.3125
12273,0
12274,0
12275,-0.0625
12276,7.9375
12277,-8
12278,0
12279,0
12280,0
12281,-0.0625
12282,-0.0625
12283,-0.0625
12284,-1.5625
12285,-1.4375
12286,-1.3125
12287,-1.125
12288,-1
12289,0
12290,0
12291,-0.0625
12292,7.9375
12293,-8
12294,0
12295,0
12296,0
12297,-0.0625
12298,-0.0625
12299,-0.0625
12300,0.75
12301,0.875
12302,1
12303,1.1875
12304,1.3125
12305,0
12306,0
12307,-0.0625
12308,7.9375
12309,-8
12310,0
12311,0
12312,0
12313,-0.0625
12314,-0.0625
12315,-0.0625
12316,3.0625
12317,3.1875
12318,3.3125
12319,3.5
12320,3.625
12321,0
12322,0
12323,-0.0625
12324,7.9375
12325,-8
12326,0
12327,0
12328,0
12329,-0.0625
12330,-0.0625
12331,-0.0625
12332,5.375
12333,5.5
12334,5.625
12335,5.8125
12336,5.9375
12337,0
12338,0
12339,-0.0625
12340,7.9375
12341,-8
12342,0
12343,0
12344,0
12345,-0.0625
12346,-0.0625
12347,-0.0625
12348,7.6875
12349,7.8125
12350,7.9375
12351,-7.875
12352,-7.75
12353,0
12354,0
12355,-0.0625
12356,7.9375
12357,-8
12358,0
12359,0
12360,0
12361,-0.0625
12362,-0.0625
12363,-0.0625
12364,-6
12365,-5.875
12366,-5.75
12367,-5.5625
12368,-5.4375
12369,0
12370,0
12371,-0.0625
12372,7.9375
12373,-8
12374,0
12375,0
12376,0
12377,-0.0625
12378,-0.0625
12379,-0.0625
12380,-3.6875
12381,-3.5625
12382,-3.4375
12383,-3.25
12384,-3.125
12385,0
12386,0
12387,-0.0625
12388,7.9375
12389,-8
12390,0
12391,0
12392,0
12393,-0.0625
12394,-0.0625
12395,-0.0625
12396,-1.375
12397,-1.25
12398,-1.125
12399,-0.9375
12400,-0.8125
12401,0
12402,0
12403,-0.0625
12404,7.9375
12405,-8
12406,0
12407,0
12408,0
12409,-0.0625
12410,-0.0625
12411,-0.0625
12412,0.9375
12413,1.0625
12414,1.1875
12415,1.375
12416,1.5
12417,0
12418,0
12419,-0.0625
12420,7.9375
12421,-8
12422,0
12423,0
12424,0
12425,-0.0625
12426,-0.0625
12427,-0.0625
12428,3.25
12429,3.375
12430,3.5
12431,3.6875
12432,3.8125
12433,0
12434,0
12435,-0.0625
12436,7.9375
12437,-8
12438,0
12439,0
12440,0
12441,-0.0625
12442,-0.0625
12443,-0.0625
12444,5.5625
12445,5.6875
12446,5.8125
12447,6
12448,6.125
12449,0
12450,0
12451,-0.0625
12452,7.9375
12453,-8
12454,0
12455,0
12456,0
12457,-0.0625
12458,-0.0625
12459,-0.0625
12460,7.875
12461,-8
12462,-7.875
12463,-7.6875
12464,-7.5625
12465,0
12466,0
12467,-0.0625
12468,7.9375
12469,-8
12470,0
12471,0
12472,0
12473,-0.0625
12474,-0.0625
12475,-0.0625
12476,-5.8125
12477,-5.6875
12478,-5.5625
12479,-5.375
12480,-5.25
12481,0
12482,0
12483,-0.0625
12484,7.9375
12485,-8
12486,0
12487,0
12488,0
12489,-0.0625
12490,-0.0625
12491,-0.0625
12492,-3.5
12493,-3.375
12494,-3.25
12495,-3.0625
12496,-2.9375
12497,0
12498,0
12499,-0.0625
12500,7.9375
12501,-8
12502,0
12503,0
12504,0
12505,-0.0625
12506,-0.0625
12507,-0.0625
12508,-1.1875
12509,-1.0625
12510,-0.9375
12511,-0.75
12512,-0.625
12513,0
12514,0
12515,-0.0625
12516,7.9375
12517,-8
12518,0
12519,0
12520,0
12521,-0.0625
12522,-0.0625
12523,-0.0625
12524,1.125
12525,1.25
12526,1.375
12527,1.5625
12528,1.6875
12529,0
12530,0
12531,-0.0625
12532,7.9375
12533,-8
12534,0
12535,0
12536,0
12537,-0.0625
12538,-0.0625
12539,-0.0625
12540,3.4375
12541,3.5625
12542,3.6875
12543,3.875
12544,4
12545,0
12546,0
12547,-0.0625
12548,7.9375
12549,-8
12550,0
12551,0
12552,0
12553,-0.0625
12554,-0.0625
12555,-0.0625
12556,5.75
12557,5.875
12558,6
12559,6.1875
12560,6.3125
12561,0
12562,0
12563,-0.0625
12564,7.9375
12565,-8
12566,0
12567,0
12568,0
12569,-0.0625
12570,-0.0625
12571,-0.0625
12572,-7.9375
12573,-7.8125
12574,-7.6875
12575,-7.5
12576,-7.375
12577,0
12578,0
12579,-0.0625
12580,7.9375
12581,-8
12582,0
12583,0
12584,0
12585,-0.0625
12586,-0.0625
12587,-0.0625
12588,-5.625
12589,-5.5
12590,-5.375
12591,-5.1875
12592,-5.0625
12593,0
12594,0
12595,-0.0625
12596,7.9375
12597,-8
12598,0
12599,0
12600,0
12601,-0.0625
12602,-0.0625
12603,-0.0625
12604,-3.3125
12605,-3.1875
12606,-3.0625
12607,-2.875
12608,-2.75
12609,0
12610,0
12611,-0.0625
12612,7.9375
12613,-8
12614,0
12615,0
12616,0
12617,-0.0625
12618,-0.0625
12619,-0.0625
12620,-1
12621,-0.875
12622,-0.75
12623,-0.5625
12624,-0.4375
12625,0
12626,0
12627,-0.0625
12628,7.9375
12629,-8
12630,0
12631,0
12632,0
12633,-0.0625
12634,-0.0625
12635,-0.0625
12636,1.3125
12637,1.4375
12638,1.5625
12639,1.75
12640,1.875
12641,0
12642,0
12643,-0.0625
12644,7.9375
12645,-8
12646,0
12647,0
12648,0
12649,-0.0625
12650,-0.0625
12651,-0.0625
12652,3.625
12653,3.75
12654,3.875
12655,4.0625
12656,4.1875
12657,0
12658,0
12659,-0.0625
12660,7.9375
12661,-8
12662,0
12663,0
12664,0
12665,-0.0625
12666,-0.0625
12667,-0.0625
12668,5.9375
12669,6.0625
12670,6.1875
12671,6.375
12672,6.5
12673,0
12674,0
12675,-0.0625
12676,7.9375
12677,-8
12678,0
12679,0
12680,0
12681,-0.0625
12682,-0.0625
12683,-0.0625
12684,-7.75
12685,-7.625
12686,-7.5
12687,-7.3125
12688,-7.1875
12689,0
12690,0
12691,-0.0625
12692,7.9375
12693,-8
12694,0
12695,0
12696,0
12697,-0.0625
12698,-0.0625
12699,-0.0625
12700,-5.4375
12701,-5.3125
12702,-5.1875
12703,-5
12704,-4.875
12705,0
12706,0
12707,-0.0625
12708,7.9375
12709,-8
12710,0
12711,0
12712,0
12713,-0.0625
12714,-0.0625
12715,-0.0625
12716,-3.125
12717,-3
12718,-2.875
12719,-2.6875
12720,-2.5625
12721,0
12722,0
12723,-0.0625
12724,7.9375
12725,-8
12726,0
12727,0
12728,0
12729,-0.0625
12730,-0.0625
12731,-0.0625
12732,-0.8125
12733,-0.6875
12734,-0.5625
12735,-0.375
12736,-0.25
12737,0
12738,0
12739,-0.0625
12740,7.9375
12741,-8
12742,0
12743,0
12744,0
12745,-0.0625
12746,-0.0625
12747,-0.0625
12748,1.5
12749,1.625
12750,1.75
12751,1.9375
12752,2.0625
12753,0
12754,0
12755,-0.0625
12756,7.9375
12757,-8
12758,0
12759,0
12760,0
12761,-0.0625
12762,-0.0625
12763,-0.0625
12764,3.8125
12765,3.9375
12766,4.0625
12767,4.25
12768,4.375
12769,0
12770,0
12771,-0.0625
12772,7.9375
12773,-8
12774,0
12775,0
12776,0
12777,-0.0625
12778,-0.0625
12779,-0.0625
12780,6.125
12781,6.25
12782,6.375
12783,6.5625
12784,6.6875
12785,0
12786,0
12787,-0.0625
12788,7.9375
12789,-8
12790,0
12791,0
12792,0
12793,-0.0625
12794,-0.0625
12795,-0.0625
12796,-7.5625
12797,-7.4375
12798,-7.3125
12799,-7.125
12800,-7
12801,0
12802,0
12803,-0.0625
12804,7.9375
12805,-8
12806,0
12807,0
12808,0
12809,-0.0625
12810,-0.0625
12811,-0.0625
12812,-5.25
12813,-5.125
12814,-5
12815,-4.8125
12816,-4.6875
12817,0
12818,0
12819,-0.0625
12820,7.9375
12821,-8
12822,0
12823,0
12824,0
12825,-0.0625
12826,-0.0625
12827,-0.0625
12828,-2.9375
12829,-2.8125
12830,-2.6875
12831,-2.5
12832,-2.375
12833,0
12834,0
12835,-0.0625
12836,7.9375
12837,-8
12838,0
12839,0
12840,0
12841,-0.0625
12842,-0.0625
12843,-0.0625
12844,-0.625
12845,-0.5
12846,-0.375
12847,-0.1875
12848,-0.0625
12849,0
12850,0
12851,-0.0625
12852,7.9375
12853,-8
12854,0
12855,0
12856,0
12857,-0.0625
12858,-0.0625
12859,-0.0625
12860,1.6875
12861,1.8125
12862,1.9375
12863,2.125
12864,2.25
12865,0
12866,0
12867,-0.0625
12868,7.9375
12869,-8
12870,0
12871,0
12872,0
12873,-0.0625
12874,-0.0625
12875,-0.0625
12876,4
12877,4.125
12878,4.25
12879,4.4375
12880,4.5625
12881,0
12882,0
12883,-0.0625
12884,7.9375
12885,-8
12886,0
12887,0
12888,0
12889,-0.0625
12890,-0.0625
12891,-0.0625
12892,6.3125
12893,6.4375
12894,6.5625
12895,6.75
12896,6.875
12897,0
12898,0
12899,-0.0625
12900,7.9375
12901,-8
12902,0
12903,0
12904,0
12905,-0.0625
12906,-0.0625
12907,-0.0625
12908,-7.375
12909,-7.25
12910,-7.125
12911,-6.9375
12912,-6.8125
12913,0
12914,0
12915,-0.0625
12916,7.9375
12917,-8
12918,0
12919,0
12920,0
12921,-0.0625
12922,-0.0625
12923,-0.0625
12924,-5.0625
12925,-4.9375
12926,-4.8125
12927,-4.625
12928,-4.5
12929,0
12930,0
12931,-0.0625
12932,7.9375
12933,-8
12934,0
12935,0
12936,0
12937,-0.0625
12938,-0.0625
12939,-0.0625
12940,-2.75
12941,-2.625
12942,-2.5
12943,-2.3125
12944,-2.1875
12945,0
12946,0
12947,-0.0625
12948,7.9375
12949,-8
12950,0
12951,0
12952,0
12953,-0.0625
12954,-0.0625
12955,-0.0625
12956,-0.4375
12957,-0.3125
12958,-0.1875
12959,0
12960,0.125
12961,0
12962,0
12963,-0.0625
12964,7.9375
12965,-8
12966,0
12967,0
12968,0
12969,-0.0625
12970,-0.0625
12971,-0.0625
12972,1.875
12973,2
12974,2.125
12975,2.3125
12976,2.4375
12977,0
12978,0
12979,-0.0625
12980,7.9375
12981,-8
12982,0
12983,0
12984,0
12985,-0.0625
12986,-0.0625
12987,-0.0625
12988,4.1875
12989,4.3125
12990,4.4375
12991,4.625
12992,4.75
12993,0
12994,0
12995,-0.0625
12996,7.9375
12997,-8
12998,0
12999,0
13000,0
13001,-0.0625
13002,-0.0625
13003,-0.0625
13004,6.5
13005,6.625
13006,6.75
13007,6.9375
13008,7.0625
13009,0
13010,0
13011,-0.0625
13012,7.9375
13013,-8
13014,0
13015,0
13016,0
13017,-0.0625
13018,-0.0625
13019,-0.0625
13020,-7.1875
13021,-7.0625
13022,-6.9375
13023,-6.75
13024,-6.625
13025,0
13026,0
13027,-0.0625
13028,7.9375
13029,-8
13030,0
13031,0
13032,0
13033,-0.0625
13034,-0.0625
13035,-0.0625
13036,-4.875
13037,-4.75
13038,-4.625
13039,-4.4375
13040,-4.3125
13041,0
13042,0
13043,-0.0625
13044,7.9375
13045,-8
13046,0
13047,0
13048,0
13049,-0.0625
13050,-0.0625
13051,-0.0625
13052,-2.5625
13053,-2.4375
13054,-2.3125
13055,-2.125
13056,-2
13057,0
13058,0
13059,-0.0625
13060,7.9375
13061,-8
13062,0
13063,0
13064,0
13065,-0.0625
13066,-0.0625
13067,-0.0625
13068,-0.25
13069,-0.125
13070,0
13071,0.1875
13072,0.3125
13073,0
13074,0
13075,-0.0625
13076,7.9375
13077,-8
13078,0
13079,0
13080,0
13081,-0.0625
13082,-0.0625
13083,-0.0625
13084,2.0625
13085,2.1875
13086,2.3125
13087,2.5
13088,2.625
13089,0
13090,0
13091,-0.0625
13092,7.9375
13093,-8
13094,0
13095,0
13096,0
13097,-0.0625
13098,-0.0625
13099,-0.0625
13100,4.375
13101,4.5
13102,4.625
13103,4.8125
13104,4.9375
13105,0
13106,0
13107,-0.0625
13108,7.9375
13109,-8
13110,0
13111,0
13112,0
13113,-0.0625
13114,-0.0625
13115,-0.0625
13116,6.6875
13117,6.8125
13118,6.9375
13119,7.125
13120,7.25
13121,0
13122,0
13123,-0.0625
13124,7.9375
13125,-8
13126,0
13127,0
13128,0
13129,-0.0625
13130,-0.0625
13131,-0.0625
13132,-7
13133,-6.875
13134,-6.75
13135,-6.5625
13136,-6.4375
13137,0
13138,0
13139,-0.0625
13140,7.9375
13141,-8
13142,0
13143,0
13144,0
13145,-0.0625
13146,-0.0625
13147,-0.0625
13148,-4.6875
13149,-4.5625
13150,-4.4375
13151,-4.25
13152,-4.125
13153,0
13154,0
13155,-0.0625
13156,7.9375
13157,-8
13158,0
13159,0
13160,0
13161,-0.0625
13162,-0.0625
13163,-0.0625
13164,-2.375
13165,-2.25
13166,-2.125
13167,-1.9375
13168,-1.8125
13169,0
13170,0
13171,-0.0625
13172,7.9375
13173,-8
13174,0
13175,0
13176,0
13177,-0.0625
13178,-0.0625
13179,-0.0625
13180,-0.0625
13181,0.0625
13182,0.1875
13183,0.375
13184,0.5
13185,0
13186,0
13187,-0.0625
13188,7.9375
13189,-8
13190,0
13191,0
13192,0
13193,-0.0625
13194,-0.0625
13195,-0.0625
13196,2.25
13197,2.375
13198,2.5
13199,2.6875
13200,2.8125
13201,0
13202,0
13203,-0.0625
13204,7.9375
13205,-8
13206,0
13207,0
13208,0
13209,-0.0625
13210,-0.0625
13211,-0.0625
13212,4.5625
13213,4.6875
13214,4.8125
13215,5
13216,5.125
13217,0
13218,0
13219,-0.0625
13220,7.9375
13221,-8
13222,0
13223,0
13224,0
13225,-0.0625
13226,-0.0625
13227,-0.0625
13228,6.875
13229,7
13230,7.125
13231,7.3125
13232,7.4375
13233,0
13234,0
13235,-0.0625
13236,7.9375
13237,-8
13238,0
13239,0
13240,0
13241,-0.0625
13242,-0.0625
13243,-0.0625
13244,-6.8125
13245,-6.6875
13246,-6.5625
13247,-6.375
13248,-6.25
13249,0
13250,0
13251,-0.0625
13252,7.9375
13253,-8
13254,0
13255,0
13256,0
13257,-0.0625
13258,-0.0625
13259,-0.0625
13260,-4.5
13261,-4.375
13262,-4.25
13263,-4.0625
13264,-3.9375
13265,0
13266,0
13267,-0.0625
13268,7.9375
13269,-8
13270,0
13271,0
13272,0
13273,-0.0625
13274,-0.0625
13275,-0.0625
13276,-2.1875
13277,-2.0625
13278,-1.9375
13279,-1.75
13280,-1.625
13281,0
13282,0
13283,-0.0625
13284,7.9375
13285,-8
13286,0
13287,0
13288,0
13289,-0.0625
13290,-0.0625
13291,-0.0625
13292,0.125
13293,0.25
13294,0.375
13295,0.5625
13296,0.6875
13297,0
13298,0
13299,-0.0625
13300,7.9375
13301,-8
13302,0
13303,0
13304,0
13305,-0.0625
13306,-0.0625
13307,-0.0625
13308,2.4375
13309,2.5625
13310,2.6875
13311,2.875
13312,3
13313,0
13314,0
13315,-0.0625
13316,7.9375
13317,-8
13318,0
13319,0
13320,0
13321,-0.0625
13322,-0.0625
13323,-0.0625
13324,4.75
13325,4.875
13326,5
13327,5.1875
13328,5.3125
13329,0
13330,0
13331,-0.0625
13332,7.9375
13333,-8
13334,0
13335,0
13336,0
13337,-0.0625
13338,-0.0625
13339,-0.0625
13340,7.0625
13341,7.1875
13342,7.3125
13343,7.5
13344,7.625
13345,0
13346,0
13347,-0.0625
13348,7.9375
13349,-8
13350,0
13351,0
13352,0
13353,-0.0625
13354,-0.0625
13355,-0.0625
13356,-6.625
13357,-6.5
13358,-6.375
13359,-6.1875
13360,-6.0625
13361,0
13362,0
13363,-0.0625
13364,7.9375
13365,-8
13366,0
13367,0
13368,0
13369,-0.0625
13370,-0.0625
13371,-0.0625
13372,-4.3125
13373,-4.1875
13374,-4.0625
13375,-3.875
13376,-3.75
13377,0
13378,0
13379,-0.0625
13380,7.9375
13381,-8
13382,0
13383,0
13384,0
13385,-0.0625
13386,-0.0625
13387,-0.0625
13388,-2
13389,-1.875
13390,-1.75
13391,-1.5625
13392,-1.4375
13393,0
13394,0
13395,-0.0625
13396,7.9375
13397,-8
13398,0
13399,0
13400,0
13401,-0.0625
13402,-0.0625
13403,-0.0625
13404,0.3125
13405,0.4375
13406,0.5625
13407,0.75
13408,0.875
13409,0
13410,0
13411,-0.0625
13412,7.9375
13413,-8
13414,0
13415,0
13416,0
13417,-0.0625
13418,-0.0625
13419,-0.0625
13420,2.625
13421,2.75
13422,2.875
13423,3.0625
13424,3.1875
13425,0
13426,0
13427,-0.0625
13428,7.9375
13429,-8
13430,0
13431,0
13432,0
13433,-0.0625
13434,-0.0625
13435,-0.0625
13436,4.9375
13437,5.0625
13438,5.1875
13439,5.375
13440,5.5
13441,0
13442,0
13443,-0.0625
13444,7.9375
13445,-8
13446,0
13447,0
13448,0
13449,-0.0625
13450,-0.0625
13451,-0.0625
13452,7.25
13453,7.375
13454,7.5
13455,7.6875
13456,7.8125
13457,0
13458,0
13459,-0.0625
13460,7.9375
13461,-8
13462,0
13463,0
13464,0
13465,-0.0625
13466,-0.0625
13467,-0.0625
13468,-6.4375
13469,-6.3125
13470,-6.1875
13471,-6
13472,-5.875
13473,0
13474,0
13475,-0.0625
13476,7.9375
13477,-8
13478,0
13479,0
13480,0
13481,-0.0625
13482,-0.0625
13483,-0.0625
13484,-4.125
13485,-4
13486,-3.875
13487,-3.6875
13488,-3.5625
13489,0
13490,0
13491,-0.0625
13492,7.9375
13493,-8
13494,0
13495,0
13496,0
13497,-0.0625
13498,-0.0625
13499,-0.0625
13500,-1.8125
13501,-1.6875
13502,-1.5625
13503,-1.375
13504,-1.25
13505,0
13506,0
13507,-0.0625
13508,7.9375
13509,-8
13510,0
13511,0
13512,0
13513,-0.0625
13514,-0.0625
13515,-0.0625
13516,0.5
13517,0.625
13518,0.75
13519,0.9375
13520,1.0625
13521,0
13522,0
13523,-0.0625
13524,7.9375
13525,-8
13526,0
13527,0
13528,0
13529,-0.0625
13530,-0.0625
13531,-0.0625
13532,2.8125
13533,2.9375
13534,3.0625
13535,3.25
13536,3.375
13537,0
13538,0
13539,-0.0625
13540,7.9375
13541,-8
13542,0
13543,0
13544,0
13545,-0.0625
13546,-0.0625
13547,-0.0625
13548,5.125
13549,5.25
13550,5.375
13551,5.5625
13552,5.6875
13553,0
13554,0
13555,-0.0625
13556,7.9375
13557,-8
13558,0
13559,0
13560,0
13561,-0.0625
13562,-0.0625
13563,-0.0625
13564,7.4375
13565,7.5625
13566,7.6875
13567,7.875
13568,-8
13569,0
13570,0
13571,-0.0625
13572,7.9375
13573,-8
13574,0
13575,0
13576,0
13577,-0.0625
13578,-0.0625
13579,-0.0625
13580,-6.25
13581,-6.125
13582,-6
13583,-5.8125
13584,-5.6875
13585,0
13586,0
13587,-0.0625
13588,7.9375
13589,-8
13590,0
13591,0
13592,0
13593,-0.0625
13594,-0.0625
13595,-0.0625
13596,-3.9375
13597,-3.8125
13598,-3.6875
13599,-3.5
13600,-3.375
13601,0
13602,0
13603,-0.0625
13604,7.9375
13605,-8
13606,0
13607,0
13608,0
13609,-0.0625
13610,-0.0625
13611,-0.0625
13612,-1.625
13613,-1.5
13614,-1.375
13615,-1.1875
13616,-1.0625
13617,0
13618,0
13619,-0.0625
13620,7.9375
13621,-8
13622,0
13623,0
13624,0
13625,-0.0625
13626,-0.0625
13627,-0.0625
13628,0.6875
13629,0.8125
13630,0.9375
13631,1.125
13632,1.25
13633,0
13634,0
13635,-0.0625
13636,7.9375
13637,-8
13638,0
13639,0
13640,0
13641,-0.0625
13642,-0.0625
13643,-0.0625
13644,3
13645,3.125
13646,3.25
13647,3.4375
13648,3.5625
13649,0
13650,0
13651,-0.0625
13652,7.9375
13653,-8
13654,0
13655,0
13656,0
13657,-0.0625
13658,-0.0625
13659,-0.0625
13660,5.3125
13661,5.4375
13662,5.5625
13663,5.75
13664,5.875
13665,0
13666,0
13667,-0.0625
13668,7.9375
13669,-8
13670,0
13671,0
13672,0
13673,-0.0625
13674,-0.0625
13675,-0.0625
13676,7.625
13677,7.75
13678,7.875
13679,-7.9375
13680,-7.8125
13681,0
13682,0
13683,-0.0625
13684,7.9375
13685,-8
13686,0
13687,0
13688,0
13689,-0.0625
13690,-0.0625
13691,-0.0625
13692,-6.0625
13693,-5.9375
13694,-5.8125
13695,-5.625
13696,-5.5
13697,0
13698,0
13699,-0.0625
13700,7.9375
13701,-8
13702,0
13703,0
13704,0
13705,-0.0625
13706,-0.0625
13707,-0.0625
13708,-3.75
13709,-3.625
13710,-3.5
13711,-3.3125
13712,-3.1875
13713,0
13714,0
13715,-0.0625
13716,7.9375
13717,-8
13718,0
13719,0
13720,0
13721,-0.0625
13722,-0.0625
13723,-0.0625
13724,-1.4375
13725,-1.3125
13726,-1.1875
13727,-1
13728,-0.875
13729,0
13730,0
13731,-0.0625
13732,7.9375
13733,-8
13734,0
13735,0
13736,0
13737,-0.0625
13738,-0.0625
13739,-0.0625
13740,0.875
13741,1
13742,1.125
13743,1.3125
13744,1.4375
13745,0
13746,0
13747,-0.0625
13748,7.9375
13749,-8
13750,0
13751,0
13752,0
13753,-0.0625
13754,-0.0625
13755,-0.0625
13756,3.1875
13757,3.3125
13758,3.4375
13759,3.625
13760,3.75
13761,0
13762,0
13763,-0.0625
13764,7.9375
13765,-8
13766,0
13767,0
13768,0
13769,-0.0625
13770,-0.0625
13771,-0.0625
13772,5.5
13773,5.625
13774,5.75
13775,5.9375
13776,6.0625
13777,0
13778,0
13779,-0.0625
13780,7.9375
13781,-8
13782,0
13783,0
13784,0
13785,-0.0625
13786,-0.0625
13787,-0.0625
13788,7.8125
13789,7.9375
13790,-7.9375
13791,-7.75
13792,-7.625
13793,0
13794,0
13795,-0.0625
13796,7.9375
13797,-8
13798,0
13799,0
13800,0
13801,-0.0625
13802,-0.0625
13803,-0.0625
13804,-5.875
13805,-5.75
13806,-5.625
13807,-5.4375
13808,-5.3125
13809,0
13810,0
13811,-0.0625
13812,7.9375
13813,-8
13814,0
13815,0
13816,0
13817,-0.0625
13818,-0.0625
13819,-0.0625
13820,-3.5625
13821,-3.4375
13822,-3.3125
13823,-3.125
13824,-3
13825,0
13826,0
13827,-0.0625
13828,7.9375
13829,-8
13830,0
13831,0
13832,0
13833,-0.0625
13834,-0.0625
13835,-0.0625
13836,-1.25
13837,-1.125
13838,-1
13839,-0.8125
13840,-0.6875
13841,0
13842,0
13843,-0.0625
13844,7.9375
13845,-8
13846,0
13847,0
13848,0
13849,-0.0625
13850,-0.0625
13851,-0.0625
13852,1.0625
13853,1.1875
13854,1.3125
13855,1.5
13856,1.625
13857,0
13858,0
13859,-0.0625
13860,7.9375
13861,-8
13862,0
13863,0
13864,0
13865,-0.0625
13866,-0.0625
13867,-0.0625
13868,3.375
13869,3.5
13870,3.625
13871,3.8125
13872,3.9375
13873,0
13874,0
13875,-0.0625
13876,7.9375
13877,-8
13878,0
13879,0
13880,0
13881,-0.0625
13882,-0.0625
13883,-0.0625
13884,5.6875
13885,5.8125
13886,5.9375
13887,6.125
13888,6.25
13889,0
13890,0
13891,-0.0625
13892,7.9375
13893,-8
13894,0
13895,0
13896,0
13897,-0.0625
13898,-0.0625
13899,-0.0625
13900,-8
13901,-7.875
13902,-7.75
13903,-7.5625
13904,-7.4375
13905,0
13906,0
13907,-0.0625
13908,7.9375
13909,-8
13910,0
13911,0
13912,0
13913,-0.0625
13914,-0.0625
13915,-0.0625
13916,-5.6875
13917,-5.5625
13918,-5.4375
13919,-5.25
13920,-5.125
13921,0
13922,0
13923,-0.0625
13924,7.9375
13925,-8
13926,0
13927,0
13928,0
13929,-0.0625
13930,-0.0625
13931,-0.0625
13932,-3.375
13933,-3.25
13934,-3.125
13935,-2.9375
13936,-2.8125
13937,0
13938,0
13939,-0.0625
13940,7.9375
13941,-8
13942,0
13943,0
13944,0
13945,-0.0625
13946,-0.0625
13947,-0.0625
13948,-1.0625
13949,-0.9375
13950,-0.8125
13951,-0.625
13952,-0.5
13953,0
13954,0
13955,-0.0625
13956,7.9375
13957,-8
13958,0
13959,0
13960,0
13961,-0.0625
13962,-0.0625
13963,-0.0625
13964,1.25
13965,1.375
13966,1.5
13967,1.6875
13968,1.8125
13969,0
13970,0
13971,-0.0625
13972,7.9375
13973,-8
13974,0
13975,0
13976,0
13977,-0.0625
13978,-0.0625
13979,-0.0625
13980,3.5625
13981,3.6875
13982,3.8125
13983,4
13984,4.125
13985,0
13986,0
13987,-0.0625
13988,7.9375
13989,-8
13990,0
13991,0
13992,0
13993,-0.0625
13994,-0.0625
13995,-0.0625
13996,5.875
13997,6
13998,6.125
13999,6.3125
14000,6.4375
14001,0
14002,0
14003,-0.0625
14004,7.9375
14005,-8
14006,0
14007,0
14008,0
14009,-0.0625
14010,-0.0625
14011,-0.0625
14012,-7.8125
14013,-7.6875
14014,-7.5625
14015,-7.375
14016,-7.25
14017,0
14018,0
14019,-0.0625
14020,7.9375
14021,-8
14022,0
14023,0
14024,0
14025,-0.0625
14026,-0.0625
14027,-0.0625
14028,-5.5
14029,-5.375
14030,-5.25
14031,-5.0625
14032,-4.9375
14033,0
14034,0
14035,-0.0625
14036,7.9375
14037,-8
14038,0
14039,0
14040,0
14041,-0.0625
14042,-0.0625
14043,-0.0625
14044,-3.1875
14045,-3.0625
14046,-2.9375
14047,-2.75
14048,-2.625
14049,0
14050,0
14051,-0.0625
14052,7.9375
14053,-8
14054,0
14055,0
14056,0
14057,-0.0625
14058,-0.0625
14059,-0.0625
14060,-0.875
14061,-0.75
14062,-0.625
14063,-0.4375
14064,-0.3125
14065,0
14066,0
14067,-0.0625
14068,7.9375
14069,-8
14070,0
14071,0
14072,0
14073,-0.0625
14074,-0.0625
14075,-0.0625
14076,1.4375
14077,1.5625
14078,1.6875
14079,1.875
14080,2
14081,0
14082,0
14083,-0.0625
14084,7.9375
14085,-8
14086,0
14087,0
14088,0
14089,-0.0625
14090,-0.0625
14091,-0.0625
14092,3.75
14093,3.875
14094,4
14095,4.1875
14096,4.3125
14097,0
14098,0
14099,-0.0625
14100,7.9375
14101,-8
14102,0
14103,0
14104,0
14105,-0.0625
14106,-0.0625
14107,-0.0625
14108,6.0625
14109,6.1875
14110,6.3125
14111,6.5
14112,6.625
14113,0
14114,0
14115,-0.0625
14116,7.9375
14117,-8
14118,0
14119,0
14120,0
14121,-0.0625
14122,-0.0625
14123,-0.0625
14124,-7.625
14125,-7.5
14126,-7.375
14127,-7.1875
14128,-7.0625
14129,0
14130,0
14131,-0.0625
14132,7.9375
14133,-8
14134,0
14135,0
14136,0
14137,-0.0625
14138,-0.0625
14139,-0.0625
14140,-5.3125
14141,-5.1875
14142,-5.0625
14143,-4.875
14144,-4.75
14145,0
14146,0
14147,-0.0625
14148,7.9375
14149,-8
14150,0
14151,0
14152,0
14153,-0.0625
14154,-0.0625
14155,-0.0625
14156,-3
14157,-2.875
14158,-2.75
14159,-2.5625
14160,-2.4375
14161,0
14162,0
14163,-0.0625
14164,7.9375
14165,-8
14166,0
14167,0
14168,0
14169,-0.0625
14170,-0.0625
14171,-0.0625
14172,-0.6875
14173,-0.5625
14174,-0.4375
14175,-0.25
14176,-0.125
14177,0
14178,0
14179,-0.0625
14180,7.9375
14181,-8
14182,0
14183,0
14184,0
14185,-0.0625
14186,-0.0625
14187,-0.0625
14188,1.625
14189,1.75
14190,1.875
14191,2.0625
14192,2.1875
14193,0
14194,0
14195,-0.0625
14196,7.9375
14197,-8
14198,0
14199,0
14200,0
14201,-0.0625
14202,-0.0625
14203,-0.0625
14204,3.9375
14205,4.0625
14206,4.1875
14207,4.375
14208,4.5
14209,0
14210,0
14211,-0.0625
14212,7.9375
14213,-8
14214,0
14215,0
14216,0
14217,-0.0625
14218,-0.0625
14219,-0.0625
14220,6.25
14221,6.375
14222,6.5
14223,6.6875
14224,6.8125
14225,0
14226,0
14227,-0.0625
14228,7.9375
14229,-8
14230,0
14231,0
14232,0
14233,-0.0625
14234,-0.0625
14235,-0.0625
14236,-7.4375
14237,-7.3125
14238,-7.1875
14239,-7
14240,-6.875
14241,0
14242,0
14243,-0.0625
14244,7.9375
14245,-8
14246,0
14247,0
14248,0
14249,-0.0625
14250,-0.0625
14251,-0.0625
14252,-5.125
14253,-5
14254,-4.875
14255,-4.6875
14256,-4.5625
14257,0
14258,0
14259,-0.0625
14260,7.9375
14261,-8
14262,0
14263,0
14264,0
14265,-0.0625
14266,-0.0625
14267,-0.0625
14268,-2.8125
14269,-2.6875
14270,-2.5625
14271,-2.375
14272,-2.25
14273,0
14274,0
14275,-0.0625
14276,7.9375
14277,-8
14278,0
14279,0
14280,0
14281,-0.0625
14282,-0.0625
14283,-0.0625
14284,-0.5
14285,-0.375
14286,-0.25
14287,-0.0625
14288,0.0625
14289,0
14290,0
14291,-0.0625
14292,7.9375
14293,-8
14294,0
14295,0
14296,0
14297,-0.0625
14298,-0.0625
14299,-0.0625
14300,1.8125
14301,1.9375
14302,2.0625
14303,2.25
14304,2.375
14305,0
14306,0
14307,-0.0625
14308,7.9375
14309,-8
14310,0
14311,0
14312,0
14313,-0.0625
14314,-0.0625
14315,-0.0625
14316,4.125
14317,4.25
14318,4.375
14319,4.5625
14320,4.6875
14321,0
14322,0
14323,-0.0625
14324,7.9375
14325,-8
14326,0
14327,0
14328,0
14329,-0.0625
14330,-0.0625
14331,-0.0625
14332,6.4375
14333,6.5625
14334,6.6875
14335,6.875
14336,7
14337,0
14338,0
14339,-0.0625
14340,7.9375
14341,-8
14342,0
14343,0
14344,0
14345,-0.0625
14346,-0.0625
14347,-0.0625
14348,-7.25
14349,-7.125
14350,-7
14351,-6.8125
14352,-6.6875
14353,0
14354,0
14355,-0.0625
14356,7.9375
14357,-8
14358,0
14359,0
14360,0
14361,-0.0625
14362,-0.0625
14363,-0.0625
14364,-4.9375
14365,-4.8125
14366,-4.6875
14367,-4.5
14368,-4.375
14369,0
14370,0
14371,-0.0625
14372,7.9375
14373,-8
14374,0
14375,0
14376,0
14377,-0.0625
14378,-0.0625
14379,-0.0625
14380,-2.625
14381,-2.5
14382,-2.375
14383,-2.1875
14384,-2.0625
14385,0
14386,0
14387,-0.0625
14388,7.9375
14389,-8
14390,0
14391,0
14392,0
14393,-0.0625
14394,-0.0625
14395,-0.0625
14396,-0.3125
14397,-0.1875
14398,-0.0625
14399,0.125
14400,0.25
14401,0
14402,0
14403,-0.0625
14404,7.9375
14405,-8
14406,0
14407,0
14408,0
14409,-0.0625
14410,-0.0625
14411,-0.0625
14412,2
14413,2.125
14414,2.25
14415,2.4375
14416,2.5625
14417,0
14418,0
14419,-0.0625
14420,7.9375
14421,-8
14422,0
14423,0
14424,0
14425,-0.0625
14426,-0.0625
14427,-0.0625
14428,4.3125
14429,4.4375
14430,4.5625
14431,4.75
14432,4.875
14433,0
14434,0
14435,-0.0625
14436,7.9375
14437,-8
14438,0
14439,0
14440,0
14441,-0.0625
14442,-0.0625
14443,-0.0625
14444,6.625
14445,6.75
14446,6.875
14447,7.0625
14448,7.1875
14449,0
14450,0
14451,-0.0625
14452,7.9375
14453,-8
14454,0
14455,0
14456,0
14457,-0.0625
14458,-0.0625
14459,-0.0625
14460,-7.0625
14461,-6.9375
14462,-6.8125
14463,-6.625
14464,-6.5
14465,0
14466,0
14467,-0.0625
14468,7.9375
14469,-8
14470,0
14471,0
14472,0
14473,-0.0625
14474,-0.0625
14475,-0.0625
14476,-4.75
14477,-4.625
14478,-4.5
14479,-4.3125
14480,-4.1875
14481,0
14482,0
14483,-0.0625
14484,7.9375
14485,-8
14486,0
14487,0
14488,0
14489,-0.0625
14490,-0.0625
14491,-0.0625
14492,-2.4375
14493,-2.3125
14494,-2.1875
14495,-2
14496,-1.875
14497,0
14498,0
14499,-0.0625
14500,7.9375
14501,-8
14502,0
14503,0
14504,0
14505,-0.0625
14506,-0.0625
14507,-0.0625
14508,-0.125
14509,0
14510,0.125
14511,0.3125
14512,0.4375
14513,0
14514,0
14515,-0.0625
14516,7.9375
14517,-8
14518,0
14519,0
14520,0
14521,-0.0625
14522,-0.0625
14523,-0.0625
14524,2.1875
14525,2.3125
14526,2.4375
14527,2.625
14528,2.75
14529,0
14530,0
14531,-0.0625
14532,7.9375
14533,-8
14534,0
14535,0
14536,0
14537,-0.0625
14538,-0.0625
14539,-0.0625
14540,4.5
14541,4.625
14542,4.75
14543,4.9375
14544,5.0625
14545,0
14546,0
14547,-0.0625
14548,7.9375
14549,-8
14550,0
14551,0
14552,0
14553,-0.0625
14554,-0.0625
14555,-0.0625
14556,6.8125
14557,6.9375
14558,7.0625
14559,7.25
14560,7.375
14561,0
14562,0
14563,-0.0625
14564,7.9375
14565,-8
14566,0
14567,0
14568,0
14569,-0.0625
14570,-0.0625
14571,-0.0625
14572,-6.875
14573,-6.75
14574,-6.625
14575,-6.4375
14576,-6.3125
14577,0
14578,0
14579,-0.0625
14580,7.9375
14581,-8
14582,0
14583,0
14584,0
14585,-0.0625
14586,-0.0625
14587,-0.0625
14588,-4.5625
14589,-4.4375
14590,-4.3125
14591,-4.125
14592,-4
14593,0
14594,0
14595,-0.0625
14596,7.9375
14597,-8
14598,0
14599,0
14600,0
14601,-0.0625
14602,-0.0625
14603,-0.0625
14604,-2.25
14605,-2.125
14606,-2
14607,-1.8125
14608,-1.6875
14609,0
14610,0
14611,-0.0625
14612,7.9375
14613,-8
14614,0
14615,0
14616,0
14617,-0.0625
14618,-0.0625
14619,-0.0625
14620,0.0625
14621,0.1875
14622,0.3125
14623,0.5
14624,0.625
14625,0
14626,0
14627,-0.0625
14628,7.9375
14629,-8
14630,0
14631,0
14632,0
14633,-0.0625
14634,-0.0625
14635,-0.0625
14636,2.375
14637,2.5
14638,2.625
14639,2.8125
14640,2.9375
14641,0
14642,0
14643,-0.0625
14644,7.9375
14645,-8
14646,0
14647,0
14648,0
14649,-0.0625
14650,-0.0625
14651,-0.0625
14652,4.6875
14653,4.8125
14654,4.9375
14655,5.125
14656,5.25
14657,0
14658,0
14659,-0.0625
14660,7.9375
14661,-8
14662,0
14663,0
14664,0
14665,-0.0625
14666,-0.0625
14667,-0.0625
14668,7
14669,7.125
14670,7.25
14671,7.4375
14672,7.5625
14673,0
14674,0
14675,-0.0625
14676,7.9375
14677,-8
14678,0
14679,0
14680,0
14681,-0.0625
14682,-0.0625
14683,-0.0625
14684,-6.6875
14685,-6.5625
14686,-6.4375
14687,-6.25
14688,-6.125
14689,0
14690,0
14691,-0.0625
14692,7.9375
14693,-8
14694,0
14695,0
14696,0
14697,-0.0625
14698,-0.0625
14699,-0.0625
14700,-4.375
14701,-4.25
14702,-4.125
14703,-3.9375
14704,-3.8125
14705,0
14706,0
14707,-0.0625
14708,7.9375
14709,-8
14710,0
14711,0
14712,0
14713,-0.0625
14714,-0.0625
14715,-0.0625
14716,-2.0625
14717,-1.9375
14718,-1.8125
14719,-1.625
14720,-1.5
14721,0
14722,0
14723,-0.0625
14724,7.9375
14725,-8
14726,0
14727,0
14728,0
14729,-0.0625
14730,-0.0625
14731,-0.0625
14732,0.25
14733,0.375
14734,0.5
14735,0.6875
14736,0.8125
14737,0
14738,0
14739,-0.0625
14740,7.9375
14741,-8
14742,0
14743,0
14744,0
14745,-0.0625
14746,-0.0625
14747,-0.0625
14748,2.5625
14749,2.6875
14750,2.8125
14751,3
14752,3.125
14753,0
14754,0
14755,-0.0625
14756,7.9375
14757,-8
14758,0
14759,0
14760,0
14761,-0.0625
14762,-0.0625
14763,-0.0625
14764,4.875
14765,5
14766,5.125
14767,5.3125
14768,5.4375
14769,0
14770,0
14771,-0.0625
14772,7.9375
14773,-8
14774,0
14775,0
14776,0
14777,-0.0625
14778,-0.0625
14779,-0.0625
14780,7.1875
14781,7.3125
14782,7.4375
14783,7.625
14784,7.75
14785,0
14786,0
14787,-0.0625
14788,7.9375
14789,-8
14790,0
14791,0
14792,0
14793,-0.0625
14794,-0.0625
14795,-0.0625
14796,-6.5
14797,-6.375
14798,-6.25
14799,-6.0625
14800,-5.9375
14801,0
14802,0
14803,-0.0625
14804,7.9375
14805,-8
14806,0
14807,0
14808,0
14809,-0.0625
14810,-0.0625
14811,-0.0625
14812,-4.1875
14813,-4.0625
14814,-3.9375
14815,-3.75
14816,-3.625
14817,0
14818,0
14819,-0.0625
14820,7.9375
14821,-8
14822,0
14823,0
14824,0
14825,-0.0625
14826,-0.0625
14827,-0.0625
14828,-1.875
14829,-1.75
14830,-1.625
14831,-1.4375
14832,-1.3125
14833,0
14834,0
14835,-0.0625
14836,7.9375
14837,-8
14838,0
14839,0
14840,0
14841,-0.0625
14842,-0.0625
14843,-0.0625
14844,0.4375
14845,0.5625
14846,0.6875
14847,0.875
14848,1
14849,0
14850,0
14851,-0.0625
14852,7.9375
14853,-8
14854,0
14855,0
14856,0
14857,-0.0625
14858,-0.0625
14859,-0.0625
14860,2.75
14861,2.875
14862,3
14863,3.1875
14864,3.3125
14865,0
14866,0
14867,-0.0625
14868,7.9375
14869,-8
14870,0
14871,0
14872,0
14873,-0.0625
14874,-0.0625
14875,-0.0625
14876,5.0625
14877,5.1875
14878,5.3125
14879,5.5
14880,5.625
14881,0
14882,0
14883,-0.0625
14884,7.9375
14885,-8
14886,0
14887,0
14888,0
14889,-0.0625
14890,-0.0625
14891,-0.0625
14892,7.375
14893,7.5
14894,7.625
14895,7.8125
14896,7.9375
14897,0
14898,0
14899,-0.0625
14900,7.9375
14901,-8
14902,0
14903,0
14904,0
14905,-0.0625
14906,-0.0625
14907,-0.0625
14908,-6.3125
14909,-6.1875
14910,-6.0625
14911,-5.875
14912,-5.75
14913,0
14914,0
14915,-0.0625
14916,7.9375
14917,-8
14918,0
14919,0
14920,0
14921,-0.0625
14922,-0.0625
14923,-0.0625
14924,-4
14925,-3.875
14926,-3.75
14927,-3.5625
14928,-3.4375
14929,0
14930,0
14931,-0.0625
14932,7.9375
14933,-8
14934,0
14935,0
14936,0
14937,-0.0625
14938,-0.0625
14939,-0.0625
14940,-1.6875
14941,-1.5625
14942,-1.4375
14943,-1.25
14944,-1.125
14945,0
14946,0
14947,-0.0625
14948,7.9375
14949,-8
14950,0
14951,0
14952,0
14953,-0.0625
14954,-0.0625
14955,-0.0625
14956,0.625
14957,0.75
14958,0.875
14959,1.0625
14960,1.1875
14961,0
14962,0
14963,-0.0625
14964,7.9375
14965,-8
14966,0
14967,0
14968,0
14969,-0.0625
14970,-0.0625
14971,-0.0625
14972,2.9375
14973,3.0625
14974,3.1875
14975,3.375
14976,3.5
14977,0
14978,0
14979,-0.0625
14980,7.9375
14981,-8
14982,0
14983,0
14984,0
14985,-0.0625
14986,-0.0625
14987,-0.0625
14988,5.25
14989,5.375
14990,5.5
14991,5.6875
14992,5.8125
14993,0
14994,0
14995,-0.0625
14996,7.9375
14997,-8
14998,0
14999,0
15000,0
15001,-0.0625
15002,-0.0625
15003,-0.0625
15004,7.5625
15005,7.6875
15006,7.8125
15007,-8
15008,-7.875
15009,0
15010,0
15011,-0.0625
15012,7.9375
15013,-8
15014,0
15015,0
15016,0
15017,-0.0625
15018,-0.0625
15019,-0.0625
15020,-6.125
15021,-6
15022,-5.875
15023,-5.6875
15024,-5.5625
15025,0
15026,0
15027,-0.0625
15028,7.9375
15029,-8
15030,0
15031,0
15032,0
15033,-0.0625
15034,-0.0625
15035,-0.0625
15036,-3.8125
15037,-3.6875
15038,-3.5625
15039,-3.375
15040,-3.25
15041,0
15042,0
15043,-0.0625
15044,7.9375
15045,-8
15046,0
15047,0
15048,0
15049,-0.0625
15050,-0.0625
15051,-0.0625
15052,-1.5
15053,-1.375
15054,-1.25
15055,-1.0625
15056,-0.9375
15057,0
15058,0
15059,-0.0625
15060,7.9375
15061,-8
15062,0
15063,0
15064,0
15065,-0.0625
15066,-0.0625
15067,-0.0625
15068,0.8125
15069,0.9375
15070,1.0625
15071,1.25
15072,1.375
15073,0
15074,0
15075,-0.0625
15076,7.9375
15077,-8
15078,0
15079,0
15080,0
15081,-0.0625
15082,-0.0625
15083,-0.0625
15084,3.125
15085,3.25
15086,3.375
15087,3.5625
15088,3.6875
15089,0
15090,0
15091,-0.0625
15092,7.9375
15093,-8
15094,0
15095,0
15096,0
15097,-0.0625
15098,-0.0625
15099,-0.0625
15100,5.4375
15101,5.5625
15102,5.6875
15103,5.875
15104,6
15105,0
15106,0
15107,-0.0625
15108,7.9375
15109,-8
15110,0
15111,0
15112,0
15113,-0.0625
15114,-0.0625
15115,-0.0625
15116,7.75
15117,7.875
15118,-8
15119,-7.8125
15120,-7.6875
15121,0
15122,0
15123,-0.0625
15124,7.9375
15125,-8
15126,0
15127,0
15128,0
15129,-0.0625
15130,-0.0625
15131,-0.0625
15132,-5.9375
15133,-5.8125
15134,-5.6875
15135,-5.5
15136,-5.375
15137,0
15138,0
15139,-0.0625
15140,7.9375
15141,-8
15142,0
15143,0
15144,0
15145,-0.0625
15146,-0.0625
15147,-0.0625
15148,-3.625
15149,-3.5
15150,-3.375
15151,-3.1875
15152,-3.0625
15153,0
15154,0
15155,-0.0625
15156,7.9375
15157,-8
15158,0
15159,0
15160,0
15161,-0.0625
15162,-0.0625
15163,-0.0625
15164,-1.3125
15165,-1.1875
15166,-1.0625
15167,-0.875
15168,-0.75
15169,0
15170,0
15171,-0.0625
15172,7.9375
15173,-8
15174,0
15175,0
15176,0
15177,-0.0625
15178,-0.0625
15179,-0.0625
15180,1
15181,1.125
15182,1.25
15183,1.4375
15184,1.5625
15185,0
15186,0
15187,-0.0625
15188,7.9375
15189,-8
15190,0
15191,0
15192,0
15193,-0.0625
15194,-0.0625
15195,-0.0625
15196,3.3125
15197,3.4375
15198,3.5625
15199,3.75
15200,3.875
15201,0
15202,0
15203,-0.0625
15204,7.9375
15205,-8
15206,0
15207,0
15208,0
15209,-0.0625
15210,-0.0625
15211,-0.0625
15212,5.625
15213,5.75
15214,5.875
15215,6.0625
15216,6.1875
15217,0
15218,0
15219,-0.0625
15220,7.9375
15221,-8
15222,0
15223,0
15224,0
15225,-0.0625
15226,-0.0625
15227,-0.0625
15228,7.9375
15229,-7.9375
15230,-7.8125
15231,-7.625
15232,-7.5
15233,0
15234,0
15235,-0.0625
15236,7.9375
15237,-8
15238,0
15239,0
15240,0
15241,-0.0625
15242,-0.0625
15243,-0.0625
15244,-5.75
15245,-5.625
15246,-5.5
15247,-5.3125
15248,-5.1875
15249,0
15250,0
15251,-0.0625
15252,7.9375
15253,-8
15254,0
15255,0
15256,0
15257,-0.0625
15258,-0.0625
15259,-0.0625
15260,-3.4375
15261,-3.3125
15262,-3.1875
15263,-3
15264,-2.875
15265,0
15266,0
15267,-0.0625
15268,7.9375
15269,-8
15270,0
15271,0
15272,0
15273,-0.0625
15274,-0.0625
15275,-0.0625
15276,-1.125
15277,-1
15278,-0.875
15279,-0.6875
15280,-0.5625
15281,0
15282,0
15283,-0.0625
15284,7.9375
15285,-8
15286,0
15287,0
15288,0
15289,-0.0625
15290,-0.0625
15291,-0.0625
15292,1.1875
15293,1.3125
15294,1.4375
15295,1.625
15296,1.75
15297,0
15298,0
15299,-0.0625
15300,7.9375
15301,-8
15302,0
15303,0
15304,0
15305,-0.0625
15306,-0.0625
15307,-0.0625
15308,3.5
15309,3.625
15310,3.75
15311,3.9375
15312,4.0625
15313,0
15314,0
15315,-0.0625
15316,7.9375
15317,-8
15318,0
15319,0
15320,0
15321,-0.0625
15322,-0.0625
15323,-0.0625
15324,5.8125
15325,5.9375
15326,6.0625
15327,6.25
15328,6.375
15329,0
15330,0
15331,-0.0625
15332,7.9375
15333,-8
15334,0
15335,0
15336,0
15337,-0.0625
15338,-0.0625
15339,-0.0625
15340,-7.875
15341,-7.75
15342,-7.625
15343,-7.4375
15344,-7.3125
15345,0
15346,0
15347,-0.0625
15348,7.9375
15349,-8
15350,0
15351,0
15352,0
15353,-0.0625
15354,-0.0625
15355,-0.0625
15356,-5.5625
15357,-5.4375
15358,-5.3125
15359,-5.125
15360,-5
15361,0
15362,0
15363,-0.0625
15364,7.9375
15365,-8
15366,0
15367,0
15368,0
15369,-0.0625
15370,-0.0625
15371,-0.0625
15372,-3.25
15373,-3.125
15374,-3
15375,-2.8125
15376,-2.6875
15377,0
15378,0
15379,-0.0625
15380,7.9375
15381,-8
15382,0
15383,0
15384,0
15385,-0.0625
15386,-0.0625
15387,-0.0625
15388,-0.9375
15389,-0.8125
15390,-0.6875
15391,-0.5
15392,-0.375
15393,0
15394,0
15395,-0.0625
15396,7.9375
15397,-8
15398,0
15399,0
15400,0
15401,-0.0625
15402,-0.0625
15403,-0.0625
15404,1.375
15405,1.5
15406,1.625
15407,1.8125
15408,1.9375
15409,0
15410,0
15411,-0.0625
15412,7.9375
15413,-8
15414,0
15415,0
15416,0
15417,-0.0625
15418,-0.0625
15419,-0.0625
15420,3.6875
15421,3.8125
15422,3.9375
15423,4.125
15424,4.25
15425,0
15426,0
15427,-0.0625
15428,7.9375
15429,-8
15430,0
15431,0
15432,0
15433,-0.0625
15434,-0.0625
15435,-0.0625
15436,6
15437,6.125
15438,6.25
15439,6.4375
15440,6.5625
15441,0
15442,0
15443,-0.0625
15444,7.9375
15445,-8
15446,0
15447,0
15448,0
15449,-0.0625
15450,-0.0625
15451,-0.0625
15452,-7.6875
15453,-7.5625
15454,-7.4375
15455,-7.25
15456,-7.125
15457,0
15458,0
15459,-0.0625
15460,7.9375
15461,-8
15462,0
15463,0
15464,0
15465,-0.0625
15466,-0.0625
15467,-0.0625
15468,-5.375
15469,-5.25
15470,-5.125
15471,-4.9375
15472,-4.8125
15473,0
15474,0
15475,-0.0625
15476,7.9375
15477,-8
15478,0
15479,0
15480,0
15481,-0.0625
15482,-0.0625
15483,-0.0625
15484,-3.0625
15485,-2.9375
15486,-2.8125
15487,-2.625
15488,-2.5
15489,0
15490,0
15491,-0.0625
15492,7.9375
15493,-8
15494,0
15495,0
15496,0
15497,-0.0625
15498,-0.0625
15499,-0.0625
15500,-0.75
15501,-0.625
15502,-0.5
15503,-0.3125
15504,-0.1875
15505,0
15506,0
15507,-0.0625
15508,7.9375
15509,-8
15510,0
15511,0
15512,0
15513,-0.0625
15514,-0.0625
15515,-0.0625
15516,1.5625
15517,1.6875
15518,1.8125
15519,2
15520,2.125
15521,0
15522,0
15523,-0.0625
15524,7.9375
15525,-8
15526,0
15527,0
15528,0
15529,-0.0625
15530,-0.0625
15531,-0.0625
15532,3.875
15533,4
15534,4.125
15535,4.3125
15536,4.4375
15537,0
15538,0
15539,-0.0625
15540,7.9375
15541,-8
15542,0
15543,0
15544,0
15545,-0.0625
15546,-0.0625
15547,-0.0625
15548,6.1875
15549,6.3125
15550,6.4375
15551,6.625
15552,6.75
15553,0
15554,0
15555,-0.0625
15556,7.9375
15557,-8
15558,0
15559,0
15560,0
15561,-0.0625
15562,-0.0625
15563,-0.0625
15564,-7.5
15565,-7.375
15566,-7.25
15567,-7.0625
15568,-6.9375
15569,0
15570,0
15571,-0.0625
15572,7.9375
15573,-8
15574,0
15575,0
15576,0
15577,-0.0625
15578,-0.0625
15579,-0.0625
15580,-5.1875
15581,-5.0625
15582,-4.9375
15583,-4.75
15584,-4.625
15585,0
15586,0
15587,-0.0625
15588,7.9375
15589,-8
15590,0
15591,0
15592,0
15593,-0.0625
15594,-0.0625
15595,-0.0625
15596,-2.875
15597,-2.75
15598,-2.625
15599,-2.4375
15600,-2.3125
15601,0
15602,0
15603,-0.0625
15604,7.9375
15605,-8
15606,0
15607,0
15608,0
15609,-0.0625
15610,-0.0625
15611,-0.0625
15612,-0.5625
15613,-0.4375
15614,-0.3125
15615,-0.125
15616,0
15617,0
15618,0
15619,-0.0625
15620,7.9375
15621,-8
15622,0
15623,0
15624,0
15625,-0.0625
15626,-0.0625
15627,-0.0625
15628,1.75
15629,1.875
15630,2
15631,2.1875
15632,2.3125
15633,0
15634,0
15635,-0.0625
15636,7.9375
15637,-8
15638,0
15639,0
15640,0
15641,-0.0625
15642,-0.0625
15643,-0.0625
15644,4.0625
15645,4.1875
15646,4.3125
15647,4.5
15648,4.625
15649,0
15650,0
15651,-0.0625
15652,7.9375
15653,-8
15654,0
15655,0
15656,0
15657,-0.0625
15658,-0.0625
15659,-0.0625
15660,6.375
15661,6.5
15662,6.625
15663,6.8125
15664,6.9375
15665,0
15666,0
15667,-0.0625
15668,7.9375
15669,-8
15670,0
15671,0
15672,0
15673,-0.0625
15674,-0.0625
15675,-0.0625
15676,-7.3125
15677,-7.1875
15678,-7.0625
15679,-6.875
15680,-6.75
15681,0
15682,0
15683,-0.0625
15684,7.9375
15685,-8
15686,0
15687,0
15688,0
15689,-0.0625
15690,-0.0625
15691,-0.0625
15692,-5
15693,-4.875
15694,-4.75
15695,-4.5625
15696,-4.4375
15697,0
15698,0
15699,-0.0625
15700,7.9375
15701,-8
15702,0
15703,0
15704,0
15705,-0.0625
15706,-0.0625
15707,-0.0625
15708,-2.6875
15709,-2.5625
15710,-2.4375
15711,-2.25
15712,-2.125
15713,0
15714,0
15715,-0.0625
15716,7.9375
15717,-8
15718,0
15719,0
15720,0
15721,-0.0625
15722,-0.0625
15723,-0.0625
15724,-0.375
15725,-0.25
15726,-0.125
15727,0.0625
15728,0.1875
15729,0
15730,0
15731,-0.0625
15732,7.9375
15733,-8
15734,0
15735,0
15736,0
15737,-0.0625
15738,-0.0625
15739,-0.0625
15740,1.9375
15741,2.0625
15742,2.1875
15743,2.375
15744,2.5
15745,0
15746,0
15747,-0.0625
15748,7.9375
15749,-8
15750,0
15751,0
15752,0
15753,-0.0625
15754,-0.0625
15755,-0.0625
15756,4.25
15757,4.375
15758,4.5
15759,4.6875
15760,4.8125
15761,0
15762,0
15763,-0.0625
15764,7.9375
15765,-8
15766,0
15767,0
15768,0
15769,-0.0625
15770,-0.0625
15771,-0.0625
15772,6.5625
15773,6.6875
15774,6.8125
15775,7
15776,7.125
15777,0
15778,0
15779,-0.0625
15780,7.9375
15781,-8
15782,0
15783,0
15784,0
15785,-0.0625
15786,-0.0625
15787,-0.0625
15788,-7.125
15789,-7
15790,-6.875
15791,-6.6875
15792,-6.5625
15793,0
15794,0
15795,-0.0625
15796,7.9375
15797,-8
15798,0
15799,0
15800,0
15801,-0.0625
15802,-0.0625
15803,-0.0625
15804,-4.8125
15805,-4.6875
15806,-4.5625
15807,-4.375
15808,-4.25
15809,0
15810,0
15811,-0.0625
15812,7.9375
15813,-8
15814,0
15815,0
15816,0
15817,-0.0625
15818,-0.0625
15819,-0.0625
15820,-2.5
15821,-2.375
15822,-2.25
15823,-2.0625
15824,-1.9375
15825,0
15826,0
15827,-0.0625
15828,7.9375
15829,-8
15830,0
15831,0
15832,0
15833,-0.0625
15834,-0.0625
15835,-0.0625
15836,-0.1875
15837,-0.0625
15838,0.0625
15839,0.25
15840,0.375
15841,0
15842,0
15843,-0.0625
15844,7.9375
15845,-8
15846,0
15847,0
15848,0
15849,-0.0625
15850,-0.0625
15851,-0.0625
15852,2.125
15853,2.25
15854,2.375
15855,2.5625
15856,2.6875
15857,0
15858,0
15859,-0.0625
15860,7.9375
15861,-8
15862,0
15863,0
15864,0
15865,-0.0625
15866,-0.0625
15867,-0.0625
15868,4.4375
15869,4.5625
15870,4.6875
15871,4.875
15872,5
15873,0
15874,0
15875,-0.0625
15876,7.9375
15877,-8
15878,0
15879,0
15880,0
15881,-0.0625
15882,-0.0625
15883,-0.0625
15884,6.75
15885,6.875
15886,7
15887,7.1875
15888,7.3125
15889,0
15890,0
15891,-0.0625
15892,7.9375
15893,-8
15894,0
15895,0
15896,0
15897,-0.0625
15898,-0.0625
15899,-0.0625
15900,-6.9375
15901,-6.8125
15902,-6.6875
15903,-6.5
15904,-6.375
15905,0
15906,0
15907,-0.0625
15908,7.9375
15909,-8
15910,0
15911,0
15912,0
15913,-0.0625
15914,-0.0625
15915,-0.0625
15916,-4.625
15917,-4.5
15918,-4.375
15919,-4.1875
15920,-4.0625
15921,0
15922,0
15923,-0.0625
15924,7.9375
15925,-8
15926,0
15927,0
15928,0
15929,-0.0625
15930,-0.0625
15931,-0.0625
15932,-2.3125
15933,-2.1875
15934,-2.0625
15935,-1.875
15936,-1.75
15937,0
15938,0
15939,-0.0625
15940,7.9375
15941,-8
15942,0
15943,0
15944,0
15945,-0.0625
15946,-0.0625
15947,-0.0625
15948,0
15949,0.125
15950,0.25
15951,0.4375
15952,0.5625
15953,0
15954,0
15955,-0.0625
15956,7.9375
15957,-8
15958,0
15959,0
15960,0
15961,-0.0625
15962,-0.0625
15963,-0.0625
15964,2.3125
15965,2.4375
15966,2.5625
15967,2.75
15968,2.875
15969,0
15970,0
15971,-0.0625
15972,7.9375
15973,-8
15974,0
15975,0
15976,0
15977,-0.0625
15978,-0.0625
15979,-0.0625
15980,4.625
15981,4.75
15982,4.875
15983,5.0625
15984,5.1875
15985,0
15986,0
15987,-0.0625
15988,7.9375
15989,-8
15990,0
15991,0
15992,0
15993,-0.0625
15994,-0.0625
15995,-0.0625
15996,6.9375
15997,7.0625
15998,7.1875
15999,7.375
16000,7.5
16001,0
16002,0
16003,-0.0625
16004,7.9375
16005,-8
16006,0
16007,0
16008,0
16009,-0.0625
16010,-0.0625
16011,-0.0625
16012,-6.75
16013,-6.625
16014,-6.5
16015,-6.3125
16016,-6.1875
16017,0
16018,0
16019,-0.0625
16020,7.9375
16021,-8
16022,0
16023,0
16024,0
16025,-0.0625
16026,-0.0625
16027,-0.0625
16028,-4.4375
16029,-4.3125
16030,-4.1875
16031,-4
16032,-3.875
16033,0
16034,0
16035,-0.0625
16036,7.9375
16037,-8
16038,0
16039,0
16040,0
16041,-0.0625
16042,-0.0625
16043,-0.0625
16044,-2.125
16045,-2
16046,-1.875
16047,-1.6875
16048,-1.5625
16049,0
16050,0
16051,-0.0625
16052,7.9375
16053,-8
16054,0
16055,0
16056,0
16057,-0.0625
16058,-0.0625
16059,-0.0625
16060,0.1875
16061,0.3125
16062,0.4375
16063,0.625
16064,0.75
16065,0
16066,0
16067,-0.0625
16068,7.9375
16069,-8
16070,0
16071,0
16072,0
16073,-0.0625
16074,-0.0625
16075,-0.0625
16076,2.5
16077,2.625
16078,2.75
16079,2.9375
16080,3.0625
16081,0
16082,0
16083,-0.0625
16084,7.9375
16085,-8
16086,0
16087,0
16088,0
16089,-0.0625
16090,-0.0625
16091,-0.0625
16092,4.8125
16093,4.9375
16094,5.0625
16095,5.25
16096,5.375
16097,0
16098,0
16099,-0.0625
16100,7.9375
16101,-8
16102,0
16103,0
16104,0
16105,-0.0625
16106,-0.0625
16107,-0.0625
16108,7.125
16109,7.25
16110,7.375
16111,7.5625
16112,7.6875
16113,0
16114,0
16115,-0.0625
16116,7.9375
16117,-8
16118,0
16119,0
16120,0
16121,-0.0625
16122,-0.0625
16123,-0.0625
16124,-6.5625
16125,-6.4375
16126,-6.3125
16127,-6.125
16128,-6
16129,0
16130,0
16131,-0.0625
16132,7.9375
16133,-8
16134,0
16135,0
16136,0
16137,-0.0625
16138,-0.0625
16139,-0.0625
16140,-4.25
16141,-4.125
16142,-4
16143,-3.8125
16144,-3.6875
16145,0
16146,0
16147,-0.0625
16148,7.9375
16149,-8
16150,0
16151,0
16152,0
16153,-0.0625
16154,-0.0625
16155,-0.0625
16156,-1.9375
16157,-1.8125
16158,-1.6875
16159,-1.5
16160,-1.375
16161,0
16162,0
16163,-0.0625
16164,7.9375
16165,-8
16166,0
16167,0
16168,0
16169,-0.0625
16170,-0.0625
16171,-0.0625
16172,0.375
16173,0.5
16174,0.625
16175,0.8125
16176,0.9375
16177,0
16178,0
16179,-0.0625
16180,7.9375
16181,-8
16182,0
16183,0
16184,0
16185,-0.0625
16186,-0.0625
16187,-0.0625
16188,2.6875
16189,2.8125
16190,2.9375
16191,3.125
16192,3.25
16193,0
16194,0
16195,-0.0625
16196,7.9375
16197,-8
16198,0
16199,0
16200,0
16201,-0.0625
16202,-0.0625
16203,-0.0625
16204,5
16205,5.125
16206,5.25
16207,5.4375
16208,5.5625
16209,0
16210,0
16211,-0.0625
16212,7.9375
16213,-8
16214,0
16215,0
16216,0
16217,-0.0625
16218,-0.0625
16219,-0.0625
16220,7.3125
16221,7.4375
16222,7.5625
16223,7.75
16224,7.875
16225,0
16226,0
16227,-0.0625
16228,7.9375
16229,-8
16230,0
16231,0
16232,0
16233,-0.0625
16234,-0.0625
16235,-0.0625
16236,-6.375
16237,-6.25
16238,-6.125
16239,-5.9375
16240,-5.8125
16241,0
16242,0
16243,-0.0625
16244,7.9375
16245,-8
16246,0
16247,0
16248,0
16249,-0.0625
16250,-0.0625
16251,-0.0625
16252,-4.0625
16253,-3.9375
16254,-3.8125
16255,-3.625
16256,-3.5
16257,0
16258,0
16259,-0.0625
16260,7.9375
16261,-8
16262,0
16263,0
16264,0
16265,-0.0625
16266,-0.0625
16267,-0.0625
16268,-1.75
16269,-1.625
16270,-1.5
16271,-1.3125
16272,-1.1875
16273,0
16274,0
16275,-0.0625
16276,7.9375
16277,-8
16278,0
16279,0
16280,0
16281,-0.0625
16282,-0.0625
16283,-0.0625
16284,0.5625
16285,0.6875
16286,0.8125
16287,1
16288,1.125
16289,0
16290,0
16291,-0.0625
16292,7.9375
16293,-8
16294,0
16295,0
16296,0
16297,-0.0625
16298,-0.0625
16299,-0.0625
16300,2.875
16301,3
16302,3.125
16303,3.3125
16304,3.4375
16305,0
16306,0
16307,-0.0625
16308,7.9375
16309,-8
16310,0
16311,0
16312,0
16313,-0.0625
16314,-0.0625
16315,-0.0625
16316,5.1875
16317,5.3125
16318,5.4375
16319,5.625
16320,5.75
16321,0
16322,0
16323,-0.0625
16324,7.9375
16325,-8
16326,0
16327,0
16328,0
16329,-0.0625
16330,-0.0625
16331,-0.0625
16332,7.5
16333,7.625
16334,7.75
16335,7.9375
16336,-7.9375
16337,0
16338,0
16339,-0.0625
16340,7.9375
16341,-8
16342,0
16343,0
16344,0
16345,-0.0625
16346,-0.0625
16347,-0.0625
16348,-6.1875
16349,-6.0625
16350,-5.9375
16351,-5.75
16352,-5.625
16353,0
16354,0
16355,-0.0625
16356,7.9375
16357,-8
16358,0
16359,0
16360,0
16361,-0.0625
16362,-0.0625
16363,-0.0625
16364,-3.875
16365,-3.75
16366,-3.625
16367,-3.4375
16368,-3.3125
16369,0
16370,0
16371,-0.0625
16372,7.9375
16373,-8
16374,0
16375,0
16376,0
16377,-0.0625
16378,-0.0625
16379,-0.0625
16380,-1.5625
16381,-1.4375
16382,-1.3125
16383,-1.125
16384,-1
16385,0
16386,0
16387,-0.0625
16388,7.9375
16389,-8
16390,0
16391,0
16392,0
16393,-0.0625
16394,-0.0625
16395,-0.0625
16396,0.75
16397,0.875
16398,1
16399,1.1875
16400,1.3125
16401,0
16402,0
16403,-0.0625
16404,7.9375
16405,-8
16406,0
16407,0
16408,0
16409,-0.0625
16410,-0.0625
16411,-0.0625
16412,3.0625
16413,3.1875
16414,3.3125
16415,3.5
16416,3.625
16417,0
16418,0
16419,-0.0625
16420,7.9375
16421,-8
16422,0
16423,0
16424,0
16425,-0.0625
16426,-0.0625
16427,-0.0625
16428,5.375
16429,5.5
16430,5.625
16431,5.8125
16432,5.9375
16433,0
16434,0
16435,-0.0625
16436,7.9375
16437,-8
16438,0
16439,0
16440,0
16441,-0.0625
16442,-0.0625
16443,-0.0625
16444,7.6875
16445,7.8125
16446,7.9375
16447,-7.875
16448,-7.75
16449,0
16450,0
16451,-0.0625
16452,7.9375
16453,-8
16454,0
16455,0
16456,0
16457,-0.0625
16458,-0.0625
16459,-0.0625
16460,-6
16461,-5.875
16462,-5.75
16463,-5.5625
16464,-5.4375
16465,0
16466,0
16467,-0.0625
16468,7.9375
16469,-8
16470,0
16471,0
16472,0
16473,-0.0625
16474,-0.0625
16475,-0.0625
16476,-3.6875
16477,-3.5625
16478,-3.4375
16479,-3.25
16480,-3.125
16481,0
16482,0
16483,-0.0625
16484,7.9375
16485,-8
16486,0
16487,0
16488,0
16489,-0.0625
16490,-0.0625
16491,-0.0625
16492,-1.375
16493,-1.25
16494,-1.125
16495,-0.9375
16496,-0.8125
16497,0
16498,0
16499,-0.0625
16500,7.9375
16501,-8
16502,0
16503,0
16504,0
16505,-0.0625
16506,-0.0625
16507,-0.0625
16508,0.9375
16509,1.0625
16510,1.1875
16511,1.375
16512,1.5
16513,0
16514,0
16515,-0.0625
16516,7.9375
16517,-8
16518,0
16519,0
16520,0
16521,-0.0625
16522,-0.0625
16523,-0.0625
16524,3.25
16525,3.375
16526,3.5
16527,3.6875
16528,3.8125
16529,0
16530,0
16531,-0.0625
16532,7.9375
16533,-8
16534,0
16535,0
16536,0
16537,-0.0625
16538,-0.0625
16539,-0.0625
16540,5.5625
16541,5.6875
16542,5.8125
16543,6
16544,6.125
16545,0
16546,0
16547,-0.0625
16548,7.9375
16549,-8
16550,0
16551,0
16552,0
16553,-0.0625
16554,-0.0625
16555,-0.0625
16556,7.875
16557,-8
16558,-7.875
16559,-7.6875
16560,-7.5625
16561,0
16562,0
16563,-0.0625
16564,7.9375
16565,-8
16566,0
16567,0
16568,0
16569,-0.0625
16570,-0.0625
16571,-0.0625
16572,-5.8125
16573,-5.6875
16574,-5.5625
16575,-5.375
16576,-5.25
16577,0
16578,0
16579,-0.0625
16580,7.9375
16581,-8
16582,0
16583,0
16584,0
16585,-0.0625
16586,-0.0625
16587,-0.0625
16588,-3.5
16589,-3.375
16590,-3.25
16591,-3.0625
16592,-2.9375
16593,0
16594,0
16595,-0.0625
16596,7.9375
16597,-8
16598,0
16599,0
16600,0
16601,-0.0625
16602,-0.0625
16603,-0.0625
16604,-1.1875
16605,-1.0625
16606,-0.9375
16607,-0.75
16608,-0.625
16609,0
16610,0
16611,-0.0625
16612,7.9375
16613,-8
16614,0
16615,0
16616,0
16617,-0.0625
16618,-0.0625
16619,-0.0625
16620,1.125
16621,1.25
16622,1.375
16623,1.5625
16624,1.6875
16625,0
16626,0
16627,-0.0625
16628,7.9375
16629,-8
16630,0
16631,0
16632,0
16633,-0.0625
16634,-0.0625
16635,-0.0625
16636,3.4375
16637,3.5625
16638,3.6875
16639,3.875
16640,4
16641,0
16642,0
16643,-0.0625
16644,7.9375
16645,-8
16646,0
16647,0
16648,0
16649,-0.0625
16650,-0.0625
16651,-0.0625
16652,5.75
16653,5.875
16654,6
16655,6.1875
16656,6.3125
16657,0
16658,0
16659,-0.0625
16660,7.9375
16661,-8
16662,0
16663,0
16664,0
16665,-0.0625
16666,-0.0625
16667,-0.0625
16668,-7.9375
16669,-7.8125
16670,-7.6875
16671,-7.5
16672,-7.375
16673,0
16674,0
16675,-0.0625
16676,7.9375
16677,-8
16678,0
16679,0
16680,0
16681,-0.0625
16682,-0.0625
16683,-0.0625
16684,-5.625
16685,-5.5
16686,-5.375
16687,-5.1875
16688,-5.0625
16689,0
16690,0
16691,-0.0625
16692,7.9375
16693,-8
16694,0
16695,0
16696,0
16697,-0.0625
16698,-0.0625
16699,-0.0625
16700,-3.3125
16701,-3.1875
16702,-3.0625
16703,-2.875
16704,-2.75
16705,0
16706,0
16707,-0.0625
16708,7.9375
16709,-8
16710,0
16711,0
16712,0
16713,-0.0625
16714,-0.0625
16715,-0.0625
16716,-1
16717,-0.875
16718,-0.75
16719,-0.5625
16720,-0.4375
16721,0
16722,0
16723,-0.0625
16724,7.9375
16725,-8
16726,0
16727,0
16728,0
16729,-0.0625
16730,-0.0625
16731,-0.0625
16732,1.3125
16733,1.4375
16734,1.5625
16735,1.75
16736,1.875
16737,0
16738,0
16739,-0.0625
16740,7.9375
16741,-8
16742,0
16743,0
16744,0
16745,-0.0625
16746,-0.0625
16747,-0.0625
16748,3.625
16749,3.75
16750,3.875
16751,4.0625
16752,4.1875
16753,0
16754,0
16755,-0.0625
16756,7.9375
16757,-8
16758,0
16759,0
16760,0
16761,-0.0625
16762,-0.0625
16763,-0.0625
16764,5.9375
16765,6.0625
16766,6.1875
16767,6.375
16768,6.5
16769,0
16770,0
16771,-0.0625
16772,7.9375
16773,-8
16774,0
16775,0
16776,0
16777,-0.0625
16778,-0.0625
16779,-0.0625
16780,-7.75
16781,-7.625
16782,-7.5
16783,-7.3125
16784,-7.1875
16785,0
16786,0
16787,-0.0625
16788,7.9375
16789,-8
16790,0
16791,0
16792,0
16793,-0.0625
16794,-0.0625
16795,-0.0625
16796,-5.4375
16797,-5.3125
16798,-5.1875
16799,-5
16800,-4.875
16801,0
16802,0
16803,-0.0625
16804,7.9375
16805,-8
16806,0
16807,0
16808,0
16809,-0.0625
16810,-0.0625
16811,-0.0625
16812,-3.125
16813,-3
16814,-2.875
16815,-2.6875
16816,-2.5625
16817,0
16818,0
16819,-0.0625
16820,7.9375
16821,-8
16822,0
16823,0
16824,0
16825,-0.0625
16826,-0.0625
16827,-0.0625
16828,-0.8125
16829,-0.6875
16830,-0.5625
16831,-0.375
16832,-0.25
16833,0
16834,0
16835,-0.0625
16836,7.9375
16837,-8
16838,0
16839,0
16840,0
16841,-0.0625
16842,-0.0625
16843,-0.0625
16844,1.5
16845,1.625
16846,1.75
16847,1.9375
16848,2.0625
16849,0
16850,0
16851,-0.0625
16852,7.9375
16853,-8
16854,0
16855,0
16856,0
16857,-0.0625
16858,-0.0625
16859,-0.0625
16860,3.8125
16861,3.9375
16862,4.0625
16863,4.25
16864,4.375
16865,0
16866,0
16867,-0.0625
16868,7.9375
16869,-8
16870,0
16871,0
16872,0
16873,-0.0625
16874,-0.0625
16875,-0.0625
16876,6.125
16877,6.25
16878,6.375
16879,6.5625
16880,6.6875
16881,0
16882,0
16883,-0.0625
16884,7.9375
16885,-8
16886,0
16887,0
16888,0
16889,-0.0625
16890,-0.0625
16891,-0.0625
16892,-7.5625
16893,-7.4375
16894,-7.3125
16895,-7.125
16896,-7
16897,0
16898,0
16899,-0.0625
16900,7.9375
16901,-8
16902,0
16903,0
16904,0
16905,-0.0625
16906,-0.0625
16907,-0.0625
16908,-5.25
16909,-5.125
16910,-5
16911,-4.8125
16912,-4.6875
16913,0
16914,0
16915,-0.0625
16916,7.9375
16917,-8
16918,0
16919,0
16920,0
16921,-0.0625
16922,-0.0625
16923,-0.0625
16924,-2.9375
16925,-2.8125
16926,-2.6875
16927,-2.5
16928,-2.375
16929,0
16930,0
16931,-0.0625
16932,7.9375
16933,-8
16934,0
16935,0
16936,0
16937,-0.0625
16938,-0.0625
16939,-0.0625
16940,-0.625
16941,-0.5
16942,-0.375
16943,-0.1875
16944,-0.0625
16945,0
16946,0
16947,-0.0625
16948,7.9375
16949,-8
16950,0
16951,0
16952,0
16953,-0.0625
16954,-0.0625
16955,-0.0625
16956,1.6875
16957,1.8125
16958,1.9375
16959,2.125
16960,2.25
16961,0
16962,0
16963,-0.0625
16964,7.9375
16965,-8
16966,0
16967,0
16968,0
16969,-0.0625
16970,-0.0625
16971,-0.0625
16972,4
16973,4.125
16974,4.25
16975,4.4375
16976,4.5625
16977,0
16978,0
16979,-0.0625
16980,7.9375
16981,-8
16982,0
16983,0
16984,0
16985,-0.0625
16986,-0.0625
16987,-0.0625
16988,6.3125
16989,6.4375
16990,6.5625
16991,6.75
16992,6.875
16993,0
16994,0
16995,-0.0625
16996,7.9375
16997,-8
16998,0
16999,0
17000,0
17001,-0.0625
17002,-0.0625
17003,-0.0625
17004,-7.375
17005,-7.25
17006,-7.125
17007,-6.9375
17008,-6.8125
17009,0
17010,0
17011,-0.0625
17012,7.9375
17013,-8
17014,0
17015,0
17016,0
17017,-0.0625
17018,-0.0625
17019,-0.0625
17020,-5.0625
17021,-4.9375
17022,-4.8125
17023,-4.625
17024,-4.5
17025,0
17026,0
17027,-0.0625
17028,7.9375
17029,-8
17030,0
17031,0
17032,0
17033,-0.0625
17034,-0.0625
17035,-0.0625
17036,-2.75
17037,-2.625
17038,-2.5
17039,-2.3125
17040,-2.1875
17041,0
17042,0
17043,-0.0625
17044,7.9375
17045,-8
17046,0
17047,0
17048,0
17049,-0.0625
17050,-0.0625
17051,-0.0625
17052,-0.4375
17053,-0.3125
17054,-0.1875
17055,0
17056,0.125
17057,0
17058,0
17059,-0.0625
17060,7.9375
17061,-8
17062,0
17063,0
17064,0
17065,-0.0625
17066,-0.0625
17067,-0.0625
17068,1.875
17069,2
17070,2.125
17071,2.3125
17072,2.4375
17073,0
17074,0
17075,-0.0625
17076,7.9375
17077,-8
17078,0
17079,0
17080,0
17081,-0.0625
17082,-0.0625
17083,-0.0625
17084,4.1875
17085,4.3125
17086,4.4375
17087,4.625
17088,4.75
17089,0
17090,0
17091,-0.0625
17092,7.9375
17093,-8
17094,0
17095,0
17096,0
17097,-0.0625
17098,-0.0625
17099,-0.0625
17100,6.5
17101,6.625
17102,6.75
17103,6.9375
17104,7.0625
17105,0
17106,0
17107,-0.0625
17108,7.9375
17109,-8
17110,0
17111,0
17112,0
17113,-0.0625
17114,-0.0625
17115,-0.0625
17116,-7.1875
17117,-7.0625
17118,-6.9375
17119,-6.75
17120,-6.625
17121,0
17122,0
17123,-0.0625
17124,7.9375
17125,-8
17126,0
17127,0
17128,0
17129,-0.0625
17130,-0.0625
17131,-0.0625
17132,-4.875
17133,-4.75
17134,-4.625
17135,-4.4375
17136,-4.3125
17137,0
17138,0
17139,-0.0625
17140,7.9375
17141,-8
17142,0
17143,0
17144,0
17145,-0.0625
17146,-0.0625
17147,-0.0625
17148,-2.5625
17149,-2.4375
17150,-2.3125
17151,-2.125
17152,-2
17153,0
17154,0
17155,-0.0625
17156,7.9375
17157,-8
17158,0
17159,0
17160,0
17161,-0.0625
17162,-0.0625
17163,-0.0625
17164,-0.25
17165,-0.125
17166,0
17167,0.1875
17168,0.3125
17169,0
17170,0
17171,-0.0625
17172,7.9375
17173,-8
17174,0
17175,0
17176,0
17177,-0.0625
17178,-0.0625
17179,-0.0625
17180,2.0625
17181,2.1875
17182,2.3125
17183,2.5
17184,2.625
17185,0
17186,0
17187,-0.0625
17188,7.9375
17189,-8
17190,0
17191,0
17192,0
17193,-0.0625
17194,-0.0625
17195,-0.0625
17196,4.375
17197,4.5
17198,4.625
17199,4.8125
17200,4.9375
17201,0
17202,0
17203,-0.0625
17204,7.9375
17205,-8
17206,0
17207,0
17208,0
17209,-0.0625
17210,-0.0625
17211,-0.0625
17212,6.6875
17213,6.8125
17214,6.9375
17215,7.125
17216,7.25
17217,0
17218,0
17219,-0.0625
17220,7.9375
17221,-8
17222,0
17223,0
17224,0
17225,-0.0625
17226,-0.0625
17227,-0.0625
17228,-7
17229,-6.875
17230,-6.75
17231,-6.5625
17232,-6.4375
17233,0
17234,0
17235,-0.0625
17236,7.9375
17237,-8
17238,0
17239,0
17240,0
17241,-0.0625
17242,-0.0625
17243,-0.0625
17244,-4.6875
17245,-4.5625
17246,-4.4375
17247,-4.25
17248,-4.125
17249,0
17250,0
17251,-0.0625
17252,7.9375
17253,-8
17254,0
17255,0
17256,0
17257,-0.0625
17258,-0.0625
17259,-0.0625
17260,-2.375
17261,-2.25
17262,-2.125
17263,-1.9375
17264,-1.8125
17265,0
17266,0
17267,-0.0625
17268,7.9375
17269,-8
17270,0
17271,0
17272,0
17273,-0.0625
17274,-0.0625
17275,-0.0625
17276,-0.0625
17277,0.0625
17278,0.1875
17279,0.375
17280,0.5
17281,0
17282,0
17283,-0.0625
17284,7.9375
17285,-8
17286,0
17287,0
17288,0
17289,-0.0625
17290,-0.0625
17291,-0.0625
17292,2.25
17293,2.375
17294,2.5
17295,2.6875
17296,2.8125
17297,0
17298,0
17299,-0.0625
17300,7.9375
17301,-8
17302,0
17303,0
17304,0
17305,-0.0625
17306,-0.0625
17307,-0.0625
17308,4.5625
17309,4.6875
17310,4.8125
17311,5
17312,5.125
17313,0
17314,0
17315,-0.0625
17316,7.9375
17317,-8
17318,0
17319,0
17320,0
17321,-0.0625
17322,-0.0625
17323,-0.0625
17324,6.875
17325,7
17326,7.125
17327,7.3125
17328,7.4375
17329,0
17330,0
17331,-0.0625
17332,7.9375
17333,-8
17334,0
17335,0
17336,0
17337,-0.0625
17338,-0.0625
17339,-0.0625
17340,-6.8125
17341,-6.6875
17342,-6.5625
17343,-6.375
17344,-6.25
17345,0
17346,0
17347,-0.0625
17348,7.9375
17349,-8
17350,0
17351,0
17352,0
17353,-0.0625
17354,-0.0625
17355,-0.0625
17356,-4.5
17357,-4.375
17358,-4.25
17359,-4.0625
17360,-3.9375
17361,0
17362,0
17363,-0.0625
17364,7.9375
17365,-8
17366,0
17367,0
17368,0
17369,-0.0625
17370,-0.0625
17371,-0.0625
17372,-2.1875
17373,-2.0625
17374,-1.9375
17375,-1.75
17376,-1.625
17377,0
17378,0
17379,-0.0625
17380,7.9375
17381,-8
17382,0
17383,0
17384,0
17385,-0.0625
17386,-0.0625
17387,-0.0625
17388,0.125
17389,0.25
17390,0.375
17391,0.5625
17392,0.6875
17393,0
17394,0
17395,-0.0625
17396,7.9375
17397,-8
17398,0
17399,0
17400,0
17401,-0.0625
17402,-0.0625
17403,-0.0625
17404,2.4375
17405,2.5625
17406,2.6875
17407,2.875
17408,3
17409,0
17410,0
17411,-0.0625
17412,7.9375
17413,-8
17414,0
17415,0
17416,0
17417,-0.0625
17418,-0.0625
17419,-0.0625
17420,4.75
17421,4.875
17422,5
17423,5.1875
17424,5.3125
17425,0
17426,0
17427,-0.0625
17428,7.9375
17429,-8
17430,0
17431,0
17432,0
17433,-0.0625
17434,-0.0625
17435,-0.0625
17436,7.0625
17437,7.1875
17438,7.3125
17439,7.5
17440,7.625
17441,0
17442,0
17443,-0.0625
17444,7.9375
17445,-8
17446,0
17447,0
17448,0
17449,-0.0625
17450,-0.0625
17451,-0.0625
17452,-6.625
17453,-6.5
17454,-6.375
17455,-6.1875
17456,-6.0625
17457,0
17458,0
17459,-0.0625
17460,7.9375
17461,-8
17462,0
17463,0
17464,0
17465,-0.0625
17466,-0.0625
17467,-0.0625
17468,-4.3125
17469,-4.1875
17470,-4.0625
17471,-3.875
17472,-3.75
17473,0
17474,0
17475,-0.0625
17476,7.9375
17477,-8
17478,0
17479,0
17480,0
17481,-0.0625
17482,-0.0625
17483,-0.0625
17484,-2
17485,-1.875
17486,-1.75
17487,-1.5625
17488,-1.4375
17489,0
17490,0
17491,-0.0625
17492,7.9375
17493,-8
17494,0
17495,0
17496,0
17497,-0.0625
17498,-0.0625
17499,-0.0625
17500,0.3125
17501,0.4375
17502,0.5625
17503,0.75
17504,0.875
17505,0
17506,0
17507,-0.0625
17508,7.9375
17509,-8
17510,0
17511,0
17512,0
17513,-0.0625
17514,-0.0625
17515,-0.0625
17516,2.625
17517,2.75
17518,2.875
17519,3.0625
17520,3.1875
17521,0
17522,0
17523,-0.0625
17524,7.9375
17525,-8
17526,0
17527,0
17528,0
17529,-0.0625
17530,-0.0625
17531,-0.0625
17532,4.9375
17533,5.0625
17534,5.1875
17535,5.375
17536,5.5
17537,0
17538,0
17539,-0.0625
17540,7.9375
17541,-8
17542,0
17543,0
17544,0
17545,-0.0625
17546,-0.0625
17547,-0.0625
17548,7.25
17549,7.375
17550,7.5
17551,7.6875
17552,7.8125
17553,0
17554,0
17555,-0.0625
17556,7.9375
17557,-8
17558,0
17559,0
17560,0
17561,-0.0625
17562,-0.0625
17563,-0.0625
17564,-6.4375
17565,-6.3125
17566,-6.1875
17567,-6
17568,-5.875
17569,0
17570,0
17571,-0.0625
17572,7.9375
17573,-8
17574,0
17575,0
17576,0
17577,-0.0625
17578,-0.0625
17579,-0.0625
17580,-4.125
17581,-4
17582,-3.875
17583,-3.6875
17584,-3.5625
17585,0
17586,0
17587,-0.0625
17588,7.9375
17589,-8
17590,0
17591,0
17592,0
17593,-0.0625
17594,-0.0625
17595,-0.0625
17596,-1.8125
17597,-1.6875
17598,-1.5625
17599,-1.375
17600,-1.25
17601,0
17602,0
17603,-0.0625
17604,7.9375
17605,-8
17606,0
17607,0
17608,0
17609,-0.0625
17610,-0.0625
17611,-0.0625
17612,0.5
17613,0.625
17614,0.75
17615,0.9375
17616,1.0625
17617,0
17618,0
17619,-0.0625
17620,7.9375
17621,-8
17622,0
17623,0
17624,0
17625,-0.0625
17626,-0.0625
17627,-0.0625
17628,2.8125
17629,2.9375
17630,3.0625
17631,3.25
17632,3.375
17633,0
17634,0
17635,-0.0625
17636,7.9375
17637,-8
17638,0
17639,0
17640,0
17641,-0.0625
17642,-0.0625
17643,-0.0625
17644,5.125
17645,5.25
17646,5.375
17647,5.5625
17648,5.6875
17649,0
17650,0
17651,-0.0625
17652,7.9375
17653,-8
17654,0
17655,0
17656,0
17657,-0.0625
17658,-0.0625
17659,-0.0625
17660,7.4375
17661,7.5625
17662,7.6875
17663,7.875
17664,-8
17665,0
17666,0
17667,-0.0625
17668,7.9375
17669,-8
17670,0
17671,0
17672,0
17673,-0.0625
17674,-0.0625
17675,-0.0625
17676,-6.25
17677,-6.125
17678,-6
17679,-5.8125
17680,-5.6875
17681,0
17682,0
17683,-0.0625
17684,7.9375
17685,-8
17686,0
17687,0
17688,0
17689,-0.0625
17690,-0.0625
17691,-0.0625
17692,-3.9375
17693,-3.8125
17694,-3.6875
17695,-3.5
17696,-3.375
17697,0
17698,0
17699,-0.0625
17700,7.9375
17701,-8
17702,0
17703,0
17704,0
17705,-0.0625
17706,-0.0625
17707,-0.0625
17708,-1.625
17709,-1.5
17710,-1.375
17711,-1.1875
17712,-1.0625
17713,0
17714,0
17715,-0.0625
17716,7.9375
17717,-8
17718,0
17719,0
17720,0
17721,-0.0625
17722,-0.0625
17723,-0.0625
17724,0.6875
17725,0.8125
17726,0.9375
17727,1.125
17728,1.25
17729,0
17730,0
17731,-0.0625
17732,7.9375
17733,-8
17734,0
17735,0
17736,0
17737,-0.0625
17738,-0.0625
17739,-0.0625
17740,3
17741,3.125
17742,3.25
17743,3.4375
17744,3.5625
17745,0
17746,0
17747,-0.0625
17748,7.9375
17749,-8
17750,0
17751,0
17752,0
17753,-0.0625
17754,-0.0625
17755,-0.0625
17756,5.3125
17757,5.4375
17758,5.5625
17759,5.75
17760,5.875
17761,0
17762,0
17763,-0.0625
17764,7.9375
17765,-8
17766,0
17767,0
17768,0
17769,-0.0625
17770,-0.0625
17771,-0.0625
17772,7.625
17773,7.75
17774,7.875
17775,-7.9375
17776,-7.8125
17777,0
17778,0
17779,-0.0625
17780,7.9375
17781,-8
17782,0
17783,0
17784,0
17785,-0.0625
17786,-0.0625
17787,-0.0625
17788,-6.0625
17789,-5.9375
17790,-5.8125
17791,-5.625
17792,-5.5
17793,0
17794,0
17795,-0.0625
17796,7.9375
17797,-8
17798,0
17799,0
17800,0
17801,-0.0625
17802,-0.0625
17803,-0.0625
17804,-3.75
17805,-3.625
17806,-3.5
17807,-3.3125
17808,-3.1875
17809,0
17810,0
17811,-0.0625
17812,7.9375
17813,-8
17814,0
17815,0
17816,0
17817,-0.0625
17818,-0.0625
17819,-0.0625
17820,-1.4375
17821,-1.3125
17822,-1.1875
17823,-1
17824,-0.875
17825,0
17826,0
17827,-0.0625
17828,7.9375
17829,-8
17830,0
17831,0
17832,0
17833,-0.0625
17834,-0.0625
17835,-0.0625
17836,0.875
17837,1
17838,1.125
17839,1.3125
17840,1.4375
17841,0
17842,0
17843,-0.0625
17844,7.9375
17845,-8
17846,0
17847,0
17848,0
17849,-0.0625
17850,-0.0625
17851,-0.0625
17852,3.1875
17853,3.3125
17854,3.4375
17855,3.625
17856,3.75
17857,0
17858,0
17859,-0.0625
17860,7.9375
17861,-8
17862,0
17863,0
17864,0
17865,-0.0625
17866,-0.0625
17867,-0.0625
17868,5.5
17869,5.625
17870,5.75
17871,5.9375
17872,6.0625
17873,0
17874,0
17875,-0.0625
17876,7.9375
17877,-8
17878,0
17879,0
17880,0
17881,-0.0625
17882,-0.0625
17883,-0.0625
17884,7.8125
17885,7.9375
17886,-7.9375
17887,-7.75
17888,-7.625
17889,0
17890,0
17891,-0.0625
17892,7.9375
17893,-8
17894,0
17895,0
17896,0
17897,-0.0625
17898,-0.0625
17899,-0.0625
17900,-5.875
17901,-5.75
17902,-5.625
17903,-5.4375
17904,-5.3125
17905,0
17906,0
17907,-0.0625
17908,7.9375
17909,-8
17910,0
17911,0
17912,0
17913,-0.0625
17914,-0.0625
17915,-0.0625
17916,-3.5625
17917,-3.4375
17918,-3.3125
17919,-3.125
17920,-3
17921,0
17922,0
17923,-0.0625
17924,7.9375
17925,-8
17926,0
17927,0
17928,0
17929,-0.0625
17930,-0.0625
17931,-0.0625
17932,-1.25
17933,-1.125
17934,-1
17935,-0.8125
17936,-0.6875
17937,0
17938,0
17939,-0.0625
17940,7.9375
17941,-8
17942,0
17943,0
17944,0
17945,-0.0625
17946,-0.0625
17947,-0.0625
17948,1.0625
17949,1.1875
17950,1.3125
17951,1.5
17952,1.625
17953,0
17954,0
17955,-0.0625
17956,7.9375
17957,-8
17958,0
17959,0
17960,0
17961,-0.0625
17962,-0.0625
17963,-0.0625
17964,3.375
17965,3.5
17966,3.625
17967,3.8125
17968,3.9375
17969,0
17970,0
17971,-0.0625
17972,7.9375
17973,-8
17974,0
17975,0
17976,0
17977,-0.0625
17978,-0.0625
17979,-0.0625
17980,5.6875
17981,5.8125
17982,5.9375
17983,6.125
17984,6.25
17985,0
17986,0
17987,-0.0625
17988,7.9375
17989,-8
17990,0
17991,0
17992,0
17993,-0.0625
17994,-0.0625
17995,-0.0625
17996,-8
17997,-7.875
17998,-7.75
17999,-7.5625
18000,-7.4375
18001,0
18002,0
18003,-0.0625
18004,7.9375
18005,-8
18006,0
18007,0
18008,0
18009,-0.0625
18010,-0.0625
18011,-0.0625
18012,-5.6875
18013,-5.5625
18014,-5.4375
18015,-5.25
18016,-5.125
18017,0
18018,0
18019,-0.0625
18020,7.9375
18021,-8
18022,0
18023,0
18024,0
18025,-0.0625
18026,-0.0625
18027,-0.0625
18028,-3.375
18029,-3.25
18030,-3.125
18031,-2.9375
18032,-2.8125
18033,0
18034,0
18035,-0.0625
18036,7.9375
18037,-8
18038,0
18039,0
18040,0
18041,-0.0625
18042,-0.0625
18043,-0.0625
18044,-1.0625
18045,-0.9375
18046,-0.8125
18047,-0.625
18048,-0.5
18049,0
18050,0
18051,-0.0625
18052,7.9375
18053,-8
18054,0
18055,0
18056,0
18057,-0.0625
18058,-0.0625
18059,-0.0625
18060,1.25
18061,1.375
18062,1.5
18063,1.6875
18064,1.8125
18065,0
18066,0
18067,-0.0625
18068,7.9375
18069,-8
18070,0
18071,0
18072,0
18073,-0.0625
18074,-0.0625
18075,-0.0625
18076,3.5625
18077,3.6875
18078,3.8125
18079,4
18080,4.125
18081,0
18082,0
18083,-0.0625
18084,7.9375
18085,-8
18086,0
18087,0
18088,0
18089,-0.0625
18090,-0.0625
18091,-0.0625
18092,5.875
18093,6
18094,6.125
18095,6.3125
18096,6.4375
18097,0
18098,0
18099,-0.0625
18100,7.9375
18101,-8
18102,0
18103,0
18104,0
18105,-0.0625
18106,-0.0625
18107,-0.0625
18108,-7.8125
18109,-7.6875
18110,-7.5625
18111,-7.375
18112,-7.25
18113,0
18114,0
18115,-0.0625
18116,7.9375
18117,-8
18118,0
18119,0
18120,0
18121,-0.0625
18122,-0.0625
18123,-0.0625
18124,-5.5
18125,-5.375
18126,-5.25
18127,-5.0625
18128,-4.9375
18129,0
18130,0
18131,-0.0625
18132,7.9375
18133,-8
18134,0
18135,0
18136,0
18137,-0.0625
18138,-0.0625
18139,-0.0625
18140,-3.1875
18141,-3.0625
18142,-2.9375
18143,-2.75
18144,-2.625
18145,0
18146,0
18147,-0.0625
18148,7.9375
18149,-8
18150,0
18151,0
18152,0
18153,-0.0625
18154,-0.0625
18155,-0.0625
18156,-0.875
18157,-0.75
18158,-0.625
18159,-0.4375
18160,-0.3125
18161,0
18162,0
18163,-0.0625
18164,7.9375
18165,-8
18166,0
18167,0
18168,0
18169,-0.0625
18170,-0.0625
18171,-0.0625
18172,1.4375
18173,1.5625
18174,1.6875
18175,1.875
18176,2
18177,0
18178,0
18179,-0.0625
18180,7.9375
18181,-8
18182,0
18183,0
18184,0
18185,-0.0625
18186,-0.0625
18187,-0.0625
18188,3.75
18189,3.875
18190,4
18191,4.1875
18192,4.3125
18193,0
18194,0
18195,-0.0625
18196,7.9375
18197,-8
18198,0
18199,0
18200,0
18201,-0.0625
18202,-0.0625
18203,-0.0625
18204,6.0625
18205,6.1875
18206,6.3125
18207,6.5
18208,6.625
18209,0
18210,0
18211,-0.0625
18212,7.9375
18213,-8
18214,0
18215,0
18216,0
18217,-0.0625
18218,-0.0625
18219,-0.0625
18220,-7.625
18221,-7.5
18222,-7.375
18223,-7.1875
18224,-7.0625
18225,0
18226,0
18227,-0.0625
18228,7.9375
18229,-8
18230,0
18231,0
18232,0
18233,-0.0625
18234,-0.0625
18235,-0.0625
18236,-5.3125
18237,-5.1875
18238,-5.0625
18239,-4.875
18240,-4.75
18241,0
18242,0
18243,-0.0625
18244,7.9375
18245,-8
18246,0
18247,0
18248,0
18249,-0.0625
18250,-0.0625
18251,-0.0625
18252,-3
18253,-2.875
18254,-2.75
18255,-2.5625
18256,-2.4375
18257,0
18258,0
18259,-0.0625
18260,7.9375
18261,-8
18262,0
18263,0
18264,0
18265,-0.0625
18266,-0.0625
18267,-0.0625
18268,-0.6875
18269,-0.5625
18270,-0.4375
18271,-0.25
18272,-0.125
18273,0
18274,0
18275,-0.0625
18276,7.9375
18277,-8
18278,0
18279,0
18280,0
18281,-0.0625
18282,-0.0625
18283,-0.0625
18284,1.625
18285,1.75
18286,1.875
18287,2.0625
18288,2.1875
18289,0
18290,0
18291,-0.0625
18292,7.9375
18293,-8
18294,0
18295,0
18296,0
18297,-0.0625
18298,-0.0625
18299,-0.0625
18300,3.9375
18301,4.0625
18302,4.1875
18303,4.375
18304,4.5
18305,0
18306,0
18307,-0.0625
18308,7.9375
18309,-8
18310,0
18311,0
18312,0
18313,-0.0625
18314,-0.0625
18315,-0.0625
18316,6.25
18317,6.375
18318,6.5
18319,6.6875
18320,6.8125
18321,0
18322,0
18323,-0.0625
18324,7.9375
18325,-8
18326,0
18327,0
18328,0
18329,-0.0625
18330,-0.0625
18331,-0.0625
18332,-7.4375
18333,-7.3125
18334,-7.1875
18335,-7
18336,-6.875
18337,0
18338,0
18339,-0.0625
18340,7.9375
18341,-8
18342,0
18343,0
18344,0
18345,-0.0625
18346,-0.0625
18347,-0.0625
18348,-5.125
18349,-5
18350,-4.875
18351,-4.6875
18352,-4.5625
18353,0
18354,0
18355,-0.0625
18356,7.9375
18357,-8
18358,0
18359,0
18360,0
18361,-0.0625
18362,-0.0625
18363,-0.0625
18364,-2.8125
18365,-2.6875
18366,-2.5625
18367,-2.375
18368,-2.25
18369,0
18370,0
18371,-0.0625
18372,7.9375
18373,-8
18374,0
18375,0
18376,0
18377,-0.0625
18378,-0.0625
18379,-0.0625
18380,-0.5
18381,-0.375
18382,-0.25
18383,-0.0625
18384,0.0625
18385,0
18386,0
18387,-0.0625
18388,7.9375
18389,-8
18390,0
18391,0
18392,0
18393,-0.0625
18394,-0.0625
18395,-0.0625
18396,1.8125
18397,1.9375
18398,2.0625
18399,2.25
18400,2.375
18401,0
18402,0
18403,-0.0625
18404,7.9375
18405,-8
18406,0
18407,0
18408,0
18409,-0.0625
18410,-0.0625
18411,-0.0625
18412,4.125
18413,4.25
18414,4.375
18415,4.5625
18416,4.6875
18417,0
18418,0
18419,-0.0625
18420,7.9375
18421,-8
18422,0
18423,0
18424,0
18425,-0.0625
18426,-0.0625
18427,-0.0625
18428,6.4375
18429,6.5625
18430,6.6875
18431,6.875
18432,7
18433,0
18434,0
18435,-0.0625
18436,7.9375
18437,-8
18438,0
18439,0
18440,0
18441,-0.0625
18442,-0.0625
18443,-0.0625
18444,-7.25
18445,-7.125
18446,-7
18447,-6.8125
18448,-6.6875
18449,0
18450,0
18451,-0.0625
18452,7.9375
18453,-8
18454,0
18455,0
18456,0
18457,-0.0625
18458,-0.0625
18459,-0.0625
18460,-4.9375
18461,-4.8125
18462,-4.6875
18463,-4.5
18464,-4.375
18465,0
18466,0
18467,-0.0625
18468,7.9375
18469,-8
18470,0
18471,0
18472,0
18473,-0.0625
18474,-0.0625
18475,-0.0625
18476,-2.625
18477,-2.5
18478,-2.375
18479,-2.1875
18480,-2.0625
18481,0
18482,0
18483,-0.0625
18484,7.9375
18485,-8
18486,0
18487,0
18488,0
18489,-0.0625
18490,-0.0625
18491,-0.0625
18492,-0.3125
18493,-0.1875
18494,-0.0625
18495,0.125
18496,0.25
18497,0
18498,0
18499,-0.0625
18500,7.9375
18501,-8
18502,0
18503,0
18504,0
18505,-0.0625
18506,-0.0625
18507,-0.0625
18508,2
18509,2.125
18510,2.25
18511,2.4375
18512,2.5625
18513,0
18514,0
18515,-0.0625
18516,7.9375
18517,-8
18518,0
18519,0
18520,0
18521,-0.0625
18522,-0.0625
18523,-0.0625
18524,4.3125
18525,4.4375
18526,4.5625
18527,4.75
18528,4.875
18529,0
18530,0
18531,-0.0625
18532,7.9375
18533,-8
18534,0
18535,0
18536,0
18537,-0.0625
18538,-0.0625
18539,-0.0625
18540,6.625
18541,6.75
18542,6.875
18543,7.0625
18544,7.1875
18545,0
18546,0
18547,-0.0625
18548,7.9375
18549,-8
18550,0
18551,0
18552,0
18553,-0.0625
18554,-0.0625
18555,-0.0625
18556,-7.0625
18557,-6.9375
18558,-6.8125
18559,-6.625
18560,-6.5
18561,0
18562,0
18563,-0.0625
18564,7.9375
18565,-8
18566,0
18567,0
18568,0
18569,-0.0625
18570,-0.0625
18571,-0.0625
18572,-4.75
18573,-4.625
18574,-4.5
18575,-4.3125
18576,-4.1875
18577,0
18578,0
18579,-0.0625
18580,7.9375
18581,-8
18582,0
18583,0
18584,0
18585,-0.0625
18586,-0.0625
18587,-0.0625
18588,-2.4375
18589,-2.3125
18590,-2.1875
18591,-2
18592,-1.875
18593,0
18594,0
18595,-0.0625
18596,7.9375
18597,-8
18598,0
18599,0
18600,0
18601,-0.0625
18602,-0.0625
18603,-0.0625
18604,-0.125
18605,0
18606,0.125
18607,0.3125
18608,0.4375
18609,0
18610,0
18611,-0.0625
18612,7.9375
18613,-8
18614,0
18615,0
18616,0
18617,-0.0625
18618,-0.0625
18619,-0.0625
18620,2.1875
18621,2.3125
18622,2.4375
18623,2.625
18624,2.75
18625,0
18626,0
18627,-0.0625
18628,7.9375
18629,-8
18630,0
18631,0
18632,0
18633,-0.0625
18634,-0.0625
18635,-0.0625
18636,4.5
18637,4.625
18638,4.75
18639,4.9375
18640,5.0625
18641,0
18642,0
18643,-0.0625
18644,7.9375
18645,-8
18646,0
18647,0
18648,0
18649,-0.0625
18650,-0.0625
18651,-0.0625
18652,6.8125
18653,6.9375
18654,7.0625
18655,7.25
18656,7.375
18657,0
18658,0
18659,-0.0625
18660,7.9375
18661,-8
18662,0
18663,0
18664,0
18665,-0.0625
18666,-0.0625
18667,-0.0625
18668,-6.875
18669,-6.75
18670,-6.625
18671,-6.4375
18672,-6.3125
18673,0
18674,0
18675,-0.0625
18676,7.9375
18677,-8
18678,0
18679,0
18680,0
18681,-0.0625
18682,-0.0625
18683,-0.0625
18684,-4.5625
18685,-4.4375
18686,-4.3125
18687,-4.125
18688,-4
18689,0
18690,0
18691,-0.0625
18692,7.9375
18693,-8
18694,0
18695,0
18696,0
18697,-0.0625
18698,-0.0625
18699,-0.0625
18700,-2.25
18701,-2.125
18702,-2
18703,-1.8125
18704,-1.6875
18705,0
18706,0
18707,-0.0625
18708,7.9375
18709,-8
18710,0
18711,0
18712,0
18713,-0.0625
18714,-0.0625
18715,-0.0625
18716,0.0625
18717,0.1875
18718,0.3125
18719,0.5
18720,0.625
18721,0
18722,0
18723,-0.0625
18724,7.9375
18725,-8
18726,0
18727,0
18728,0
18729,-0.0625
18730,-0.0625
18731,-0.0625
18732,2.375
18733,2.5
18734,2.625
18735,2.8125
18736,2.9375
18737,0
18738,0
18739,-0.0625
18740,7.9375
18741,-8
18742,0
18743,0
18744,0
18745,-0.0625
18746,-0.0625
18747,-0.0625
18748,4.6875
18749,4.8125
18750,4.9375
18751,5.125
18752,5.25
18753,0
18754,0
18755,-0.0625
18756,7.9375
18757,-8
18758,0
18759,0
18760,0
18761,-0.0625
18762,-0.0625
18763,-0.0625
18764,7
18765,7.125
18766,7.25
18767,7.4375
18768,7.5625
18769,0
18770,0
18771,-0.0625
18772,7.9375
18773,-8
18774,0
18775,0
18776,0
18777,-0.0625
18778,-0.0625
18779,-0.0625
18780,-6.6875
18781,-6.5625
18782,-6.4375
18783,-6.25
18784,-6.125
18785,0
18786,0
18787,-0.0625
18788,7.9375
18789,-8
18790,0
18791,0
18792,0
18793,-0.0625
18794,-0.0625
18795,-0.0625
18796,-4.375
18797,-4.25
18798,-4.125
18799,-3.9375
18800,-3.8125
18801,0
18802,0
18803,-0.0625
18804,7.9375
18805,-8
18806,0
18807,0
18808,0
18809,-0.0625
18810,-0.0625
18811,-0.0625
18812,-2.0625
18813,-1.9375
18814,-1.8125
18815,-1.625
18816,-1.5
18817,0
18818,0
18819,-0.0625
18820,7.9375
18821,-8
18822,0
18823,0
18824,0
18825,-0.0625
18826,-0.0625
18827,-0.0625
18828,0.25
18829,0.375
18830,0.5
18831,0.6875
18832,0.8125
18833,0
18834,0
18835,-0.0625
18836,7.9375
18837,-8
18838,0
18839,0
18840,0
18841,-0.0625
18842,-0.0625
18843,-0.0625
18844,2.5625
18845,2.6875
18846,2.8125
18847,3
18848,3.125
18849,0
18850,0
18851,-0.0625
18852,7.9375
18853,-8
18854,0
18855,0
18856,0
18857,-0.0625
18858,-0.0625
18859,-0.0625
18860,4.875
18861,5
18862,5.125
18863,5.3125
18864,5.4375
18865,0
18866,0
18867,-0.0625
18868,7.9375
18869,-8
18870,0
18871,0
18872,0
18873,-0.0625
18874,-0.0625
18875,-0.0625
18876,7.1875
18877,7.3125
18878,7.4375
18879,7.625
18880,7.75
18881,0
18882,0
18883,-0.0625
18884,7.9375
18885,-8
18886,0
18887,0
18888,0
18889,-0.0625
18890,-0.0625
18891,-0.0625
18892,-6.5
18893,-6.375
18894,-6.25
18895,-6.0625
18896,-5.9375
18897,0
18898,0
18899,-0.0625
18900,7.9375
18901,-8
18902,0
18903,0
18904,0
18905,-0.0625
18906,-0.0625
18907,-0.0625
18908,-4.1875
18909,-4.0625
18910,-3.9375
18911,-3.75
18912,-3.625
18913,0
18914,0
18915,-0.0625
18916,7.9375
18917,-8
18918,0
18919,0
18920,0
18921,-0.0625
18922,-0.0625
18923,-0.0625
18924,-1.875
18925,-1.75
18926,-1.625
18927,-1.4375
18928,-1.3125
18929,0
18930,0
18931,-0.0625
18932,7.9375
18933,-8
18934,0
18935,0
18936,0
18937,-0.0625
18938,-0.0625
18939,-0.0625
18940,0.4375
18941,0.5625
18942,0.6875
18943,0.875
18944,1
18945,0
18946,0
18947,-0.0625
18948,7.9375
18949,-8
18950,0
18951,0
18952,0
18953,-0.0625
18954,-0.0625
18955,-0.0625
18956,2.75
18957,2.875
18958,3
18959,3.1875
18960,3.3125
18961,0
18962,0
18963,-0.0625
18964,7.9375
18965,-8
18966,0
18967,0
18968,0
18969,-0.0625
18970,-0.0625
18971,-0.0625
18972,5.0625
18973,5.1875
18974,5.3125
18975,5.5
18976,5.625
18977,0
18978,0
18979,-0.0625
18980,7.9375
18981,-8
18982,0
18983,0
18984,0
18985,-0.0625
18986,-0.0625
18987,-0.0625
18988,7.375
18989,7.5
18990,7.625
18991,7.8125
18992,7.9375
18993,0
18994,0
18995,-0.0625
18996,7.9375
18997,-8
18998,0
18999,0
19000,0
19001,-0.0625
19002,-0.0625
19003,-0.0625
19004,-6.3125
19005,-6.1875
19006,-6.0625
19007,-5.875
19008,-5.75
19009,0
19010,0
19011,-0.0625
19012,7.9375
19013,-8
19014,0
19015,0
19016,0
19017,-0.0625
19018,-0.0625
19019,-0.0625
19020,-4
19021,-3.875
19022,-3.75
19023,-3.5625
19024,-3.4375
19025,0
19026,0
19027,-0.0625
19028,7.9375
19029,-8
19030,0
19031,0
19032,0
19033,-0.0625
19034,-0.0625
19035,-0.0625
19036,-1.6875
19037,-1.5625
19038,-1.4375
19039,-1.25
19040,-1.125
19041,0
19042,0
19043,-0.0625
19044,7.9375
19045,-8
19046,0
19047,0
19048,0
19049,-0.0625
19050,-0.0625
19051,-0.0625
19052,0.625
19053,0.75
19054,0.875
19055,1.0625
19056,1.1875
19057,0
19058,0
19059,-0.0625
19060,7.9375
19061,-8
19062,0
19063,0
19064,0
19065,-0.0625
19066,-0.0625
19067,-0.0625
19068,2.9375
19069,3.0625
19070,3.1875
19071,3.375
19072,3.5
19073,0
19074,0
19075,-0.0625
19076,7.9375
19077,-8
19078,0
19079,0
19080,0
19081,-0.0625
19082,-0.0625
19083,-0.0625
19084,5.25
19085,5.375
19086,5.5
19087,5.6875
19088,5.8125
19089,0
19090,0
19091,-0.0625
19092,7.9375
19093,-8
19094,0
19095,0
19096,0
19097,-0.0625
19098,-0.0625
19099,-0.0625
19100,7.5625
19101,7.6875
19102,7.8125
19103,-8
19104,-7.875
19105,0
19106,0
19107,-0.0625
19108,7.9375
19109,-8
19110,0
19111,0
19112,0
19113,-0.0625
19114,-0.0625
19115,-0.0625
19116,-6.125
19117,-6
19118,-5.875
19119,-5.6875
19120,-5.5625
19121,0
19122,0
19123,-0.0625
19124,7.9375
19125,-8
19126,0
19127,0
19128,0
19129,-0.0625
19130,-0.0625
19131,-0.0625
19132,-3.8125
19133,-3.6875
19134,-3.5625
19135,-3.375
19136,-3.25
19137,0
19138,0
19139,-0.0625
19140,7.9375
19141,-8
19142,0
19143,0
19144,0
19145,-0.0625
19146,-0.0625
19147,-0.0625
19148,-1.5
19149,-1.375
19150,-1.25
19151,-1.0625
19152,-0.9375
19153,0
19154,0
19155,-0.0625
19156,7.9375
19157,-8
19158,0
19159,0
19160,0
19161,-0.0625
19162,-0.0625
19163,-0.0625
19164,0.8125
19165,0.9375
19166,1.0625
19167,1.25
19168,1.375
19169,0
19170,0
19171,-0.0625
19172,7.9375
19173,-8
19174,0
19175,0
19176,0
19177,-0.0625
19178,-0.0625
19179,-0.0625
19180,3.125
19181,3.25
19182,3.375
19183,3.5625
19184,3.6875
19185,0
19186,0
19187,-0.0625
19188,7.9375
19189,-8
19190,0
19191,0
19192,0
19193,-0.0625
19194,-0.0625
19195,-0.0625
19196,5.4375
19197,5.5625
19198,5.6875
19199,5.875
19200,6
19201,0
19202,0
19203,-0.0625
19204,7.9375
19205,-8
19206,0
19207,0
19208,0
19209,-0.0625
19210,-0.0625
19211,-0.0625
19212,7.75
19213,7.875
19214,-8
19215,-7.8125
19216,-7.6875
19217,0
19218,0
19219,-0.0625
19220,7.9375
19221,-8
19222,0
19223,0
19224,0
19225,-0.0625
19226,-0.0625
19227,-0.0625
19228,-5.9375
19229,-5.8125
19230,-5.6875
19231,-5.5
19232,-5.375
19233,0
19234,0
19235,-0.0625
19236,7.9375
19237,-8
19238,0
19239,0
19240,0
19241,-0.0625
19242,-0.0625
19243,-0.0625
19244,-3.625
19245,-3.5
19246,-3.375
19247,-3.1875
19248,-3.0625
19249,0
19250,0
19251,-0.0625
19252,7.9375
19253,-8
19254,0
19255,0
19256,0
19257,-0.0625
19258,-0.0625
19259,-0.0625
19260,-1.3125
19261,-1.1875
19262,-1.0625
19263,-0.875
19264,-0.75
19265,0
19266,0
19267,-0.0625
19268,7.9375
19269,-8
19270,0
19271,0
19272,0
19273,-0.0625
19274,-0.0625
19275,-0.0625
19276,1
19277,1.125
19278,1.25
19279,1.4375
19280,1.5625
19281,0
19282,0
19283,-0.0625
19284,7.9375
19285,-8
19286,0
19287,0
19288,0
19289,-0.0625
19290,-0.0625
19291,-0.0625
19292,3.3125
19293,3.4375
19294,3.5625
19295,3.75
19296,3.875
19297,0
19298,0
19299,-0.0625
19300,7.9375
19301,-8
19302,0
19303,0
19304,0
19305,-0.0625
19306,-0.0625
19307,-0.0625
19308,5.625
19309,5.75
19310,5.875
19311,6.0625
19312,6.1875
19313,0
19314,0
19315,-0.0625
19316,7.9375
19317,-8
19318,0
19319,0
19320,0
19321,-0.0625
19322,-0.0625
19323,-0.0625
19324,7.9375
19325,-7.9375
19326,-7.8125
19327,-7.625
19328,-7.5
19329,0
19330,0
19331,-0.0625
19332,7.9375
19333,-8
19334,0
19335,0
19336,0
19337,-0.0625
19338,-0.0625
19339,-0.0625
19340,-5.75
19341,-5.625
19342,-5.5
19343,-5.3125
19344,-5.1875
19345,0
19346,0
19347,-0.0625
19348,7.9375
19349,-8
19350,0
19351,0
19352,0
19353,-0.0625
19354,-0.0625
19355,-0.0625
19356,-3.4375
19357,-3.3125
19358,-3.1875
19359,-3
19360,-2.875
19361,0
19362,0
19363,-0.0625
19364,7.9375
19365,-8
19366,0
19367,0
19368,0
19369,-0.0625
19370,-0.0625
19371,-0.0625
19372,-1.125
19373,-1
19374,-0.875
19375,-0.6875
19376,-0.5625
19377,0
19378,0
19379,-0.0625
19380,7.9375
19381,-8
19382,0
19383,0
19384,0
19385,-0.0625
19386,-0.0625
19387,-0.0625
19388,1.1875
19389,1.3125
19390,1.4375
19391,1.625
19392,1.75
19393,0
19394,0
19395,-0.0625
19396,7.9375
19397,-8
19398,0
19399,0
19400,0
19401,-0.0625
19402,-0.0625
19403,-0.0625
19404,3.5
19405,3.625
19406,3.75
19407,3.9375
19408,4.0625
19409,0
19410,0
19411,-0.0625
19412,7.9375
19413,-8
19414,0
19415,0
19416,0
19417,-0.0625
19418,-0.0625
19419,-0.0625
19420,5.8125
19421,5.9375
19422,6.0625
19423,6.25
19424,6.375
19425,0
19426,0
19427,-0.0625
19428,7.9375
19429,-8
19430,0
19431,0
19432,0
19433,-0.0625
19434,-0.0625
19435,-0.0625
19436,-7.875
19437,-7.75
19438,-7.625
19439,-7.4375
19440,-7.3125
19441,0
19442,0
19443,-0.0625
19444,7.9375
19445,-8
19446,0
19447,0
19448,0
19449,-0.0625
19450,-0.0625
19451,-0.0625
19452,-5.5625
19453,-5.4375
19454,-5.3125
19455,-5.125
19456,-5
19457,0
19458,0
19459,-0.0625
19460,7.9375
19461,-8
19462,0
19463,0
19464,0
19465,-0.0625
19466,-0.0625
19467,-0.0625
19468,-3.25
19469,-3.125
19470,-3
19471,-2.8125
19472,-2.6875
19473,0
19474,0
19475,-0.0625
19476,7.9375
19477,-8
19478,0
19479,0
19480,0
19481,-0.0625
19482,-0.0625
19483,-0.0625
19484,-0.9375
19485,-0.8125
19486,-0.6875
19487,-0.5
19488,-0.375
19489,0
19490,0
19491,-0.0625
19492,7.9375
19493,-8
19494,0
19495,0
19496,0
19497,-0.0625
19498,-0.0625
19499,-0.0625
19500,1.375
19501,1.5
19502,1.625
19503,1.8125
19504,1.9375
19505,0
19506,0
19507,-0.0625
19508,7.9375
19509,-8
19510,0
19511,0
19512,0
19513,-0.0625
19514,-0.0625
19515,-0.0625
19516,3.6875
19517,3.8125
19518,3.9375
19519,4.125
19520,4.25
19521,0
19522,0
19523,-0.0625
19524,7.9375
19525,-8
19526,0
19527,0
19528,0
19529,-0.0625
19530,-0.0625
19531,-0.0625
19532,6
19533,6.125
19534,6.25
19535,6.4375
19536,6.5625
19537,0
19538,0
19539,-0.0625
19540,7.9375
19541,-8
19542,0
19543,0
19544,0
19545,-0.0625
19546,-0.0625
19547,-0.0625
19548,-7.6875
19549,-7.5625
19550,-7.4375
19551,-7.25
19552,-7.125
19553,0
19554,0
19555,-0.0625
19556,7.9375
19557,-8
19558,0
19559,0
19560,0
19561,-0.0625
19562,-0.0625
19563,-0.0625
19564,-5.375
19565,-5.25
19566,-5.125
19567,-4.9375
19568,-4.8125
19569,0
19570,0
19571,-0.0625
19572,7.9375
19573,-8
19574,0
19575,0
19576,0
19577,-0.0625
19578,-0.0625
19579,-0.0625
19580,-3.0625
19581,-2.9375
19582,-2.8125
19583,-2.625
19584,-2.5
19585,0
19586,0
19587,-0.0625
19588,7.9375
19589,-8
19590,0
19591,0
19592,0
19593,-0.0625
19594,-0.0625
19595,-0.0625
19596,-0.75
19597,-0.625
19598,-0.5
19599,-0.3125
19600,-0.1875
19601,0
19602,0
19603,-0.0625
19604,7.9375
19605,-8
19606,0
19607,0
19608,0
19609,-0.0625
19610,-0.0625
19611,-0.0625
19612,1.5625
19613,1.6875
19614,1.8125
19615,2
19616,2.125
19617,0
19618,0
19619,-0.0625
19620,7.9375
19621,-8
19622,0
19623,0
19624,0
19625,-0.0625
19626,-0.0625
19627,-0.0625
19628,3.875
19629,4
19630,4.125
19631,4.3125
19632,4.4375
19633,0
19634,0
19635,-0.0625
19636,7.9375
19637,-8
19638,0
19639,0
19640,0
19641,-0.0625
19642,-0.0625
19643,-0.0625
19644,6.1875
19645,6.3125
19646,6.4375
19647,6.625
19648,6.75
19649,0
19650,0
19651,-0.0625
19652,7.9375
19653,-8
19654,0
19655,0
19656,0
19657,-0.0625
19658,-0.0625
19659,-0.0625
19660,-7.5
19661,-7.375
19662,-7.25
19663,-7.0625
19664,-6.9375
19665,0
19666,0
19667,-0.0625
19668,7.9375
19669,-8
19670,0
19671,0
19672,0
19673,-0.0625
19674,-0.0625
19675,-0.0625
19676,-5.1875
19677,-5.0625
19678,-4.9375
19679,-4.75
19680,-4.625
19681,0
19682,0
19683,-0.0625
19684,7.9375
19685,-8
19686,0
19687,0
19688,0
19689,-0.0625
19690,-0.0625
19691,-0.0625
19692,-2.875
19693,-2.75
19694,-2.625
19695,-2.4375
19696,-2.3125
19697,0
19698,0
19699,-0.0625
19700,7.9375
19701,-8
19702,0
19703,0
19704,0
19705,-0.0625
19706,-0.0625
19707,-0.0625
19708,-0.5625
19709,-0.4375
19710,-0.3125
19711,-0.125
19712,0
19713,0
19714,0
19715,-0.0625
19716,7.9375
19717,-8
19718,0
19719,0
19720,0
19721,-0.0625
19722,-0.0625
19723,-0.0625
19724,1.75
19725,1.875
19726,2
19727,2.1875
19728,2.3125
19729,0
19730,0
19731,-0.0625
19732,7.9375
19733,-8
19734,0
19735,0
19736,0
19737,-0.0625
19738,-0.0625
19739,-0.0625
19740,4.0625
19741,4.1875
19742,4.3125
19743,4.5
19744,4.625
19745,0
19746,0
19747,-0.0625
19748,7.9375
19749,-8
19750,0
19751,0
19752,0
19753,-0.0625
19754,-0.0625
19755,-0.0625
19756,6.375
19757,6.5
19758,6.625
19759,6.8125
19760,6.9375
19761,0
19762,0
19763,-0.0625
19764,7.9375
19765,-8
19766,0
19767,0
19768,0
19769,-0.0625
19770,-0.0625
19771,-0.0625
19772,-7.3125
19773,-7.1875
19774,-7.0625
19775,-6.875
19776,-6.75
19777,0
19778,0
19779,-0.0625
19780,7.9375
19781,-8
19782,0
19783,0
19784,0
19785,-0.0625
19786,-0.0625
19787,-0.0625
19788,-5
19789,-4.875
19790,-4.75
19791,-4.5625
19792,-4.4375
19793,0
19794,0
19795,-0.0625
19796,7.9375
19797,-8
19798,0
19799,0
19800,0
19801,-0.0625
19802,-0.0625
19803,-0.0625
19804,-2.6875
19805,-2.5625
19806,-2.4375
19807,-2.25
19808,-2.125
19809,0
19810,0
19811,-0.0625
19812,7.9375
19813,-8
19814,0
19815,0
19816,0
19817,-0.0625
19818,-0.0625
19819,-0.0625
19820,-0.375
19821,-0.25
19822,-0.125
19823,0.0625
19824,0.1875
19825,0
19826,0
19827,-0.0625
19828,7.9375
19829,-8
19830,0
19831,0
19832,0
19833,-0.0625
19834,-0.0625
19835,-0.0625
19836,1.9375
19837,2.0625
19838,2.1875
19839,2.375
19840,2.5
19841,0
19842,0
19843,-0.0625
19844,7.9375
19845,-8
19846,0
19847,0
19848,0
19849,-0.0625
19850,-0.0625
19851,-0.0625
19852,4.25
19853,4.375
19854,4.5
19855,4.6875
19856,4.8125
19857,0
19858,0
19859,-0.0625
19860,7.9375
19861,-8
19862,0
19863,0
19864,0
19865,-0.0625
19866,-0.0625
19867,-0.0625
19868,6.5625
19869,6.6875
19870,6.8125
19871,7
19872,7.125
19873,0
19874,0
19875,-0.0625
19876,7.9375
19877,-8
19878,0
19879,0
19880,0
19881,-0.0625
19882,-0.0625
19883,-0.0625
19884,-7.125
19885,-7
19886,-6.875
19887,-6.6875
19888,-6.5625
19889,0
19890,0
19891,-0.0625
19892,7.9375
19893,-8
19894,0
19895,0
19896,0
19897,-0.0625
19898,-0.0625
19899,-0.0625
19900,-4.8125
19901,-4.6875
19902,-4.5625
19903,-4.375
19904,-4.25
19905,0
19906,0
19907,-0.0625
19908,7.9375
19909,-8
19910,0
19911,0
19912,0
19913,-0.0625
19914,-0.0625
19915,-0.0625
19916,-2.5
19917,-2.375
19918,-2.25
19919,-2.0625
19920,-1.9375
19921,0
19922,0
19923,-0.0625
19924,7.9375
19925,-8
19926,0
19927,0
19928,0
19929,-0.0625
19930,-0.0625
19931,-0.0625
19932,-0.1875
19933,-0.0625
19934,0.0625
19935,0.25
19936,0.375
19937,0
19938,0
19939,-0.0625
19940,7.9375
19941,-8
19942,0
19943,0
19944,0
19945,-0.0625
19946,-0.0625
19947,-0.0625
19948,2.125
19949,2.25
19950,2.375
19951,2.5625
19952,2.6875
19953,0
19954,0
19955,-0.0625
19956,7.9375
19957,-8
19958,0
19959,0
19960,0
19961,-0.0625
19962,-0.0625
19963,-0.0625
19964,4.4375
19965,4.5625
19966,4.6875
19967,4.875
19968,5
19969,0
19970,0
19971,-0.0625
19972,7.9375
19973,-8
19974,0
19975,0
19976,0
19977,-0.0625
19978,-0.0625
19979,-0.0625
19980,6.75
19981,6.875
19982,7
19983,7.1875
19984,7.3125
19985,0
19986,0
19987,-0.0625
19988,7.9375
19989,-8
19990,0
19991,0
19992,0
19993,-0.0625
19994,-0.0625
19995,-0.0625
19996,-6.9375
19997,-6.8125
19998,-6.6875
19999,-6.5
20000,-6.375
