cycle,o_word
1,0
2,0
3,0
4,7.9375
5,-8
6,0.0625
7,0
8,0.0625
9,0
10,-0.0625
11,0
12,0.75
13,0.9375
14,1.0625
15,1.1875
16,1.375
17,0
18,0
19,0
20,7.9375
21,-8
22,0.0625
23,0
24,0.0625
25,0
26,-0.0625
27,0
28,3.0625
29,3.25
30,3.375
31,3.5
32,3.6875
33,0
34,0
35,0
36,7.9375
37,-8
38,0.0625
39,0
40,0.0625
41,0
42,-0.0625
43,0
44,5.375
45,5.5625
46,5.6875
47,5.8125
48,6
49,0
50,0
51,0
52,7.9375
53,-8
54,0.0625
55,0
56,0.0625
57,0
58,-0.0625
59,0
60,7.6875
61,7.875
62,7.9375
63,-7.875
64,-7.6875
65,0
66,0
67,0
68,7.9375
69,-8
70,0.0625
71,0
72,0.0625
73,0
74,-0.0625
75,0
76,-6
77,-5.8125
78,-5.6875
79,-5.5625
80,-5.375
81,0
82,0
83,0
84,7.9375
85,-8
86,0.0625
87,0
88,0.0625
89,0
90,-0.0625
91,0
92,-3.6875
93,-3.5
94,-3.375
95,-3.25
96,-3.0625
97,0
98,0
99,0
100,7.9375
101,-8
102,0.0625
103,0
104,0.0625
105,0
106,-0.0625
107,0
108,-1.375
109,-1.1875
110,-1.0625
111,-0.9375
112,-0.75
113,0
114,0
115,0
116,7.9375
117,-8
118,0.0625
119,0
120,0.0625
121,0
122,-0.0625
123,0
124,0.9375
125,1.125
126,1.25
127,1.375
128,1.5625
129,0
130,0
131,0
132,7.9375
133,-8
134,0.0625
135,0
136,0.0625
137,0
138,-0.0625
139,0
140,3.25
141,3.4375
142,3.5625
143,3.6875
144,3.875
145,0
146,0
147,0
148,7.9375
149,-8
150,0.0625
151,0
152,0.0625
153,0
154,-0.0625
155,0
156,5.5625
157,5.75
158,5.875
159,6
160,6.1875
161,0
162,0
163,0
164,7.9375
165,-8
166,0.0625
167,0
168,0.0625
169,0
170,-0.0625
171,0
172,7.875
173,-7.9375
174,-7.8125
175,-7.6875
176,-7.5
177,0
178,0
179,0
180,7.9375
181,-8
182,0.0625
183,0
184,0.0625
185,0
186,-0.0625
187,0
188,-5.8125
189,-5.625
190,-5.5
191,-5.375
192,-5.1875
193,0
194,0
195,0
196,7.9375
197,-8
198,0.0625
199,0
200,0.0625
201,0
202,-0.0625
203,0
204,-3.5
205,-3.3125
206,-3.1875
207,-3.0625
208,-2.875
209,0
210,0
211,0
212,7.9375
213,-8
214,0.0625
215,0
216,0.0625
217,0
218,-0.0625
219,0
220,-1.1875
221,-1
222,-0.875
223,-0.75
224,-0.5625
225,0
226,0
227,0
228,7.9375
229,-8
230,0.0625
231,0
232,0.0625
233,0
234,-0.0625
235,0
236,1.125
237,1.3125
238,1.4375
239,1.5625
240,1.75
241,0
242,0
243,0
244,7.9375
245,-8
246,0.0625
247,0
248,0.0625
249,0
250,-0.0625
251,0
252,3.4375
253,3.625
254,3.75
255,3.875
256,4.0625
257,0
258,0
259,0
260,7.9375
261,-8
262,0.0625
263,0
264,0.0625
265,0
266,-0.0625
267,0
268,5.75
269,5.9375
270,6.0625
271,6.1875
272,6.375
273,0
274,0
275,0
276,7.9375
277,-8
278,0.0625
279,0
280,0.0625
281,0
282,-0.0625
283,0
284,-7.9375
285,-7.75
286,-7.625
287,-7.5
288,-7.3125
289,0
290,0
291,0
292,7.9375
293,-8
294,0.0625
295,0
296,0.0625
297,0
298,-0.0625
299,0
300,-5.625
301,-5.4375
302,-5.3125
303,-5.1875
304,-5
305,0
306,0
307,0
308,7.9375
309,-8
310,0.0625
311,0
312,0.0625
313,0
314,-0.0625
315,0
316,-3.3125
317,-3.125
318,-3
319,-2.875
320,-2.6875
321,0
322,0
323,0
324,7.9375
325,-8
326,0.0625
327,0
328,0.0625
329,0
330,-0.0625
331,0
332,-1
333,-0.8125
334,-0.6875
335,-0.5625
336,-0.375
337,0
338,0
339,0
340,7.9375
341,-8
342,0.0625
343,0
344,0.0625
345,0
346,-0.0625
347,0
348,1.3125
349,1.5
350,1.625
351,1.75
352,1.9375
353,0
354,0
355,0
356,7.9375
357,-8
358,0.0625
359,0
360,0.0625
361,0
362,-0.0625
363,0
364,3.625
365,3.8125
366,3.9375
367,4.0625
368,4.25
369,0
370,0
371,0
372,7.9375
373,-8
374,0.0625
375,0
376,0.0625
377,0
378,-0.0625
379,0
380,5.9375
381,6.125
382,6.25
383,6.375
384,6.5625
385,0
386,0
387,0
388,7.9375
389,-8
390,0.0625
391,0
392,0.0625
393,0
394,-0.0625
395,0
396,-7.75
397,-7.5625
398,-7.4375
399,-7.3125
400,-7.125
401,0
402,0
403,0
404,7.9375
405,-8
406,0.0625
407,0
408,0.0625
409,0
410,-0.0625
411,0
412,-5.4375
413,-5.25
414,-5.125
415,-5
416,-4.8125
417,0
418,0
419,0
420,7.9375
421,-8
422,0.0625
423,0
424,0.0625
425,0
426,-0.0625
427,0
428,-3.125
429,-2.9375
430,-2.8125
431,-2.6875
432,-2.5
433,0
434,0
435,0
436,7.9375
437,-8
438,0.0625
439,0
440,0.0625
441,0
442,-0.0625
443,0
444,-0.8125
445,-0.625
446,-0.5
447,-0.375
448,-0.1875
449,0
450,0
451,0
452,7.9375
453,-8
454,0.0625
455,0
456,0.0625
457,0
458,-0.0625
459,0
460,1.5
461,1.6875
462,1.8125
463,1.9375
464,2.125
465,0
466,0
467,0
468,7.9375
469,-8
470,0.0625
471,0
472,0.0625
473,0
474,-0.0625
475,0
476,3.8125
477,4
478,4.125
479,4.25
480,4.4375
481,0
482,0
483,0
484,7.9375
485,-8
486,0.0625
487,0
488,0.0625
489,0
490,-0.0625
491,0
492,6.125
493,6.3125
494,6.4375
495,6.5625
496,6.75
497,0
498,0
499,0
500,7.9375
501,-8
502,0.0625
503,0
504,0.0625
505,0
506,-0.0625
507,0
508,-7.5625
509,-7.375
510,-7.25
511,-7.125
512,-6.9375
513,0
514,0
515,0
516,7.9375
517,-8
518,0.0625
519,0
520,0.0625
521,0
522,-0.0625
523,0
524,-5.25
525,-5.0625
526,-4.9375
527,-4.8125
528,-4.625
529,0
530,0
531,0
532,7.9375
533,-8
534,0.0625
535,0
536,0.0625
537,0
538,-0.0625
539,0
540,-2.9375
541,-2.75
542,-2.625
543,-2.5
544,-2.3125
545,0
546,0
547,0
548,7.9375
549,-8
550,0.0625
551,0
552,0.0625
553,0
554,-0.0625
555,0
556,-0.625
557,-0.4375
558,-0.3125
559,-0.1875
560,0
561,0
562,0
563,0
564,7.9375
565,-8
566,0.0625
567,0
568,0.0625
569,0
570,-0.0625
571,0
572,1.6875
573,1.875
574,2
575,2.125
576,2.3125
577,0
578,0
579,0
580,7.9375
581,-8
582,0.0625
583,0
584,0.0625
585,0
586,-0.0625
587,0
588,4
589,4.1875
590,4.3125
591,4.4375
592,4.625
593,0
594,0
595,0
596,7.9375
597,-8
598,0.0625
599,0
600,0.0625
601,0
602,-0.0625
603,0
604,6.3125
605,6.5
606,6.625
607,6.75
608,6.9375
609,0
610,0
611,0
612,7.9375
613,-8
614,0.0625
615,0
616,0.0625
617,0
618,-0.0625
619,0
620,-7.375
621,-7.1875
622,-7.0625
623,-6.9375
624,-6.75
625,0
626,0
627,0
628,7.9375
629,-8
630,0.0625
631,0
632,0.0625
633,0
634,-0.0625
635,0
636,-5.0625
637,-4.875
638,-4.75
639,-4.625
640,-4.4375
641,0
642,0
643,0
644,7.9375
645,-8
646,0.0625
647,0
648,0.0625
649,0
650,-0.0625
651,0
652,-2.75
653,-2.5625
654,-2.4375
655,-2.3125
656,-2.125
657,0
658,0
659,0
660,7.9375
661,-8
662,0.0625
663,0
664,0.0625
665,0
666,-0.0625
667,0
668,-0.4375
669,-0.25
670,-0.125
671,0
672,0.1875
673,0
674,0
675,0
676,7.9375
677,-8
678,0.0625
679,0
680,0.0625
681,0
682,-0.0625
683,0
684,1.875
685,2.0625
686,2.1875
687,2.3125
688,2.5
689,0
690,0
691,0
692,7.9375
693,-8
694,0.0625
695,0
696,0.0625
697,0
698,-0.0625
699,0
700,4.1875
701,4.375
702,4.5
703,4.625
704,4.8125
705,0
706,0
707,0
708,7.9375
709,-8
710,0.0625
711,0
712,0.0625
713,0
714,-0.0625
715,0
716,6.5
717,6.6875
718,6.8125
719,6.9375
720,7.125
721,0
722,0
723,0
724,7.9375
725,-8
726,0.0625
727,0
728,0.0625
729,0
730,-0.0625
731,0
732,-7.1875
733,-7
734,-6.875
735,-6.75
736,-6.5625
737,0
738,0
739,0
740,7.9375
741,-8
742,0.0625
743,0
744,0.0625
745,0
746,-0.0625
747,0
748,-4.875
749,-4.6875
750,-4.5625
751,-4.4375
752,-4.25
753,0
754,0
755,0
756,7.9375
757,-8
758,0.0625
759,0
760,0.0625
761,0
762,-0.0625
763,0
764,-2.5625
765,-2.375
766,-2.25
767,-2.125
768,-1.9375
769,0
770,0
771,0
772,7.9375
773,-8
774,0.0625
775,0
776,0.0625
777,0
778,-0.0625
779,0
780,-0.25
781,-0.0625
782,0.0625
783,0.1875
784,0.375
785,0
786,0
787,0
788,7.9375
789,-8
790,0.0625
791,0
792,0.0625
793,0
794,-0.0625
795,0
796,2.0625
797,2.25
798,2.375
799,2.5
800,2.6875
801,0
802,0
803,0
804,7.9375
805,-8
806,0.0625
807,0
808,0.0625
809,0
810,-0.0625
811,0
812,4.375
813,4.5625
814,4.6875
815,4.8125
816,5
817,0
818,0
819,0
820,7.9375
821,-8
822,0.0625
823,0
824,0.0625
825,0
826,-0.0625
827,0
828,6.6875
829,6.875
830,7
831,7.125
832,7.3125
833,0
834,0
835,0
836,7.9375
837,-8
838,0.0625
839,0
840,0.0625
841,0
842,-0.0625
843,0
844,-7
845,-6.8125
846,-6.6875
847,-6.5625
848,-6.375
849,0
850,0
851,0
852,7.9375
853,-8
854,0.0625
855,0
856,0.0625
857,0
858,-0.0625
859,0
860,-4.6875
861,-4.5
862,-4.375
863,-4.25
864,-4.0625
865,0
866,0
867,0
868,7.9375
869,-8
870,0.0625
871,0
872,0.0625
873,0
874,-0.0625
875,0
876,-2.375
877,-2.1875
878,-2.0625
879,-1.9375
880,-1.75
881,0
882,0
883,0
884,7.9375
885,-8
886,0.0625
887,0
888,0.0625
889,0
890,-0.0625
891,0
892,-0.0625
893,0.125
894,0.25
895,0.375
896,0.5625
897,0
898,0
899,0
900,7.9375
901,-8
902,0.0625
903,0
904,0.0625
905,0
906,-0.0625
907,0
908,2.25
909,2.4375
910,2.5625
911,2.6875
912,2.875
913,0
914,0
915,0
916,7.9375
917,-8
918,0.0625
919,0
920,0.0625
921,0
922,-0.0625
923,0
924,4.5625
925,4.75
926,4.875
927,5
928,5.1875
929,0
930,0
931,0
932,7.9375
933,-8
934,0.0625
935,0
936,0.0625
937,0
938,-0.0625
939,0
940,6.875
941,7.0625
942,7.1875
943,7.3125
944,7.5
945,0
946,0
947,0
948,7.9375
949,-8
950,0.0625
951,0
952,0.0625
953,0
954,-0.0625
955,0
956,-6.8125
957,-6.625
958,-6.5
959,-6.375
960,-6.1875
961,0
962,0
963,0
964,7.9375
965,-8
966,0.0625
967,0
968,0.0625
969,0
970,-0.0625
971,0
972,-4.5
973,-4.3125
974,-4.1875
975,-4.0625
976,-3.875
977,0
978,0
979,0
980,7.9375
981,-8
982,0.0625
983,0
984,0.0625
985,0
986,-0.0625
987,0
988,-2.1875
989,-2
990,-1.875
991,-1.75
992,-1.5625
993,0
994,0
995,0
996,7.9375
997,-8
998,0.0625
999,0
1000,0.0625
1001,0
1002,-0.0625
1003,0
1004,0.125
1005,0.3125
1006,0.4375
1007,0.5625
1008,0.75
1009,0
1010,0
1011,0
1012,7.9375
1013,-8
1014,0.0625
1015,0
1016,0.0625
1017,0
1018,-0.0625
1019,0
1020,2.4375
1021,2.625
1022,2.75
1023,2.875
1024,3.0625
1025,0
1026,0
1027,0
1028,7.9375
1029,-8
1030,0.0625
1031,0
1032,0.0625
1033,0
1034,-0.0625
1035,0
1036,4.75
1037,4.9375
1038,5.0625
1039,5.1875
1040,5.375
1041,0
1042,0
1043,0
1044,7.9375
1045,-8
1046,0.0625
1047,0
1048,0.0625
1049,0
1050,-0.0625
1051,0
1052,7.0625
1053,7.25
1054,7.375
1055,7.5
1056,7.6875
1057,0
1058,0
1059,0
1060,7.9375
1061,-8
1062,0.0625
1063,0
1064,0.0625
1065,0
1066,-0.0625
1067,0
1068,-6.625
1069,-6.4375
1070,-6.3125
1071,-6.1875
1072,-6
1073,0
1074,0
1075,0
1076,7.9375
1077,-8
1078,0.0625
1079,0
1080,0.0625
1081,0
1082,-0.0625
1083,0
1084,-4.3125
1085,-4.125
1086,-4
1087,-3.875
1088,-3.6875
1089,0
1090,0
1091,0
1092,7.9375
1093,-8
1094,0.0625
1095,0
1096,0.0625
1097,0
1098,-0.0625
1099,0
1100,-2
1101,-1.8125
1102,-1.6875
1103,-1.5625
1104,-1.375
1105,0
1106,0
1107,0
1108,7.9375
1109,-8
1110,0.0625
1111,0
1112,0.0625
1113,0
1114,-0.0625
1115,0
1116,0.3125
1117,0.5
1118,0.625
1119,0.75
1120,0.9375
1121,0
1122,0
1123,0
1124,7.9375
1125,-8
1126,0.0625
1127,0
1128,0.0625
1129,0
1130,-0.0625
1131,0
1132,2.625
1133,2.8125
1134,2.9375
1135,3.0625
1136,3.25
1137,0
1138,0
1139,0
1140,7.9375
1141,-8
1142,0.0625
1143,0
1144,0.0625
1145,0
1146,-0.0625
1147,0
1148,4.9375
1149,5.125
1150,5.25
1151,5.375
1152,5.5625
1153,0
1154,0
1155,0
1156,7.9375
1157,-8
1158,0.0625
1159,0
1160,0.0625
1161,0
1162,-0.0625
1163,0
1164,7.25
1165,7.4375
1166,7.5625
1167,7.6875
1168,7.875
1169,0
1170,0
1171,0
1172,7.9375
1173,-8
1174,0.0625
1175,0
1176,0.0625
1177,0
1178,-0.0625
1179,0
1180,-6.4375
1181,-6.25
1182,-6.125
1183,-6
1184,-5.8125
1185,0
1186,0
1187,0
1188,7.9375
1189,-8
1190,0.0625
1191,0
1192,0.0625
1193,0
1194,-0.0625
1195,0
1196,-4.125
1197,-3.9375
1198,-3.8125
1199,-3.6875
1200,-3.5
1201,0
1202,0
1203,0
1204,7.9375
1205,-8
1206,0.0625
1207,0
1208,0.0625
1209,0
1210,-0.0625
1211,0
1212,-1.8125
1213,-1.625
1214,-1.5
1215,-1.375
1216,-1.1875
1217,0
1218,0
1219,0
1220,7.9375
1221,-8
1222,0.0625
1223,0
1224,0.0625
1225,0
1226,-0.0625
1227,0
1228,0.5
1229,0.6875
1230,0.8125
1231,0.9375
1232,1.125
1233,0
1234,0
1235,0
1236,7.9375
1237,-8
1238,0.0625
1239,0
1240,0.0625
1241,0
1242,-0.0625
1243,0
1244,2.8125
1245,3
1246,3.125
1247,3.25
1248,3.4375
1249,0
1250,0
1251,0
1252,7.9375
1253,-8
1254,0.0625
1255,0
1256,0.0625
1257,0
1258,-0.0625
1259,0
1260,5.125
1261,5.3125
1262,5.4375
1263,5.5625
1264,5.75
1265,0
1266,0
1267,0
1268,7.9375
1269,-8
1270,0.0625
1271,0
1272,0.0625
1273,0
1274,-0.0625
1275,0
1276,7.4375
1277,7.625
1278,7.75
1279,7.875
1280,-7.9375
1281,0
1282,0
1283,0
1284,7.9375
1285,-8
1286,0.0625
1287,0
1288,0.0625
1289,0
1290,-0.0625
1291,0
1292,-6.25
1293,-6.0625
1294,-5.9375
1295,-5.8125
1296,-5.625
1297,0
1298,0
1299,0
1300,7.9375
1301,-8
1302,0.0625
1303,0
1304,0.0625
1305,0
1306,-0.0625
1307,0
1308,-3.9375
1309,-3.75
1310,-3.625
1311,-3.5
1312,-3.3125
1313,0
1314,0
1315,0
1316,7.9375
1317,-8
1318,0.0625
1319,0
1320,0.0625
1321,0
1322,-0.0625
1323,0
1324,-1.625
1325,-1.4375
1326,-1.3125
1327,-1.1875
1328,-1
1329,0
1330,0
1331,0
1332,7.9375
1333,-8
1334,0.0625
1335,0
1336,0.0625
1337,0
1338,-0.0625
1339,0
1340,0.6875
1341,0.875
1342,1
1343,1.125
1344,1.3125
1345,0
1346,0
1347,0
1348,7.9375
1349,-8
1350,0.0625
1351,0
1352,0.0625
1353,0
1354,-0.0625
1355,0
1356,3
1357,3.1875
1358,3.3125
1359,3.4375
1360,3.625
1361,0
1362,0
1363,0
1364,7.9375
1365,-8
1366,0.0625
1367,0
1368,0.0625
1369,0
1370,-0.0625
1371,0
1372,5.3125
1373,5.5
1374,5.625
1375,5.75
1376,5.9375
1377,0
1378,0
1379,0
1380,7.9375
1381,-8
1382,0.0625
1383,0
1384,0.0625
1385,0
1386,-0.0625
1387,0
1388,7.625
1389,7.8125
1390,7.9375
1391,-7.9375
1392,-7.75
1393,0
1394,0
1395,0
1396,7.9375
1397,-8
1398,0.0625
1399,0
1400,0.0625
1401,0
1402,-0.0625
1403,0
1404,-6.0625
1405,-5.875
1406,-5.75
1407,-5.625
1408,-5.4375
1409,0
1410,0
1411,0
1412,7.9375
1413,-8
1414,0.0625
1415,0
1416,0.0625
1417,0
1418,-0.0625
1419,0
1420,-3.75
1421,-3.5625
1422,-3.4375
1423,-3.3125
1424,-3.125
1425,0
1426,0
1427,0
1428,7.9375
1429,-8
1430,0.0625
1431,0
1432,0.0625
1433,0
1434,-0.0625
1435,0
1436,-1.4375
1437,-1.25
1438,-1.125
1439,-1
1440,-0.8125
1441,0
1442,0
1443,0
1444,7.9375
1445,-8
1446,0.0625
1447,0
1448,0.0625
1449,0
1450,-0.0625
1451,0
1452,0.875
1453,1.0625
1454,1.1875
1455,1.3125
1456,1.5
1457,0
1458,0
1459,0
1460,7.9375
1461,-8
1462,0.0625
1463,0
1464,0.0625
1465,0
1466,-0.0625
1467,0
1468,3.1875
1469,3.375
1470,3.5
1471,3.625
1472,3.8125
1473,0
1474,0
1475,0
1476,7.9375
1477,-8
1478,0.0625
1479,0
1480,0.0625
1481,0
1482,-0.0625
1483,0
1484,5.5
1485,5.6875
1486,5.8125
1487,5.9375
1488,6.125
1489,0
1490,0
1491,0
1492,7.9375
1493,-8
1494,0.0625
1495,0
1496,0.0625
1497,0
1498,-0.0625
1499,0
1500,7.8125
1501,7.9375
1502,-7.875
1503,-7.75
1504,-7.5625
1505,0
1506,0
1507,0
1508,7.9375
1509,-8
1510,0.0625
1511,0
1512,0.0625
1513,0
1514,-0.0625
1515,0
1516,-5.875
1517,-5.6875
1518,-5.5625
1519,-5.4375
1520,-5.25
1521,0
1522,0
1523,0
1524,7.9375
1525,-8
1526,0.0625
1527,0
1528,0.0625
1529,0
1530,-0.0625
1531,0
1532,-3.5625
1533,-3.375
1534,-3.25
1535,-3.125
1536,-2.9375
1537,0
1538,0
1539,0
1540,7.9375
1541,-8
1542,0.0625
1543,0
1544,0.0625
1545,0
1546,-0.0625
1547,0
1548,-1.25
1549,-1.0625
1550,-0.9375
1551,-0.8125
1552,-0.625
1553,0
1554,0
1555,0
1556,7.9375
1557,-8
1558,0.0625
1559,0
1560,0.0625
1561,0
1562,-0.0625
1563,0
1564,1.0625
1565,1.25
1566,1.375
1567,1.5
1568,1.6875
1569,0
1570,0
1571,0
1572,7.9375
1573,-8
1574,0.0625
1575,0
1576,0.0625
1577,0
1578,-0.0625
1579,0
1580,3.375
1581,3.5625
1582,3.6875
1583,3.8125
1584,4
1585,0
1586,0
1587,0
1588,7.9375
1589,-8
1590,0.0625
1591,0
1592,0.0625
1593,0
1594,-0.0625
1595,0
1596,5.6875
1597,5.875
1598,6
1599,6.125
1600,6.3125
1601,0
1602,0
1603,0
1604,7.9375
1605,-8
1606,0.0625
1607,0
1608,0.0625
1609,0
1610,-0.0625
1611,0
1612,-8
1613,-7.8125
1614,-7.6875
1615,-7.5625
1616,-7.375
1617,0
1618,0
1619,0
1620,7.9375
1621,-8
1622,0.0625
1623,0
1624,0.0625
1625,0
1626,-0.0625
1627,0
1628,-5.6875
1629,-5.5
1630,-5.375
1631,-5.25
1632,-5.0625
1633,0
1634,0
1635,0
1636,7.9375
1637,-8
1638,0.0625
1639,0
1640,0.0625
1641,0
1642,-0.0625
1643,0
1644,-3.375
1645,-3.1875
1646,-3.0625
1647,-2.9375
1648,-2.75
1649,0
1650,0
1651,0
1652,7.9375
1653,-8
1654,0.0625
1655,0
1656,0.0625
1657,0
1658,-0.0625
1659,0
1660,-1.0625
1661,-0.875
1662,-0.75
1663,-0.625
1664,-0.4375
1665,0
1666,0
1667,0
1668,7.9375
1669,-8
1670,0.0625
1671,0
1672,0.0625
1673,0
1674,-0.0625
1675,0
1676,1.25
1677,1.4375
1678,1.5625
1679,1.6875
1680,1.875
1681,0
1682,0
1683,0
1684,7.9375
1685,-8
1686,0.0625
1687,0
1688,0.0625
1689,0
1690,-0.0625
1691,0
1692,3.5625
1693,3.75
1694,3.875
1695,4
1696,4.1875
1697,0
1698,0
1699,0
1700,7.9375
1701,-8
1702,0.0625
1703,0
1704,0.0625
1705,0
1706,-0.0625
1707,0
1708,5.875
1709,6.0625
1710,6.1875
1711,6.3125
1712,6.5
1713,0
1714,0
1715,0
1716,7.9375
1717,-8
1718,0.0625
1719,0
1720,0.0625
1721,0
1722,-0.0625
1723,0
1724,-7.8125
1725,-7.625
1726,-7.5
1727,-7.375
1728,-7.1875
1729,0
1730,0
1731,0
1732,7.9375
1733,-8
1734,0.0625
1735,0
1736,0.0625
1737,0
1738,-0.0625
1739,0
1740,-5.5
1741,-5.3125
1742,-5.1875
1743,-5.0625
1744,-4.875
1745,0
1746,0
1747,0
1748,7.9375
1749,-8
1750,0.0625
1751,0
1752,0.0625
1753,0
1754,-0.0625
1755,0
1756,-3.1875
1757,-3
1758,-2.875
1759,-2.75
1760,-2.5625
1761,0
1762,0
1763,0
1764,7.9375
1765,-8
1766,0.0625
1767,0
1768,0.0625
1769,0
1770,-0.0625
1771,0
1772,-0.875
1773,-0.6875
1774,-0.5625
1775,-0.4375
1776,-0.25
1777,0
1778,0
1779,0
1780,7.9375
1781,-8
1782,0.0625
1783,0
1784,0.0625
1785,0
1786,-0.0625
1787,0
1788,1.4375
1789,1.625
1790,1.75
1791,1.875
1792,2.0625
1793,0
1794,0
1795,0
1796,7.9375
1797,-8
1798,0.0625
1799,0
1800,0.0625
1801,0
1802,-0.0625
1803,0
1804,3.75
1805,3.9375
1806,4.0625
1807,4.1875
1808,4.375
1809,0
1810,0
1811,0
1812,7.9375
1813,-8
1814,0.0625
1815,0
1816,0.0625
1817,0
1818,-0.0625
1819,0
1820,6.0625
1821,6.25
1822,6.375
1823,6.5
1824,6.6875
1825,0
1826,0
1827,0
1828,7.9375
1829,-8
1830,0.0625
1831,0
1832,0.0625
1833,0
1834,-0.0625
1835,0
1836,-7.625
1837,-7.4375
1838,-7.3125
1839,-7.1875
1840,-7
1841,0
1842,0
1843,0
1844,7.9375
1845,-8
1846,0.0625
1847,0
1848,0.0625
1849,0
1850,-0.0625
1851,0
1852,-5.3125
1853,-5.125
1854,-5
1855,-4.875
1856,-4.6875
1857,0
1858,0
1859,0
1860,7.9375
1861,-8
1862,0.0625
1863,0
1864,0.0625
1865,0
1866,-0.0625
1867,0
1868,-3
1869,-2.8125
1870,-2.6875
1871,-2.5625
1872,-2.375
1873,0
1874,0
1875,0
1876,7.9375
1877,-8
1878,0.0625
1879,0
1880,0.0625
1881,0
1882,-0.0625
1883,0
1884,-0.6875
1885,-0.5
1886,-0.375
1887,-0.25
1888,-0.0625
1889,0
1890,0
1891,0
1892,7.9375
1893,-8
1894,0.0625
1895,0
1896,0.0625
1897,0
1898,-0.0625
1899,0
1900,1.625
1901,1.8125
1902,1.9375
1903,2.0625
1904,2.25
1905,0
1906,0
1907,0
1908,7.9375
1909,-8
1910,0.0625
1911,0
1912,0.0625
1913,0
1914,-0.0625
1915,0
1916,3.9375
1917,4.125
1918,4.25
1919,4.375
1920,4.5625
1921,0
1922,0
1923,0
1924,7.9375
1925,-8
1926,0.0625
1927,0
1928,0.0625
1929,0
1930,-0.0625
1931,0
1932,6.25
1933,6.4375
1934,6.5625
1935,6.6875
1936,6.875
1937,0
1938,0
1939,0
1940,7.9375
1941,-8
1942,0.0625
1943,0
1944,0.0625
1945,0
1946,-0.0625
1947,0
1948,-7.4375
1949,-7.25
1950,-7.125
1951,-7
1952,-6.8125
1953,0
1954,0
1955,0
1956,7.9375
1957,-8
1958,0.0625
1959,0
1960,0.0625
1961,0
1962,-0.0625
1963,0
1964,-5.125
1965,-4.9375
1966,-4.8125
1967,-4.6875
1968,-4.5
1969,0
1970,0
1971,0
1972,7.9375
1973,-8
1974,0.0625
1975,0
1976,0.0625
1977,0
1978,-0.0625
1979,0
1980,-2.8125
1981,-2.625
1982,-2.5
1983,-2.375
1984,-2.1875
1985,0
1986,0
1987,0
1988,7.9375
1989,-8
1990,0.0625
1991,0
1992,0.0625
1993,0
1994,-0.0625
1995,0
1996,-0.5
1997,-0.3125
1998,-0.1875
1999,-0.0625
2000,0.125
2001,0
2002,0
2003,0
2004,7.9375
2005,-8
2006,0.0625
2007,0
2008,0.0625
2009,0
2010,-0.0625
2011,0
2012,1.8125
2013,2
2014,2.125
2015,2.25
2016,2.4375
2017,0
2018,0
2019,0
2020,7.9375
2021,-8
2022,0.0625
2023,0
2024,0.0625
2025,0
2026,-0.0625
2027,0
2028,4.125
2029,4.3125
2030,4.4375
2031,4.5625
2032,4.75
2033,0
2034,0
2035,0
2036,7.9375
2037,-8
2038,0.0625
2039,0
2040,0.0625
2041,0
2042,-0.0625
2043,0
2044,6.4375
2045,6.625
2046,6.75
2047,6.875
2048,7.0625
2049,0
2050,0
2051,0
2052,7.9375
2053,-8
2054,0.0625
2055,0
2056,0.0625
2057,0
2058,-0.0625
2059,0
2060,-7.25
2061,-7.0625
2062,-6.9375
2063,-6.8125
2064,-6.625
2065,0
2066,0
2067,0
2068,7.9375
2069,-8
2070,0.0625
2071,0
2072,0.0625
2073,0
2074,-0.0625
2075,0
2076,-4.9375
2077,-4.75
2078,-4.625
2079,-4.5
2080,-4.3125
2081,0
2082,0
2083,0
2084,7.9375
2085,-8
2086,0.0625
2087,0
2088,0.0625
2089,0
2090,-0.0625
2091,0
2092,-2.625
2093,-2.4375
2094,-2.3125
2095,-2.1875
2096,-2
2097,0
2098,0
2099,0
2100,7.9375
2101,-8
2102,0.0625
2103,0
2104,0.0625
2105,0
2106,-0.0625
2107,0
2108,-0.3125
2109,-0.125
2110,0
2111,0.125
2112,0.3125
2113,0
2114,0
2115,0
2116,7.9375
2117,-8
2118,0.0625
2119,0
2120,0.0625
2121,0
2122,-0.0625
2123,0
2124,2
2125,2.1875
2126,2.3125
2127,2.4375
2128,2.625
2129,0
2130,0
2131,0
2132,7.9375
2133,-8
2134,0.0625
2135,0
2136,0.0625
2137,0
2138,-0.0625
2139,0
2140,4.3125
2141,4.5
2142,4.625
2143,4.75
2144,4.9375
2145,0
2146,0
2147,0
2148,7.9375
2149,-8
2150,0.0625
2151,0
2152,0.0625
2153,0
2154,-0.0625
2155,0
2156,6.625
2157,6.8125
2158,6.9375
2159,7.0625
2160,7.25
2161,0
2162,0
2163,0
2164,7.9375
2165,-8
2166,0.0625
2167,0
2168,0.0625
2169,0
2170,-0.0625
2171,0
2172,-7.0625
2173,-6.875
2174,-6.75
2175,-6.625
2176,-6.4375
2177,0
2178,0
2179,0
2180,7.9375
2181,-8
2182,0.0625
2183,0
2184,0.0625
2185,0
2186,-0.0625
2187,0
2188,-4.75
2189,-4.5625
2190,-4.4375
2191,-4.3125
2192,-4.125
2193,0
2194,0
2195,0
2196,7.9375
2197,-8
2198,0.0625
2199,0
2200,0.0625
2201,0
2202,-0.0625
2203,0
2204,-2.4375
2205,-2.25
2206,-2.125
2207,-2
2208,-1.8125
2209,0
2210,0
2211,0
2212,7.9375
2213,-8
2214,0.0625
2215,0
2216,0.0625
2217,0
2218,-0.0625
2219,0
2220,-0.125
2221,0.0625
2222,0.1875
2223,0.3125
2224,0.5
2225,0
2226,0
2227,0
2228,7.9375
2229,-8
2230,0.0625
2231,0
2232,0.0625
2233,0
2234,-0.0625
2235,0
2236,2.1875
2237,2.375
2238,2.5
2239,2.625
2240,2.8125
2241,0
2242,0
2243,0
2244,7.9375
2245,-8
2246,0.0625
2247,0
2248,0.0625
2249,0
2250,-0.0625
2251,0
2252,4.5
2253,4.6875
2254,4.8125
2255,4.9375
2256,5.125
2257,0
2258,0
2259,0
2260,7.9375
2261,-8
2262,0.0625
2263,0
2264,0.0625
2265,0
2266,-0.0625
2267,0
2268,6.8125
2269,7
2270,7.125
2271,7.25
2272,7.4375
2273,0
2274,0
2275,0
2276,7.9375
2277,-8
2278,0.0625
2279,0
2280,0.0625
2281,0
2282,-0.0625
2283,0
2284,-6.875
2285,-6.6875
2286,-6.5625
2287,-6.4375
2288,-6.25
2289,0
2290,0
2291,0
2292,7.9375
2293,-8
2294,0.0625
2295,0
2296,0.0625
2297,0
2298,-0.0625
2299,0
2300,-4.5625
2301,-4.375
2302,-4.25
2303,-4.125
2304,-3.9375
2305,0
2306,0
2307,0
2308,7.9375
2309,-8
2310,0.0625
2311,0
2312,0.0625
2313,0
2314,-0.0625
2315,0
2316,-2.25
2317,-2.0625
2318,-1.9375
2319,-1.8125
2320,-1.625
2321,0
2322,0
2323,0
2324,7.9375
2325,-8
2326,0.0625
2327,0
2328,0.0625
2329,0
2330,-0.0625
2331,0
2332,0.0625
2333,0.25
2334,0.375
2335,0.5
2336,0.6875
2337,0
2338,0
2339,0
2340,7.9375
2341,-8
2342,0.0625
2343,0
2344,0.0625
2345,0
2346,-0.0625
2347,0
2348,2.375
2349,2.5625
2350,2.6875
2351,2.8125
2352,3
2353,0
2354,0
2355,0
2356,7.9375
2357,-8
2358,0.0625
2359,0
2360,0.0625
2361,0
2362,-0.0625
2363,0
2364,4.6875
2365,4.875
2366,5
2367,5.125
2368,5.3125
2369,0
2370,0
2371,0
2372,7.9375
2373,-8
2374,0.0625
2375,0
2376,0.0625
2377,0
2378,-0.0625
2379,0
2380,7
2381,7.1875
2382,7.3125
2383,7.4375
2384,7.625
2385,0
2386,0
2387,0
2388,7.9375
2389,-8
2390,0.0625
2391,0
2392,0.0625
2393,0
2394,-0.0625
2395,0
2396,-6.6875
2397,-6.5
2398,-6.375
2399,-6.25
2400,-6.0625
2401,0
2402,0
2403,0
2404,7.9375
2405,-8
2406,0.0625
2407,0
2408,0.0625
2409,0
2410,-0.0625
2411,0
2412,-4.375
2413,-4.1875
2414,-4.0625
2415,-3.9375
2416,-3.75
2417,0
2418,0
2419,0
2420,7.9375
2421,-8
2422,0.0625
2423,0
2424,0.0625
2425,0
2426,-0.0625
2427,0
2428,-2.0625
2429,-1.875
2430,-1.75
2431,-1.625
2432,-1.4375
2433,0
2434,0
2435,0
2436,7.9375
2437,-8
2438,0.0625
2439,0
2440,0.0625
2441,0
2442,-0.0625
2443,0
2444,0.25
2445,0.4375
2446,0.5625
2447,0.6875
2448,0.875
2449,0
2450,0
2451,0
2452,7.9375
2453,-8
2454,0.0625
2455,0
2456,0.0625
2457,0
2458,-0.0625
2459,0
2460,2.5625
2461,2.75
2462,2.875
2463,3
2464,3.1875
2465,0
2466,0
2467,0
2468,7.9375
2469,-8
2470,0.0625
2471,0
2472,0.0625
2473,0
2474,-0.0625
2475,0
2476,4.875
2477,5.0625
2478,5.1875
2479,5.3125
2480,5.5
2481,0
2482,0
2483,0
2484,7.9375
2485,-8
2486,0.0625
2487,0
2488,0.0625
2489,0
2490,-0.0625
2491,0
2492,7.1875
2493,7.375
2494,7.5
2495,7.625
2496,7.8125
2497,0
2498,0
2499,0
2500,7.9375
2501,-8
2502,0.0625
2503,0
2504,0.0625
2505,0
2506,-0.0625
2507,0
2508,-6.5
2509,-6.3125
2510,-6.1875
2511,-6.0625
2512,-5.875
2513,0
2514,0
2515,0
2516,7.9375
2517,-8
2518,0.0625
2519,0
2520,0.0625
2521,0
2522,-0.0625
2523,0
2524,-4.1875
2525,-4
2526,-3.875
2527,-3.75
2528,-3.5625
2529,0
2530,0
2531,0
2532,7.9375
2533,-8
2534,0.0625
2535,0
2536,0.0625
2537,0
2538,-0.0625
2539,0
2540,-1.875
2541,-1.6875
2542,-1.5625
2543,-1.4375
2544,-1.25
2545,0
2546,0
2547,0
2548,7.9375
2549,-8
2550,0.0625
2551,0
2552,0.0625
2553,0
2554,-0.0625
2555,0
2556,0.4375
2557,0.625
2558,0.75
2559,0.875
2560,1.0625
2561,0
2562,0
2563,0
2564,7.9375
2565,-8
2566,0.0625
2567,0
2568,0.0625
2569,0
2570,-0.0625
2571,0
2572,2.75
2573,2.9375
2574,3.0625
2575,3.1875
2576,3.375
2577,0
2578,0
2579,0
2580,7.9375
2581,-8
2582,0.0625
2583,0
2584,0.0625
2585,0
2586,-0.0625
2587,0
2588,5.0625
2589,5.25
2590,5.375
2591,5.5
2592,5.6875
2593,0
2594,0
2595,0
2596,7.9375
2597,-8
2598,0.0625
2599,0
2600,0.0625
2601,0
2602,-0.0625
2603,0
2604,7.375
2605,7.5625
2606,7.6875
2607,7.8125
2608,7.9375
2609,0
2610,0
2611,0
2612,7.9375
2613,-8
2614,0.0625
2615,0
2616,0.0625
2617,0
2618,-0.0625
2619,0
2620,-6.3125
2621,-6.125
2622,-6
2623,-5.875
2624,-5.6875
2625,0
2626,0
2627,0
2628,7.9375
2629,-8
2630,0.0625
2631,0
2632,0.0625
2633,0
2634,-0.0625
2635,0
2636,-4
2637,-3.8125
2638,-3.6875
2639,-3.5625
2640,-3.375
2641,0
2642,0
2643,0
2644,7.9375
2645,-8
2646,0.0625
2647,0
2648,0.0625
2649,0
2650,-0.0625
2651,0
2652,-1.6875
2653,-1.5
2654,-1.375
2655,-1.25
2656,-1.0625
2657,0
2658,0
2659,0
2660,7.9375
2661,-8
2662,0.0625
2663,0
2664,0.0625
2665,0
2666,-0.0625
2667,0
2668,0.625
2669,0.8125
2670,0.9375
2671,1.0625
2672,1.25
2673,0
2674,0
2675,0
2676,7.9375
2677,-8
2678,0.0625
2679,0
2680,0.0625
2681,0
2682,-0.0625
2683,0
2684,2.9375
2685,3.125
2686,3.25
2687,3.375
2688,3.5625
2689,0
2690,0
2691,0
2692,7.9375
2693,-8
2694,0.0625
2695,0
2696,0.0625
2697,0
2698,-0.0625
2699,0
2700,5.25
2701,5.4375
2702,5.5625
2703,5.6875
2704,5.875
2705,0
2706,0
2707,0
2708,7.9375
2709,-8
2710,0.0625
2711,0
2712,0.0625
2713,0
2714,-0.0625
2715,0
2716,7.5625
2717,7.75
2718,7.875
2719,-8
2720,-7.8125
2721,0
2722,0
2723,0
2724,7.9375
2725,-8
2726,0.0625
2727,0
2728,0.0625
2729,0
2730,-0.0625
2731,0
2732,-6.125
2733,-5.9375
2734,-5.8125
2735,-5.6875
2736,-5.5
2737,0
2738,0
2739,0
2740,7.9375
2741,-8
2742,0.0625
2743,0
2744,0.0625
2745,0
2746,-0.0625
2747,0
2748,-3.8125
2749,-3.625
2750,-3.5
2751,-3.375
2752,-3.1875
2753,0
2754,0
2755,0
2756,7.9375
2757,-8
2758,0.0625
2759,0
2760,0.0625
2761,0
2762,-0.0625
2763,0
2764,-1.5
2765,-1.3125
2766,-1.1875
2767,-1.0625
2768,-0.875
2769,0
2770,0
2771,0
2772,7.9375
2773,-8
2774,0.0625
2775,0
2776,0.0625
2777,0
2778,-0.0625
2779,0
2780,0.8125
2781,1
2782,1.125
2783,1.25
2784,1.4375
2785,0
2786,0
2787,0
2788,7.9375
2789,-8
2790,0.0625
2791,0
2792,0.0625
2793,0
2794,-0.0625
2795,0
2796,3.125
2797,3.3125
2798,3.4375
2799,3.5625
2800,3.75
2801,0
2802,0
2803,0
2804,7.9375
2805,-8
2806,0.0625
2807,0
2808,0.0625
2809,0
2810,-0.0625
2811,0
2812,5.4375
2813,5.625
2814,5.75
2815,5.875
2816,6.0625
2817,0
2818,0
2819,0
2820,7.9375
2821,-8
2822,0.0625
2823,0
2824,0.0625
2825,0
2826,-0.0625
2827,0
2828,7.75
2829,7.9375
2830,-7.9375
2831,-7.8125
2832,-7.625
2833,0
2834,0
2835,0
2836,7.9375
2837,-8
2838,0.0625
2839,0
2840,0.0625
2841,0
2842,-0.0625
2843,0
2844,-5.9375
2845,-5.75
2846,-5.625
2847,-5.5
2848,-5.3125
2849,0
2850,0
2851,0
2852,7.9375
2853,-8
2854,0.0625
2855,0
2856,0.0625
2857,0
2858,-0.0625
2859,0
2860,-3.625
2861,-3.4375
2862,-3.3125
2863,-3.1875
2864,-3
2865,0
2866,0
2867,0
2868,7.9375
2869,-8
2870,0.0625
2871,0
2872,0.0625
2873,0
2874,-0.0625
2875,0
2876,-1.3125
2877,-1.125
2878,-1
2879,-0.875
2880,-0.6875
2881,0
2882,0
2883,0
2884,7.9375
2885,-8
2886,0.0625
2887,0
2888,0.0625
2889,0
2890,-0.0625
2891,0
2892,1
2893,1.1875
2894,1.3125
2895,1.4375
2896,1.625
2897,0
2898,0
2899,0
2900,7.9375
2901,-8
2902,0.0625
2903,0
2904,0.0625
2905,0
2906,-0.0625
2907,0
2908,3.3125
2909,3.5
2910,3.625
2911,3.75
2912,3.9375
2913,0
2914,0
2915,0
2916,7.9375
2917,-8
2918,0.0625
2919,0
2920,0.0625
2921,0
2922,-0.0625
2923,0
2924,5.625
2925,5.8125
2926,5.9375
2927,6.0625
2928,6.25
2929,0
2930,0
2931,0
2932,7.9375
2933,-8
2934,0.0625
2935,0
2936,0.0625
2937,0
2938,-0.0625
2939,0
2940,7.9375
2941,-7.875
2942,-7.75
2943,-7.625
2944,-7.4375
2945,0
2946,0
2947,0
2948,7.9375
2949,-8
2950,0.0625
2951,0
2952,0.0625
2953,0
2954,-0.0625
2955,0
2956,-5.75
2957,-5.5625
2958,-5.4375
2959,-5.3125
2960,-5.125
2961,0
2962,0
2963,0
2964,7.9375
2965,-8
2966,0.0625
2967,0
2968,0.0625
2969,0
2970,-0.0625
2971,0
2972,-3.4375
2973,-3.25
2974,-3.125
2975,-3
2976,-2.8125
2977,0
2978,0
2979,0
2980,7.9375
2981,-8
2982,0.0625
2983,0
2984,0.0625
2985,0
2986,-0.0625
2987,0
2988,-1.125
2989,-0.9375
2990,-0.8125
2991,-0.6875
2992,-0.5
2993,0
2994,0
2995,0
2996,7.9375
2997,-8
2998,0.0625
2999,0
3000,0.0625
3001,0
3002,-0.0625
3003,0
3004,1.1875
3005,1.375
3006,1.5
3007,1.625
3008,1.8125
3009,0
3010,0
3011,0
3012,7.9375
3013,-8
3014,0.0625
3015,0
3016,0.0625
3017,0
3018,-0.0625
3019,0
3020,3.5
3021,3.6875
3022,3.8125
3023,3.9375
3024,4.125
3025,0
3026,0
3027,0
3028,7.9375
3029,-8
3030,0.0625
3031,0
3032,0.0625
3033,0
3034,-0.0625
3035,0
3036,5.8125
3037,6
3038,6.125
3039,6.25
3040,6.4375
3041,0
3042,0
3043,0
3044,7.9375
3045,-8
3046,0.0625
3047,0
3048,0.0625
3049,0
3050,-0.0625
3051,0
3052,-7.875
3053,-7.6875
3054,-7.5625
3055,-7.4375
3056,-7.25
3057,0
3058,0
3059,0
3060,7.9375
3061,-8
3062,0.0625
3063,0
3064,0.0625
3065,0
3066,-0.0625
3067,0
3068,-5.5625
3069,-5.375
3070,-5.25
3071,-5.125
3072,-4.9375
3073,0
3074,0
3075,0
3076,7.9375
3077,-8
3078,0.0625
3079,0
3080,0.0625
3081,0
3082,-0.0625
3083,0
3084,-3.25
3085,-3.0625
3086,-2.9375
3087,-2.8125
3088,-2.625
3089,0
3090,0
3091,0
3092,7.9375
3093,-8
3094,0.0625
3095,0
3096,0.0625
3097,0
3098,-0.0625
3099,0
3100,-0.9375
3101,-0.75
3102,-0.625
3103,-0.5
3104,-0.3125
3105,0
3106,0
3107,0
3108,7.9375
3109,-8
3110,0.0625
3111,0
3112,0.0625
3113,0
3114,-0.0625
3115,0
3116,1.375
3117,1.5625
3118,1.6875
3119,1.8125
3120,2
3121,0
3122,0
3123,0
3124,7.9375
3125,-8
3126,0.0625
3127,0
3128,0.0625
3129,0
3130,-0.0625
3131,0
3132,3.6875
3133,3.875
3134,4
3135,4.125
3136,4.3125
3137,0
3138,0
3139,0
3140,7.9375
3141,-8
3142,0.0625
3143,0
3144,0.0625
3145,0
3146,-0.0625
3147,0
3148,6
3149,6.1875
3150,6.3125
3151,6.4375
3152,6.625
3153,0
3154,0
3155,0
3156,7.9375
3157,-8
3158,0.0625
3159,0
3160,0.0625
3161,0
3162,-0.0625
3163,0
3164,-7.6875
3165,-7.5
3166,-7.375
3167,-7.25
3168,-7.0625
3169,0
3170,0
3171,0
3172,7.9375
3173,-8
3174,0.0625
3175,0
3176,0.0625
3177,0
3178,-0.0625
3179,0
3180,-5.375
3181,-5.1875
3182,-5.0625
3183,-4.9375
3184,-4.75
3185,0
3186,0
3187,0
3188,7.9375
3189,-8
3190,0.0625
3191,0
3192,0.0625
3193,0
3194,-0.0625
3195,0
3196,-3.0625
3197,-2.875
3198,-2.75
3199,-2.625
3200,-2.4375
3201,0
3202,0
3203,0
3204,7.9375
3205,-8
3206,0.0625
3207,0
3208,0.0625
3209,0
3210,-0.0625
3211,0
3212,-0.75
3213,-0.5625
3214,-0.4375
3215,-0.3125
3216,-0.125
3217,0
3218,0
3219,0
3220,7.9375
3221,-8
3222,0.0625
3223,0
3224,0.0625
3225,0
3226,-0.0625
3227,0
3228,1.5625
3229,1.75
3230,1.875
3231,2
3232,2.1875
3233,0
3234,0
3235,0
3236,7.9375
3237,-8
3238,0.0625
3239,0
3240,0.0625
3241,0
3242,-0.0625
3243,0
3244,3.875
3245,4.0625
3246,4.1875
3247,4.3125
3248,4.5
3249,0
3250,0
3251,0
3252,7.9375
3253,-8
3254,0.0625
3255,0
3256,0.0625
3257,0
3258,-0.0625
3259,0
3260,6.1875
3261,6.375
3262,6.5
3263,6.625
3264,6.8125
3265,0
3266,0
3267,0
3268,7.9375
3269,-8
3270,0.0625
3271,0
3272,0.0625
3273,0
3274,-0.0625
3275,0
3276,-7.5
3277,-7.3125
3278,-7.1875
3279,-7.0625
3280,-6.875
3281,0
3282,0
3283,0
3284,7.9375
3285,-8
3286,0.0625
3287,0
3288,0.0625
3289,0
3290,-0.0625
3291,0
3292,-5.1875
3293,-5
3294,-4.875
3295,-4.75
3296,-4.5625
3297,0
3298,0
3299,0
3300,7.9375
3301,-8
3302,0.0625
3303,0
3304,0.0625
3305,0
3306,-0.0625
3307,0
3308,-2.875
3309,-2.6875
3310,-2.5625
3311,-2.4375
3312,-2.25
3313,0
3314,0
3315,0
3316,7.9375
3317,-8
3318,0.0625
3319,0
3320,0.0625
3321,0
3322,-0.0625
3323,0
3324,-0.5625
3325,-0.375
3326,-0.25
3327,-0.125
3328,0.0625
3329,0
3330,0
3331,0
3332,7.9375
3333,-8
3334,0.0625
3335,0
3336,0.0625
3337,0
3338,-0.0625
3339,0
3340,1.75
3341,1.9375
3342,2.0625
3343,2.1875
3344,2.375
3345,0
3346,0
3347,0
3348,7.9375
3349,-8
3350,0.0625
3351,0
3352,0.0625
3353,0
3354,-0.0625
3355,0
3356,4.0625
3357,4.25
3358,4.375
3359,4.5
3360,4.6875
3361,0
3362,0
3363,0
3364,7.9375
3365,-8
3366,0.0625
3367,0
3368,0.0625
3369,0
3370,-0.0625
3371,0
3372,6.375
3373,6.5625
3374,6.6875
3375,6.8125
3376,7
3377,0
3378,0
3379,0
3380,7.9375
3381,-8
3382,0.0625
3383,0
3384,0.0625
3385,0
3386,-0.0625
3387,0
3388,-7.3125
3389,-7.125
3390,-7
3391,-6.875
3392,-6.6875
3393,0
3394,0
3395,0
3396,7.9375
3397,-8
3398,0.0625
3399,0
3400,0.0625
3401,0
3402,-0.0625
3403,0
3404,-5
3405,-4.8125
3406,-4.6875
3407,-4.5625
3408,-4.375
3409,0
3410,0
3411,0
3412,7.9375
3413,-8
3414,0.0625
3415,0
3416,0.0625
3417,0
3418,-0.0625
3419,0
3420,-2.6875
3421,-2.5
3422,-2.375
3423,-2.25
3424,-2.0625
3425,0
3426,0
3427,0
3428,7.9375
3429,-8
3430,0.0625
3431,0
3432,0.0625
3433,0
3434,-0.0625
3435,0
3436,-0.375
3437,-0.1875
3438,-0.0625
3439,0.0625
3440,0.25
3441,0
3442,0
3443,0
3444,7.9375
3445,-8
3446,0.0625
3447,0
3448,0.0625
3449,0
3450,-0.0625
3451,0
3452,1.9375
3453,2.125
3454,2.25
3455,2.375
3456,2.5625
3457,0
3458,0
3459,0
3460,7.9375
3461,-8
3462,0.0625
3463,0
3464,0.0625
3465,0
3466,-0.0625
3467,0
3468,4.25
3469,4.4375
3470,4.5625
3471,4.6875
3472,4.875
3473,0
3474,0
3475,0
3476,7.9375
3477,-8
3478,0.0625
3479,0
3480,0.0625
3481,0
3482,-0.0625
3483,0
3484,6.5625
3485,6.75
3486,6.875
3487,7
3488,7.1875
3489,0
3490,0
3491,0
3492,7.9375
3493,-8
3494,0.0625
3495,0
3496,0.0625
3497,0
3498,-0.0625
3499,0
3500,-7.125
3501,-6.9375
3502,-6.8125
3503,-6.6875
3504,-6.5
3505,0
3506,0
3507,0
3508,7.9375
3509,-8
3510,0.0625
3511,0
3512,0.0625
3513,0
3514,-0.0625
3515,0
3516,-4.8125
3517,-4.625
3518,-4.5
3519,-4.375
3520,-4.1875
3521,0
3522,0
3523,0
3524,7.9375
3525,-8
3526,0.0625
3527,0
3528,0.0625
3529,0
3530,-0.0625
3531,0
3532,-2.5
3533,-2.3125
3534,-2.1875
3535,-2.0625
3536,-1.875
3537,0
3538,0
3539,0
3540,7.9375
3541,-8
3542,0.0625
3543,0
3544,0.0625
3545,0
3546,-0.0625
3547,0
3548,-0.1875
3549,0
3550,0.125
3551,0.25
3552,0.4375
3553,0
3554,0
3555,0
3556,7.9375
3557,-8
3558,0.0625
3559,0
3560,0.0625
3561,0
3562,-0.0625
3563,0
3564,2.125
3565,2.3125
3566,2.4375
3567,2.5625
3568,2.75
3569,0
3570,0
3571,0
3572,7.9375
3573,-8
3574,0.0625
3575,0
3576,0.0625
3577,0
3578,-0.0625
3579,0
3580,4.4375
3581,4.625
3582,4.75
3583,4.875
3584,5.0625
3585,0
3586,0
3587,0
3588,7.9375
3589,-8
3590,0.0625
3591,0
3592,0.0625
3593,0
3594,-0.0625
3595,0
3596,6.75
3597,6.9375
3598,7.0625
3599,7.1875
3600,7.375
3601,0
3602,0
3603,0
3604,7.9375
3605,-8
3606,0.0625
3607,0
3608,0.0625
3609,0
3610,-0.0625
3611,0
3612,-6.9375
3613,-6.75
3614,-6.625
3615,-6.5
3616,-6.3125
3617,0
3618,0
3619,0
3620,7.9375
3621,-8
3622,0.0625
3623,0
3624,0.0625
3625,0
3626,-0.0625
3627,0
3628,-4.625
3629,-4.4375
3630,-4.3125
3631,-4.1875
3632,-4
3633,0
3634,0
3635,0
3636,7.9375
3637,-8
3638,0.0625
3639,0
3640,0.0625
3641,0
3642,-0.0625
3643,0
3644,-2.3125
3645,-2.125
3646,-2
3647,-1.875
3648,-1.6875
3649,0
3650,0
3651,0
3652,7.9375
3653,-8
3654,0.0625
3655,0
3656,0.0625
3657,0
3658,-0.0625
3659,0
3660,0
3661,0.1875
3662,0.3125
3663,0.4375
3664,0.625
3665,0
3666,0
3667,0
3668,7.9375
3669,-8
3670,0.0625
3671,0
3672,0.0625
3673,0
3674,-0.0625
3675,0
3676,2.3125
3677,2.5
3678,2.625
3679,2.75
3680,2.9375
3681,0
3682,0
3683,0
3684,7.9375
3685,-8
3686,0.0625
3687,0
3688,0.0625
3689,0
3690,-0.0625
3691,0
3692,4.625
3693,4.8125
3694,4.9375
3695,5.0625
3696,5.25
3697,0
3698,0
3699,0
3700,7.9375
3701,-8
3702,0.0625
3703,0
3704,0.0625
3705,0
3706,-0.0625
3707,0
3708,6.9375
3709,7.125
3710,7.25
3711,7.375
3712,7.5625
3713,0
3714,0
3715,0
3716,7.9375
3717,-8
3718,0.0625
3719,0
3720,0.0625
3721,0
3722,-0.0625
3723,0
3724,-6.75
3725,-6.5625
3726,-6.4375
3727,-6.3125
3728,-6.125
3729,0
3730,0
3731,0
3732,7.9375
3733,-8
3734,0.0625
3735,0
3736,0.0625
3737,0
3738,-0.0625
3739,0
3740,-4.4375
3741,-4.25
3742,-4.125
3743,-4
3744,-3.8125
3745,0
3746,0
3747,0
3748,7.9375
3749,-8
3750,0.0625
3751,0
3752,0.0625
3753,0
3754,-0.0625
3755,0
3756,-2.125
3757,-1.9375
3758,-1.8125
3759,-1.6875
3760,-1.5
3761,0
3762,0
3763,0
3764,7.9375
3765,-8
3766,0.0625
3767,0
3768,0.0625
3769,0
3770,-0.0625
3771,0
3772,0.1875
3773,0.375
3774,0.5
3775,0.625
3776,0.8125
3777,0
3778,0
3779,0
3780,7.9375
3781,-8
3782,0.0625
3783,0
3784,0.0625
3785,0
3786,-0.0625
3787,0
3788,2.5
3789,2.6875
3790,2.8125
3791,2.9375
3792,3.125
3793,0
3794,0
3795,0
3796,7.9375
3797,-8
3798,0.0625
3799,0
3800,0.0625
3801,0
3802,-0.0625
3803,0
3804,4.8125
3805,5
3806,5.125
3807,5.25
3808,5.4375
3809,0
3810,0
3811,0
3812,7.9375
3813,-8
3814,0.0625
3815,0
3816,0.0625
3817,0
3818,-0.0625
3819,0
3820,7.125
3821,7.3125
3822,7.4375
3823,7.5625
3824,7.75
3825,0
3826,0
3827,0
3828,7.9375
3829,-8
3830,0.0625
3831,0
3832,0.0625
3833,0
3834,-0.0625
3835,0
3836,-6.5625
3837,-6.375
3838,-6.25
3839,-6.125
3840,-5.9375
3841,0
3842,0
3843,0
3844,7.9375
3845,-8
3846,0.0625
3847,0
3848,0.0625
3849,0
3850,-0.0625
3851,0
3852,-4.25
3853,-4.0625
3854,-3.9375
3855,-3.8125
3856,-3.625
3857,0
3858,0
3859,0
3860,7.9375
3861,-8
3862,0.0625
3863,0
3864,0.0625
3865,0
3866,-0.0625
3867,0
3868,-1.9375
3869,-1.75
3870,-1.625
3871,-1.5
3872,-1.3125
3873,0
3874,0
3875,0
3876,7.9375
3877,-8
3878,0.0625
3879,0
3880,0.0625
3881,0
3882,-0.0625
3883,0
3884,0.375
3885,0.5625
3886,0.6875
3887,0.8125
3888,1
3889,0
3890,0
3891,0
3892,7.9375
3893,-8
3894,0.0625
3895,0
3896,0.0625
3897,0
3898,-0.0625
3899,0
3900,2.6875
3901,2.875
3902,3
3903,3.125
3904,3.3125
3905,0
3906,0
3907,0
3908,7.9375
3909,-8
3910,0.0625
3911,0
3912,0.0625
3913,0
3914,-0.0625
3915,0
3916,5
3917,5.1875
3918,5.3125
3919,5.4375
3920,5.625
3921,0
3922,0
3923,0
3924,7.9375
3925,-8
3926,0.0625
3927,0
3928,0.0625
3929,0
3930,-0.0625
3931,0
3932,7.3125
3933,7.5
3934,7.625
3935,7.75
3936,7.9375
3937,0
3938,0
3939,0
3940,7.9375
3941,-8
3942,0.0625
3943,0
3944,0.0625
3945,0
3946,-0.0625
3947,0
3948,-6.375
3949,-6.1875
3950,-6.0625
3951,-5.9375
3952,-5.75
3953,0
3954,0
3955,0
3956,7.9375
3957,-8
3958,0.0625
3959,0
3960,0.0625
3961,0
3962,-0.0625
3963,0
3964,-4.0625
3965,-3.875
3966,-3.75
3967,-3.625
3968,-3.4375
3969,0
3970,0
3971,0
3972,7.9375
3973,-8
3974,0.0625
3975,0
3976,0.0625
3977,0
3978,-0.0625
3979,0
3980,-1.75
3981,-1.5625
3982,-1.4375
3983,-1.3125
3984,-1.125
3985,0
3986,0
3987,0
3988,7.9375
3989,-8
3990,0.0625
3991,0
3992,0.0625
3993,0
3994,-0.0625
3995,0
3996,0.5625
3997,0.75
3998,0.875
3999,1
4000,1.1875
4001,0
4002,0
4003,0
4004,7.9375
4005,-8
4006,0.0625
4007,0
4008,0.0625
4009,0
4010,-0.0625
4011,0
4012,2.875
4013,3.0625
4014,3.1875
4015,3.3125
4016,3.5
4017,0
4018,0
4019,0
4020,7.9375
4021,-8
4022,0.0625
4023,0
4024,0.0625
4025,0
4026,-0.0625
4027,0
4028,5.1875
4029,5.375
4030,5.5
4031,5.625
4032,5.8125
4033,0
4034,0
4035,0
4036,7.9375
4037,-8
4038,0.0625
4039,0
4040,0.0625
4041,0
4042,-0.0625
4043,0
4044,7.5
4045,7.6875
4046,7.8125
4047,7.9375
4048,-7.875
4049,0
4050,0
4051,0
4052,7.9375
4053,-8
4054,0.0625
4055,0
4056,0.0625
4057,0
4058,-0.0625
4059,0
4060,-6.1875
4061,-6
4062,-5.875
4063,-5.75
4064,-5.5625
4065,0
4066,0
4067,0
4068,7.9375
4069,-8
4070,0.0625
4071,0
4072,0.0625
4073,0
4074,-0.0625
4075,0
4076,-3.875
4077,-3.6875
4078,-3.5625
4079,-3.4375
4080,-3.25
4081,0
4082,0
4083,0
4084,7.9375
4085,-8
4086,0.0625
4087,0
4088,0.0625
4089,0
4090,-0.0625
4091,0
4092,-1.5625
4093,-1.375
4094,-1.25
4095,-1.125
4096,-0.9375
4097,0
4098,0
4099,0
4100,7.9375
4101,-8
4102,0.0625
4103,0
4104,0.0625
4105,0
4106,-0.0625
4107,0
4108,0.75
4109,0.9375
4110,1.0625
4111,1.1875
4112,1.375
4113,0
4114,0
4115,0
4116,7.9375
4117,-8
4118,0.0625
4119,0
4120,0.0625
4121,0
4122,-0.0625
4123,0
4124,3.0625
4125,3.25
4126,3.375
4127,3.5
4128,3.6875
4129,0
4130,0
4131,0
4132,7.9375
4133,-8
4134,0.0625
4135,0
4136,0.0625
4137,0
4138,-0.0625
4139,0
4140,5.375
4141,5.5625
4142,5.6875
4143,5.8125
4144,6
4145,0
4146,0
4147,0
4148,7.9375
4149,-8
4150,0.0625
4151,0
4152,0.0625
4153,0
4154,-0.0625
4155,0
4156,7.6875
4157,7.875
4158,7.9375
4159,-7.875
4160,-7.6875
4161,0
4162,0
4163,0
4164,7.9375
4165,-8
4166,0.0625
4167,0
4168,0.0625
4169,0
4170,-0.0625
4171,0
4172,-6
4173,-5.8125
4174,-5.6875
4175,-5.5625
4176,-5.375
4177,0
4178,0
4179,0
4180,7.9375
4181,-8
4182,0.0625
4183,0
4184,0.0625
4185,0
4186,-0.0625
4187,0
4188,-3.6875
4189,-3.5
4190,-3.375
4191,-3.25
4192,-3.0625
4193,0
4194,0
4195,0
4196,7.9375
4197,-8
4198,0.0625
4199,0
4200,0.0625
4201,0
4202,-0.0625
4203,0
4204,-1.375
4205,-1.1875
4206,-1.0625
4207,-0.9375
4208,-0.75
4209,0
4210,0
4211,0
4212,7.9375
4213,-8
4214,0.0625
4215,0
4216,0.0625
4217,0
4218,-0.0625
4219,0
4220,0.9375
4221,1.125
4222,1.25
4223,1.375
4224,1.5625
4225,0
4226,0
4227,0
4228,7.9375
4229,-8
4230,0.0625
4231,0
4232,0.0625
4233,0
4234,-0.0625
4235,0
4236,3.25
4237,3.4375
4238,3.5625
4239,3.6875
4240,3.875
4241,0
4242,0
4243,0
4244,7.9375
4245,-8
4246,0.0625
4247,0
4248,0.0625
4249,0
4250,-0.0625
4251,0
4252,5.5625
4253,5.75
4254,5.875
4255,6
4256,6.1875
4257,0
4258,0
4259,0
4260,7.9375
4261,-8
4262,0.0625
4263,0
4264,0.0625
4265,0
4266,-0.0625
4267,0
4268,7.875
4269,-7.9375
4270,-7.8125
4271,-7.6875
4272,-7.5
4273,0
4274,0
4275,0
4276,7.9375
4277,-8
4278,0.0625
4279,0
4280,0.0625
4281,0
4282,-0.0625
4283,0
4284,-5.8125
4285,-5.625
4286,-5.5
4287,-5.375
4288,-5.1875
4289,0
4290,0
4291,0
4292,7.9375
4293,-8
4294,0.0625
4295,0
4296,0.0625
4297,0
4298,-0.0625
4299,0
4300,-3.5
4301,-3.3125
4302,-3.1875
4303,-3.0625
4304,-2.875
4305,0
4306,0
4307,0
4308,7.9375
4309,-8
4310,0.0625
4311,0
4312,0.0625
4313,0
4314,-0.0625
4315,0
4316,-1.1875
4317,-1
4318,-0.875
4319,-0.75
4320,-0.5625
4321,0
4322,0
4323,0
4324,7.9375
4325,-8
4326,0.0625
4327,0
4328,0.0625
4329,0
4330,-0.0625
4331,0
4332,1.125
4333,1.3125
4334,1.4375
4335,1.5625
4336,1.75
4337,0
4338,0
4339,0
4340,7.9375
4341,-8
4342,0.0625
4343,0
4344,0.0625
4345,0
4346,-0.0625
4347,0
4348,3.4375
4349,3.625
4350,3.75
4351,3.875
4352,4.0625
4353,0
4354,0
4355,0
4356,7.9375
4357,-8
4358,0.0625
4359,0
4360,0.0625
4361,0
4362,-0.0625
4363,0
4364,5.75
4365,5.9375
4366,6.0625
4367,6.1875
4368,6.375
4369,0
4370,0
4371,0
4372,7.9375
4373,-8
4374,0.0625
4375,0
4376,0.0625
4377,0
4378,-0.0625
4379,0
4380,-7.9375
4381,-7.75
4382,-7.625
4383,-7.5
4384,-7.3125
4385,0
4386,0
4387,0
4388,7.9375
4389,-8
4390,0.0625
4391,0
4392,0.0625
4393,0
4394,-0.0625
4395,0
4396,-5.625
4397,-5.4375
4398,-5.3125
4399,-5.1875
4400,-5
4401,0
4402,0
4403,0
4404,7.9375
4405,-8
4406,0.0625
4407,0
4408,0.0625
4409,0
4410,-0.0625
4411,0
4412,-3.3125
4413,-3.125
4414,-3
4415,-2.875
4416,-2.6875
4417,0
4418,0
4419,0
4420,7.9375
4421,-8
4422,0.0625
4423,0
4424,0.0625
4425,0
4426,-0.0625
4427,0
4428,-1
4429,-0.8125
4430,-0.6875
4431,-0.5625
4432,-0.375
4433,0
4434,0
4435,0
4436,7.9375
4437,-8
4438,0.0625
4439,0
4440,0.0625
4441,0
4442,-0.0625
4443,0
4444,1.3125
4445,1.5
4446,1.625
4447,1.75
4448,1.9375
4449,0
4450,0
4451,0
4452,7.9375
4453,-8
4454,0.0625
4455,0
4456,0.0625
4457,0
4458,-0.0625
4459,0
4460,3.625
4461,3.8125
4462,3.9375
4463,4.0625
4464,4.25
4465,0
4466,0
4467,0
4468,7.9375
4469,-8
4470,0.0625
4471,0
4472,0.0625
4473,0
4474,-0.0625
4475,0
4476,5.9375
4477,6.125
4478,6.25
4479,6.375
4480,6.5625
4481,0
4482,0
4483,0
4484,7.9375
4485,-8
4486,0.0625
4487,0
4488,0.0625
4489,0
4490,-0.0625
4491,0
4492,-7.75
4493,-7.5625
4494,-7.4375
4495,-7.3125
4496,-7.125
4497,0
4498,0
4499,0
4500,7.9375
4501,-8
4502,0.0625
4503,0
4504,0.0625
4505,0
4506,-0.0625
4507,0
4508,-5.4375
4509,-5.25
4510,-5.125
4511,-5
4512,-4.8125
4513,0
4514,0
4515,0
4516,7.9375
4517,-8
4518,0.0625
4519,0
4520,0.0625
4521,0
4522,-0.0625
4523,0
4524,-3.125
4525,-2.9375
4526,-2.8125
4527,-2.6875
4528,-2.5
4529,0
4530,0
4531,0
4532,7.9375
4533,-8
4534,0.0625
4535,0
4536,0.0625
4537,0
4538,-0.0625
4539,0
4540,-0.8125
4541,-0.625
4542,-0.5
4543,-0.375
4544,-0.1875
4545,0
4546,0
4547,0
4548,7.9375
4549,-8
4550,0.0625
4551,0
4552,0.0625
4553,0
4554,-0.0625
4555,0
4556,1.5
4557,1.6875
4558,1.8125
4559,1.9375
4560,2.125
4561,0
4562,0
4563,0
4564,7.9375
4565,-8
4566,0.0625
4567,0
4568,0.0625
4569,0
4570,-0.0625
4571,0
4572,3.8125
4573,4
4574,4.125
4575,4.25
4576,4.4375
4577,0
4578,0
4579,0
4580,7.9375
4581,-8
4582,0.0625
4583,0
4584,0.0625
4585,0
4586,-0.0625
4587,0
4588,6.125
4589,6.3125
4590,6.4375
4591,6.5625
4592,6.75
4593,0
4594,0
4595,0
4596,7.9375
4597,-8
4598,0.0625
4599,0
4600,0.0625
4601,0
4602,-0.0625
4603,0
4604,-7.5625
4605,-7.375
4606,-7.25
4607,-7.125
4608,-6.9375
4609,0
4610,0
4611,0
4612,7.9375
4613,-8
4614,0.0625
4615,0
4616,0.0625
4617,0
4618,-0.0625
4619,0
4620,-5.25
4621,-5.0625
4622,-4.9375
4623,-4.8125
4624,-4.625
4625,0
4626,0
4627,0
4628,7.9375
4629,-8
4630,0.0625
4631,0
4632,0.0625
4633,0
4634,-0.0625
4635,0
4636,-2.9375
4637,-2.75
4638,-2.625
4639,-2.5
4640,-2.3125
4641,0
4642,0
4643,0
4644,7.9375
4645,-8
4646,0.0625
4647,0
4648,0.0625
4649,0
4650,-0.0625
4651,0
4652,-0.625
4653,-0.4375
4654,-0.3125
4655,-0.1875
4656,0
4657,0
4658,0
4659,0
4660,7.9375
4661,-8
4662,0.0625
4663,0
4664,0.0625
4665,0
4666,-0.0625
4667,0
4668,1.6875
4669,1.875
4670,2
4671,2.125
4672,2.3125
4673,0
4674,0
4675,0
4676,7.9375
4677,-8
4678,0.0625
4679,0
4680,0.0625
4681,0
4682,-0.0625
4683,0
4684,4
4685,4.1875
4686,4.3125
4687,4.4375
4688,4.625
4689,0
4690,0
4691,0
4692,7.9375
4693,-8
4694,0.0625
4695,0
4696,0.0625
4697,0
4698,-0.0625
4699,0
4700,6.3125
4701,6.5
4702,6.625
4703,6.75
4704,6.9375
4705,0
4706,0
4707,0
4708,7.9375
4709,-8
4710,0.0625
4711,0
4712,0.0625
4713,0
4714,-0.0625
4715,0
4716,-7.375
4717,-7.1875
4718,-7.0625
4719,-6.9375
4720,-6.75
4721,0
4722,0
4723,0
4724,7.9375
4725,-8
4726,0.0625
4727,0
4728,0.0625
4729,0
4730,-0.0625
4731,0
4732,-5.0625
4733,-4.875
4734,-4.75
4735,-4.625
4736,-4.4375
4737,0
4738,0
4739,0
4740,7.9375
4741,-8
4742,0.0625
4743,0
4744,0.0625
4745,0
4746,-0.0625
4747,0
4748,-2.75
4749,-2.5625
4750,-2.4375
4751,-2.3125
4752,-2.125
4753,0
4754,0
4755,0
4756,7.9375
4757,-8
4758,0.0625
4759,0
4760,0.0625
4761,0
4762,-0.0625
4763,0
4764,-0.4375
4765,-0.25
4766,-0.125
4767,0
4768,0.1875
4769,0
4770,0
4771,0
4772,7.9375
4773,-8
4774,0.0625
4775,0
4776,0.0625
4777,0
4778,-0.0625
4779,0
4780,1.875
4781,2.0625
4782,2.1875
4783,2.3125
4784,2.5
4785,0
4786,0
4787,0
4788,7.9375
4789,-8
4790,0.0625
4791,0
4792,0.0625
4793,0
4794,-0.0625
4795,0
4796,4.1875
4797,4.375
4798,4.5
4799,4.625
4800,4.8125
4801,0
4802,0
4803,0
4804,7.9375
4805,-8
4806,0.0625
4807,0
4808,0.0625
4809,0
4810,-0.0625
4811,0
4812,6.5
4813,6.6875
4814,6.8125
4815,6.9375
4816,7.125
4817,0
4818,0
4819,0
4820,7.9375
4821,-8
4822,0.0625
4823,0
4824,0.0625
4825,0
4826,-0.0625
4827,0
4828,-7.1875
4829,-7
4830,-6.875
4831,-6.75
4832,-6.5625
4833,0
4834,0
4835,0
4836,7.9375
4837,-8
4838,0.0625
4839,0
4840,0.0625
4841,0
4842,-0.0625
4843,0
4844,-4.875
4845,-4.6875
4846,-4.5625
4847,-4.4375
4848,-4.25
4849,0
4850,0
4851,0
4852,7.9375
4853,-8
4854,0.0625
4855,0
4856,0.0625
4857,0
4858,-0.0625
4859,0
4860,-2.5625
4861,-2.375
4862,-2.25
4863,-2.125
4864,-1.9375
4865,0
4866,0
4867,0
4868,7.9375
4869,-8
4870,0.0625
4871,0
4872,0.0625
4873,0
4874,-0.0625
4875,0
4876,-0.25
4877,-0.0625
4878,0.0625
4879,0.1875
4880,0.375
4881,0
4882,0
4883,0
4884,7.9375
4885,-8
4886,0.0625
4887,0
4888,0.0625
4889,0
4890,-0.0625
4891,0
4892,2.0625
4893,2.25
4894,2.375
4895,2.5
4896,2.6875
4897,0
4898,0
4899,0
4900,7.9375
4901,-8
4902,0.0625
4903,0
4904,0.0625
4905,0
4906,-0.0625
4907,0
4908,4.375
4909,4.5625
4910,4.6875
4911,4.8125
4912,5
4913,0
4914,0
4915,0
4916,7.9375
4917,-8
4918,0.0625
4919,0
4920,0.0625
4921,0
4922,-0.0625
4923,0
4924,6.6875
4925,6.875
4926,7
4927,7.125
4928,7.3125
4929,0
4930,0
4931,0
4932,7.9375
4933,-8
4934,0.0625
4935,0
4936,0.0625
4937,0
4938,-0.0625
4939,0
4940,-7
4941,-6.8125
4942,-6.6875
4943,-6.5625
4944,-6.375
4945,0
4946,0
4947,0
4948,7.9375
4949,-8
4950,0.0625
4951,0
4952,0.0625
4953,0
4954,-0.0625
4955,0
4956,-4.6875
4957,-4.5
4958,-4.375
4959,-4.25
4960,-4.0625
4961,0
4962,0
4963,0
4964,7.9375
4965,-8
4966,0.0625
4967,0
4968,0.0625
4969,0
4970,-0.0625
4971,0
4972,-2.375
4973,-2.1875
4974,-2.0625
4975,-1.9375
4976,-1.75
4977,0
4978,0
4979,0
4980,7.9375
4981,-8
4982,0.0625
4983,0
4984,0.0625
4985,0
4986,-0.0625
4987,0
4988,-0.0625
4989,0.125
4990,0.25
4991,0.375
4992,0.5625
4993,0
4994,0
4995,0
4996,7.9375
4997,-8
4998,0.0625
4999,0
5000,0.0625
5001,0
5002,-0.0625
5003,0
5004,2.25
5005,2.4375
5006,2.5625
5007,2.6875
5008,2.875
5009,0
5010,0
5011,0
5012,7.9375
5013,-8
5014,0.0625
5015,0
5016,0.0625
5017,0
5018,-0.0625
5019,0
5020,4.5625
5021,4.75
5022,4.875
5023,5
5024,5.1875
5025,0
5026,0
5027,0
5028,7.9375
5029,-8
5030,0.0625
5031,0
5032,0.0625
5033,0
5034,-0.0625
5035,0
5036,6.875
5037,7.0625
5038,7.1875
5039,7.3125
5040,7.5
5041,0
5042,0
5043,0
5044,7.9375
5045,-8
5046,0.0625
5047,0
5048,0.0625
5049,0
5050,-0.0625
5051,0
5052,-6.8125
5053,-6.625
5054,-6.5
5055,-6.375
5056,-6.1875
5057,0
5058,0
5059,0
5060,7.9375
5061,-8
5062,0.0625
5063,0
5064,0.0625
5065,0
5066,-0.0625
5067,0
5068,-4.5
5069,-4.3125
5070,-4.1875
5071,-4.0625
5072,-3.875
5073,0
5074,0
5075,0
5076,7.9375
5077,-8
5078,0.0625
5079,0
5080,0.0625
5081,0
5082,-0.0625
5083,0
5084,-2.1875
5085,-2
5086,-1.875
5087,-1.75
5088,-1.5625
5089,0
5090,0
5091,0
5092,7.9375
5093,-8
5094,0.0625
5095,0
5096,0.0625
5097,0
5098,-0.0625
5099,0
5100,0.125
5101,0.3125
5102,0.4375
5103,0.5625
5104,0.75
5105,0
5106,0
5107,0
5108,7.9375
5109,-8
5110,0.0625
5111,0
5112,0.0625
5113,0
5114,-0.0625
5115,0
5116,2.4375
5117,2.625
5118,2.75
5119,2.875
5120,3.0625
5121,0
5122,0
5123,0
5124,7.9375
5125,-8
5126,0.0625
5127,0
5128,0.0625
5129,0
5130,-0.0625
5131,0
5132,4.75
5133,4.9375
5134,5.0625
5135,5.1875
5136,5.375
5137,0
5138,0
5139,0
5140,7.9375
5141,-8
5142,0.0625
5143,0
5144,0.0625
5145,0
5146,-0.0625
5147,0
5148,7.0625
5149,7.25
5150,7.375
5151,7.5
5152,7.6875
5153,0
5154,0
5155,0
5156,7.9375
5157,-8
5158,0.0625
5159,0
5160,0.0625
5161,0
5162,-0.0625
5163,0
5164,-6.625
5165,-6.4375
5166,-6.3125
5167,-6.1875
5168,-6
5169,0
5170,0
5171,0
5172,7.9375
5173,-8
5174,0.0625
5175,0
5176,0.0625
5177,0
5178,-0.0625
5179,0
5180,-4.3125
5181,-4.125
5182,-4
5183,-3.875
5184,-3.6875
5185,0
5186,0
5187,0
5188,7.9375
5189,-8
5190,0.0625
5191,0
5192,0.0625
5193,0
5194,-0.0625
5195,0
5196,-2
5197,-1.8125
5198,-1.6875
5199,-1.5625
5200,-1.375
5201,0
5202,0
5203,0
5204,7.9375
5205,-8
5206,0.0625
5207,0
5208,0.0625
5209,0
5210,-0.0625
5211,0
5212,0.3125
5213,0.5
5214,0.625
5215,0.75
5216,0.9375
5217,0
5218,0
5219,0
5220,7.9375
5221,-8
5222,0.0625
5223,0
5224,0.0625
5225,0
5226,-0.0625
5227,0
5228,2.625
5229,2.8125
5230,2.9375
5231,3.0625
5232,3.25
5233,0
5234,0
5235,0
5236,7.9375
5237,-8
5238,0.0625
5239,0
5240,0.0625
5241,0
5242,-0.0625
5243,0
5244,4.9375
5245,5.125
5246,5.25
5247,5.375
5248,5.5625
5249,0
5250,0
5251,0
5252,7.9375
5253,-8
5254,0.0625
5255,0
5256,0.0625
5257,0
5258,-0.0625
5259,0
5260,7.25
5261,7.4375
5262,7.5625
5263,7.6875
5264,7.875
5265,0
5266,0
5267,0
5268,7.9375
5269,-8
5270,0.0625
5271,0
5272,0.0625
5273,0
5274,-0.0625
5275,0
5276,-6.4375
5277,-6.25
5278,-6.125
5279,-6
5280,-5.8125
5281,0
5282,0
5283,0
5284,7.9375
5285,-8
5286,0.0625
5287,0
5288,0.0625
5289,0
5290,-0.0625
5291,0
5292,-4.125
5293,-3.9375
5294,-3.8125
5295,-3.6875
5296,-3.5
5297,0
5298,0
5299,0
5300,7.9375
5301,-8
5302,0.0625
5303,0
5304,0.0625
5305,0
5306,-0.0625
5307,0
5308,-1.8125
5309,-1.625
5310,-1.5
5311,-1.375
5312,-1.1875
5313,0
5314,0
5315,0
5316,7.9375
5317,-8
5318,0.0625
5319,0
5320,0.0625
5321,0
5322,-0.0625
5323,0
5324,0.5
5325,0.6875
5326,0.8125
5327,0.9375
5328,1.125
5329,0
5330,0
5331,0
5332,7.9375
5333,-8
5334,0.0625
5335,0
5336,0.0625
5337,0
5338,-0.0625
5339,0
5340,2.8125
5341,3
5342,3.125
5343,3.25
5344,3.4375
5345,0
5346,0
5347,0
5348,7.9375
5349,-8
5350,0.0625
5351,0
5352,0.0625
5353,0
5354,-0.0625
5355,0
5356,5.125
5357,5.3125
5358,5.4375
5359,5.5625
5360,5.75
5361,0
5362,0
5363,0
5364,7.9375
5365,-8
5366,0.0625
5367,0
5368,0.0625
5369,0
5370,-0.0625
5371,0
5372,7.4375
5373,7.625
5374,7.75
5375,7.875
5376,-7.9375
5377,0
5378,0
5379,0
5380,7.9375
5381,-8
5382,0.0625
5383,0
5384,0.0625
5385,0
5386,-0.0625
5387,0
5388,-6.25
5389,-6.0625
5390,-5.9375
5391,-5.8125
5392,-5.625
5393,0
5394,0
5395,0
5396,7.9375
5397,-8
5398,0.0625
5399,0
5400,0.0625
5401,0
5402,-0.0625
5403,0
5404,-3.9375
5405,-3.75
5406,-3.625
5407,-3.5
5408,-3.3125
5409,0
5410,0
5411,0
5412,7.9375
5413,-8
5414,0.0625
5415,0
5416,0.0625
5417,0
5418,-0.0625
5419,0
5420,-1.625
5421,-1.4375
5422,-1.3125
5423,-1.1875
5424,-1
5425,0
5426,0
5427,0
5428,7.9375
5429,-8
5430,0.0625
5431,0
5432,0.0625
5433,0
5434,-0.0625
5435,0
5436,0.6875
5437,0.875
5438,1
5439,1.125
5440,1.3125
5441,0
5442,0
5443,0
5444,7.9375
5445,-8
5446,0.0625
5447,0
5448,0.0625
5449,0
5450,-0.0625
5451,0
5452,3
5453,3.1875
5454,3.3125
5455,3.4375
5456,3.625
5457,0
5458,0
5459,0
5460,7.9375
5461,-8
5462,0.0625
5463,0
5464,0.0625
5465,0
5466,-0.0625
5467,0
5468,5.3125
5469,5.5
5470,5.625
5471,5.75
5472,5.9375
5473,0
5474,0
5475,0
5476,7.9375
5477,-8
5478,0.0625
5479,0
5480,0.0625
5481,0
5482,-0.0625
5483,0
5484,7.625
5485,7.8125
5486,7.9375
5487,-7.9375
5488,-7.75
5489,0
5490,0
5491,0
5492,7.9375
5493,-8
5494,0.0625
5495,0
5496,0.0625
5497,0
5498,-0.0625
5499,0
5500,-6.0625
5501,-5.875
5502,-5.75
5503,-5.625
5504,-5.4375
5505,0
5506,0
5507,0
5508,7.9375
5509,-8
5510,0.0625
5511,0
5512,0.0625
5513,0
5514,-0.0625
5515,0
5516,-3.75
5517,-3.5625
5518,-3.4375
5519,-3.3125
5520,-3.125
5521,0
5522,0
5523,0
5524,7.9375
5525,-8
5526,0.0625
5527,0
5528,0.0625
5529,0
5530,-0.0625
5531,0
5532,-1.4375
5533,-1.25
5534,-1.125
5535,-1
5536,-0.8125
5537,0
5538,0
5539,0
5540,7.9375
5541,-8
5542,0.0625
5543,0
5544,0.0625
5545,0
5546,-0.0625
5547,0
5548,0.875
5549,1.0625
5550,1.1875
5551,1.3125
5552,1.5
5553,0
5554,0
5555,0
5556,7.9375
5557,-8
5558,0.0625
5559,0
5560,0.0625
5561,0
5562,-0.0625
5563,0
5564,3.1875
5565,3.375
5566,3.5
5567,3.625
5568,3.8125
5569,0
5570,0
5571,0
5572,7.9375
5573,-8
5574,0.0625
5575,0
5576,0.0625
5577,0
5578,-0.0625
5579,0
5580,5.5
5581,5.6875
5582,5.8125
5583,5.9375
5584,6.125
5585,0
5586,0
5587,0
5588,7.9375
5589,-8
5590,0.0625
5591,0
5592,0.0625
5593,0
5594,-0.0625
5595,0
5596,7.8125
5597,7.9375
5598,-7.875
5599,-7.75
5600,-7.5625
5601,0
5602,0
5603,0
5604,7.9375
5605,-8
5606,0.0625
5607,0
5608,0.0625
5609,0
5610,-0.0625
5611,0
5612,-5.875
5613,-5.6875
5614,-5.5625
5615,-5.4375
5616,-5.25
5617,0
5618,0
5619,0
5620,7.9375
5621,-8
5622,0.0625
5623,0
5624,0.0625
5625,0
5626,-0.0625
5627,0
5628,-3.5625
5629,-3.375
5630,-3.25
5631,-3.125
5632,-2.9375
5633,0
5634,0
5635,0
5636,7.9375
5637,-8
5638,0.0625
5639,0
5640,0.0625
5641,0
5642,-0.0625
5643,0
5644,-1.25
5645,-1.0625
5646,-0.9375
5647,-0.8125
5648,-0.625
5649,0
5650,0
5651,0
5652,7.9375
5653,-8
5654,0.0625
5655,0
5656,0.0625
5657,0
5658,-0.0625
5659,0
5660,1.0625
5661,1.25
5662,1.375
5663,1.5
5664,1.6875
5665,0
5666,0
5667,0
5668,7.9375
5669,-8
5670,0.0625
5671,0
5672,0.0625
5673,0
5674,-0.0625
5675,0
5676,3.375
5677,3.5625
5678,3.6875
5679,3.8125
5680,4
5681,0
5682,0
5683,0
5684,7.9375
5685,-8
5686,0.0625
5687,0
5688,0.0625
5689,0
5690,-0.0625
5691,0
5692,5.6875
5693,5.875
5694,6
5695,6.125
5696,6.3125
5697,0
5698,0
5699,0
5700,7.9375
5701,-8
5702,0.0625
5703,0
5704,0.0625
5705,0
5706,-0.0625
5707,0
5708,-8
5709,-7.8125
5710,-7.6875
5711,-7.5625
5712,-7.375
5713,0
5714,0
5715,0
5716,7.9375
5717,-8
5718,0.0625
5719,0
5720,0.0625
5721,0
5722,-0.0625
5723,0
5724,-5.6875
5725,-5.5
5726,-5.375
5727,-5.25
5728,-5.0625
5729,0
5730,0
5731,0
5732,7.9375
5733,-8
5734,0.0625
5735,0
5736,0.0625
5737,0
5738,-0.0625
5739,0
5740,-3.375
5741,-3.1875
5742,-3.0625
5743,-2.9375
5744,-2.75
5745,0
5746,0
5747,0
5748,7.9375
5749,-8
5750,0.0625
5751,0
5752,0.0625
5753,0
5754,-0.0625
5755,0
5756,-1.0625
5757,-0.875
5758,-0.75
5759,-0.625
5760,-0.4375
5761,0
5762,0
5763,0
5764,7.9375
5765,-8
5766,0.0625
5767,0
5768,0.0625
5769,0
5770,-0.0625
5771,0
5772,1.25
5773,1.4375
5774,1.5625
5775,1.6875
5776,1.875
5777,0
5778,0
5779,0
5780,7.9375
5781,-8
5782,0.0625
5783,0
5784,0.0625
5785,0
5786,-0.0625
5787,0
5788,3.5625
5789,3.75
5790,3.875
5791,4
5792,4.1875
5793,0
5794,0
5795,0
5796,7.9375
5797,-8
5798,0.0625
5799,0
5800,0.0625
5801,0
5802,-0.0625
5803,0
5804,5.875
5805,6.0625
5806,6.1875
5807,6.3125
5808,6.5
5809,0
5810,0
5811,0
5812,7.9375
5813,-8
5814,0.0625
5815,0
5816,0.0625
5817,0
5818,-0.0625
5819,0
5820,-7.8125
5821,-7.625
5822,-7.5
5823,-7.375
5824,-7.1875
5825,0
5826,0
5827,0
5828,7.9375
5829,-8
5830,0.0625
5831,0
5832,0.0625
5833,0
5834,-0.0625
5835,0
5836,-5.5
5837,-5.3125
5838,-5.1875
5839,-5.0625
5840,-4.875
5841,0
5842,0
5843,0
5844,7.9375
5845,-8
5846,0.0625
5847,0
5848,0.0625
5849,0
5850,-0.0625
5851,0
5852,-3.1875
5853,-3
5854,-2.875
5855,-2.75
5856,-2.5625
5857,0
5858,0
5859,0
5860,7.9375
5861,-8
5862,0.0625
5863,0
5864,0.0625
5865,0
5866,-0.0625
5867,0
5868,-0.875
5869,-0.6875
5870,-0.5625
5871,-0.4375
5872,-0.25
5873,0
5874,0
5875,0
5876,7.9375
5877,-8
5878,0.0625
5879,0
5880,0.0625
5881,0
5882,-0.0625
5883,0
5884,1.4375
5885,1.625
5886,1.75
5887,1.875
5888,2.0625
5889,0
5890,0
5891,0
5892,7.9375
5893,-8
5894,0.0625
5895,0
5896,0.0625
5897,0
5898,-0.0625
5899,0
5900,3.75
5901,3.9375
5902,4.0625
5903,4.1875
5904,4.375
5905,0
5906,0
5907,0
5908,7.9375
5909,-8
5910,0.0625
5911,0
5912,0.0625
5913,0
5914,-0.0625
5915,0
5916,6.0625
5917,6.25
5918,6.375
5919,6.5
5920,6.6875
5921,0
5922,0
5923,0
5924,7.9375
5925,-8
5926,0.0625
5927,0
5928,0.0625
5929,0
5930,-0.0625
5931,0
5932,-7.625
5933,-7.4375
5934,-7.3125
5935,-7.1875
5936,-7
5937,0
5938,0
5939,0
5940,7.9375
5941,-8
5942,0.0625
5943,0
5944,0.0625
5945,0
5946,-0.0625
5947,0
5948,-5.3125
5949,-5.125
5950,-5
5951,-4.875
5952,-4.6875
5953,0
5954,0
5955,0
5956,7.9375
5957,-8
5958,0.0625
5959,0
5960,0.0625
5961,0
5962,-0.0625
5963,0
5964,-3
5965,-2.8125
5966,-2.6875
5967,-2.5625
5968,-2.375
5969,0
5970,0
5971,0
5972,7.9375
5973,-8
5974,0.0625
5975,0
5976,0.0625
5977,0
5978,-0.0625
5979,0
5980,-0.6875
5981,-0.5
5982,-0.375
5983,-0.25
5984,-0.0625
5985,0
5986,0
5987,0
5988,7.9375
5989,-8
5990,0.0625
5991,0
5992,0.0625
5993,0
5994,-0.0625
5995,0
5996,1.625
5997,1.8125
5998,1.9375
5999,2.0625
6000,2.25
6001,0
6002,0
6003,0
6004,7.9375
6005,-8
6006,0.0625
6007,0
6008,0.0625
6009,0
6010,-0.0625
6011,0
6012,3.9375
6013,4.125
6014,4.25
6015,4.375
6016,4.5625
6017,0
6018,0
6019,0
6020,7.9375
6021,-8
6022,0.0625
6023,0
6024,0.0625
6025,0
6026,-0.0625
6027,0
6028,6.25
6029,6.4375
6030,6.5625
6031,6.6875
6032,6.875
6033,0
6034,0
6035,0
6036,7.9375
6037,-8
6038,0.0625
6039,0
6040,0.0625
6041,0
6042,-0.0625
6043,0
6044,-7.4375
6045,-7.25
6046,-7.125
6047,-7
6048,-6.8125
6049,0
6050,0
6051,0
6052,7.9375
6053,-8
6054,0.0625
6055,0
6056,0.0625
6057,0
6058,-0.0625
6059,0
6060,-5.125
6061,-4.9375
6062,-4.8125
6063,-4.6875
6064,-4.5
6065,0
6066,0
6067,0
6068,7.9375
6069,-8
6070,0.0625
6071,0
6072,0.0625
6073,0
6074,-0.0625
6075,0
6076,-2.8125
6077,-2.625
6078,-2.5
6079,-2.375
6080,-2.1875
6081,0
6082,0
6083,0
6084,7.9375
6085,-8
6086,0.0625
6087,0
6088,0.0625
6089,0
6090,-0.0625
6091,0
6092,-0.5
6093,-0.3125
6094,-0.1875
6095,-0.0625
6096,0.125
6097,0
6098,0
6099,0
6100,7.9375
6101,-8
6102,0.0625
6103,0
6104,0.0625
6105,0
6106,-0.0625
6107,0
6108,1.8125
6109,2
6110,2.125
6111,2.25
6112,2.4375
6113,0
6114,0
6115,0
6116,7.9375
6117,-8
6118,0.0625
6119,0
6120,0.0625
6121,0
6122,-0.0625
6123,0
6124,4.125
6125,4.3125
6126,4.4375
6127,4.5625
6128,4.75
6129,0
6130,0
6131,0
6132,7.9375
6133,-8
6134,0.0625
6135,0
6136,0.0625
6137,0
6138,-0.0625
6139,0
6140,6.4375
6141,6.625
6142,6.75
6143,6.875
6144,7.0625
6145,0
6146,0
6147,0
6148,7.9375
6149,-8
6150,0.0625
6151,0
6152,0.0625
6153,0
6154,-0.0625
6155,0
6156,-7.25
6157,-7.0625
6158,-6.9375
6159,-6.8125
6160,-6.625
6161,0
6162,0
6163,0
6164,7.9375
6165,-8
6166,0.0625
6167,0
6168,0.0625
6169,0
6170,-0.0625
6171,0
6172,-4.9375
6173,-4.75
6174,-4.625
6175,-4.5
6176,-4.3125
6177,0
6178,0
6179,0
6180,7.9375
6181,-8
6182,0.0625
6183,0
6184,0.0625
6185,0
6186,-0.0625
6187,0
6188,-2.625
6189,-2.4375
6190,-2.3125
6191,-2.1875
6192,-2
6193,0
6194,0
6195,0
6196,7.9375
6197,-8
6198,0.0625
6199,0
6200,0.0625
6201,0
6202,-0.0625
6203,0
6204,-0.3125
6205,-0.125
6206,0
6207,0.125
6208,0.3125
6209,0
6210,0
6211,0
6212,7.9375
6213,-8
6214,0.0625
6215,0
6216,0.0625
6217,0
6218,-0.0625
6219,0
6220,2
6221,2.1875
6222,2.3125
6223,2.4375
6224,2.625
6225,0
6226,0
6227,0
6228,7.9375
6229,-8
6230,0.0625
6231,0
6232,0.0625
6233,0
6234,-0.0625
6235,0
6236,4.3125
6237,4.5
6238,4.625
6239,4.75
6240,4.9375
6241,0
6242,0
6243,0
6244,7.9375
6245,-8
6246,0.0625
6247,0
6248,0.0625
6249,0
6250,-0.0625
6251,0
6252,6.625
6253,6.8125
6254,6.9375
6255,7.0625
6256,7.25
6257,0
6258,0
6259,0
6260,7.9375
6261,-8
6262,0.0625
6263,0
6264,0.0625
6265,0
6266,-0.0625
6267,0
6268,-7.0625
6269,-6.875
6270,-6.75
6271,-6.625
6272,-6.4375
6273,0
6274,0
6275,0
6276,7.9375
6277,-8
6278,0.0625
6279,0
6280,0.0625
6281,0
6282,-0.0625
6283,0
6284,-4.75
6285,-4.5625
6286,-4.4375
6287,-4.3125
6288,-4.125
6289,0
6290,0
6291,0
6292,7.9375
6293,-8
6294,0.0625
6295,0
6296,0.0625
6297,0
6298,-0.0625
6299,0
6300,-2.4375
6301,-2.25
6302,-2.125
6303,-2
6304,-1.8125
6305,0
6306,0
6307,0
6308,7.9375
6309,-8
6310,0.0625
6311,0
6312,0.0625
6313,0
6314,-0.0625
6315,0
6316,-0.125
6317,0.0625
6318,0.1875
6319,0.3125
6320,0.5
6321,0
6322,0
6323,0
6324,7.9375
6325,-8
6326,0.0625
6327,0
6328,0.0625
6329,0
6330,-0.0625
6331,0
6332,2.1875
6333,2.375
6334,2.5
6335,2.625
6336,2.8125
6337,0
6338,0
6339,0
6340,7.9375
6341,-8
6342,0.0625
6343,0
6344,0.0625
6345,0
6346,-0.0625
6347,0
6348,4.5
6349,4.6875
6350,4.8125
6351,4.9375
6352,5.125
6353,0
6354,0
6355,0
6356,7.9375
6357,-8
6358,0.0625
6359,0
6360,0.0625
6361,0
6362,-0.0625
6363,0
6364,6.8125
6365,7
6366,7.125
6367,7.25
6368,7.4375
6369,0
6370,0
6371,0
6372,7.9375
6373,-8
6374,0.0625
6375,0
6376,0.0625
6377,0
6378,-0.0625
6379,0
6380,-6.875
6381,-6.6875
6382,-6.5625
6383,-6.4375
6384,-6.25
6385,0
6386,0
6387,0
6388,7.9375
6389,-8
6390,0.0625
6391,0
6392,0.0625
6393,0
6394,-0.0625
6395,0
6396,-4.5625
6397,-4.375
6398,-4.25
6399,-4.125
6400,-3.9375
6401,0
6402,0
6403,0
6404,7.9375
6405,-8
6406,0.0625
6407,0
6408,0.0625
6409,0
6410,-0.0625
6411,0
6412,-2.25
6413,-2.0625
6414,-1.9375
6415,-1.8125
6416,-1.625
6417,0
6418,0
6419,0
6420,7.9375
6421,-8
6422,0.0625
6423,0
6424,0.0625
6425,0
6426,-0.0625
6427,0
6428,0.0625
6429,0.25
6430,0.375
6431,0.5
6432,0.6875
6433,0
6434,0
6435,0
6436,7.9375
6437,-8
6438,0.0625
6439,0
6440,0.0625
6441,0
6442,-0.0625
6443,0
6444,2.375
6445,2.5625
6446,2.6875
6447,2.8125
6448,3
6449,0
6450,0
6451,0
6452,7.9375
6453,-8
6454,0.0625
6455,0
6456,0.0625
6457,0
6458,-0.0625
6459,0
6460,4.6875
6461,4.875
6462,5
6463,5.125
6464,5.3125
6465,0
6466,0
6467,0
6468,7.9375
6469,-8
6470,0.0625
6471,0
6472,0.0625
6473,0
6474,-0.0625
6475,0
6476,7
6477,7.1875
6478,7.3125
6479,7.4375
6480,7.625
6481,0
6482,0
6483,0
6484,7.9375
6485,-8
6486,0.0625
6487,0
6488,0.0625
6489,0
6490,-0.0625
6491,0
6492,-6.6875
6493,-6.5
6494,-6.375
6495,-6.25
6496,-6.0625
6497,0
6498,0
6499,0
6500,7.9375
6501,-8
6502,0.0625
6503,0
6504,0.0625
6505,0
6506,-0.0625
6507,0
6508,-4.375
6509,-4.1875
6510,-4.0625
6511,-3.9375
6512,-3.75
6513,0
6514,0
6515,0
6516,7.9375
6517,-8
6518,0.0625
6519,0
6520,0.0625
6521,0
6522,-0.0625
6523,0
6524,-2.0625
6525,-1.875
6526,-1.75
6527,-1.625
6528,-1.4375
6529,0
6530,0
6531,0
6532,7.9375
6533,-8
6534,0.0625
6535,0
6536,0.0625
6537,0
6538,-0.0625
6539,0
6540,0.25
6541,0.4375
6542,0.5625
6543,0.6875
6544,0.875
6545,0
6546,0
6547,0
6548,7.9375
6549,-8
6550,0.0625
6551,0
6552,0.0625
6553,0
6554,-0.0625
6555,0
6556,2.5625
6557,2.75
6558,2.875
6559,3
6560,3.1875
6561,0
6562,0
6563,0
6564,7.9375
6565,-8
6566,0.0625
6567,0
6568,0.0625
6569,0
6570,-0.0625
6571,0
6572,4.875
6573,5.0625
6574,5.1875
6575,5.3125
6576,5.5
6577,0
6578,0
6579,0
6580,7.9375
6581,-8
6582,0.0625
6583,0
6584,0.0625
6585,0
6586,-0.0625
6587,0
6588,7.1875
6589,7.375
6590,7.5
6591,7.625
6592,7.8125
6593,0
6594,0
6595,0
6596,7.9375
6597,-8
6598,0.0625
6599,0
6600,0.0625
6601,0
6602,-0.0625
6603,0
6604,-6.5
6605,-6.3125
6606,-6.1875
6607,-6.0625
6608,-5.875
6609,0
6610,0
6611,0
6612,7.9375
6613,-8
6614,0.0625
6615,0
6616,0.0625
6617,0
6618,-0.0625
6619,0
6620,-4.1875
6621,-4
6622,-3.875
6623,-3.75
6624,-3.5625
6625,0
6626,0
6627,0
6628,7.9375
6629,-8
6630,0.0625
6631,0
6632,0.0625
6633,0
6634,-0.0625
6635,0
6636,-1.875
6637,-1.6875
6638,-1.5625
6639,-1.4375
6640,-1.25
6641,0
6642,0
6643,0
6644,7.9375
6645,-8
6646,0.0625
6647,0
6648,0.0625
6649,0
6650,-0.0625
6651,0
6652,0.4375
6653,0.625
6654,0.75
6655,0.875
6656,1.0625
6657,0
6658,0
6659,0
6660,7.9375
6661,-8
6662,0.0625
6663,0
6664,0.0625
6665,0
6666,-0.0625
6667,0
6668,2.75
6669,2.9375
6670,3.0625
6671,3.1875
6672,3.375
6673,0
6674,0
6675,0
6676,7.9375
6677,-8
6678,0.0625
6679,0
6680,0.0625
6681,0
6682,-0.0625
6683,0
6684,5.0625
6685,5.25
6686,5.375
6687,5.5
6688,5.6875
6689,0
6690,0
6691,0
6692,7.9375
6693,-8
6694,0.0625
6695,0
6696,0.0625
6697,0
6698,-0.0625
6699,0
6700,7.375
6701,7.5625
6702,7.6875
6703,7.8125
6704,7.9375
6705,0
6706,0
6707,0
6708,7.9375
6709,-8
6710,0.0625
6711,0
6712,0.0625
6713,0
6714,-0.0625
6715,0
6716,-6.3125
6717,-6.125
6718,-6
6719,-5.875
6720,-5.6875
6721,0
6722,0
6723,0
6724,7.9375
6725,-8
6726,0.0625
6727,0
6728,0.0625
6729,0
6730,-0.0625
6731,0
6732,-4
6733,-3.8125
6734,-3.6875
6735,-3.5625
6736,-3.375
6737,0
6738,0
6739,0
6740,7.9375
6741,-8
6742,0.0625
6743,0
6744,0.0625
6745,0
6746,-0.0625
6747,0
6748,-1.6875
6749,-1.5
6750,-1.375
6751,-1.25
6752,-1.0625
6753,0
6754,0
6755,0
6756,7.9375
6757,-8
6758,0.0625
6759,0
6760,0.0625
6761,0
6762,-0.0625
6763,0
6764,0.625
6765,0.8125
6766,0.9375
6767,1.0625
6768,1.25
6769,0
6770,0
6771,0
6772,7.9375
6773,-8
6774,0.0625
6775,0
6776,0.0625
6777,0
6778,-0.0625
6779,0
6780,2.9375
6781,3.125
6782,3.25
6783,3.375
6784,3.5625
6785,0
6786,0
6787,0
6788,7.9375
6789,-8
6790,0.0625
6791,0
6792,0.0625
6793,0
6794,-0.0625
6795,0
6796,5.25
6797,5.4375
6798,5.5625
6799,5.6875
6800,5.875
6801,0
6802,0
6803,0
6804,7.9375
6805,-8
6806,0.0625
6807,0
6808,0.0625
6809,0
6810,-0.0625
6811,0
6812,7.5625
6813,7.75
6814,7.875
6815,-8
6816,-7.8125
6817,0
6818,0
6819,0
6820,7.9375
6821,-8
6822,0.0625
6823,0
6824,0.0625
6825,0
6826,-0.0625
6827,0
6828,-6.125
6829,-5.9375
6830,-5.8125
6831,-5.6875
6832,-5.5
6833,0
6834,0
6835,0
6836,7.9375
6837,-8
6838,0.0625
6839,0
6840,0.0625
6841,0
6842,-0.0625
6843,0
6844,-3.8125
6845,-3.625
6846,-3.5
6847,-3.375
6848,-3.1875
6849,0
6850,0
6851,0
6852,7.9375
6853,-8
6854,0.0625
6855,0
6856,0.0625
6857,0
6858,-0.0625
6859,0
6860,-1.5
6861,-1.3125
6862,-1.1875
6863,-1.0625
6864,-0.875
6865,0
6866,0
6867,0
6868,7.9375
6869,-8
6870,0.0625
6871,0
6872,0.0625
6873,0
6874,-0.0625
6875,0
6876,0.8125
6877,1
6878,1.125
6879,1.25
6880,1.4375
6881,0
6882,0
6883,0
6884,7.9375
6885,-8
6886,0.0625
6887,0
6888,0.0625
6889,0
6890,-0.0625
6891,0
6892,3.125
6893,3.3125
6894,3.4375
6895,3.5625
6896,3.75
6897,0
6898,0
6899,0
6900,7.9375
6901,-8
6902,0.0625
6903,0
6904,0.0625
6905,0
6906,-0.0625
6907,0
6908,5.4375
6909,5.625
6910,5.75
6911,5.875
6912,6.0625
6913,0
6914,0
6915,0
6916,7.9375
6917,-8
6918,0.0625
6919,0
6920,0.0625
6921,0
6922,-0.0625
6923,0
6924,7.75
6925,7.9375
6926,-7.9375
6927,-7.8125
6928,-7.625
6929,0
6930,0
6931,0
6932,7.9375
6933,-8
6934,0.0625
6935,0
6936,0.0625
6937,0
6938,-0.0625
6939,0
6940,-5.9375
6941,-5.75
6942,-5.625
6943,-5.5
6944,-5.3125
6945,0
6946,0
6947,0
6948,7.9375
6949,-8
6950,0.0625
6951,0
6952,0.0625
6953,0
6954,-0.0625
6955,0
6956,-3.625
6957,-3.4375
6958,-3.3125
6959,-3.1875
6960,-3
6961,0
6962,0
6963,0
6964,7.9375
6965,-8
6966,0.0625
6967,0
6968,0.0625
6969,0
6970,-0.0625
6971,0
6972,-1.3125
6973,-1.125
6974,-1
6975,-0.875
6976,-0.6875
6977,0
6978,0
6979,0
6980,7.9375
6981,-8
6982,0.0625
6983,0
6984,0.0625
6985,0
6986,-0.0625
6987,0
6988,1
6989,1.1875
6990,1.3125
6991,1.4375
6992,1.625
6993,0
6994,0
6995,0
6996,7.9375
6997,-8
6998,0.0625
6999,0
7000,0.0625
7001,0
7002,-0.0625
7003,0
7004,3.3125
7005,3.5
7006,3.625
7007,3.75
7008,3.9375
7009,0
7010,0
7011,0
7012,7.9375
7013,-8
7014,0.0625
7015,0
7016,0.0625
7017,0
7018,-0.0625
7019,0
7020,5.625
7021,5.8125
7022,5.9375
7023,6.0625
7024,6.25
7025,0
7026,0
7027,0
7028,7.9375
7029,-8
7030,0.0625
7031,0
7032,0.0625
7033,0
7034,-0.0625
7035,0
7036,7.9375
7037,-7.875
7038,-7.75
7039,-7.625
7040,-7.4375
7041,0
7042,0
7043,0
7044,7.9375
7045,-8
7046,0.0625
7047,0
7048,0.0625
7049,0
7050,-0.0625
7051,0
7052,-5.75
7053,-5.5625
7054,-5.4375
7055,-5.3125
7056,-5.125
7057,0
7058,0
7059,0
7060,7.9375
7061,-8
7062,0.0625
7063,0
7064,0.0625
7065,0
7066,-0.0625
7067,0
7068,-3.4375
7069,-3.25
7070,-3.125
7071,-3
7072,-2.8125
7073,0
7074,0
7075,0
7076,7.9375
7077,-8
7078,0.0625
7079,0
7080,0.0625
7081,0
7082,-0.0625
7083,0
7084,-1.125
7085,-0.9375
7086,-0.8125
7087,-0.6875
7088,-0.5
7089,0
7090,0
7091,0
7092,7.9375
7093,-8
7094,0.0625
7095,0
7096,0.0625
7097,0
7098,-0.0625
7099,0
7100,1.1875
7101,1.375
7102,1.5
7103,1.625
7104,1.8125
7105,0
7106,0
7107,0
7108,7.9375
7109,-8
7110,0.0625
7111,0
7112,0.0625
7113,0
7114,-0.0625
7115,0
7116,3.5
7117,3.6875
7118,3.8125
7119,3.9375
7120,4.125
7121,0
7122,0
7123,0
7124,7.9375
7125,-8
7126,0.0625
7127,0
7128,0.0625
7129,0
7130,-0.0625
7131,0
7132,5.8125
7133,6
7134,6.125
7135,6.25
7136,6.4375
7137,0
7138,0
7139,0
7140,7.9375
7141,-8
7142,0.0625
7143,0
7144,0.0625
7145,0
7146,-0.0625
7147,0
7148,-7.875
7149,-7.6875
7150,-7.5625
7151,-7.4375
7152,-7.25
7153,0
7154,0
7155,0
7156,7.9375
7157,-8
7158,0.0625
7159,0
7160,0.0625
7161,0
7162,-0.0625
7163,0
7164,-5.5625
7165,-5.375
7166,-5.25
7167,-5.125
7168,-4.9375
7169,0
7170,0
7171,0
7172,7.9375
7173,-8
7174,0.0625
7175,0
7176,0.0625
7177,0
7178,-0.0625
7179,0
7180,-3.25
7181,-3.0625
7182,-2.9375
7183,-2.8125
7184,-2.625
7185,0
7186,0
7187,0
7188,7.9375
7189,-8
7190,0.0625
7191,0
7192,0.0625
7193,0
7194,-0.0625
7195,0
7196,-0.9375
7197,-0.75
7198,-0.625
7199,-0.5
7200,-0.3125
7201,0
7202,0
7203,0
7204,7.9375
7205,-8
7206,0.0625
7207,0
7208,0.0625
7209,0
7210,-0.0625
7211,0
7212,1.375
7213,1.5625
7214,1.6875
7215,1.8125
7216,2
7217,0
7218,0
7219,0
7220,7.9375
7221,-8
7222,0.0625
7223,0
7224,0.0625
7225,0
7226,-0.0625
7227,0
7228,3.6875
7229,3.875
7230,4
7231,4.125
7232,4.3125
7233,0
7234,0
7235,0
7236,7.9375
7237,-8
7238,0.0625
7239,0
7240,0.0625
7241,0
7242,-0.0625
7243,0
7244,6
7245,6.1875
7246,6.3125
7247,6.4375
7248,6.625
7249,0
7250,0
7251,0
7252,7.9375
7253,-8
7254,0.0625
7255,0
7256,0.0625
7257,0
7258,-0.0625
7259,0
7260,-7.6875
7261,-7.5
7262,-7.375
7263,-7.25
7264,-7.0625
7265,0
7266,0
7267,0
7268,7.9375
7269,-8
7270,0.0625
7271,0
7272,0.0625
7273,0
7274,-0.0625
7275,0
7276,-5.375
7277,-5.1875
7278,-5.0625
7279,-4.9375
7280,-4.75
7281,0
7282,0
7283,0
7284,7.9375
7285,-8
7286,0.0625
7287,0
7288,0.0625
7289,0
7290,-0.0625
7291,0
7292,-3.0625
7293,-2.875
7294,-2.75
7295,-2.625
7296,-2.4375
7297,0
7298,0
7299,0
7300,7.9375
7301,-8
7302,0.0625
7303,0
7304,0.0625
7305,0
7306,-0.0625
7307,0
7308,-0.75
7309,-0.5625
7310,-0.4375
7311,-0.3125
7312,-0.125
7313,0
7314,0
7315,0
7316,7.9375
7317,-8
7318,0.0625
7319,0
7320,0.0625
7321,0
7322,-0.0625
7323,0
7324,1.5625
7325,1.75
7326,1.875
7327,2
7328,2.1875
7329,0
7330,0
7331,0
7332,7.9375
7333,-8
7334,0.0625
7335,0
7336,0.0625
7337,0
7338,-0.0625
7339,0
7340,3.875
7341,4.0625
7342,4.1875
7343,4.3125
7344,4.5
7345,0
7346,0
7347,0
7348,7.9375
7349,-8
7350,0.0625
7351,0
7352,0.0625
7353,0
7354,-0.0625
7355,0
7356,6.1875
7357,6.375
7358,6.5
7359,6.625
7360,6.8125
7361,0
7362,0
7363,0
7364,7.9375
7365,-8
7366,0.0625
7367,0
7368,0.0625
7369,0
7370,-0.0625
7371,0
7372,-7.5
7373,-7.3125
7374,-7.1875
7375,-7.0625
7376,-6.875
7377,0
7378,0
7379,0
7380,7.9375
7381,-8
7382,0.0625
7383,0
7384,0.0625
7385,0
7386,-0.0625
7387,0
7388,-5.1875
7389,-5
7390,-4.875
7391,-4.75
7392,-4.5625
7393,0
7394,0
7395,0
7396,7.9375
7397,-8
7398,0.0625
7399,0
7400,0.0625
7401,0
7402,-0.0625
7403,0
7404,-2.875
7405,-2.6875
7406,-2.5625
7407,-2.4375
7408,-2.25
7409,0
7410,0
7411,0
7412,7.9375
7413,-8
7414,0.0625
7415,0
7416,0.0625
7417,0
7418,-0.0625
7419,0
7420,-0.5625
7421,-0.375
7422,-0.25
7423,-0.125
7424,0.0625
7425,0
7426,0
7427,0
7428,7.9375
7429,-8
7430,0.0625
7431,0
7432,0.0625
7433,0
7434,-0.0625
7435,0
7436,1.75
7437,1.9375
7438,2.0625
7439,2.1875
7440,2.375
7441,0
7442,0
7443,0
7444,7.9375
7445,-8
7446,0.0625
7447,0
7448,0.0625
7449,0
7450,-0.0625
7451,0
7452,4.0625
7453,4.25
7454,4.375
7455,4.5
7456,4.6875
7457,0
7458,0
7459,0
7460,7.9375
7461,-8
7462,0.0625
7463,0
7464,0.0625
7465,0
7466,-0.0625
7467,0
7468,6.375
7469,6.5625
7470,6.6875
7471,6.8125
7472,7
7473,0
7474,0
7475,0
7476,7.9375
7477,-8
7478,0.0625
7479,0
7480,0.0625
7481,0
7482,-0.0625
7483,0
7484,-7.3125
7485,-7.125
7486,-7
7487,-6.875
7488,-6.6875
7489,0
7490,0
7491,0
7492,7.9375
7493,-8
7494,0.0625
7495,0
7496,0.0625
7497,0
7498,-0.0625
7499,0
7500,-5
7501,-4.8125
7502,-4.6875
7503,-4.5625
7504,-4.375
7505,0
7506,0
7507,0
7508,7.9375
7509,-8
7510,0.0625
7511,0
7512,0.0625
7513,0
7514,-0.0625
7515,0
7516,-2.6875
7517,-2.5
7518,-2.375
7519,-2.25
7520,-2.0625
7521,0
7522,0
7523,0
7524,7.9375
7525,-8
7526,0.0625
7527,0
7528,0.0625
7529,0
7530,-0.0625
7531,0
7532,-0.375
7533,-0.1875
7534,-0.0625
7535,0.0625
7536,0.25
7537,0
7538,0
7539,0
7540,7.9375
7541,-8
7542,0.0625
7543,0
7544,0.0625
7545,0
7546,-0.0625
7547,0
7548,1.9375
7549,2.125
7550,2.25
7551,2.375
7552,2.5625
7553,0
7554,0
7555,0
7556,7.9375
7557,-8
7558,0.0625
7559,0
7560,0.0625
7561,0
7562,-0.0625
7563,0
7564,4.25
7565,4.4375
7566,4.5625
7567,4.6875
7568,4.875
7569,0
7570,0
7571,0
7572,7.9375
7573,-8
7574,0.0625
7575,0
7576,0.0625
7577,0
7578,-0.0625
7579,0
7580,6.5625
7581,6.75
7582,6.875
7583,7
7584,7.1875
7585,0
7586,0
7587,0
7588,7.9375
7589,-8
7590,0.0625
7591,0
7592,0.0625
7593,0
7594,-0.0625
7595,0
7596,-7.125
7597,-6.9375
7598,-6.8125
7599,-6.6875
7600,-6.5
7601,0
7602,0
7603,0
7604,7.9375
7605,-8
7606,0.0625
7607,0
7608,0.0625
7609,0
7610,-0.0625
7611,0
7612,-4.8125
7613,-4.625
7614,-4.5
7615,-4.375
7616,-4.1875
7617,0
7618,0
7619,0
7620,7.9375
7621,-8
7622,0.0625
7623,0
7624,0.0625
7625,0
7626,-0.0625
7627,0
7628,-2.5
7629,-2.3125
7630,-2.1875
7631,-2.0625
7632,-1.875
7633,0
7634,0
7635,0
7636,7.9375
7637,-8
7638,0.0625
7639,0
7640,0.0625
7641,0
7642,-0.0625
7643,0
7644,-0.1875
7645,0
7646,0.125
7647,0.25
7648,0.4375
7649,0
7650,0
7651,0
7652,7.9375
7653,-8
7654,0.0625
7655,0
7656,0.0625
7657,0
7658,-0.0625
7659,0
7660,2.125
7661,2.3125
7662,2.4375
7663,2.5625
7664,2.75
7665,0
7666,0
7667,0
7668,7.9375
7669,-8
7670,0.0625
7671,0
7672,0.0625
7673,0
7674,-0.0625
7675,0
7676,4.4375
7677,4.625
7678,4.75
7679,4.875
7680,5.0625
7681,0
7682,0
7683,0
7684,7.9375
7685,-8
7686,0.0625
7687,0
7688,0.0625
7689,0
7690,-0.0625
7691,0
7692,6.75
7693,6.9375
7694,7.0625
7695,7.1875
7696,7.375
7697,0
7698,0
7699,0
7700,7.9375
7701,-8
7702,0.0625
7703,0
7704,0.0625
7705,0
7706,-0.0625
7707,0
7708,-6.9375
7709,-6.75
7710,-6.625
7711,-6.5
7712,-6.3125
7713,0
7714,0
7715,0
7716,7.9375
7717,-8
7718,0.0625
7719,0
7720,0.0625
7721,0
7722,-0.0625
7723,0
7724,-4.625
7725,-4.4375
7726,-4.3125
7727,-4.1875
7728,-4
7729,0
7730,0
7731,0
7732,7.9375
7733,-8
7734,0.0625
7735,0
7736,0.0625
7737,0
7738,-0.0625
7739,0
7740,-2.3125
7741,-2.125
7742,-2
7743,-1.875
7744,-1.6875
7745,0
7746,0
7747,0
7748,7.9375
7749,-8
7750,0.0625
7751,0
7752,0.0625
7753,0
7754,-0.0625
7755,0
7756,0
7757,0.1875
7758,0.3125
7759,0.4375
7760,0.625
7761,0
7762,0
7763,0
7764,7.9375
7765,-8
7766,0.0625
7767,0
7768,0.0625
7769,0
7770,-0.0625
7771,0
7772,2.3125
7773,2.5
7774,2.625
7775,2.75
7776,2.9375
7777,0
7778,0
7779,0
7780,7.9375
7781,-8
7782,0.0625
7783,0
7784,0.0625
7785,0
7786,-0.0625
7787,0
7788,4.625
7789,4.8125
7790,4.9375
7791,5.0625
7792,5.25
7793,0
7794,0
7795,0
7796,7.9375
7797,-8
7798,0.0625
7799,0
7800,0.0625
7801,0
7802,-0.0625
7803,0
7804,6.9375
7805,7.125
7806,7.25
7807,7.375
7808,7.5625
7809,0
7810,0
7811,0
7812,7.9375
7813,-8
7814,0.0625
7815,0
7816,0.0625
7817,0
7818,-0.0625
7819,0
7820,-6.75
7821,-6.5625
7822,-6.4375
7823,-6.3125
7824,-6.125
7825,0
7826,0
7827,0
7828,7.9375
7829,-8
7830,0.0625
7831,0
7832,0.0625
7833,0
7834,-0.0625
7835,0
7836,-4.4375
7837,-4.25
7838,-4.125
7839,-4
7840,-3.8125
7841,0
7842,0
7843,0
7844,7.9375
7845,-8
7846,0.0625
7847,0
7848,0.0625
7849,0
7850,-0.0625
7851,0
7852,-2.125
7853,-1.9375
7854,-1.8125
7855,-1.6875
7856,-1.5
7857,0
7858,0
7859,0
7860,7.9375
7861,-8
7862,0.0625
7863,0
7864,0.0625
7865,0
7866,-0.0625
7867,0
7868,0.1875
7869,0.375
7870,0.5
7871,0.625
7872,0.8125
7873,0
7874,0
7875,0
7876,7.9375
7877,-8
7878,0.0625
7879,0
7880,0.0625
7881,0
7882,-0.0625
7883,0
7884,2.5
7885,2.6875
7886,2.8125
7887,2.9375
7888,3.125
7889,0
7890,0
7891,0
7892,7.9375
7893,-8
7894,0.0625
7895,0
7896,0.0625
7897,0
7898,-0.0625
7899,0
7900,4.8125
7901,5
7902,5.125
7903,5.25
7904,5.4375
7905,0
7906,0
7907,0
7908,7.9375
7909,-8
7910,0.0625
7911,0
7912,0.0625
7913,0
7914,-0.0625
7915,0
7916,7.125
7917,7.3125
7918,7.4375
7919,7.5625
7920,7.75
7921,0
7922,0
7923,0
7924,7.9375
7925,-8
7926,0.0625
7927,0
7928,0.0625
7929,0
7930,-0.0625
7931,0
7932,-6.5625
7933,-6.375
7934,-6.25
7935,-6.125
7936,-5.9375
7937,0
7938,0
7939,0
7940,7.9375
7941,-8
7942,0.0625
7943,0
7944,0.0625
7945,0
7946,-0.0625
7947,0
7948,-4.25
7949,-4.0625
7950,-3.9375
7951,-3.8125
7952,-3.625
7953,0
7954,0
7955,0
7956,7.9375
7957,-8
7958,0.0625
7959,0
7960,0.0625
7961,0
7962,-0.0625
7963,0
7964,-1.9375
7965,-1.75
7966,-1.625
7967,-1.5
7968,-1.3125
7969,0
7970,0
7971,0
7972,7.9375
7973,-8
7974,0.0625
7975,0
7976,0.0625
7977,0
7978,-0.0625
7979,0
7980,0.375
7981,0.5625
7982,0.6875
7983,0.8125
7984,1
7985,0
7986,0
7987,0
7988,7.9375
7989,-8
7990,0.0625
7991,0
7992,0.0625
7993,0
7994,-0.0625
7995,0
7996,2.6875
7997,2.875
7998,3
7999,3.125
8000,3.3125
8001,0
8002,0
8003,0
8004,7.9375
8005,-8
8006,0.0625
8007,0
8008,0.0625
8009,0
8010,-0.0625
8011,0
8012,5
8013,5.1875
8014,5.3125
8015,5.4375
8016,5.625
8017,0
8018,0
8019,0
8020,7.9375
8021,-8
8022,0.0625
8023,0
8024,0.0625
8025,0
8026,-0.0625
8027,0
8028,7.3125
8029,7.5
8030,7.625
8031,7.75
8032,7.9375
8033,0
8034,0
8035,0
8036,7.9375
8037,-8
8038,0.0625
8039,0
8040,0.0625
8041,0
8042,-0.0625
8043,0
8044,-6.375
8045,-6.1875
8046,-6.0625
8047,-5.9375
8048,-5.75
8049,0
8050,0
8051,0
8052,7.9375
8053,-8
8054,0.0625
8055,0
8056,0.0625
8057,0
8058,-0.0625
8059,0
8060,-4.0625
8061,-3.875
8062,-3.75
8063,-3.625
8064,-3.4375
8065,0
8066,0
8067,0
8068,7.9375
8069,-8
8070,0.0625
8071,0
8072,0.0625
8073,0
8074,-0.0625
8075,0
8076,-1.75
8077,-1.5625
8078,-1.4375
8079,-1.3125
8080,-1.125
8081,0
8082,0
8083,0
8084,7.9375
8085,-8
8086,0.0625
8087,0
8088,0.0625
8089,0
8090,-0.0625
8091,0
8092,0.5625
8093,0.75
8094,0.875
8095,1
8096,1.1875
8097,0
8098,0
8099,0
8100,7.9375
8101,-8
8102,0.0625
8103,0
8104,0.0625
8105,0
8106,-0.0625
8107,0
8108,2.875
8109,3.0625
8110,3.1875
8111,3.3125
8112,3.5
8113,0
8114,0
8115,0
8116,7.9375
8117,-8
8118,0.0625
8119,0
8120,0.0625
8121,0
8122,-0.0625
8123,0
8124,5.1875
8125,5.375
8126,5.5
8127,5.625
8128,5.8125
8129,0
8130,0
8131,0
8132,7.9375
8133,-8
8134,0.0625
8135,0
8136,0.0625
8137,0
8138,-0.0625
8139,0
8140,7.5
8141,7.6875
8142,7.8125
8143,7.9375
8144,-7.875
8145,0
8146,0
8147,0
8148,7.9375
8149,-8
8150,0.0625
8151,0
8152,0.0625
8153,0
8154,-0.0625
8155,0
8156,-6.1875
8157,-6
8158,-5.875
8159,-5.75
8160,-5.5625
8161,0
8162,0
8163,0
8164,7.9375
8165,-8
8166,0.0625
8167,0
8168,0.0625
8169,0
8170,-0.0625
8171,0
8172,-3.875
8173,-3.6875
8174,-3.5625
8175,-3.4375
8176,-3.25
8177,0
8178,0
8179,0
8180,7.9375
8181,-8
8182,0.0625
8183,0
8184,0.0625
8185,0
8186,-0.0625
8187,0
8188,-1.5625
8189,-1.375
8190,-1.25
8191,-1.125
8192,-0.9375
8193,0
8194,0
8195,0
8196,7.9375
8197,-8
8198,0.0625
8199,0
8200,0.0625
8201,0
8202,-0.0625
8203,0
8204,0.75
8205,0.9375
8206,1.0625
8207,1.1875
8208,1.375
8209,0
8210,0
8211,0
8212,7.9375
8213,-8
8214,0.0625
8215,0
8216,0.0625
8217,0
8218,-0.0625
8219,0
8220,3.0625
8221,3.25
8222,3.375
8223,3.5
8224,3.6875
8225,0
8226,0
8227,0
8228,7.9375
8229,-8
8230,0.0625
8231,0
8232,0.0625
8233,0
8234,-0.0625
8235,0
8236,5.375
8237,5.5625
8238,5.6875
8239,5.8125
8240,6
8241,0
8242,0
8243,0
8244,7.9375
8245,-8
8246,0.0625
8247,0
8248,0.0625
8249,0
8250,-0.0625
8251,0
8252,7.6875
8253,7.875
8254,7.9375
8255,-7.875
8256,-7.6875
8257,0
8258,0
8259,0
8260,7.9375
8261,-8
8262,0.0625
8263,0
8264,0.0625
8265,0
8266,-0.0625
8267,0
8268,-6
8269,-5.8125
8270,-5.6875
8271,-5.5625
8272,-5.375
8273,0
8274,0
8275,0
8276,7.9375
8277,-8
8278,0.0625
8279,0
8280,0.0625
8281,0
8282,-0.0625
8283,0
8284,-3.6875
8285,-3.5
8286,-3.375
8287,-3.25
8288,-3.0625
8289,0
8290,0
8291,0
8292,7.9375
8293,-8
8294,0.0625
8295,0
8296,0.0625
8297,0
8298,-0.0625
8299,0
8300,-1.375
8301,-1.1875
8302,-1.0625
8303,-0.9375
8304,-0.75
8305,0
8306,0
8307,0
8308,7.9375
8309,-8
8310,0.0625
8311,0
8312,0.0625
8313,0
8314,-0.0625
8315,0
8316,0.9375
8317,1.125
8318,1.25
8319,1.375
8320,1.5625
8321,0
8322,0
8323,0
8324,7.9375
8325,-8
8326,0.0625
8327,0
8328,0.0625
8329,0
8330,-0.0625
8331,0
8332,3.25
8333,3.4375
8334,3.5625
8335,3.6875
8336,3.875
8337,0
8338,0
8339,0
8340,7.9375
8341,-8
8342,0.0625
8343,0
8344,0.0625
8345,0
8346,-0.0625
8347,0
8348,5.5625
8349,5.75
8350,5.875
8351,6
8352,6.1875
8353,0
8354,0
8355,0
8356,7.9375
8357,-8
8358,0.0625
8359,0
8360,0.0625
8361,0
8362,-0.0625
8363,0
8364,7.875
8365,-7.9375
8366,-7.8125
8367,-7.6875
8368,-7.5
8369,0
8370,0
8371,0
8372,7.9375
8373,-8
8374,0.0625
8375,0
8376,0.0625
8377,0
8378,-0.0625
8379,0
8380,-5.8125
8381,-5.625
8382,-5.5
8383,-5.375
8384,-5.1875
8385,0
8386,0
8387,0
8388,7.9375
8389,-8
8390,0.0625
8391,0
8392,0.0625
8393,0
8394,-0.0625
8395,0
8396,-3.5
8397,-3.3125
8398,-3.1875
8399,-3.0625
8400,-2.875
8401,0
8402,0
8403,0
8404,7.9375
8405,-8
8406,0.0625
8407,0
8408,0.0625
8409,0
8410,-0.0625
8411,0
8412,-1.1875
8413,-1
8414,-0.875
8415,-0.75
8416,-0.5625
8417,0
8418,0
8419,0
8420,7.9375
8421,-8
8422,0.0625
8423,0
8424,0.0625
8425,0
8426,-0.0625
8427,0
8428,1.125
8429,1.3125
8430,1.4375
8431,1.5625
8432,1.75
8433,0
8434,0
8435,0
8436,7.9375
8437,-8
8438,0.0625
8439,0
8440,0.0625
8441,0
8442,-0.0625
8443,0
8444,3.4375
8445,3.625
8446,3.75
8447,3.875
8448,4.0625
8449,0
8450,0
8451,0
8452,7.9375
8453,-8
8454,0.0625
8455,0
8456,0.0625
8457,0
8458,-0.0625
8459,0
8460,5.75
8461,5.9375
8462,6.0625
8463,6.1875
8464,6.375
8465,0
8466,0
8467,0
8468,7.9375
8469,-8
8470,0.0625
8471,0
8472,0.0625
8473,0
8474,-0.0625
8475,0
8476,-7.9375
8477,-7.75
8478,-7.625
8479,-7.5
8480,-7.3125
8481,0
8482,0
8483,0
8484,7.9375
8485,-8
8486,0.0625
8487,0
8488,0.0625
8489,0
8490,-0.0625
8491,0
8492,-5.625
8493,-5.4375
8494,-5.3125
8495,-5.1875
8496,-5
8497,0
8498,0
8499,0
8500,7.9375
8501,-8
8502,0.0625
8503,0
8504,0.0625
8505,0
8506,-0.0625
8507,0
8508,-3.3125
8509,-3.125
8510,-3
8511,-2.875
8512,-2.6875
8513,0
8514,0
8515,0
8516,7.9375
8517,-8
8518,0.0625
8519,0
8520,0.0625
8521,0
8522,-0.0625
8523,0
8524,-1
8525,-0.8125
8526,-0.6875
8527,-0.5625
8528,-0.375
8529,0
8530,0
8531,0
8532,7.9375
8533,-8
8534,0.0625
8535,0
8536,0.0625
8537,0
8538,-0.0625
8539,0
8540,1.3125
8541,1.5
8542,1.625
8543,1.75
8544,1.9375
8545,0
8546,0
8547,0
8548,7.9375
8549,-8
8550,0.0625
8551,0
8552,0.0625
8553,0
8554,-0.0625
8555,0
8556,3.625
8557,3.8125
8558,3.9375
8559,4.0625
8560,4.25
8561,0
8562,0
8563,0
8564,7.9375
8565,-8
8566,0.0625
8567,0
8568,0.0625
8569,0
8570,-0.0625
8571,0
8572,5.9375
8573,6.125
8574,6.25
8575,6.375
8576,6.5625
8577,0
8578,0
8579,0
8580,7.9375
8581,-8
8582,0.0625
8583,0
8584,0.0625
8585,0
8586,-0.0625
8587,0
8588,-7.75
8589,-7.5625
8590,-7.4375
8591,-7.3125
8592,-7.125
8593,0
8594,0
8595,0
8596,7.9375
8597,-8
8598,0.0625
8599,0
8600,0.0625
8601,0
8602,-0.0625
8603,0
8604,-5.4375
8605,-5.25
8606,-5.125
8607,-5
8608,-4.8125
8609,0
8610,0
8611,0
8612,7.9375
8613,-8
8614,0.0625
8615,0
8616,0.0625
8617,0
8618,-0.0625
8619,0
8620,-3.125
8621,-2.9375
8622,-2.8125
8623,-2.6875
8624,-2.5
8625,0
8626,0
8627,0
8628,7.9375
8629,-8
8630,0.0625
8631,0
8632,0.0625
8633,0
8634,-0.0625
8635,0
8636,-0.8125
8637,-0.625
8638,-0.5
8639,-0.375
8640,-0.1875
8641,0
8642,0
8643,0
8644,7.9375
8645,-8
8646,0.0625
8647,0
8648,0.0625
8649,0
8650,-0.0625
8651,0
8652,1.5
8653,1.6875
8654,1.8125
8655,1.9375
8656,2.125
8657,0
8658,0
8659,0
8660,7.9375
8661,-8
8662,0.0625
8663,0
8664,0.0625
8665,0
8666,-0.0625
8667,0
8668,3.8125
8669,4
8670,4.125
8671,4.25
8672,4.4375
8673,0
8674,0
8675,0
8676,7.9375
8677,-8
8678,0.0625
8679,0
8680,0.0625
8681,0
8682,-0.0625
8683,0
8684,6.125
8685,6.3125
8686,6.4375
8687,6.5625
8688,6.75
8689,0
8690,0
8691,0
8692,7.9375
8693,-8
8694,0.0625
8695,0
8696,0.0625
8697,0
8698,-0.0625
8699,0
8700,-7.5625
8701,-7.375
8702,-7.25
8703,-7.125
8704,-6.9375
8705,0
8706,0
8707,0
8708,7.9375
8709,-8
8710,0.0625
8711,0
8712,0.0625
8713,0
8714,-0.0625
8715,0
8716,-5.25
8717,-5.0625
8718,-4.9375
8719,-4.8125
8720,-4.625
8721,0
8722,0
8723,0
8724,7.9375
8725,-8
8726,0.0625
8727,0
8728,0.0625
8729,0
8730,-0.0625
8731,0
8732,-2.9375
8733,-2.75
8734,-2.625
8735,-2.5
8736,-2.3125
8737,0
8738,0
8739,0
8740,7.9375
8741,-8
8742,0.0625
8743,0
8744,0.0625
8745,0
8746,-0.0625
8747,0
8748,-0.625
8749,-0.4375
8750,-0.3125
8751,-0.1875
8752,0
8753,0
8754,0
8755,0
8756,7.9375
8757,-8
8758,0.0625
8759,0
8760,0.0625
8761,0
8762,-0.0625
8763,0
8764,1.6875
8765,1.875
8766,2
8767,2.125
8768,2.3125
8769,0
8770,0
8771,0
8772,7.9375
8773,-8
8774,0.0625
8775,0
8776,0.0625
8777,0
8778,-0.0625
8779,0
8780,4
8781,4.1875
8782,4.3125
8783,4.4375
8784,4.625
8785,0
8786,0
8787,0
8788,7.9375
8789,-8
8790,0.0625
8791,0
8792,0.0625
8793,0
8794,-0.0625
8795,0
8796,6.3125
8797,6.5
8798,6.625
8799,6.75
8800,6.9375
8801,0
8802,0
8803,0
8804,7.9375
8805,-8
8806,0.0625
8807,0
8808,0.0625
8809,0
8810,-0.0625
8811,0
8812,-7.375
8813,-7.1875
8814,-7.0625
8815,-6.9375
8816,-6.75
8817,0
8818,0
8819,0
8820,7.9375
8821,-8
8822,0.0625
8823,0
8824,0.0625
8825,0
8826,-0.0625
8827,0
8828,-5.0625
8829,-4.875
8830,-4.75
8831,-4.625
8832,-4.4375
8833,0
8834,0
8835,0
8836,7.9375
8837,-8
8838,0.0625
8839,0
8840,0.0625
8841,0
8842,-0.0625
8843,0
8844,-2.75
8845,-2.5625
8846,-2.4375
8847,-2.3125
8848,-2.125
8849,0
8850,0
8851,0
8852,7.9375
8853,-8
8854,0.0625
8855,0
8856,0.0625
8857,0
8858,-0.0625
8859,0
8860,-0.4375
8861,-0.25
8862,-0.125
8863,0
8864,0.1875
8865,0
8866,0
8867,0
8868,7.9375
8869,-8
8870,0.0625
8871,0
8872,0.0625
8873,0
8874,-0.0625
8875,0
8876,1.875
8877,2.0625
8878,2.1875
8879,2.3125
8880,2.5
8881,0
8882,0
8883,0
8884,7.9375
8885,-8
8886,0.0625
8887,0
8888,0.0625
8889,0
8890,-0.0625
8891,0
8892,4.1875
8893,4.375
8894,4.5
8895,4.625
8896,4.8125
8897,0
8898,0
8899,0
8900,7.9375
8901,-8
8902,0.0625
8903,0
8904,0.0625
8905,0
8906,-0.0625
8907,0
8908,6.5
8909,6.6875
8910,6.8125
8911,6.9375
8912,7.125
8913,0
8914,0
8915,0
8916,7.9375
8917,-8
8918,0.0625
8919,0
8920,0.0625
8921,0
8922,-0.0625
8923,0
8924,-7.1875
8925,-7
8926,-6.875
8927,-6.75
8928,-6.5625
8929,0
8930,0
8931,0
8932,7.9375
8933,-8
8934,0.0625
8935,0
8936,0.0625
8937,0
8938,-0.0625
8939,0
8940,-4.875
8941,-4.6875
8942,-4.5625
8943,-4.4375
8944,-4.25
8945,0
8946,0
8947,0
8948,7.9375
8949,-8
8950,0.0625
8951,0
8952,0.0625
8953,0
8954,-0.0625
8955,0
8956,-2.5625
8957,-2.375
8958,-2.25
8959,-2.125
8960,-1.9375
8961,0
8962,0
8963,0
8964,7.9375
8965,-8
8966,0.0625
8967,0
8968,0.0625
8969,0
8970,-0.0625
8971,0
8972,-0.25
8973,-0.0625
8974,0.0625
8975,0.1875
8976,0.375
8977,0
8978,0
8979,0
8980,7.9375
8981,-8
8982,0.0625
8983,0
8984,0.0625
8985,0
8986,-0.0625
8987,0
8988,2.0625
8989,2.25
8990,2.375
8991,2.5
8992,2.6875
8993,0
8994,0
8995,0
8996,7.9375
8997,-8
8998,0.0625
8999,0
9000,0.0625
9001,0
9002,-0.0625
9003,0
9004,4.375
9005,4.5625
9006,4.6875
9007,4.8125
9008,5
9009,0
9010,0
9011,0
9012,7.9375
9013,-8
9014,0.0625
9015,0
9016,0.0625
9017,0
9018,-0.0625
9019,0
9020,6.6875
9021,6.875
9022,7
9023,7.125
9024,7.3125
9025,0
9026,0
9027,0
9028,7.9375
9029,-8
9030,0.0625
9031,0
9032,0.0625
9033,0
9034,-0.0625
9035,0
9036,-7
9037,-6.8125
9038,-6.6875
9039,-6.5625
9040,-6.375
9041,0
9042,0
9043,0
9044,7.9375
9045,-8
9046,0.0625
9047,0
9048,0.0625
9049,0
9050,-0.0625
9051,0
9052,-4.6875
9053,-4.5
9054,-4.375
9055,-4.25
9056,-4.0625
9057,0
9058,0
9059,0
9060,7.9375
9061,-8
9062,0.0625
9063,0
9064,0.0625
9065,0
9066,-0.0625
9067,0
9068,-2.375
9069,-2.1875
9070,-2.0625
9071,-1.9375
9072,-1.75
9073,0
9074,0
9075,0
9076,7.9375
9077,-8
9078,0.0625
9079,0
9080,0.0625
9081,0
9082,-0.0625
9083,0
9084,-0.0625
9085,0.125
9086,0.25
9087,0.375
9088,0.5625
9089,0
9090,0
9091,0
9092,7.9375
9093,-8
9094,0.0625
9095,0
9096,0.0625
9097,0
9098,-0.0625
9099,0
9100,2.25
9101,2.4375
9102,2.5625
9103,2.6875
9104,2.875
9105,0
9106,0
9107,0
9108,7.9375
9109,-8
9110,0.0625
9111,0
9112,0.0625
9113,0
9114,-0.0625
9115,0
9116,4.5625
9117,4.75
9118,4.875
9119,5
9120,5.1875
9121,0
9122,0
9123,0
9124,7.9375
9125,-8
9126,0.0625
9127,0
9128,0.0625
9129,0
9130,-0.0625
9131,0
9132,6.875
9133,7.0625
9134,7.1875
9135,7.3125
9136,7.5
9137,0
9138,0
9139,0
9140,7.9375
9141,-8
9142,0.0625
9143,0
9144,0.0625
9145,0
9146,-0.0625
9147,0
9148,-6.8125
9149,-6.625
9150,-6.5
9151,-6.375
9152,-6.1875
9153,0
9154,0
9155,0
9156,7.9375
9157,-8
9158,0.0625
9159,0
9160,0.0625
9161,0
9162,-0.0625
9163,0
9164,-4.5
9165,-4.3125
9166,-4.1875
9167,-4.0625
9168,-3.875
9169,0
9170,0
9171,0
9172,7.9375
9173,-8
9174,0.0625
9175,0
9176,0.0625
9177,0
9178,-0.0625
9179,0
9180,-2.1875
9181,-2
9182,-1.875
9183,-1.75
9184,-1.5625
9185,0
9186,0
9187,0
9188,7.9375
9189,-8
9190,0.0625
9191,0
9192,0.0625
9193,0
9194,-0.0625
9195,0
9196,0.125
9197,0.3125
9198,0.4375
9199,0.5625
9200,0.75
9201,0
9202,0
9203,0
9204,7.9375
9205,-8
9206,0.0625
9207,0
9208,0.0625
9209,0
9210,-0.0625
9211,0
9212,2.4375
9213,2.625
9214,2.75
9215,2.875
9216,3.0625
9217,0
9218,0
9219,0
9220,7.9375
9221,-8
9222,0.0625
9223,0
9224,0.0625
9225,0
9226,-0.0625
9227,0
9228,4.75
9229,4.9375
9230,5.0625
9231,5.1875
9232,5.375
9233,0
9234,0
9235,0
9236,7.9375
9237,-8
9238,0.0625
9239,0
9240,0.0625
9241,0
9242,-0.0625
9243,0
9244,7.0625
9245,7.25
9246,7.375
9247,7.5
9248,7.6875
9249,0
9250,0
9251,0
9252,7.9375
9253,-8
9254,0.0625
9255,0
9256,0.0625
9257,0
9258,-0.0625
9259,0
9260,-6.625
9261,-6.4375
9262,-6.3125
9263,-6.1875
9264,-6
9265,0
9266,0
9267,0
9268,7.9375
9269,-8
9270,0.0625
9271,0
9272,0.0625
9273,0
9274,-0.0625
9275,0
9276,-4.3125
9277,-4.125
9278,-4
9279,-3.875
9280,-3.6875
9281,0
9282,0
9283,0
9284,7.9375
9285,-8
9286,0.0625
9287,0
9288,0.0625
9289,0
9290,-0.0625
9291,0
9292,-2
9293,-1.8125
9294,-1.6875
9295,-1.5625
9296,-1.375
9297,0
9298,0
9299,0
9300,7.9375
9301,-8
9302,0.0625
9303,0
9304,0.0625
9305,0
9306,-0.0625
9307,0
9308,0.3125
9309,0.5
9310,0.625
9311,0.75
9312,0.9375
9313,0
9314,0
9315,0
9316,7.9375
9317,-8
9318,0.0625
9319,0
9320,0.0625
9321,0
9322,-0.0625
9323,0
9324,2.625
9325,2.8125
9326,2.9375
9327,3.0625
9328,3.25
9329,0
9330,0
9331,0
9332,7.9375
9333,-8
9334,0.0625
9335,0
9336,0.0625
9337,0
9338,-0.0625
9339,0
9340,4.9375
9341,5.125
9342,5.25
9343,5.375
9344,5.5625
9345,0
9346,0
9347,0
9348,7.9375
9349,-8
9350,0.0625
9351,0
9352,0.0625
9353,0
9354,-0.0625
9355,0
9356,7.25
9357,7.4375
9358,7.5625
9359,7.6875
9360,7.875
9361,0
9362,0
9363,0
9364,7.9375
9365,-8
9366,0.0625
9367,0
9368,0.0625
9369,0
9370,-0.0625
9371,0
9372,-6.4375
9373,-6.25
9374,-6.125
9375,-6
9376,-5.8125
9377,0
9378,0
9379,0
9380,7.9375
9381,-8
9382,0.0625
9383,0
9384,0.0625
9385,0
9386,-0.0625
9387,0
9388,-4.125
9389,-3.9375
9390,-3.8125
9391,-3.6875
9392,-3.5
9393,0
9394,0
9395,0
9396,7.9375
9397,-8
9398,0.0625
9399,0
9400,0.0625
9401,0
9402,-0.0625
9403,0
9404,-1.8125
9405,-1.625
9406,-1.5
9407,-1.375
9408,-1.1875
9409,0
9410,0
9411,0
9412,7.9375
9413,-8
9414,0.0625
9415,0
9416,0.0625
9417,0
9418,-0.0625
9419,0
9420,0.5
9421,0.6875
9422,0.8125
9423,0.9375
9424,1.125
9425,0
9426,0
9427,0
9428,7.9375
9429,-8
9430,0.0625
9431,0
9432,0.0625
9433,0
9434,-0.0625
9435,0
9436,2.8125
9437,3
9438,3.125
9439,3.25
9440,3.4375
9441,0
9442,0
9443,0
9444,7.9375
9445,-8
9446,0.0625
9447,0
9448,0.0625
9449,0
9450,-0.0625
9451,0
9452,5.125
9453,5.3125
9454,5.4375
9455,5.5625
9456,5.75
9457,0
9458,0
9459,0
9460,7.9375
9461,-8
9462,0.0625
9463,0
9464,0.0625
9465,0
9466,-0.0625
9467,0
9468,7.4375
9469,7.625
9470,7.75
9471,7.875
9472,-7.9375
9473,0
9474,0
9475,0
9476,7.9375
9477,-8
9478,0.0625
9479,0
9480,0.0625
9481,0
9482,-0.0625
9483,0
9484,-6.25
9485,-6.0625
9486,-5.9375
9487,-5.8125
9488,-5.625
9489,0
9490,0
9491,0
9492,7.9375
9493,-8
9494,0.0625
9495,0
9496,0.0625
9497,0
9498,-0.0625
9499,0
9500,-3.9375
9501,-3.75
9502,-3.625
9503,-3.5
9504,-3.3125
9505,0
9506,0
9507,0
9508,7.9375
9509,-8
9510,0.0625
9511,0
9512,0.0625
9513,0
9514,-0.0625
9515,0
9516,-1.625
9517,-1.4375
9518,-1.3125
9519,-1.1875
9520,-1
9521,0
9522,0
9523,0
9524,7.9375
9525,-8
9526,0.0625
9527,0
9528,0.0625
9529,0
9530,-0.0625
9531,0
9532,0.6875
9533,0.875
9534,1
9535,1.125
9536,1.3125
9537,0
9538,0
9539,0
9540,7.9375
9541,-8
9542,0.0625
9543,0
9544,0.0625
9545,0
9546,-0.0625
9547,0
9548,3
9549,3.1875
9550,3.3125
9551,3.4375
9552,3.625
9553,0
9554,0
9555,0
9556,7.9375
9557,-8
9558,0.0625
9559,0
9560,0.0625
9561,0
9562,-0.0625
9563,0
9564,5.3125
9565,5.5
9566,5.625
9567,5.75
9568,5.9375
9569,0
9570,0
9571,0
9572,7.9375
9573,-8
9574,0.0625
9575,0
9576,0.0625
9577,0
9578,-0.0625
9579,0
9580,7.625
9581,7.8125
9582,7.9375
9583,-7.9375
9584,-7.75
9585,0
9586,0
9587,0
9588,7.9375
9589,-8
9590,0.0625
9591,0
9592,0.0625
9593,0
9594,-0.0625
9595,0
9596,-6.0625
9597,-5.875
9598,-5.75
9599,-5.625
9600,-5.4375
9601,0
9602,0
9603,0
9604,7.9375
9605,-8
9606,0.0625
9607,0
9608,0.0625
9609,0
9610,-0.0625
9611,0
9612,-3.75
9613,-3.5625
9614,-3.4375
9615,-3.3125
9616,-3.125
9617,0
9618,0
9619,0
9620,7.9375
9621,-8
9622,0.0625
9623,0
9624,0.0625
9625,0
9626,-0.0625
9627,0
9628,-1.4375
9629,-1.25
9630,-1.125
9631,-1
9632,-0.8125
9633,0
9634,0
9635,0
9636,7.9375
9637,-8
9638,0.0625
9639,0
9640,0.0625
9641,0
9642,-0.0625
9643,0
9644,0.875
9645,1.0625
9646,1.1875
9647,1.3125
9648,1.5
9649,0
9650,0
9651,0
9652,7.9375
9653,-8
9654,0.0625
9655,0
9656,0.0625
9657,0
9658,-0.0625
9659,0
9660,3.1875
9661,3.375
9662,3.5
9663,3.625
9664,3.8125
9665,0
9666,0
9667,0
9668,7.9375
9669,-8
9670,0.0625
9671,0
9672,0.0625
9673,0
9674,-0.0625
9675,0
9676,5.5
9677,5.6875
9678,5.8125
9679,5.9375
9680,6.125
9681,0
9682,0
9683,0
9684,7.9375
9685,-8
9686,0.0625
9687,0
9688,0.0625
9689,0
9690,-0.0625
9691,0
9692,7.8125
9693,7.9375
9694,-7.875
9695,-7.75
9696,-7.5625
9697,0
9698,0
9699,0
9700,7.9375
9701,-8
9702,0.0625
9703,0
9704,0.0625
9705,0
9706,-0.0625
9707,0
9708,-5.875
9709,-5.6875
9710,-5.5625
9711,-5.4375
9712,-5.25
9713,0
9714,0
9715,0
9716,7.9375
9717,-8
9718,0.0625
9719,0
9720,0.0625
9721,0
9722,-0.0625
9723,0
9724,-3.5625
9725,-3.375
9726,-3.25
9727,-3.125
9728,-2.9375
9729,0
9730,0
9731,0
9732,7.9375
9733,-8
9734,0.0625
9735,0
9736,0.0625
9737,0
9738,-0.0625
9739,0
9740,-1.25
9741,-1.0625
9742,-0.9375
9743,-0.8125
9744,-0.625
9745,0
9746,0
9747,0
9748,7.9375
9749,-8
9750,0.0625
9751,0
9752,0.0625
9753,0
9754,-0.0625
9755,0
9756,1.0625
9757,1.25
9758,1.375
9759,1.5
9760,1.6875
9761,0
9762,0
9763,0
9764,7.9375
9765,-8
9766,0.0625
9767,0
9768,0.0625
9769,0
9770,-0.0625
9771,0
9772,3.375
9773,3.5625
9774,3.6875
9775,3.8125
9776,4
9777,0
9778,0
9779,0
9780,7.9375
9781,-8
9782,0.0625
9783,0
9784,0.0625
9785,0
9786,-0.0625
9787,0
9788,5.6875
9789,5.875
9790,6
9791,6.125
9792,6.3125
9793,0
9794,0
9795,0
9796,7.9375
9797,-8
9798,0.0625
9799,0
9800,0.0625
9801,0
9802,-0.0625
9803,0
9804,-8
9805,-7.8125
9806,-7.6875
9807,-7.5625
9808,-7.375
9809,0
9810,0
9811,0
9812,7.9375
9813,-8
9814,0.0625
9815,0
9816,0.0625
9817,0
9818,-0.0625
9819,0
9820,-5.6875
9821,-5.5
9822,-5.375
9823,-5.25
9824,-5.0625
9825,0
9826,0
9827,0
9828,7.9375
9829,-8
9830,0.0625
9831,0
9832,0.0625
9833,0
9834,-0.0625
9835,0
9836,-3.375
9837,-3.1875
9838,-3.0625
9839,-2.9375
9840,-2.75
9841,0
9842,0
9843,0
9844,7.9375
9845,-8
9846,0.0625
9847,0
9848,0.0625
9849,0
9850,-0.0625
9851,0
9852,-1.0625
9853,-0.875
9854,-0.75
9855,-0.625
9856,-0.4375
9857,0
9858,0
9859,0
9860,7.9375
9861,-8
9862,0.0625
9863,0
9864,0.0625
9865,0
9866,-0.0625
9867,0
9868,1.25
9869,1.4375
9870,1.5625
9871,1.6875
9872,1.875
9873,0
9874,0
9875,0
9876,7.9375
9877,-8
9878,0.0625
9879,0
9880,0.0625
9881,0
9882,-0.0625
9883,0
9884,3.5625
9885,3.75
9886,3.875
9887,4
9888,4.1875
9889,0
9890,0
9891,0
9892,7.9375
9893,-8
9894,0.0625
9895,0
9896,0.0625
9897,0
9898,-0.0625
9899,0
9900,5.875
9901,6.0625
9902,6.1875
9903,6.3125
9904,6.5
9905,0
9906,0
9907,0
9908,7.9375
9909,-8
9910,0.0625
9911,0
9912,0.0625
9913,0
9914,-0.0625
9915,0
9916,-7.8125
9917,-7.625
9918,-7.5
9919,-7.375
9920,-7.1875
9921,0
9922,0
9923,0
9924,7.9375
9925,-8
9926,0.0625
9927,0
9928,0.0625
9929,0
9930,-0.0625
9931,0
9932,-5.5
9933,-5.3125
9934,-5.1875
9935,-5.0625
9936,-4.875
9937,0
9938,0
9939,0
9940,7.9375
9941,-8
9942,0.0625
9943,0
9944,0.0625
9945,0
9946,-0.0625
9947,0
9948,-3.1875
9949,-3
9950,-2.875
9951,-2.75
9952,-2.5625
9953,0
9954,0
9955,0
9956,7.9375
9957,-8
9958,0.0625
9959,0
9960,0.0625
9961,0
9962,-0.0625
9963,0
9964,-0.875
9965,-0.6875
9966,-0.5625
9967,-0.4375
9968,-0.25
9969,0
9970,0
9971,0
9972,7.9375
9973,-8
9974,0.0625
9975,0
9976,0.0625
9977,0
9978,-0.0625
9979,0
9980,1.4375
9981,1.625
9982,1.75
9983,1.875
9984,2.0625
9985,0
9986,0
9987,0
9988,7.9375
9989,-8
9990,0.0625
9991,0
9992,0.0625
9993,0
9994,-0.0625
9995,0
9996,3.75
9997,3.9375
9998,4.0625
9999,4.1875
10000,4.375
10001,0
10002,0
10003,0
10004,7.9375
10005,-8
10006,0.0625
10007,0
10008,0.0625
10009,0
10010,-0.0625
10011,0
10012,6.0625
10013,6.25
10014,6.375
10015,6.5
10016,6.6875
10017,0
10018,0
10019,0
10020,7.9375
10021,-8
10022,0.0625
10023,0
10024,0.0625
10025,0
10026,-0.0625
10027,0
10028,-7.625
10029,-7.4375
10030,-7.3125
10031,-7.1875
10032,-7
10033,0
10034,0
10035,0
10036,7.9375
10037,-8
10038,0.0625
10039,0
10040,0.0625
10041,0
10042,-0.0625
10043,0
10044,-5.3125
10045,-5.125
10046,-5
10047,-4.875
10048,-4.6875
10049,0
10050,0
10051,0
10052,7.9375
10053,-8
10054,0.0625
10055,0
10056,0.0625
10057,0
10058,-0.0625
10059,0
10060,-3
10061,-2.8125
10062,-2.6875
10063,-2.5625
10064,-2.375
10065,0
10066,0
10067,0
10068,7.9375
10069,-8
10070,0.0625
10071,0
10072,0.0625
10073,0
10074,-0.0625
10075,0
10076,-0.6875
10077,-0.5
10078,-0.375
10079,-0.25
10080,-0.0625
10081,0
10082,0
10083,0
10084,7.9375
10085,-8
10086,0.0625
10087,0
10088,0.0625
10089,0
10090,-0.0625
10091,0
10092,1.625
10093,1.8125
10094,1.9375
10095,2.0625
10096,2.25
10097,0
10098,0
10099,0
10100,7.9375
10101,-8
10102,0.0625
10103,0
10104,0.0625
10105,0
10106,-0.0625
10107,0
10108,3.9375
10109,4.125
10110,4.25
10111,4.375
10112,4.5625
10113,0
10114,0
10115,0
10116,7.9375
10117,-8
10118,0.0625
10119,0
10120,0.0625
10121,0
10122,-0.0625
10123,0
10124,6.25
10125,6.4375
10126,6.5625
10127,6.6875
10128,6.875
10129,0
10130,0
10131,0
10132,7.9375
10133,-8
10134,0.0625
10135,0
10136,0.0625
10137,0
10138,-0.0625
10139,0
10140,-7.4375
10141,-7.25
10142,-7.125
10143,-7
10144,-6.8125
10145,0
10146,0
10147,0
10148,7.9375
10149,-8
10150,0.0625
10151,0
10152,0.0625
10153,0
10154,-0.0625
10155,0
10156,-5.125
10157,-4.9375
10158,-4.8125
10159,-4.6875
10160,-4.5
10161,0
10162,0
10163,0
10164,7.9375
10165,-8
10166,0.0625
10167,0
10168,0.0625
10169,0
10170,-0.0625
10171,0
10172,-2.8125
10173,-2.625
10174,-2.5
10175,-2.375
10176,-2.1875
10177,0
10178,0
10179,0
10180,7.9375
10181,-8
10182,0.0625
10183,0
10184,0.0625
10185,0
10186,-0.0625
10187,0
10188,-0.5
10189,-0.3125
10190,-0.1875
10191,-0.0625
10192,0.125
10193,0
10194,0
10195,0
10196,7.9375
10197,-8
10198,0.0625
10199,0
10200,0.0625
10201,0
10202,-0.0625
10203,0
10204,1.8125
10205,2
10206,2.125
10207,2.25
10208,2.4375
10209,0
10210,0
10211,0
10212,7.9375
10213,-8
10214,0.0625
10215,0
10216,0.0625
10217,0
10218,-0.0625
10219,0
10220,4.125
10221,4.3125
10222,4.4375
10223,4.5625
10224,4.75
10225,0
10226,0
10227,0
10228,7.9375
10229,-8
10230,0.0625
10231,0
10232,0.0625
10233,0
10234,-0.0625
10235,0
10236,6.4375
10237,6.625
10238,6.75
10239,6.875
10240,7.0625
10241,0
10242,0
10243,0
10244,7.9375
10245,-8
10246,0.0625
10247,0
10248,0.0625
10249,0
10250,-0.0625
10251,0
10252,-7.25
10253,-7.0625
10254,-6.9375
10255,-6.8125
10256,-6.625
10257,0
10258,0
10259,0
10260,7.9375
10261,-8
10262,0.0625
10263,0
10264,0.0625
10265,0
10266,-0.0625
10267,0
10268,-4.9375
10269,-4.75
10270,-4.625
10271,-4.5
10272,-4.3125
10273,0
10274,0
10275,0
10276,7.9375
10277,-8
10278,0.0625
10279,0
10280,0.0625
10281,0
10282,-0.0625
10283,0
10284,-2.625
10285,-2.4375
10286,-2.3125
10287,-2.1875
10288,-2
10289,0
10290,0
10291,0
10292,7.9375
10293,-8
10294,0.0625
10295,0
10296,0.0625
10297,0
10298,-0.0625
10299,0
10300,-0.3125
10301,-0.125
10302,0
10303,0.125
10304,0.3125
10305,0
10306,0
10307,0
10308,7.9375
10309,-8
10310,0.0625
10311,0
10312,0.0625
10313,0
10314,-0.0625
10315,0
10316,2
10317,2.1875
10318,2.3125
10319,2.4375
10320,2.625
10321,0
10322,0
10323,0
10324,7.9375
10325,-8
10326,0.0625
10327,0
10328,0.0625
10329,0
10330,-0.0625
10331,0
10332,4.3125
10333,4.5
10334,4.625
10335,4.75
10336,4.9375
10337,0
10338,0
10339,0
10340,7.9375
10341,-8
10342,0.0625
10343,0
10344,0.0625
10345,0
10346,-0.0625
10347,0
10348,6.625
10349,6.8125
10350,6.9375
10351,7.0625
10352,7.25
10353,0
10354,0
10355,0
10356,7.9375
10357,-8
10358,0.0625
10359,0
10360,0.0625
10361,0
10362,-0.0625
10363,0
10364,-7.0625
10365,-6.875
10366,-6.75
10367,-6.625
10368,-6.4375
10369,0
10370,0
10371,0
10372,7.9375
10373,-8
10374,0.0625
10375,0
10376,0.0625
10377,0
10378,-0.0625
10379,0
10380,-4.75
10381,-4.5625
10382,-4.4375
10383,-4.3125
10384,-4.125
10385,0
10386,0
10387,0
10388,7.9375
10389,-8
10390,0.0625
10391,0
10392,0.0625
10393,0
10394,-0.0625
10395,0
10396,-2.4375
10397,-2.25
10398,-2.125
10399,-2
10400,-1.8125
10401,0
10402,0
10403,0
10404,7.9375
10405,-8
10406,0.0625
10407,0
10408,0.0625
10409,0
10410,-0.0625
10411,0
10412,-0.125
10413,0.0625
10414,0.1875
10415,0.3125
10416,0.5
10417,0
10418,0
10419,0
10420,7.9375
10421,-8
10422,0.0625
10423,0
10424,0.0625
10425,0
10426,-0.0625
10427,0
10428,2.1875
10429,2.375
10430,2.5
10431,2.625
10432,2.8125
10433,0
10434,0
10435,0
10436,7.9375
10437,-8
10438,0.0625
10439,0
10440,0.0625
10441,0
10442,-0.0625
10443,0
10444,4.5
10445,4.6875
10446,4.8125
10447,4.9375
10448,5.125
10449,0
10450,0
10451,0
10452,7.9375
10453,-8
10454,0.0625
10455,0
10456,0.0625
10457,0
10458,-0.0625
10459,0
10460,6.8125
10461,7
10462,7.125
10463,7.25
10464,7.4375
10465,0
10466,0
10467,0
10468,7.9375
10469,-8
10470,0.0625
10471,0
10472,0.0625
10473,0
10474,-0.0625
10475,0
10476,-6.875
10477,-6.6875
10478,-6.5625
10479,-6.4375
10480,-6.25
10481,0
10482,0
10483,0
10484,7.9375
10485,-8
10486,0.0625
10487,0
10488,0.0625
10489,0
10490,-0.0625
10491,0
10492,-4.5625
10493,-4.375
10494,-4.25
10495,-4.125
10496,-3.9375
10497,0
10498,0
10499,0
10500,7.9375
10501,-8
10502,0.0625
10503,0
10504,0.0625
10505,0
10506,-0.0625
10507,0
10508,-2.25
10509,-2.0625
10510,-1.9375
10511,-1.8125
10512,-1.625
10513,0
10514,0
10515,0
10516,7.9375
10517,-8
10518,0.0625
10519,0
10520,0.0625
10521,0
10522,-0.0625
10523,0
10524,0.0625
10525,0.25
10526,0.375
10527,0.5
10528,0.6875
10529,0
10530,0
10531,0
10532,7.9375
10533,-8
10534,0.0625
10535,0
10536,0.0625
10537,0
10538,-0.0625
10539,0
10540,2.375
10541,2.5625
10542,2.6875
10543,2.8125
10544,3
10545,0
10546,0
10547,0
10548,7.9375
10549,-8
10550,0.0625
10551,0
10552,0.0625
10553,0
10554,-0.0625
10555,0
10556,4.6875
10557,4.875
10558,5
10559,5.125
10560,5.3125
10561,0
10562,0
10563,0
10564,7.9375
10565,-8
10566,0.0625
10567,0
10568,0.0625
10569,0
10570,-0.0625
10571,0
10572,7
10573,7.1875
10574,7.3125
10575,7.4375
10576,7.625
10577,0
10578,0
10579,0
10580,7.9375
10581,-8
10582,0.0625
10583,0
10584,0.0625
10585,0
10586,-0.0625
10587,0
10588,-6.6875
10589,-6.5
10590,-6.375
10591,-6.25
10592,-6.0625
10593,0
10594,0
10595,0
10596,7.9375
10597,-8
10598,0.0625
10599,0
10600,0.0625
10601,0
10602,-0.0625
10603,0
10604,-4.375
10605,-4.1875
10606,-4.0625
10607,-3.9375
10608,-3.75
10609,0
10610,0
10611,0
10612,7.9375
10613,-8
10614,0.0625
10615,0
10616,0.0625
10617,0
10618,-0.0625
10619,0
10620,-2.0625
10621,-1.875
10622,-1.75
10623,-1.625
10624,-1.4375
10625,0
10626,0
10627,0
10628,7.9375
10629,-8
10630,0.0625
10631,0
10632,0.0625
10633,0
10634,-0.0625
10635,0
10636,0.25
10637,0.4375
10638,0.5625
10639,0.6875
10640,0.875
10641,0
10642,0
10643,0
10644,7.9375
10645,-8
10646,0.0625
10647,0
10648,0.0625
10649,0
10650,-0.0625
10651,0
10652,2.5625
10653,2.75
10654,2.875
10655,3
10656,3.1875
10657,0
10658,0
10659,0
10660,7.9375
10661,-8
10662,0.0625
10663,0
10664,0.0625
10665,0
10666,-0.0625
10667,0
10668,4.875
10669,5.0625
10670,5.1875
10671,5.3125
10672,5.5
10673,0
10674,0
10675,0
10676,7.9375
10677,-8
10678,0.0625
10679,0
10680,0.0625
10681,0
10682,-0.0625
10683,0
10684,7.1875
10685,7.375
10686,7.5
10687,7.625
10688,7.8125
10689,0
10690,0
10691,0
10692,7.9375
10693,-8
10694,0.0625
10695,0
10696,0.0625
10697,0
10698,-0.0625
10699,0
10700,-6.5
10701,-6.3125
10702,-6.1875
10703,-6.0625
10704,-5.875
10705,0
10706,0
10707,0
10708,7.9375
10709,-8
10710,0.0625
10711,0
10712,0.0625
10713,0
10714,-0.0625
10715,0
10716,-4.1875
10717,-4
10718,-3.875
10719,-3.75
10720,-3.5625
10721,0
10722,0
10723,0
10724,7.9375
10725,-8
10726,0.0625
10727,0
10728,0.0625
10729,0
10730,-0.0625
10731,0
10732,-1.875
10733,-1.6875
10734,-1.5625
10735,-1.4375
10736,-1.25
10737,0
10738,0
10739,0
10740,7.9375
10741,-8
10742,0.0625
10743,0
10744,0.0625
10745,0
10746,-0.0625
10747,0
10748,0.4375
10749,0.625
10750,0.75
10751,0.875
10752,1.0625
10753,0
10754,0
10755,0
10756,7.9375
10757,-8
10758,0.0625
10759,0
10760,0.0625
10761,0
10762,-0.0625
10763,0
10764,2.75
10765,2.9375
10766,3.0625
10767,3.1875
10768,3.375
10769,0
10770,0
10771,0
10772,7.9375
10773,-8
10774,0.0625
10775,0
10776,0.0625
10777,0
10778,-0.0625
10779,0
10780,5.0625
10781,5.25
10782,5.375
10783,5.5
10784,5.6875
10785,0
10786,0
10787,0
10788,7.9375
10789,-8
10790,0.0625
10791,0
10792,0.0625
10793,0
10794,-0.0625
10795,0
10796,7.375
10797,7.5625
10798,7.6875
10799,7.8125
10800,7.9375
10801,0
10802,0
10803,0
10804,7.9375
10805,-8
10806,0.0625
10807,0
10808,0.0625
10809,0
10810,-0.0625
10811,0
10812,-6.3125
10813,-6.125
10814,-6
10815,-5.875
10816,-5.6875
10817,0
10818,0
10819,0
10820,7.9375
10821,-8
10822,0.0625
10823,0
10824,0.0625
10825,0
10826,-0.0625
10827,0
10828,-4
10829,-3.8125
10830,-3.6875
10831,-3.5625
10832,-3.375
10833,0
10834,0
10835,0
10836,7.9375
10837,-8
10838,0.0625
10839,0
10840,0.0625
10841,0
10842,-0.0625
10843,0
10844,-1.6875
10845,-1.5
10846,-1.375
10847,-1.25
10848,-1.0625
10849,0
10850,0
10851,0
10852,7.9375
10853,-8
10854,0.0625
10855,0
10856,0.0625
10857,0
10858,-0.0625
10859,0
10860,0.625
10861,0.8125
10862,0.9375
10863,1.0625
10864,1.25
10865,0
10866,0
10867,0
10868,7.9375
10869,-8
10870,0.0625
10871,0
10872,0.0625
10873,0
10874,-0.0625
10875,0
10876,2.9375
10877,3.125
10878,3.25
10879,3.375
10880,3.5625
10881,0
10882,0
10883,0
10884,7.9375
10885,-8
10886,0.0625
10887,0
10888,0.0625
10889,0
10890,-0.0625
10891,0
10892,5.25
10893,5.4375
10894,5.5625
10895,5.6875
10896,5.875
10897,0
10898,0
10899,0
10900,7.9375
10901,-8
10902,0.0625
10903,0
10904,0.0625
10905,0
10906,-0.0625
10907,0
10908,7.5625
10909,7.75
10910,7.875
10911,-8
10912,-7.8125
10913,0
10914,0
10915,0
10916,7.9375
10917,-8
10918,0.0625
10919,0
10920,0.0625
10921,0
10922,-0.0625
10923,0
10924,-6.125
10925,-5.9375
10926,-5.8125
10927,-5.6875
10928,-5.5
10929,0
10930,0
10931,0
10932,7.9375
10933,-8
10934,0.0625
10935,0
10936,0.0625
10937,0
10938,-0.0625
10939,0
10940,-3.8125
10941,-3.625
10942,-3.5
10943,-3.375
10944,-3.1875
10945,0
10946,0
10947,0
10948,7.9375
10949,-8
10950,0.0625
10951,0
10952,0.0625
10953,0
10954,-0.0625
10955,0
10956,-1.5
10957,-1.3125
10958,-1.1875
10959,-1.0625
10960,-0.875
10961,0
10962,0
10963,0
10964,7.9375
10965,-8
10966,0.0625
10967,0
10968,0.0625
10969,0
10970,-0.0625
10971,0
10972,0.8125
10973,1
10974,1.125
10975,1.25
10976,1.4375
10977,0
10978,0
10979,0
10980,7.9375
10981,-8
10982,0.0625
10983,0
10984,0.0625
10985,0
10986,-0.0625
10987,0
10988,3.125
10989,3.3125
10990,3.4375
10991,3.5625
10992,3.75
10993,0
10994,0
10995,0
10996,7.9375
10997,-8
10998,0.0625
10999,0
11000,0.0625
11001,0
11002,-0.0625
11003,0
11004,5.4375
11005,5.625
11006,5.75
11007,5.875
11008,6.0625
11009,0
11010,0
11011,0
11012,7.9375
11013,-8
11014,0.0625
11015,0
11016,0.0625
11017,0
11018,-0.0625
11019,0
11020,7.75
11021,7.9375
11022,-7.9375
11023,-7.8125
11024,-7.625
11025,0
11026,0
11027,0
11028,7.9375
11029,-8
11030,0.0625
11031,0
11032,0.0625
11033,0
11034,-0.0625
11035,0
11036,-5.9375
11037,-5.75
11038,-5.625
11039,-5.5
11040,-5.3125
11041,0
11042,0
11043,0
11044,7.9375
11045,-8
11046,0.0625
11047,0
11048,0.0625
11049,0
11050,-0.0625
11051,0
11052,-3.625
11053,-3.4375
11054,-3.3125
11055,-3.1875
11056,-3
11057,0
11058,0
11059,0
11060,7.9375
11061,-8
11062,0.0625
11063,0
11064,0.0625
11065,0
11066,-0.0625
11067,0
11068,-1.3125
11069,-1.125
11070,-1
11071,-0.875
11072,-0.6875
11073,0
11074,0
11075,0
11076,7.9375
11077,-8
11078,0.0625
11079,0
11080,0.0625
11081,0
11082,-0.0625
11083,0
11084,1
11085,1.1875
11086,1.3125
11087,1.4375
11088,1.625
11089,0
11090,0
11091,0
11092,7.9375
11093,-8
11094,0.0625
11095,0
11096,0.0625
11097,0
11098,-0.0625
11099,0
11100,3.3125
11101,3.5
11102,3.625
11103,3.75
11104,3.9375
11105,0
11106,0
11107,0
11108,7.9375
11109,-8
11110,0.0625
11111,0
11112,0.0625
11113,0
11114,-0.0625
11115,0
11116,5.625
11117,5.8125
11118,5.9375
11119,6.0625
11120,6.25
11121,0
11122,0
11123,0
11124,7.9375
11125,-8
11126,0.0625
11127,0
11128,0.0625
11129,0
11130,-0.0625
11131,0
11132,7.9375
11133,-7.875
11134,-7.75
11135,-7.625
11136,-7.4375
11137,0
11138,0
11139,0
11140,7.9375
11141,-8
11142,0.0625
11143,0
11144,0.0625
11145,0
11146,-0.0625
11147,0
11148,-5.75
11149,-5.5625
11150,-5.4375
11151,-5.3125
11152,-5.125
11153,0
11154,0
11155,0
11156,7.9375
11157,-8
11158,0.0625
11159,0
11160,0.0625
11161,0
11162,-0.0625
11163,0
11164,-3.4375
11165,-3.25
11166,-3.125
11167,-3
11168,-2.8125
11169,0
11170,0
11171,0
11172,7.9375
11173,-8
11174,0.0625
11175,0
11176,0.0625
11177,0
11178,-0.0625
11179,0
11180,-1.125
11181,-0.9375
11182,-0.8125
11183,-0.6875
11184,-0.5
11185,0
11186,0
11187,0
11188,7.9375
11189,-8
11190,0.0625
11191,0
11192,0.0625
11193,0
11194,-0.0625
11195,0
11196,1.1875
11197,1.375
11198,1.5
11199,1.625
11200,1.8125
11201,0
11202,0
11203,0
11204,7.9375
11205,-8
11206,0.0625
11207,0
11208,0.0625
11209,0
11210,-0.0625
11211,0
11212,3.5
11213,3.6875
11214,3.8125
11215,3.9375
11216,4.125
11217,0
11218,0
11219,0
11220,7.9375
11221,-8
11222,0.0625
11223,0
11224,0.0625
11225,0
11226,-0.0625
11227,0
11228,5.8125
11229,6
11230,6.125
11231,6.25
11232,6.4375
11233,0
11234,0
11235,0
11236,7.9375
11237,-8
11238,0.0625
11239,0
11240,0.0625
11241,0
11242,-0.0625
11243,0
11244,-7.875
11245,-7.6875
11246,-7.5625
11247,-7.4375
11248,-7.25
11249,0
11250,0
11251,0
11252,7.9375
11253,-8
11254,0.0625
11255,0
11256,0.0625
11257,0
11258,-0.0625
11259,0
11260,-5.5625
11261,-5.375
11262,-5.25
11263,-5.125
11264,-4.9375
11265,0
11266,0
11267,0
11268,7.9375
11269,-8
11270,0.0625
11271,0
11272,0.0625
11273,0
11274,-0.0625
11275,0
11276,-3.25
11277,-3.0625
11278,-2.9375
11279,-2.8125
11280,-2.625
11281,0
11282,0
11283,0
11284,7.9375
11285,-8
11286,0.0625
11287,0
11288,0.0625
11289,0
11290,-0.0625
11291,0
11292,-0.9375
11293,-0.75
11294,-0.625
11295,-0.5
11296,-0.3125
11297,0
11298,0
11299,0
11300,7.9375
11301,-8
11302,0.0625
11303,0
11304,0.0625
11305,0
11306,-0.0625
11307,0
11308,1.375
11309,1.5625
11310,1.6875
11311,1.8125
11312,2
11313,0
11314,0
11315,0
11316,7.9375
11317,-8
11318,0.0625
11319,0
11320,0.0625
11321,0
11322,-0.0625
11323,0
11324,3.6875
11325,3.875
11326,4
11327,4.125
11328,4.3125
11329,0
11330,0
11331,0
11332,7.9375
11333,-8
11334,0.0625
11335,0
11336,0.0625
11337,0
11338,-0.0625
11339,0
11340,6
11341,6.1875
11342,6.3125
11343,6.4375
11344,6.625
11345,0
11346,0
11347,0
11348,7.9375
11349,-8
11350,0.0625
11351,0
11352,0.0625
11353,0
11354,-0.0625
11355,0
11356,-7.6875
11357,-7.5
11358,-7.375
11359,-7.25
11360,-7.0625
11361,0
11362,0
11363,0
11364,7.9375
11365,-8
11366,0.0625
11367,0
11368,0.0625
11369,0
11370,-0.0625
11371,0
11372,-5.375
11373,-5.1875
11374,-5.0625
11375,-4.9375
11376,-4.75
11377,0
11378,0
11379,0
11380,7.9375
11381,-8
11382,0.0625
11383,0
11384,0.0625
11385,0
11386,-0.0625
11387,0
11388,-3.0625
11389,-2.875
11390,-2.75
11391,-2.625
11392,-2.4375
11393,0
11394,0
11395,0
11396,7.9375
11397,-8
11398,0.0625
11399,0
11400,0.0625
11401,0
11402,-0.0625
11403,0
11404,-0.75
11405,-0.5625
11406,-0.4375
11407,-0.3125
11408,-0.125
11409,0
11410,0
11411,0
11412,7.9375
11413,-8
11414,0.0625
11415,0
11416,0.0625
11417,0
11418,-0.0625
11419,0
11420,1.5625
11421,1.75
11422,1.875
11423,2
11424,2.1875
11425,0
11426,0
11427,0
11428,7.9375
11429,-8
11430,0.0625
11431,0
11432,0.0625
11433,0
11434,-0.0625
11435,0
11436,3.875
11437,4.0625
11438,4.1875
11439,4.3125
11440,4.5
11441,0
11442,0
11443,0
11444,7.9375
11445,-8
11446,0.0625
11447,0
11448,0.0625
11449,0
11450,-0.0625
11451,0
11452,6.1875
11453,6.375
11454,6.5
11455,6.625
11456,6.8125
11457,0
11458,0
11459,0
11460,7.9375
11461,-8
11462,0.0625
11463,0
11464,0.0625
11465,0
11466,-0.0625
11467,0
11468,-7.5
11469,-7.3125
11470,-7.1875
11471,-7.0625
11472,-6.875
11473,0
11474,0
11475,0
11476,7.9375
11477,-8
11478,0.0625
11479,0
11480,0.0625
11481,0
11482,-0.0625
11483,0
11484,-5.1875
11485,-5
11486,-4.875
11487,-4.75
11488,-4.5625
11489,0
11490,0
11491,0
11492,7.9375
11493,-8
11494,0.0625
11495,0
11496,0.0625
11497,0
11498,-0.0625
11499,0
11500,-2.875
11501,-2.6875
11502,-2.5625
11503,-2.4375
11504,-2.25
11505,0
11506,0
11507,0
11508,7.9375
11509,-8
11510,0.0625
11511,0
11512,0.0625
11513,0
11514,-0.0625
11515,0
11516,-0.5625
11517,-0.375
11518,-0.25
11519,-0.125
11520,0.0625
11521,0
11522,0
11523,0
11524,7.9375
11525,-8
11526,0.0625
11527,0
11528,0.0625
11529,0
11530,-0.0625
11531,0
11532,1.75
11533,1.9375
11534,2.0625
11535,2.1875
11536,2.375
11537,0
11538,0
11539,0
11540,7.9375
11541,-8
11542,0.0625
11543,0
11544,0.0625
11545,0
11546,-0.0625
11547,0
11548,4.0625
11549,4.25
11550,4.375
11551,4.5
11552,4.6875
11553,0
11554,0
11555,0
11556,7.9375
11557,-8
11558,0.0625
11559,0
11560,0.0625
11561,0
11562,-0.0625
11563,0
11564,6.375
11565,6.5625
11566,6.6875
11567,6.8125
11568,7
11569,0
11570,0
11571,0
11572,7.9375
11573,-8
11574,0.0625
11575,0
11576,0.0625
11577,0
11578,-0.0625
11579,0
11580,-7.3125
11581,-7.125
11582,-7
11583,-6.875
11584,-6.6875
11585,0
11586,0
11587,0
11588,7.9375
11589,-8
11590,0.0625
11591,0
11592,0.0625
11593,0
11594,-0.0625
11595,0
11596,-5
11597,-4.8125
11598,-4.6875
11599,-4.5625
11600,-4.375
11601,0
11602,0
11603,0
11604,7.9375
11605,-8
11606,0.0625
11607,0
11608,0.0625
11609,0
11610,-0.0625
11611,0
11612,-2.6875
11613,-2.5
11614,-2.375
11615,-2.25
11616,-2.0625
11617,0
11618,0
11619,0
11620,7.9375
11621,-8
11622,0.0625
11623,0
11624,0.0625
11625,0
11626,-0.0625
11627,0
11628,-0.375
11629,-0.1875
11630,-0.0625
11631,0.0625
11632,0.25
11633,0
11634,0
11635,0
11636,7.9375
11637,-8
11638,0.0625
11639,0
11640,0.0625
11641,0
11642,-0.0625
11643,0
11644,1.9375
11645,2.125
11646,2.25
11647,2.375
11648,2.5625
11649,0
11650,0
11651,0
11652,7.9375
11653,-8
11654,0.0625
11655,0
11656,0.0625
11657,0
11658,-0.0625
11659,0
11660,4.25
11661,4.4375
11662,4.5625
11663,4.6875
11664,4.875
11665,0
11666,0
11667,0
11668,7.9375
11669,-8
11670,0.0625
11671,0
11672,0.0625
11673,0
11674,-0.0625
11675,0
11676,6.5625
11677,6.75
11678,6.875
11679,7
11680,7.1875
11681,0
11682,0
11683,0
11684,7.9375
11685,-8
11686,0.0625
11687,0
11688,0.0625
11689,0
11690,-0.0625
11691,0
11692,-7.125
11693,-6.9375
11694,-6.8125
11695,-6.6875
11696,-6.5
11697,0
11698,0
11699,0
11700,7.9375
11701,-8
11702,0.0625
11703,0
11704,0.0625
11705,0
11706,-0.0625
11707,0
11708,-4.8125
11709,-4.625
11710,-4.5
11711,-4.375
11712,-4.1875
11713,0
11714,0
11715,0
11716,7.9375
11717,-8
11718,0.0625
11719,0
11720,0.0625
11721,0
11722,-0.0625
11723,0
11724,-2.5
11725,-2.3125
11726,-2.1875
11727,-2.0625
11728,-1.875
11729,0
11730,0
11731,0
11732,7.9375
11733,-8
11734,0.0625
11735,0
11736,0.0625
11737,0
11738,-0.0625
11739,0
11740,-0.1875
11741,0
11742,0.125
11743,0.25
11744,0.4375
11745,0
11746,0
11747,0
11748,7.9375
11749,-8
11750,0.0625
11751,0
11752,0.0625
11753,0
11754,-0.0625
11755,0
11756,2.125
11757,2.3125
11758,2.4375
11759,2.5625
11760,2.75
11761,0
11762,0
11763,0
11764,7.9375
11765,-8
11766,0.0625
11767,0
11768,0.0625
11769,0
11770,-0.0625
11771,0
11772,4.4375
11773,4.625
11774,4.75
11775,4.875
11776,5.0625
11777,0
11778,0
11779,0
11780,7.9375
11781,-8
11782,0.0625
11783,0
11784,0.0625
11785,0
11786,-0.0625
11787,0
11788,6.75
11789,6.9375
11790,7.0625
11791,7.1875
11792,7.375
11793,0
11794,0
11795,0
11796,7.9375
11797,-8
11798,0.0625
11799,0
11800,0.0625
11801,0
11802,-0.0625
11803,0
11804,-6.9375
11805,-6.75
11806,-6.625
11807,-6.5
11808,-6.3125
11809,0
11810,0
11811,0
11812,7.9375
11813,-8
11814,0.0625
11815,0
11816,0.0625
11817,0
11818,-0.0625
11819,0
11820,-4.625
11821,-4.4375
11822,-4.3125
11823,-4.1875
11824,-4
11825,0
11826,0
11827,0
11828,7.9375
11829,-8
11830,0.0625
11831,0
11832,0.0625
11833,0
11834,-0.0625
11835,0
11836,-2.3125
11837,-2.125
11838,-2
11839,-1.875
11840,-1.6875
11841,0
11842,0
11843,0
11844,7.9375
11845,-8
11846,0.0625
11847,0
11848,0.0625
11849,0
11850,-0.0625
11851,0
11852,0
11853,0.1875
11854,0.3125
11855,0.4375
11856,0.625
11857,0
11858,0
11859,0
11860,7.9375
11861,-8
11862,0.0625
11863,0
11864,0.0625
11865,0
11866,-0.0625
11867,0
11868,2.3125
11869,2.5
11870,2.625
11871,2.75
11872,2.9375
11873,0
11874,0
11875,0
11876,7.9375
11877,-8
11878,0.0625
11879,0
11880,0.0625
11881,0
11882,-0.0625
11883,0
11884,4.625
11885,4.8125
11886,4.9375
11887,5.0625
11888,5.25
11889,0
11890,0
11891,0
11892,7.9375
11893,-8
11894,0.0625
11895,0
11896,0.0625
11897,0
11898,-0.0625
11899,0
11900,6.9375
11901,7.125
11902,7.25
11903,7.375
11904,7.5625
11905,0
11906,0
11907,0
11908,7.9375
11909,-8
11910,0.0625
11911,0
11912,0.0625
11913,0
11914,-0.0625
11915,0
11916,-6.75
11917,-6.5625
11918,-6.4375
11919,-6.3125
11920,-6.125
11921,0
11922,0
11923,0
11924,7.9375
11925,-8
11926,0.0625
11927,0
11928,0.0625
11929,0
11930,-0.0625
11931,0
11932,-4.4375
11933,-4.25
11934,-4.125
11935,-4
11936,-3.8125
11937,0
11938,0
11939,0
11940,7.9375
11941,-8
11942,0.0625
11943,0
11944,0.0625
11945,0
11946,-0.0625
11947,0
11948,-2.125
11949,-1.9375
11950,-1.8125
11951,-1.6875
11952,-1.5
11953,0
11954,0
11955,0
11956,7.9375
11957,-8
11958,0.0625
11959,0
11960,0.0625
11961,0
11962,-0.0625
11963,0
11964,0.1875
11965,0.375
11966,0.5
11967,0.625
11968,0.8125
11969,0
11970,0
11971,0
11972,7.9375
11973,-8
11974,0.0625
11975,0
11976,0.0625
11977,0
11978,-0.0625
11979,0
11980,2.5
11981,2.6875
11982,2.8125
11983,2.9375
11984,3.125
11985,0
11986,0
11987,0
11988,7.9375
11989,-8
11990,0.0625
11991,0
11992,0.0625
11993,0
11994,-0.0625
11995,0
11996,4.8125
11997,5
11998,5.125
11999,5.25
12000,5.4375
12001,0
12002,0
12003,0
12004,7.9375
12005,-8
12006,0.0625
12007,0
12008,0.0625
12009,0
12010,-0.0625
12011,0
12012,7.125
12013,7.3125
12014,7.4375
12015,7.5625
12016,7.75
12017,0
12018,0
12019,0
12020,7.9375
12021,-8
12022,0.0625
12023,0
12024,0.0625
12025,0
12026,-0.0625
12027,0
12028,-6.5625
12029,-6.375
12030,-6.25
12031,-6.125
12032,-5.9375
12033,0
12034,0
12035,0
12036,7.9375
12037,-8
12038,0.0625
12039,0
12040,0.0625
12041,0
12042,-0.0625
12043,0
12044,-4.25
12045,-4.0625
12046,-3.9375
12047,-3.8125
12048,-3.625
12049,0
12050,0
12051,0
12052,7.9375
12053,-8
12054,0.0625
12055,0
12056,0.0625
12057,0
12058,-0.0625
12059,0
12060,-1.9375
12061,-1.75
12062,-1.625
12063,-1.5
12064,-1.3125
12065,0
12066,0
12067,0
12068,7.9375
12069,-8
12070,0.0625
12071,0
12072,0.0625
12073,0
12074,-0.0625
12075,0
12076,0.375
12077,0.5625
12078,0.6875
12079,0.8125
12080,1
12081,0
12082,0
12083,0
12084,7.9375
12085,-8
12086,0.0625
12087,0
12088,0.0625
12089,0
12090,-0.0625
12091,0
12092,2.6875
12093,2.875
12094,3
12095,3.125
12096,3.3125
12097,0
12098,0
12099,0
12100,7.9375
12101,-8
12102,0.0625
12103,0
12104,0.0625
12105,0
12106,-0.0625
12107,0
12108,5
12109,5.1875
12110,5.3125
12111,5.4375
12112,5.625
12113,0
12114,0
12115,0
12116,7.9375
12117,-8
12118,0.0625
12119,0
12120,0.0625
12121,0
12122,-0.0625
12123,0
12124,7.3125
12125,7.5
12126,7.625
12127,7.75
12128,7.9375
12129,0
12130,0
12131,0
12132,7.9375
12133,-8
12134,0.0625
12135,0
12136,0.0625
12137,0
12138,-0.0625
12139,0
12140,-6.375
12141,-6.1875
12142,-6.0625
12143,-5.9375
12144,-5.75
12145,0
12146,0
12147,0
12148,7.9375
12149,-8
12150,0.0625
12151,0
12152,0.0625
12153,0
12154,-0.0625
12155,0
12156,-4.0625
12157,-3.875
12158,-3.75
12159,-3.625
12160,-3.4375
12161,0
12162,0
12163,0
12164,7.9375
12165,-8
12166,0.0625
12167,0
12168,0.0625
12169,0
12170,-0.0625
12171,0
12172,-1.75
12173,-1.5625
12174,-1.4375
12175,-1.3125
12176,-1.125
12177,0
12178,0
12179,0
12180,7.9375
12181,-8
12182,0.0625
12183,0
12184,0.0625
12185,0
12186,-0.0625
12187,0
12188,0.5625
12189,0.75
12190,0.875
12191,1
12192,1.1875
12193,0
12194,0
12195,0
12196,7.9375
12197,-8
12198,0.0625
12199,0
12200,0.0625
12201,0
12202,-0.0625
12203,0
12204,2.875
12205,3.0625
12206,3.1875
12207,3.3125
12208,3.5
12209,0
12210,0
12211,0
12212,7.9375
12213,-8
12214,0.0625
12215,0
12216,0.0625
12217,0
12218,-0.0625
12219,0
12220,5.1875
12221,5.375
12222,5.5
12223,5.625
12224,5.8125
12225,0
12226,0
12227,0
12228,7.9375
12229,-8
12230,0.0625
12231,0
12232,0.0625
12233,0
12234,-0.0625
12235,0
12236,7.5
12237,7.6875
12238,7.8125
12239,7.9375
12240,-7.875
12241,0
12242,0
12243,0
12244,7.9375
12245,-8
12246,0.0625
12247,0
12248,0.0625
12249,0
12250,-0.0625
12251,0
12252,-6.1875
12253,-6
12254,-5.875
12255,-5.75
12256,-5.5625
12257,0
12258,0
12259,0
12260,7.9375
12261,-8
12262,0.0625
12263,0
12264,0.0625
12265,0
12266,-0.0625
12267,0
12268,-3.875
12269,-3.6875
12270,-3.5625
12271,-3.4375
12272,-3.25
12273,0
12274,0
12275,0
12276,7.9375
12277,-8
12278,0.0625
12279,0
12280,0.0625
12281,0
12282,-0.0625
12283,0
12284,-1.5625
12285,-1.375
12286,-1.25
12287,-1.125
12288,-0.9375
12289,0
12290,0
12291,0
12292,7.9375
12293,-8
12294,0.0625
12295,0
12296,0.0625
12297,0
12298,-0.0625
12299,0
12300,0.75
12301,0.9375
12302,1.0625
12303,1.1875
12304,1.375
12305,0
12306,0
12307,0
12308,7.9375
12309,-8
12310,0.0625
12311,0
12312,0.0625
12313,0
12314,-0.0625
12315,0
12316,3.0625
12317,3.25
12318,3.375
12319,3.5
12320,3.6875
12321,0
12322,0
12323,0
12324,7.9375
12325,-8
12326,0.0625
12327,0
12328,0.0625
12329,0
12330,-0.0625
12331,0
12332,5.375
12333,5.5625
12334,5.6875
12335,5.8125
12336,6
12337,0
12338,0
12339,0
12340,7.9375
12341,-8
12342,0.0625
12343,0
12344,0.0625
12345,0
12346,-0.0625
12347,0
12348,7.6875
12349,7.875
12350,7.9375
12351,-7.875
12352,-7.6875
12353,0
12354,0
12355,0
12356,7.9375
12357,-8
12358,0.0625
12359,0
12360,0.0625
12361,0
12362,-0.0625
12363,0
12364,-6
12365,-5.8125
12366,-5.6875
12367,-5.5625
12368,-5.375
12369,0
12370,0
12371,0
12372,7.9375
12373,-8
12374,0.0625
12375,0
12376,0.0625
12377,0
12378,-0.0625
12379,0
12380,-3.6875
12381,-3.5
12382,-3.375
12383,-3.25
12384,-3.0625
12385,0
12386,0
12387,0
12388,7.9375
12389,-8
12390,0.0625
12391,0
12392,0.0625
12393,0
12394,-0.0625
12395,0
12396,-1.375
12397,-1.1875
12398,-1.0625
12399,-0.9375
12400,-0.75
12401,0
12402,0
12403,0
12404,7.9375
12405,-8
12406,0.0625
12407,0
12408,0.0625
12409,0
12410,-0.0625
12411,0
12412,0.9375
12413,1.125
12414,1.25
12415,1.375
12416,1.5625
12417,0
12418,0
12419,0
12420,7.9375
12421,-8
12422,0.0625
12423,0
12424,0.0625
12425,0
12426,-0.0625
12427,0
12428,3.25
12429,3.4375
12430,3.5625
12431,3.6875
12432,3.875
12433,0
12434,0
12435,0
12436,7.9375
12437,-8
12438,0.0625
12439,0
12440,0.0625
12441,0
12442,-0.0625
12443,0
12444,5.5625
12445,5.75
12446,5.875
12447,6
12448,6.1875
12449,0
12450,0
12451,0
12452,7.9375
12453,-8
12454,0.0625
12455,0
12456,0.0625
12457,0
12458,-0.0625
12459,0
12460,7.875
12461,-7.9375
12462,-7.8125
12463,-7.6875
12464,-7.5
12465,0
12466,0
12467,0
12468,7.9375
12469,-8
12470,0.0625
12471,0
12472,0.0625
12473,0
12474,-0.0625
12475,0
12476,-5.8125
12477,-5.625
12478,-5.5
12479,-5.375
12480,-5.1875
12481,0
12482,0
12483,0
12484,7.9375
12485,-8
12486,0.0625
12487,0
12488,0.0625
12489,0
12490,-0.0625
12491,0
12492,-3.5
12493,-3.3125
12494,-3.1875
12495,-3.0625
12496,-2.875
12497,0
12498,0
12499,0
12500,7.9375
12501,-8
12502,0.0625
12503,0
12504,0.0625
12505,0
12506,-0.0625
12507,0
12508,-1.1875
12509,-1
12510,-0.875
12511,-0.75
12512,-0.5625
12513,0
12514,0
12515,0
12516,7.9375
12517,-8
12518,0.0625
12519,0
12520,0.0625
12521,0
12522,-0.0625
12523,0
12524,1.125
12525,1.3125
12526,1.4375
12527,1.5625
12528,1.75
12529,0
12530,0
12531,0
12532,7.9375
12533,-8
12534,0.0625
12535,0
12536,0.0625
12537,0
12538,-0.0625
12539,0
12540,3.4375
12541,3.625
12542,3.75
12543,3.875
12544,4.0625
12545,0
12546,0
12547,0
12548,7.9375
12549,-8
12550,0.0625
12551,0
12552,0.0625
12553,0
12554,-0.0625
12555,0
12556,5.75
12557,5.9375
12558,6.0625
12559,6.1875
12560,6.375
12561,0
12562,0
12563,0
12564,7.9375
12565,-8
12566,0.0625
12567,0
12568,0.0625
12569,0
12570,-0.0625
12571,0
12572,-7.9375
12573,-7.75
12574,-7.625
12575,-7.5
12576,-7.3125
12577,0
12578,0
12579,0
12580,7.9375
12581,-8
12582,0.0625
12583,0
12584,0.0625
12585,0
12586,-0.0625
12587,0
12588,-5.625
12589,-5.4375
12590,-5.3125
12591,-5.1875
12592,-5
12593,0
12594,0
12595,0
12596,7.9375
12597,-8
12598,0.0625
12599,0
12600,0.0625
12601,0
12602,-0.0625
12603,0
12604,-3.3125
12605,-3.125
12606,-3
12607,-2.875
12608,-2.6875
12609,0
12610,0
12611,0
12612,7.9375
12613,-8
12614,0.0625
12615,0
12616,0.0625
12617,0
12618,-0.0625
12619,0
12620,-1
12621,-0.8125
12622,-0.6875
12623,-0.5625
12624,-0.375
12625,0
12626,0
12627,0
12628,7.9375
12629,-8
12630,0.0625
12631,0
12632,0.0625
12633,0
12634,-0.0625
12635,0
12636,1.3125
12637,1.5
12638,1.625
12639,1.75
12640,1.9375
12641,0
12642,0
12643,0
12644,7.9375
12645,-8
12646,0.0625
12647,0
12648,0.0625
12649,0
12650,-0.0625
12651,0
12652,3.625
12653,3.8125
12654,3.9375
12655,4.0625
12656,4.25
12657,0
12658,0
12659,0
12660,7.9375
12661,-8
12662,0.0625
12663,0
12664,0.0625
12665,0
12666,-0.0625
12667,0
12668,5.9375
12669,6.125
12670,6.25
12671,6.375
12672,6.5625
12673,0
12674,0
12675,0
12676,7.9375
12677,-8
12678,0.0625
12679,0
12680,0.0625
12681,0
12682,-0.0625
12683,0
12684,-7.75
12685,-7.5625
12686,-7.4375
12687,-7.3125
12688,-7.125
12689,0
12690,0
12691,0
12692,7.9375
12693,-8
12694,0.0625
12695,0
12696,0.0625
12697,0
12698,-0.0625
12699,0
12700,-5.4375
12701,-5.25
12702,-5.125
12703,-5
12704,-4.8125
12705,0
12706,0
12707,0
12708,7.9375
12709,-8
12710,0.0625
12711,0
12712,0.0625
12713,0
12714,-0.0625
12715,0
12716,-3.125
12717,-2.9375
12718,-2.8125
12719,-2.6875
12720,-2.5
12721,0
12722,0
12723,0
12724,7.9375
12725,-8
12726,0.0625
12727,0
12728,0.0625
12729,0
12730,-0.0625
12731,0
12732,-0.8125
12733,-0.625
12734,-0.5
12735,-0.375
12736,-0.1875
12737,0
12738,0
12739,0
12740,7.9375
12741,-8
12742,0.0625
12743,0
12744,0.0625
12745,0
12746,-0.0625
12747,0
12748,1.5
12749,1.6875
12750,1.8125
12751,1.9375
12752,2.125
12753,0
12754,0
12755,0
12756,7.9375
12757,-8
12758,0.0625
12759,0
12760,0.0625
12761,0
12762,-0.0625
12763,0
12764,3.8125
12765,4
12766,4.125
12767,4.25
12768,4.4375
12769,0
12770,0
12771,0
12772,7.9375
12773,-8
12774,0.0625
12775,0
12776,0.0625
12777,0
12778,-0.0625
12779,0
12780,6.125
12781,6.3125
12782,6.4375
12783,6.5625
12784,6.75
12785,0
12786,0
12787,0
12788,7.9375
12789,-8
12790,0.0625
12791,0
12792,0.0625
12793,0
12794,-0.0625
12795,0
12796,-7.5625
12797,-7.375
12798,-7.25
12799,-7.125
12800,-6.9375
12801,0
12802,0
12803,0
12804,7.9375
12805,-8
12806,0.0625
12807,0
12808,0.0625
12809,0
12810,-0.0625
12811,0
12812,-5.25
12813,-5.0625
12814,-4.9375
12815,-4.8125
12816,-4.625
12817,0
12818,0
12819,0
12820,7.9375
12821,-8
12822,0.0625
12823,0
12824,0.0625
12825,0
12826,-0.0625
12827,0
12828,-2.9375
12829,-2.75
12830,-2.625
12831,-2.5
12832,-2.3125
12833,0
12834,0
12835,0
12836,7.9375
12837,-8
12838,0.0625
12839,0
12840,0.0625
12841,0
12842,-0.0625
12843,0
12844,-0.625
12845,-0.4375
12846,-0.3125
12847,-0.1875
12848,0
12849,0
12850,0
12851,0
12852,7.9375
12853,-8
12854,0.0625
12855,0
12856,0.0625
12857,0
12858,-0.0625
12859,0
12860,1.6875
12861,1.875
12862,2
12863,2.125
12864,2.3125
12865,0
12866,0
12867,0
12868,7.9375
12869,-8
12870,0.0625
12871,0
12872,0.0625
12873,0
12874,-0.0625
12875,0
12876,4
12877,4.1875
12878,4.3125
12879,4.4375
12880,4.625
12881,0
12882,0
12883,0
12884,7.9375
12885,-8
12886,0.0625
12887,0
12888,0.0625
12889,0
12890,-0.0625
12891,0
12892,6.3125
12893,6.5
12894,6.625
12895,6.75
12896,6.9375
12897,0
12898,0
12899,0
12900,7.9375
12901,-8
12902,0.0625
12903,0
12904,0.0625
12905,0
12906,-0.0625
12907,0
12908,-7.375
12909,-7.1875
12910,-7.0625
12911,-6.9375
12912,-6.75
12913,0
12914,0
12915,0
12916,7.9375
12917,-8
12918,0.0625
12919,0
12920,0.0625
12921,0
12922,-0.0625
12923,0
12924,-5.0625
12925,-4.875
12926,-4.75
12927,-4.625
12928,-4.4375
12929,0
12930,0
12931,0
12932,7.9375
12933,-8
12934,0.0625
12935,0
12936,0.0625
12937,0
12938,-0.0625
12939,0
12940,-2.75
12941,-2.5625
12942,-2.4375
12943,-2.3125
12944,-2.125
12945,0
12946,0
12947,0
12948,7.9375
12949,-8
12950,0.0625
12951,0
12952,0.0625
12953,0
12954,-0.0625
12955,0
12956,-0.4375
12957,-0.25
12958,-0.125
12959,0
12960,0.1875
12961,0
12962,0
12963,0
12964,7.9375
12965,-8
12966,0.0625
12967,0
12968,0.0625
12969,0
12970,-0.0625
12971,0
12972,1.875
12973,2.0625
12974,2.1875
12975,2.3125
12976,2.5
12977,0
12978,0
12979,0
12980,7.9375
12981,-8
12982,0.0625
12983,0
12984,0.0625
12985,0
12986,-0.0625
12987,0
12988,4.1875
12989,4.375
12990,4.5
12991,4.625
12992,4.8125
12993,0
12994,0
12995,0
12996,7.9375
12997,-8
12998,0.0625
12999,0
13000,0.0625
13001,0
13002,-0.0625
13003,0
13004,6.5
13005,6.6875
13006,6.8125
13007,6.9375
13008,7.125
13009,0
13010,0
13011,0
13012,7.9375
13013,-8
13014,0.0625
13015,0
13016,0.0625
13017,0
13018,-0.0625
13019,0
13020,-7.1875
13021,-7
13022,-6.875
13023,-6.75
13024,-6.5625
13025,0
13026,0
13027,0
13028,7.9375
13029,-8
13030,0.0625
13031,0
13032,0.0625
13033,0
13034,-0.0625
13035,0
13036,-4.875
13037,-4.6875
13038,-4.5625
13039,-4.4375
13040,-4.25
13041,0
13042,0
13043,0
13044,7.9375
13045,-8
13046,0.0625
13047,0
13048,0.0625
13049,0
13050,-0.0625
13051,0
13052,-2.5625
13053,-2.375
13054,-2.25
13055,-2.125
13056,-1.9375
13057,0
13058,0
13059,0
13060,7.9375
13061,-8
13062,0.0625
13063,0
13064,0.0625
13065,0
13066,-0.0625
13067,0
13068,-0.25
13069,-0.0625
13070,0.0625
13071,0.1875
13072,0.375
13073,0
13074,0
13075,0
13076,7.9375
13077,-8
13078,0.0625
13079,0
13080,0.0625
13081,0
13082,-0.0625
13083,0
13084,2.0625
13085,2.25
13086,2.375
13087,2.5
13088,2.6875
13089,0
13090,0
13091,0
13092,7.9375
13093,-8
13094,0.0625
13095,0
13096,0.0625
13097,0
13098,-0.0625
13099,0
13100,4.375
13101,4.5625
13102,4.6875
13103,4.8125
13104,5
13105,0
13106,0
13107,0
13108,7.9375
13109,-8
13110,0.0625
13111,0
13112,0.0625
13113,0
13114,-0.0625
13115,0
13116,6.6875
13117,6.875
13118,7
13119,7.125
13120,7.3125
13121,0
13122,0
13123,0
13124,7.9375
13125,-8
13126,0.0625
13127,0
13128,0.0625
13129,0
13130,-0.0625
13131,0
13132,-7
13133,-6.8125
13134,-6.6875
13135,-6.5625
13136,-6.375
13137,0
13138,0
13139,0
13140,7.9375
13141,-8
13142,0.0625
13143,0
13144,0.0625
13145,0
13146,-0.0625
13147,0
13148,-4.6875
13149,-4.5
13150,-4.375
13151,-4.25
13152,-4.0625
13153,0
13154,0
13155,0
13156,7.9375
13157,-8
13158,0.0625
13159,0
13160,0.0625
13161,0
13162,-0.0625
13163,0
13164,-2.375
13165,-2.1875
13166,-2.0625
13167,-1.9375
13168,-1.75
13169,0
13170,0
13171,0
13172,7.9375
13173,-8
13174,0.0625
13175,0
13176,0.0625
13177,0
13178,-0.0625
13179,0
13180,-0.0625
13181,0.125
13182,0.25
13183,0.375
13184,0.5625
13185,0
13186,0
13187,0
13188,7.9375
13189,-8
13190,0.0625
13191,0
13192,0.0625
13193,0
13194,-0.0625
13195,0
13196,2.25
13197,2.4375
13198,2.5625
13199,2.6875
13200,2.875
13201,0
13202,0
13203,0
13204,7.9375
13205,-8
13206,0.0625
13207,0
13208,0.0625
13209,0
13210,-0.0625
13211,0
13212,4.5625
13213,4.75
13214,4.875
13215,5
13216,5.1875
13217,0
13218,0
13219,0
13220,7.9375
13221,-8
13222,0.0625
13223,0
13224,0.0625
13225,0
13226,-0.0625
13227,0
13228,6.875
13229,7.0625
13230,7.1875
13231,7.3125
13232,7.5
13233,0
13234,0
13235,0
13236,7.9375
13237,-8
13238,0.0625
13239,0
13240,0.0625
13241,0
13242,-0.0625
13243,0
13244,-6.8125
13245,-6.625
13246,-6.5
13247,-6.375
13248,-6.1875
13249,0
13250,0
13251,0
13252,7.9375
13253,-8
13254,0.0625
13255,0
13256,0.0625
13257,0
13258,-0.0625
13259,0
13260,-4.5
13261,-4.3125
13262,-4.1875
13263,-4.0625
13264,-3.875
13265,0
13266,0
13267,0
13268,7.9375
13269,-8
13270,0.0625
13271,0
13272,0.0625
13273,0
13274,-0.0625
13275,0
13276,-2.1875
13277,-2
13278,-1.875
13279,-1.75
13280,-1.5625
13281,0
13282,0
13283,0
13284,7.9375
13285,-8
13286,0.0625
13287,0
13288,0.0625
13289,0
13290,-0.0625
13291,0
13292,0.125
13293,0.3125
13294,0.4375
13295,0.5625
13296,0.75
13297,0
13298,0
13299,0
13300,7.9375
13301,-8
13302,0.0625
13303,0
13304,0.0625
13305,0
13306,-0.0625
13307,0
13308,2.4375
13309,2.625
13310,2.75
13311,2.875
13312,3.0625
13313,0
13314,0
13315,0
13316,7.9375
13317,-8
13318,0.0625
13319,0
13320,0.0625
13321,0
13322,-0.0625
13323,0
13324,4.75
13325,4.9375
13326,5.0625
13327,5.1875
13328,5.375
13329,0
13330,0
13331,0
13332,7.9375
13333,-8
13334,0.0625
13335,0
13336,0.0625
13337,0
13338,-0.0625
13339,0
13340,7.0625
13341,7.25
13342,7.375
13343,7.5
13344,7.6875
13345,0
13346,0
13347,0
13348,7.9375
13349,-8
13350,0.0625
13351,0
13352,0.0625
13353,0
13354,-0.0625
13355,0
13356,-6.625
13357,-6.4375
13358,-6.3125
13359,-6.1875
13360,-6
13361,0
13362,0
13363,0
13364,7.9375
13365,-8
13366,0.0625
13367,0
13368,0.0625
13369,0
13370,-0.0625
13371,0
13372,-4.3125
13373,-4.125
13374,-4
13375,-3.875
13376,-3.6875
13377,0
13378,0
13379,0
13380,7.9375
13381,-8
13382,0.0625
13383,0
13384,0.0625
13385,0
13386,-0.0625
13387,0
13388,-2
13389,-1.8125
13390,-1.6875
13391,-1.5625
13392,-1.375
13393,0
13394,0
13395,0
13396,7.9375
13397,-8
13398,0.0625
13399,0
13400,0.0625
13401,0
13402,-0.0625
13403,0
13404,0.3125
13405,0.5
13406,0.625
13407,0.75
13408,0.9375
13409,0
13410,0
13411,0
13412,7.9375
13413,-8
13414,0.0625
13415,0
13416,0.0625
13417,0
13418,-0.0625
13419,0
13420,2.625
13421,2.8125
13422,2.9375
13423,3.0625
13424,3.25
13425,0
13426,0
13427,0
13428,7.9375
13429,-8
13430,0.0625
13431,0
13432,0.0625
13433,0
13434,-0.0625
13435,0
13436,4.9375
13437,5.125
13438,5.25
13439,5.375
13440,5.5625
13441,0
13442,0
13443,0
13444,7.9375
13445,-8
13446,0.0625
13447,0
13448,0.0625
13449,0
13450,-0.0625
13451,0
13452,7.25
13453,7.4375
13454,7.5625
13455,7.6875
13456,7.875
13457,0
13458,0
13459,0
13460,7.9375
13461,-8
13462,0.0625
13463,0
13464,0.0625
13465,0
13466,-0.0625
13467,0
13468,-6.4375
13469,-6.25
13470,-6.125
13471,-6
13472,-5.8125
13473,0
13474,0
13475,0
13476,7.9375
13477,-8
13478,0.0625
13479,0
13480,0.0625
13481,0
13482,-0.0625
13483,0
13484,-4.125
13485,-3.9375
13486,-3.8125
13487,-3.6875
13488,-3.5
13489,0
13490,0
13491,0
13492,7.9375
13493,-8
13494,0.0625
13495,0
13496,0.0625
13497,0
13498,-0.0625
13499,0
13500,-1.8125
13501,-1.625
13502,-1.5
13503,-1.375
13504,-1.1875
13505,0
13506,0
13507,0
13508,7.9375
13509,-8
13510,0.0625
13511,0
13512,0.0625
13513,0
13514,-0.0625
13515,0
13516,0.5
13517,0.6875
13518,0.8125
13519,0.9375
13520,1.125
13521,0
13522,0
13523,0
13524,7.9375
13525,-8
13526,0.0625
13527,0
13528,0.0625
13529,0
13530,-0.0625
13531,0
13532,2.8125
13533,3
13534,3.125
13535,3.25
13536,3.4375
13537,0
13538,0
13539,0
13540,7.9375
13541,-8
13542,0.0625
13543,0
13544,0.0625
13545,0
13546,-0.0625
13547,0
13548,5.125
13549,5.3125
13550,5.4375
13551,5.5625
13552,5.75
13553,0
13554,0
13555,0
13556,7.9375
13557,-8
13558,0.0625
13559,0
13560,0.0625
13561,0
13562,-0.0625
13563,0
13564,7.4375
13565,7.625
13566,7.75
13567,7.875
13568,-7.9375
13569,0
13570,0
13571,0
13572,7.9375
13573,-8
13574,0.0625
13575,0
13576,0.0625
13577,0
13578,-0.0625
13579,0
13580,-6.25
13581,-6.0625
13582,-5.9375
13583,-5.8125
13584,-5.625
13585,0
13586,0
13587,0
13588,7.9375
13589,-8
13590,0.0625
13591,0
13592,0.0625
13593,0
13594,-0.0625
13595,0
13596,-3.9375
13597,-3.75
13598,-3.625
13599,-3.5
13600,-3.3125
13601,0
13602,0
13603,0
13604,7.9375
13605,-8
13606,0.0625
13607,0
13608,0.0625
13609,0
13610,-0.0625
13611,0
13612,-1.625
13613,-1.4375
13614,-1.3125
13615,-1.1875
13616,-1
13617,0
13618,0
13619,0
13620,7.9375
13621,-8
13622,0.0625
13623,0
13624,0.0625
13625,0
13626,-0.0625
13627,0
13628,0.6875
13629,0.875
13630,1
13631,1.125
13632,1.3125
13633,0
13634,0
13635,0
13636,7.9375
13637,-8
13638,0.0625
13639,0
13640,0.0625
13641,0
13642,-0.0625
13643,0
13644,3
13645,3.1875
13646,3.3125
13647,3.4375
13648,3.625
13649,0
13650,0
13651,0
13652,7.9375
13653,-8
13654,0.0625
13655,0
13656,0.0625
13657,0
13658,-0.0625
13659,0
13660,5.3125
13661,5.5
13662,5.625
13663,5.75
13664,5.9375
13665,0
13666,0
13667,0
13668,7.9375
13669,-8
13670,0.0625
13671,0
13672,0.0625
13673,0
13674,-0.0625
13675,0
13676,7.625
13677,7.8125
13678,7.9375
13679,-7.9375
13680,-7.75
13681,0
13682,0
13683,0
13684,7.9375
13685,-8
13686,0.0625
13687,0
13688,0.0625
13689,0
13690,-0.0625
13691,0
13692,-6.0625
13693,-5.875
13694,-5.75
13695,-5.625
13696,-5.4375
13697,0
13698,0
13699,0
13700,7.9375
13701,-8
13702,0.0625
13703,0
13704,0.0625
13705,0
13706,-0.0625
13707,0
13708,-3.75
13709,-3.5625
13710,-3.4375
13711,-3.3125
13712,-3.125
13713,0
13714,0
13715,0
13716,7.9375
13717,-8
13718,0.0625
13719,0
13720,0.0625
13721,0
13722,-0.0625
13723,0
13724,-1.4375
13725,-1.25
13726,-1.125
13727,-1
13728,-0.8125
13729,0
13730,0
13731,0
13732,7.9375
13733,-8
13734,0.0625
13735,0
13736,0.0625
13737,0
13738,-0.0625
13739,0
13740,0.875
13741,1.0625
13742,1.1875
13743,1.3125
13744,1.5
13745,0
13746,0
13747,0
13748,7.9375
13749,-8
13750,0.0625
13751,0
13752,0.0625
13753,0
13754,-0.0625
13755,0
13756,3.1875
13757,3.375
13758,3.5
13759,3.625
13760,3.8125
13761,0
13762,0
13763,0
13764,7.9375
13765,-8
13766,0.0625
13767,0
13768,0.0625
13769,0
13770,-0.0625
13771,0
13772,5.5
13773,5.6875
13774,5.8125
13775,5.9375
13776,6.125
13777,0
13778,0
13779,0
13780,7.9375
13781,-8
13782,0.0625
13783,0
13784,0.0625
13785,0
13786,-0.0625
13787,0
13788,7.8125
13789,7.9375
13790,-7.875
13791,-7.75
13792,-7.5625
13793,0
13794,0
13795,0
13796,7.9375
13797,-8
13798,0.0625
13799,0
13800,0.0625
13801,0
13802,-0.0625
13803,0
13804,-5.875
13805,-5.6875
13806,-5.5625
13807,-5.4375
13808,-5.25
13809,0
13810,0
13811,0
13812,7.9375
13813,-8
13814,0.0625
13815,0
13816,0.0625
13817,0
13818,-0.0625
13819,0
13820,-3.5625
13821,-3.375
13822,-3.25
13823,-3.125
13824,-2.9375
13825,0
13826,0
13827,0
13828,7.9375
13829,-8
13830,0.0625
13831,0
13832,0.0625
13833,0
13834,-0.0625
13835,0
13836,-1.25
13837,-1.0625
13838,-0.9375
13839,-0.8125
13840,-0.625
13841,0
13842,0
13843,0
13844,7.9375
13845,-8
13846,0.0625
13847,0
13848,0.0625
13849,0
13850,-0.0625
13851,0
13852,1.0625
13853,1.25
13854,1.375
13855,1.5
13856,1.6875
13857,0
13858,0
13859,0
13860,7.9375
13861,-8
13862,0.0625
13863,0
13864,0.0625
13865,0
13866,-0.0625
13867,0
13868,3.375
13869,3.5625
13870,3.6875
13871,3.8125
13872,4
13873,0
13874,0
13875,0
13876,7.9375
13877,-8
13878,0.0625
13879,0
13880,0.0625
13881,0
13882,-0.0625
13883,0
13884,5.6875
13885,5.875
13886,6
13887,6.125
13888,6.3125
13889,0
13890,0
13891,0
13892,7.9375
13893,-8
13894,0.0625
13895,0
13896,0.0625
13897,0
13898,-0.0625
13899,0
13900,-8
13901,-7.8125
13902,-7.6875
13903,-7.5625
13904,-7.375
13905,0
13906,0
13907,0
13908,7.9375
13909,-8
13910,0.0625
13911,0
13912,0.0625
13913,0
13914,-0.0625
13915,0
13916,-5.6875
13917,-5.5
13918,-5.375
13919,-5.25
13920,-5.0625
13921,0
13922,0
13923,0
13924,7.9375
13925,-8
13926,0.0625
13927,0
13928,0.0625
13929,0
13930,-0.0625
13931,0
13932,-3.375
13933,-3.1875
13934,-3.0625
13935,-2.9375
13936,-2.75
13937,0
13938,0
13939,0
13940,7.9375
13941,-8
13942,0.0625
13943,0
13944,0.0625
13945,0
13946,-0.0625
13947,0
13948,-1.0625
13949,-0.875
13950,-0.75
13951,-0.625
13952,-0.4375
13953,0
13954,0
13955,0
13956,7.9375
13957,-8
13958,0.0625
13959,0
13960,0.0625
13961,0
13962,-0.0625
13963,0
13964,1.25
13965,1.4375
13966,1.5625
13967,1.6875
13968,1.875
13969,0
13970,0
13971,0
13972,7.9375
13973,-8
13974,0.0625
13975,0
13976,0.0625
13977,0
13978,-0.0625
13979,0
13980,3.5625
13981,3.75
13982,3.875
13983,4
13984,4.1875
13985,0
13986,0
13987,0
13988,7.9375
13989,-8
13990,0.0625
13991,0
13992,0.0625
13993,0
13994,-0.0625
13995,0
13996,5.875
13997,6.0625
13998,6.1875
13999,6.3125
14000,6.5
14001,0
14002,0
14003,0
14004,7.9375
14005,-8
14006,0.0625
14007,0
14008,0.0625
14009,0
14010,-0.0625
14011,0
14012,-7.8125
14013,-7.625
14014,-7.5
14015,-7.375
14016,-7.1875
14017,0
14018,0
14019,0
14020,7.9375
14021,-8
14022,0.0625
14023,0
14024,0.0625
14025,0
14026,-0.0625
14027,0
14028,-5.5
14029,-5.3125
14030,-5.1875
14031,-5.0625
14032,-4.875
14033,0
14034,0
14035,0
14036,7.9375
14037,-8
14038,0.0625
14039,0
14040,0.0625
14041,0
14042,-0.0625
14043,0
14044,-3.1875
14045,-3
14046,-2.875
14047,-2.75
14048,-2.5625
14049,0
14050,0
14051,0
14052,7.9375
14053,-8
14054,0.0625
14055,0
14056,0.0625
14057,0
14058,-0.0625
14059,0
14060,-0.875
14061,-0.6875
14062,-0.5625
14063,-0.4375
14064,-0.25
14065,0
14066,0
14067,0
14068,7.9375
14069,-8
14070,0.0625
14071,0
14072,0.0625
14073,0
14074,-0.0625
14075,0
14076,1.4375
14077,1.625
14078,1.75
14079,1.875
14080,2.0625
14081,0
14082,0
14083,0
14084,7.9375
14085,-8
14086,0.0625
14087,0
14088,0.0625
14089,0
14090,-0.0625
14091,0
14092,3.75
14093,3.9375
14094,4.0625
14095,4.1875
14096,4.375
14097,0
14098,0
14099,0
14100,7.9375
14101,-8
14102,0.0625
14103,0
14104,0.0625
14105,0
14106,-0.0625
14107,0
14108,6.0625
14109,6.25
14110,6.375
14111,6.5
14112,6.6875
14113,0
14114,0
14115,0
14116,7.9375
14117,-8
14118,0.0625
14119,0
14120,0.0625
14121,0
14122,-0.0625
14123,0
14124,-7.625
14125,-7.4375
14126,-7.3125
14127,-7.1875
14128,-7
14129,0
14130,0
14131,0
14132,7.9375
14133,-8
14134,0.0625
14135,0
14136,0.0625
14137,0
14138,-0.0625
14139,0
14140,-5.3125
14141,-5.125
14142,-5
14143,-4.875
14144,-4.6875
14145,0
14146,0
14147,0
14148,7.9375
14149,-8
14150,0.0625
14151,0
14152,0.0625
14153,0
14154,-0.0625
14155,0
14156,-3
14157,-2.8125
14158,-2.6875
14159,-2.5625
14160,-2.375
14161,0
14162,0
14163,0
14164,7.9375
14165,-8
14166,0.0625
14167,0
14168,0.0625
14169,0
14170,-0.0625
14171,0
14172,-0.6875
14173,-0.5
14174,-0.375
14175,-0.25
14176,-0.0625
14177,0
14178,0
14179,0
14180,7.9375
14181,-8
14182,0.0625
14183,0
14184,0.0625
14185,0
14186,-0.0625
14187,0
14188,1.625
14189,1.8125
14190,1.9375
14191,2.0625
14192,2.25
14193,0
14194,0
14195,0
14196,7.9375
14197,-8
14198,0.0625
14199,0
14200,0.0625
14201,0
14202,-0.0625
14203,0
14204,3.9375
14205,4.125
14206,4.25
14207,4.375
14208,4.5625
14209,0
14210,0
14211,0
14212,7.9375
14213,-8
14214,0.0625
14215,0
14216,0.0625
14217,0
14218,-0.0625
14219,0
14220,6.25
14221,6.4375
14222,6.5625
14223,6.6875
14224,6.875
14225,0
14226,0
14227,0
14228,7.9375
14229,-8
14230,0.0625
14231,0
14232,0.0625
14233,0
14234,-0.0625
14235,0
14236,-7.4375
14237,-7.25
14238,-7.125
14239,-7
14240,-6.8125
14241,0
14242,0
14243,0
14244,7.9375
14245,-8
14246,0.0625
14247,0
14248,0.0625
14249,0
14250,-0.0625
14251,0
14252,-5.125
14253,-4.9375
14254,-4.8125
14255,-4.6875
14256,-4.5
14257,0
14258,0
14259,0
14260,7.9375
14261,-8
14262,0.0625
14263,0
14264,0.0625
14265,0
14266,-0.0625
14267,0
14268,-2.8125
14269,-2.625
14270,-2.5
14271,-2.375
14272,-2.1875
14273,0
14274,0
14275,0
14276,7.9375
14277,-8
14278,0.0625
14279,0
14280,0.0625
14281,0
14282,-0.0625
14283,0
14284,-0.5
14285,-0.3125
14286,-0.1875
14287,-0.0625
14288,0.125
14289,0
14290,0
14291,0
14292,7.9375
14293,-8
14294,0.0625
14295,0
14296,0.0625
14297,0
14298,-0.0625
14299,0
14300,1.8125
14301,2
14302,2.125
14303,2.25
14304,2.4375
14305,0
14306,0
14307,0
14308,7.9375
14309,-8
14310,0.0625
14311,0
14312,0.0625
14313,0
14314,-0.0625
14315,0
14316,4.125
14317,4.3125
14318,4.4375
14319,4.5625
14320,4.75
14321,0
14322,0
14323,0
14324,7.9375
14325,-8
14326,0.0625
14327,0
14328,0.0625
14329,0
14330,-0.0625
14331,0
14332,6.4375
14333,6.625
14334,6.75
14335,6.875
14336,7.0625
14337,0
14338,0
14339,0
14340,7.9375
14341,-8
14342,0.0625
14343,0
14344,0.0625
14345,0
14346,-0.0625
14347,0
14348,-7.25
14349,-7.0625
14350,-6.9375
14351,-6.8125
14352,-6.625
14353,0
14354,0
14355,0
14356,7.9375
14357,-8
14358,0.0625
14359,0
14360,0.0625
14361,0
14362,-0.0625
14363,0
14364,-4.9375
14365,-4.75
14366,-4.625
14367,-4.5
14368,-4.3125
14369,0
14370,0
14371,0
14372,7.9375
14373,-8
14374,0.0625
14375,0
14376,0.0625
14377,0
14378,-0.0625
14379,0
14380,-2.625
14381,-2.4375
14382,-2.3125
14383,-2.1875
14384,-2
14385,0
14386,0
14387,0
14388,7.9375
14389,-8
14390,0.0625
14391,0
14392,0.0625
14393,0
14394,-0.0625
14395,0
14396,-0.3125
14397,-0.125
14398,0
14399,0.125
14400,0.3125
14401,0
14402,0
14403,0
14404,7.9375
14405,-8
14406,0.0625
14407,0
14408,0.0625
14409,0
14410,-0.0625
14411,0
14412,2
14413,2.1875
14414,2.3125
14415,2.4375
14416,2.625
14417,0
14418,0
14419,0
14420,7.9375
14421,-8
14422,0.0625
14423,0
14424,0.0625
14425,0
14426,-0.0625
14427,0
14428,4.3125
14429,4.5
14430,4.625
14431,4.75
14432,4.9375
14433,0
14434,0
14435,0
14436,7.9375
14437,-8
14438,0.0625
14439,0
14440,0.0625
14441,0
14442,-0.0625
14443,0
14444,6.625
14445,6.8125
14446,6.9375
14447,7.0625
14448,7.25
14449,0
14450,0
14451,0
14452,7.9375
14453,-8
14454,0.0625
14455,0
14456,0.0625
14457,0
14458,-0.0625
14459,0
14460,-7.0625
14461,-6.875
14462,-6.75
14463,-6.625
14464,-6.4375
14465,0
14466,0
14467,0
14468,7.9375
14469,-8
14470,0.0625
14471,0
14472,0.0625
14473,0
14474,-0.0625
14475,0
14476,-4.75
14477,-4.5625
14478,-4.4375
14479,-4.3125
14480,-4.125
14481,0
14482,0
14483,0
14484,7.9375
14485,-8
14486,0.0625
14487,0
14488,0.0625
14489,0
14490,-0.0625
14491,0
14492,-2.4375
14493,-2.25
14494,-2.125
14495,-2
14496,-1.8125
14497,0
14498,0
14499,0
14500,7.9375
14501,-8
14502,0.0625
14503,0
14504,0.0625
14505,0
14506,-0.0625
14507,0
14508,-0.125
14509,0.0625
14510,0.1875
14511,0.3125
14512,0.5
14513,0
14514,0
14515,0
14516,7.9375
14517,-8
14518,0.0625
14519,0
14520,0.0625
14521,0
14522,-0.0625
14523,0
14524,2.1875
14525,2.375
14526,2.5
14527,2.625
14528,2.8125
14529,0
14530,0
14531,0
14532,7.9375
14533,-8
14534,0.0625
14535,0
14536,0.0625
14537,0
14538,-0.0625
14539,0
14540,4.5
14541,4.6875
14542,4.8125
14543,4.9375
14544,5.125
14545,0
14546,0
14547,0
14548,7.9375
14549,-8
14550,0.0625
14551,0
14552,0.0625
14553,0
14554,-0.0625
14555,0
14556,6.8125
14557,7
14558,7.125
14559,7.25
14560,7.4375
14561,0
14562,0
14563,0
14564,7.9375
14565,-8
14566,0.0625
14567,0
14568,0.0625
14569,0
14570,-0.0625
14571,0
14572,-6.875
14573,-6.6875
14574,-6.5625
14575,-6.4375
14576,-6.25
14577,0
14578,0
14579,0
14580,7.9375
14581,-8
14582,0.0625
14583,0
14584,0.0625
14585,0
14586,-0.0625
14587,0
14588,-4.5625
14589,-4.375
14590,-4.25
14591,-4.125
14592,-3.9375
14593,0
14594,0
14595,0
14596,7.9375
14597,-8
14598,0.0625
14599,0
14600,0.0625
14601,0
14602,-0.0625
14603,0
14604,-2.25
14605,-2.0625
14606,-1.9375
14607,-1.8125
14608,-1.625
14609,0
14610,0
14611,0
14612,7.9375
14613,-8
14614,0.0625
14615,0
14616,0.0625
14617,0
14618,-0.0625
14619,0
14620,0.0625
14621,0.25
14622,0.375
14623,0.5
14624,0.6875
14625,0
14626,0
14627,0
14628,7.9375
14629,-8
14630,0.0625
14631,0
14632,0.0625
14633,0
14634,-0.0625
14635,0
14636,2.375
14637,2.5625
14638,2.6875
14639,2.8125
14640,3
14641,0
14642,0
14643,0
14644,7.9375
14645,-8
14646,0.0625
14647,0
14648,0.0625
14649,0
14650,-0.0625
14651,0
14652,4.6875
14653,4.875
14654,5
14655,5.125
14656,5.3125
14657,0
14658,0
14659,0
14660,7.9375
14661,-8
14662,0.0625
14663,0
14664,0.0625
14665,0
14666,-0.0625
14667,0
14668,7
14669,7.1875
14670,7.3125
14671,7.4375
14672,7.625
14673,0
14674,0
14675,0
14676,7.9375
14677,-8
14678,0.0625
14679,0
14680,0.0625
14681,0
14682,-0.0625
14683,0
14684,-6.6875
14685,-6.5
14686,-6.375
14687,-6.25
14688,-6.0625
14689,0
14690,0
14691,0
14692,7.9375
14693,-8
14694,0.0625
14695,0
14696,0.0625
14697,0
14698,-0.0625
14699,0
14700,-4.375
14701,-4.1875
14702,-4.0625
14703,-3.9375
14704,-3.75
14705,0
14706,0
14707,0
14708,7.9375
14709,-8
14710,0.0625
14711,0
14712,0.0625
14713,0
14714,-0.0625
14715,0
14716,-2.0625
14717,-1.875
14718,-1.75
14719,-1.625
14720,-1.4375
14721,0
14722,0
14723,0
14724,7.9375
14725,-8
14726,0.0625
14727,0
14728,0.0625
14729,0
14730,-0.0625
14731,0
14732,0.25
14733,0.4375
14734,0.5625
14735,0.6875
14736,0.875
14737,0
14738,0
14739,0
14740,7.9375
14741,-8
14742,0.0625
14743,0
14744,0.0625
14745,0
14746,-0.0625
14747,0
14748,2.5625
14749,2.75
14750,2.875
14751,3
14752,3.1875
14753,0
14754,0
14755,0
14756,7.9375
14757,-8
14758,0.0625
14759,0
14760,0.0625
14761,0
14762,-0.0625
14763,0
14764,4.875
14765,5.0625
14766,5.1875
14767,5.3125
14768,5.5
14769,0
14770,0
14771,0
14772,7.9375
14773,-8
14774,0.0625
14775,0
14776,0.0625
14777,0
14778,-0.0625
14779,0
14780,7.1875
14781,7.375
14782,7.5
14783,7.625
14784,7.8125
14785,0
14786,0
14787,0
14788,7.9375
14789,-8
14790,0.0625
14791,0
14792,0.0625
14793,0
14794,-0.0625
14795,0
14796,-6.5
14797,-6.3125
14798,-6.1875
14799,-6.0625
14800,-5.875
14801,0
14802,0
14803,0
14804,7.9375
14805,-8
14806,0.0625
14807,0
14808,0.0625
14809,0
14810,-0.0625
14811,0
14812,-4.1875
14813,-4
14814,-3.875
14815,-3.75
14816,-3.5625
14817,0
14818,0
14819,0
14820,7.9375
14821,-8
14822,0.0625
14823,0
14824,0.0625
14825,0
14826,-0.0625
14827,0
14828,-1.875
14829,-1.6875
14830,-1.5625
14831,-1.4375
14832,-1.25
14833,0
14834,0
14835,0
14836,7.9375
14837,-8
14838,0.0625
14839,0
14840,0.0625
14841,0
14842,-0.0625
14843,0
14844,0.4375
14845,0.625
14846,0.75
14847,0.875
14848,1.0625
14849,0
14850,0
14851,0
14852,7.9375
14853,-8
14854,0.0625
14855,0
14856,0.0625
14857,0
14858,-0.0625
14859,0
14860,2.75
14861,2.9375
14862,3.0625
14863,3.1875
14864,3.375
14865,0
14866,0
14867,0
14868,7.9375
14869,-8
14870,0.0625
14871,0
14872,0.0625
14873,0
14874,-0.0625
14875,0
14876,5.0625
14877,5.25
14878,5.375
14879,5.5
14880,5.6875
14881,0
14882,0
14883,0
14884,7.9375
14885,-8
14886,0.0625
14887,0
14888,0.0625
14889,0
14890,-0.0625
14891,0
14892,7.375
14893,7.5625
14894,7.6875
14895,7.8125
14896,7.9375
14897,0
14898,0
14899,0
14900,7.9375
14901,-8
14902,0.0625
14903,0
14904,0.0625
14905,0
14906,-0.0625
14907,0
14908,-6.3125
14909,-6.125
14910,-6
14911,-5.875
14912,-5.6875
14913,0
14914,0
14915,0
14916,7.9375
14917,-8
14918,0.0625
14919,0
14920,0.0625
14921,0
14922,-0.0625
14923,0
14924,-4
14925,-3.8125
14926,-3.6875
14927,-3.5625
14928,-3.375
14929,0
14930,0
14931,0
14932,7.9375
14933,-8
14934,0.0625
14935,0
14936,0.0625
14937,0
14938,-0.0625
14939,0
14940,-1.6875
14941,-1.5
14942,-1.375
14943,-1.25
14944,-1.0625
14945,0
14946,0
14947,0
14948,7.9375
14949,-8
14950,0.0625
14951,0
14952,0.0625
14953,0
14954,-0.0625
14955,0
14956,0.625
14957,0.8125
14958,0.9375
14959,1.0625
14960,1.25
14961,0
14962,0
14963,0
14964,7.9375
14965,-8
14966,0.0625
14967,0
14968,0.0625
14969,0
14970,-0.0625
14971,0
14972,2.9375
14973,3.125
14974,3.25
14975,3.375
14976,3.5625
14977,0
14978,0
14979,0
14980,7.9375
14981,-8
14982,0.0625
14983,0
14984,0.0625
14985,0
14986,-0.0625
14987,0
14988,5.25
14989,5.4375
14990,5.5625
14991,5.6875
14992,5.875
14993,0
14994,0
14995,0
14996,7.9375
14997,-8
14998,0.0625
14999,0
15000,0.0625
15001,0
15002,-0.0625
15003,0
15004,7.5625
15005,7.75
15006,7.875
15007,-8
15008,-7.8125
15009,0
15010,0
15011,0
15012,7.9375
15013,-8
15014,0.0625
15015,0
15016,0.0625
15017,0
15018,-0.0625
15019,0
15020,-6.125
15021,-5.9375
15022,-5.8125
15023,-5.6875
15024,-5.5
15025,0
15026,0
15027,0
15028,7.9375
15029,-8
15030,0.0625
15031,0
15032,0.0625
15033,0
15034,-0.0625
15035,0
15036,-3.8125
15037,-3.625
15038,-3.5
15039,-3.375
15040,-3.1875
15041,0
15042,0
15043,0
15044,7.9375
15045,-8
15046,0.0625
15047,0
15048,0.0625
15049,0
15050,-0.0625
15051,0
15052,-1.5
15053,-1.3125
15054,-1.1875
15055,-1.0625
15056,-0.875
15057,0
15058,0
15059,0
15060,7.9375
15061,-8
15062,0.0625
15063,0
15064,0.0625
15065,0
15066,-0.0625
15067,0
15068,0.8125
15069,1
15070,1.125
15071,1.25
15072,1.4375
15073,0
15074,0
15075,0
15076,7.9375
15077,-8
15078,0.0625
15079,0
15080,0.0625
15081,0
15082,-0.0625
15083,0
15084,3.125
15085,3.3125
15086,3.4375
15087,3.5625
15088,3.75
15089,0
15090,0
15091,0
15092,7.9375
15093,-8
15094,0.0625
15095,0
15096,0.0625
15097,0
15098,-0.0625
15099,0
15100,5.4375
15101,5.625
15102,5.75
15103,5.875
15104,6.0625
15105,0
15106,0
15107,0
15108,7.9375
15109,-8
15110,0.0625
15111,0
15112,0.0625
15113,0
15114,-0.0625
15115,0
15116,7.75
15117,7.9375
15118,-7.9375
15119,-7.8125
15120,-7.625
15121,0
15122,0
15123,0
15124,7.9375
15125,-8
15126,0.0625
15127,0
15128,0.0625
15129,0
15130,-0.0625
15131,0
15132,-5.9375
15133,-5.75
15134,-5.625
15135,-5.5
15136,-5.3125
15137,0
15138,0
15139,0
15140,7.9375
15141,-8
15142,0.0625
15143,0
15144,0.0625
15145,0
15146,-0.0625
15147,0
15148,-3.625
15149,-3.4375
15150,-3.3125
15151,-3.1875
15152,-3
15153,0
15154,0
15155,0
15156,7.9375
15157,-8
15158,0.0625
15159,0
15160,0.0625
15161,0
15162,-0.0625
15163,0
15164,-1.3125
15165,-1.125
15166,-1
15167,-0.875
15168,-0.6875
15169,0
15170,0
15171,0
15172,7.9375
15173,-8
15174,0.0625
15175,0
15176,0.0625
15177,0
15178,-0.0625
15179,0
15180,1
15181,1.1875
15182,1.3125
15183,1.4375
15184,1.625
15185,0
15186,0
15187,0
15188,7.9375
15189,-8
15190,0.0625
15191,0
15192,0.0625
15193,0
15194,-0.0625
15195,0
15196,3.3125
15197,3.5
15198,3.625
15199,3.75
15200,3.9375
15201,0
15202,0
15203,0
15204,7.9375
15205,-8
15206,0.0625
15207,0
15208,0.0625
15209,0
15210,-0.0625
15211,0
15212,5.625
15213,5.8125
15214,5.9375
15215,6.0625
15216,6.25
15217,0
15218,0
15219,0
15220,7.9375
15221,-8
15222,0.0625
15223,0
15224,0.0625
15225,0
15226,-0.0625
15227,0
15228,7.9375
15229,-7.875
15230,-7.75
15231,-7.625
15232,-7.4375
15233,0
15234,0
15235,0
15236,7.9375
15237,-8
15238,0.0625
15239,0
15240,0.0625
15241,0
15242,-0.0625
15243,0
15244,-5.75
15245,-5.5625
15246,-5.4375
15247,-5.3125
15248,-5.125
15249,0
15250,0
15251,0
15252,7.9375
15253,-8
15254,0.0625
15255,0
15256,0.0625
15257,0
15258,-0.0625
15259,0
15260,-3.4375
15261,-3.25
15262,-3.125
15263,-3
15264,-2.8125
15265,0
15266,0
15267,0
15268,7.9375
15269,-8
15270,0.0625
15271,0
15272,0.0625
15273,0
15274,-0.0625
15275,0
15276,-1.125
15277,-0.9375
15278,-0.8125
15279,-0.6875
15280,-0.5
15281,0
15282,0
15283,0
15284,7.9375
15285,-8
15286,0.0625
15287,0
15288,0.0625
15289,0
15290,-0.0625
15291,0
15292,1.1875
15293,1.375
15294,1.5
15295,1.625
15296,1.8125
15297,0
15298,0
15299,0
15300,7.9375
15301,-8
15302,0.0625
15303,0
15304,0.0625
15305,0
15306,-0.0625
15307,0
15308,3.5
15309,3.6875
15310,3.8125
15311,3.9375
15312,4.125
15313,0
15314,0
15315,0
15316,7.9375
15317,-8
15318,0.0625
15319,0
15320,0.0625
15321,0
15322,-0.0625
15323,0
15324,5.8125
15325,6
15326,6.125
15327,6.25
15328,6.4375
15329,0
15330,0
15331,0
15332,7.9375
15333,-8
15334,0.0625
15335,0
15336,0.0625
15337,0
15338,-0.0625
15339,0
15340,-7.875
15341,-7.6875
15342,-7.5625
15343,-7.4375
15344,-7.25
15345,0
15346,0
15347,0
15348,7.9375
15349,-8
15350,0.0625
15351,0
15352,0.0625
15353,0
15354,-0.0625
15355,0
15356,-5.5625
15357,-5.375
15358,-5.25
15359,-5.125
15360,-4.9375
15361,0
15362,0
15363,0
15364,7.9375
15365,-8
15366,0.0625
15367,0
15368,0.0625
15369,0
15370,-0.0625
15371,0
15372,-3.25
15373,-3.0625
15374,-2.9375
15375,-2.8125
15376,-2.625
15377,0
15378,0
15379,0
15380,7.9375
15381,-8
15382,0.0625
15383,0
15384,0.0625
15385,0
15386,-0.0625
15387,0
15388,-0.9375
15389,-0.75
15390,-0.625
15391,-0.5
15392,-0.3125
15393,0
15394,0
15395,0
15396,7.9375
15397,-8
15398,0.0625
15399,0
15400,0.0625
15401,0
15402,-0.0625
15403,0
15404,1.375
15405,1.5625
15406,1.6875
15407,1.8125
15408,2
15409,0
15410,0
15411,0
15412,7.9375
15413,-8
15414,0.0625
15415,0
15416,0.0625
15417,0
15418,-0.0625
15419,0
15420,3.6875
15421,3.875
15422,4
15423,4.125
15424,4.3125
15425,0
15426,0
15427,0
15428,7.9375
15429,-8
15430,0.0625
15431,0
15432,0.0625
15433,0
15434,-0.0625
15435,0
15436,6
15437,6.1875
15438,6.3125
15439,6.4375
15440,6.625
15441,0
15442,0
15443,0
15444,7.9375
15445,-8
15446,0.0625
15447,0
15448,0.0625
15449,0
15450,-0.0625
15451,0
15452,-7.6875
15453,-7.5
15454,-7.375
15455,-7.25
15456,-7.0625
15457,0
15458,0
15459,0
15460,7.9375
15461,-8
15462,0.0625
15463,0
15464,0.0625
15465,0
15466,-0.0625
15467,0
15468,-5.375
15469,-5.1875
15470,-5.0625
15471,-4.9375
15472,-4.75
15473,0
15474,0
15475,0
15476,7.9375
15477,-8
15478,0.0625
15479,0
15480,0.0625
15481,0
15482,-0.0625
15483,0
15484,-3.0625
15485,-2.875
15486,-2.75
15487,-2.625
15488,-2.4375
15489,0
15490,0
15491,0
15492,7.9375
15493,-8
15494,0.0625
15495,0
15496,0.0625
15497,0
15498,-0.0625
15499,0
15500,-0.75
15501,-0.5625
15502,-0.4375
15503,-0.3125
15504,-0.125
15505,0
15506,0
15507,0
15508,7.9375
15509,-8
15510,0.0625
15511,0
15512,0.0625
15513,0
15514,-0.0625
15515,0
15516,1.5625
15517,1.75
15518,1.875
15519,2
15520,2.1875
15521,0
15522,0
15523,0
15524,7.9375
15525,-8
15526,0.0625
15527,0
15528,0.0625
15529,0
15530,-0.0625
15531,0
15532,3.875
15533,4.0625
15534,4.1875
15535,4.3125
15536,4.5
15537,0
15538,0
15539,0
15540,7.9375
15541,-8
15542,0.0625
15543,0
15544,0.0625
15545,0
15546,-0.0625
15547,0
15548,6.1875
15549,6.375
15550,6.5
15551,6.625
15552,6.8125
15553,0
15554,0
15555,0
15556,7.9375
15557,-8
15558,0.0625
15559,0
15560,0.0625
15561,0
15562,-0.0625
15563,0
15564,-7.5
15565,-7.3125
15566,-7.1875
15567,-7.0625
15568,-6.875
15569,0
15570,0
15571,0
15572,7.9375
15573,-8
15574,0.0625
15575,0
15576,0.0625
15577,0
15578,-0.0625
15579,0
15580,-5.1875
15581,-5
15582,-4.875
15583,-4.75
15584,-4.5625
15585,0
15586,0
15587,0
15588,7.9375
15589,-8
15590,0.0625
15591,0
15592,0.0625
15593,0
15594,-0.0625
15595,0
15596,-2.875
15597,-2.6875
15598,-2.5625
15599,-2.4375
15600,-2.25
15601,0
15602,0
15603,0
15604,7.9375
15605,-8
15606,0.0625
15607,0
15608,0.0625
15609,0
15610,-0.0625
15611,0
15612,-0.5625
15613,-0.375
15614,-0.25
15615,-0.125
15616,0.0625
15617,0
15618,0
15619,0
15620,7.9375
15621,-8
15622,0.0625
15623,0
15624,0.0625
15625,0
15626,-0.0625
15627,0
15628,1.75
15629,1.9375
15630,2.0625
15631,2.1875
15632,2.375
15633,0
15634,0
15635,0
15636,7.9375
15637,-8
15638,0.0625
15639,0
15640,0.0625
15641,0
15642,-0.0625
15643,0
15644,4.0625
15645,4.25
15646,4.375
15647,4.5
15648,4.6875
15649,0
15650,0
15651,0
15652,7.9375
15653,-8
15654,0.0625
15655,0
15656,0.0625
15657,0
15658,-0.0625
15659,0
15660,6.375
15661,6.5625
15662,6.6875
15663,6.8125
15664,7
15665,0
15666,0
15667,0
15668,7.9375
15669,-8
15670,0.0625
15671,0
15672,0.0625
15673,0
15674,-0.0625
15675,0
15676,-7.3125
15677,-7.125
15678,-7
15679,-6.875
15680,-6.6875
15681,0
15682,0
15683,0
15684,7.9375
15685,-8
15686,0.0625
15687,0
15688,0.0625
15689,0
15690,-0.0625
15691,0
15692,-5
15693,-4.8125
15694,-4.6875
15695,-4.5625
15696,-4.375
15697,0
15698,0
15699,0
15700,7.9375
15701,-8
15702,0.0625
15703,0
15704,0.0625
15705,0
15706,-0.0625
15707,0
15708,-2.6875
15709,-2.5
15710,-2.375
15711,-2.25
15712,-2.0625
15713,0
15714,0
15715,0
15716,7.9375
15717,-8
15718,0.0625
15719,0
15720,0.0625
15721,0
15722,-0.0625
15723,0
15724,-0.375
15725,-0.1875
15726,-0.0625
15727,0.0625
15728,0.25
15729,0
15730,0
15731,0
15732,7.9375
15733,-8
15734,0.0625
15735,0
15736,0.0625
15737,0
15738,-0.0625
15739,0
15740,1.9375
15741,2.125
15742,2.25
15743,2.375
15744,2.5625
15745,0
15746,0
15747,0
15748,7.9375
15749,-8
15750,0.0625
15751,0
15752,0.0625
15753,0
15754,-0.0625
15755,0
15756,4.25
15757,4.4375
15758,4.5625
15759,4.6875
15760,4.875
15761,0
15762,0
15763,0
15764,7.9375
15765,-8
15766,0.0625
15767,0
15768,0.0625
15769,0
15770,-0.0625
15771,0
15772,6.5625
15773,6.75
15774,6.875
15775,7
15776,7.1875
15777,0
15778,0
15779,0
15780,7.9375
15781,-8
15782,0.0625
15783,0
15784,0.0625
15785,0
15786,-0.0625
15787,0
15788,-7.125
15789,-6.9375
15790,-6.8125
15791,-6.6875
15792,-6.5
15793,0
15794,0
15795,0
15796,7.9375
15797,-8
15798,0.0625
15799,0
15800,0.0625
15801,0
15802,-0.0625
15803,0
15804,-4.8125
15805,-4.625
15806,-4.5
15807,-4.375
15808,-4.1875
15809,0
15810,0
15811,0
15812,7.9375
15813,-8
15814,0.0625
15815,0
15816,0.0625
15817,0
15818,-0.0625
15819,0
15820,-2.5
15821,-2.3125
15822,-2.1875
15823,-2.0625
15824,-1.875
15825,0
15826,0
15827,0
15828,7.9375
15829,-8
15830,0.0625
15831,0
15832,0.0625
15833,0
15834,-0.0625
15835,0
15836,-0.1875
15837,0
15838,0.125
15839,0.25
15840,0.4375
15841,0
15842,0
15843,0
15844,7.9375
15845,-8
15846,0.0625
15847,0
15848,0.0625
15849,0
15850,-0.0625
15851,0
15852,2.125
15853,2.3125
15854,2.4375
15855,2.5625
15856,2.75
15857,0
15858,0
15859,0
15860,7.9375
15861,-8
15862,0.0625
15863,0
15864,0.0625
15865,0
15866,-0.0625
15867,0
15868,4.4375
15869,4.625
15870,4.75
15871,4.875
15872,5.0625
15873,0
15874,0
15875,0
15876,7.9375
15877,-8
15878,0.0625
15879,0
15880,0.0625
15881,0
15882,-0.0625
15883,0
15884,6.75
15885,6.9375
15886,7.0625
15887,7.1875
15888,7.375
15889,0
15890,0
15891,0
15892,7.9375
15893,-8
15894,0.0625
15895,0
15896,0.0625
15897,0
15898,-0.0625
15899,0
15900,-6.9375
15901,-6.75
15902,-6.625
15903,-6.5
15904,-6.3125
15905,0
15906,0
15907,0
15908,7.9375
15909,-8
15910,0.0625
15911,0
15912,0.0625
15913,0
15914,-0.0625
15915,0
15916,-4.625
15917,-4.4375
15918,-4.3125
15919,-4.1875
15920,-4
15921,0
15922,0
15923,0
15924,7.9375
15925,-8
15926,0.0625
15927,0
15928,0.0625
15929,0
15930,-0.0625
15931,0
15932,-2.3125
15933,-2.125
15934,-2
15935,-1.875
15936,-1.6875
15937,0
15938,0
15939,0
15940,7.9375
15941,-8
15942,0.0625
15943,0
15944,0.0625
15945,0
15946,-0.0625
15947,0
15948,0
15949,0.1875
15950,0.3125
15951,0.4375
15952,0.625
15953,0
15954,0
15955,0
15956,7.9375
15957,-8
15958,0.0625
15959,0
15960,0.0625
15961,0
15962,-0.0625
15963,0
15964,2.3125
15965,2.5
15966,2.625
15967,2.75
15968,2.9375
15969,0
15970,0
15971,0
15972,7.9375
15973,-8
15974,0.0625
15975,0
15976,0.0625
15977,0
15978,-0.0625
15979,0
15980,4.625
15981,4.8125
15982,4.9375
15983,5.0625
15984,5.25
15985,0
15986,0
15987,0
15988,7.9375
15989,-8
15990,0.0625
15991,0
15992,0.0625
15993,0
15994,-0.0625
15995,0
15996,6.9375
15997,7.125
15998,7.25
15999,7.375
16000,7.5625
16001,0
16002,0
16003,0
16004,7.9375
16005,-8
16006,0.0625
16007,0
16008,0.0625
16009,0
16010,-0.0625
16011,0
16012,-6.75
16013,-6.5625
16014,-6.4375
16015,-6.3125
16016,-6.125
16017,0
16018,0
16019,0
16020,7.9375
16021,-8
16022,0.0625
16023,0
16024,0.0625
16025,0
16026,-0.0625
16027,0
16028,-4.4375
16029,-4.25
16030,-4.125
16031,-4
16032,-3.8125
16033,0
16034,0
16035,0
16036,7.9375
16037,-8
16038,0.0625
16039,0
16040,0.0625
16041,0
16042,-0.0625
16043,0
16044,-2.125
16045,-1.9375
16046,-1.8125
16047,-1.6875
16048,-1.5
16049,0
16050,0
16051,0
16052,7.9375
16053,-8
16054,0.0625
16055,0
16056,0.0625
16057,0
16058,-0.0625
16059,0
16060,0.1875
16061,0.375
16062,0.5
16063,0.625
16064,0.8125
16065,0
16066,0
16067,0
16068,7.9375
16069,-8
16070,0.0625
16071,0
16072,0.0625
16073,0
16074,-0.0625
16075,0
16076,2.5
16077,2.6875
16078,2.8125
16079,2.9375
16080,3.125
16081,0
16082,0
16083,0
16084,7.9375
16085,-8
16086,0.0625
16087,0
16088,0.0625
16089,0
16090,-0.0625
16091,0
16092,4.8125
16093,5
16094,5.125
16095,5.25
16096,5.4375
16097,0
16098,0
16099,0
16100,7.9375
16101,-8
16102,0.0625
16103,0
16104,0.0625
16105,0
16106,-0.0625
16107,0
16108,7.125
16109,7.3125
16110,7.4375
16111,7.5625
16112,7.75
16113,0
16114,0
16115,0
16116,7.9375
16117,-8
16118,0.0625
16119,0
16120,0.0625
16121,0
16122,-0.0625
16123,0
16124,-6.5625
16125,-6.375
16126,-6.25
16127,-6.125
16128,-5.9375
16129,0
16130,0
16131,0
16132,7.9375
16133,-8
16134,0.0625
16135,0
16136,0.0625
16137,0
16138,-0.0625
16139,0
16140,-4.25
16141,-4.0625
16142,-3.9375
16143,-3.8125
16144,-3.625
16145,0
16146,0
16147,0
16148,7.9375
16149,-8
16150,0.0625
16151,0
16152,0.0625
16153,0
16154,-0.0625
16155,0
16156,-1.9375
16157,-1.75
16158,-1.625
16159,-1.5
16160,-1.3125
16161,0
16162,0
16163,0
16164,7.9375
16165,-8
16166,0.0625
16167,0
16168,0.0625
16169,0
16170,-0.0625
16171,0
16172,0.375
16173,0.5625
16174,0.6875
16175,0.8125
16176,1
16177,0
16178,0
16179,0
16180,7.9375
16181,-8
16182,0.0625
16183,0
16184,0.0625
16185,0
16186,-0.0625
16187,0
16188,2.6875
16189,2.875
16190,3
16191,3.125
16192,3.3125
16193,0
16194,0
16195,0
16196,7.9375
16197,-8
16198,0.0625
16199,0
16200,0.0625
16201,0
16202,-0.0625
16203,0
16204,5
16205,5.1875
16206,5.3125
16207,5.4375
16208,5.625
16209,0
16210,0
16211,0
16212,7.9375
16213,-8
16214,0.0625
16215,0
16216,0.0625
16217,0
16218,-0.0625
16219,0
16220,7.3125
16221,7.5
16222,7.625
16223,7.75
16224,7.9375
16225,0
16226,0
16227,0
16228,7.9375
16229,-8
16230,0.0625
16231,0
16232,0.0625
16233,0
16234,-0.0625
16235,0
16236,-6.375
16237,-6.1875
16238,-6.0625
16239,-5.9375
16240,-5.75
16241,0
16242,0
16243,0
16244,7.9375
16245,-8
16246,0.0625
16247,0
16248,0.0625
16249,0
16250,-0.0625
16251,0
16252,-4.0625
16253,-3.875
16254,-3.75
16255,-3.625
16256,-3.4375
16257,0
16258,0
16259,0
16260,7.9375
16261,-8
16262,0.0625
16263,0
16264,0.0625
16265,0
16266,-0.0625
16267,0
16268,-1.75
16269,-1.5625
16270,-1.4375
16271,-1.3125
16272,-1.125
16273,0
16274,0
16275,0
16276,7.9375
16277,-8
16278,0.0625
16279,0
16280,0.0625
16281,0
16282,-0.0625
16283,0
16284,0.5625
16285,0.75
16286,0.875
16287,1
16288,1.1875
16289,0
16290,0
16291,0
16292,7.9375
16293,-8
16294,0.0625
16295,0
16296,0.0625
16297,0
16298,-0.0625
16299,0
16300,2.875
16301,3.0625
16302,3.1875
16303,3.3125
16304,3.5
16305,0
16306,0
16307,0
16308,7.9375
16309,-8
16310,0.0625
16311,0
16312,0.0625
16313,0
16314,-0.0625
16315,0
16316,5.1875
16317,5.375
16318,5.5
16319,5.625
16320,5.8125
16321,0
16322,0
16323,0
16324,7.9375
16325,-8
16326,0.0625
16327,0
16328,0.0625
16329,0
16330,-0.0625
16331,0
16332,7.5
16333,7.6875
16334,7.8125
16335,7.9375
16336,-7.875
16337,0
16338,0
16339,0
16340,7.9375
16341,-8
16342,0.0625
16343,0
16344,0.0625
16345,0
16346,-0.0625
16347,0
16348,-6.1875
16349,-6
16350,-5.875
16351,-5.75
16352,-5.5625
16353,0
16354,0
16355,0
16356,7.9375
16357,-8
16358,0.0625
16359,0
16360,0.0625
16361,0
16362,-0.0625
16363,0
16364,-3.875
16365,-3.6875
16366,-3.5625
16367,-3.4375
16368,-3.25
16369,0
16370,0
16371,0
16372,7.9375
16373,-8
16374,0.0625
16375,0
16376,0.0625
16377,0
16378,-0.0625
16379,0
16380,-1.5625
16381,-1.375
16382,-1.25
16383,-1.125
16384,-0.9375
16385,0
16386,0
16387,0
16388,7.9375
16389,-8
16390,0.0625
16391,0
16392,0.0625
16393,0
16394,-0.0625
16395,0
16396,0.75
16397,0.9375
16398,1.0625
16399,1.1875
16400,1.375
16401,0
16402,0
16403,0
16404,7.9375
16405,-8
16406,0.0625
16407,0
16408,0.0625
16409,0
16410,-0.0625
16411,0
16412,3.0625
16413,3.25
16414,3.375
16415,3.5
16416,3.6875
16417,0
16418,0
16419,0
16420,7.9375
16421,-8
16422,0.0625
16423,0
16424,0.0625
16425,0
16426,-0.0625
16427,0
16428,5.375
16429,5.5625
16430,5.6875
16431,5.8125
16432,6
16433,0
16434,0
16435,0
16436,7.9375
16437,-8
16438,0.0625
16439,0
16440,0.0625
16441,0
16442,-0.0625
16443,0
16444,7.6875
16445,7.875
16446,7.9375
16447,-7.875
16448,-7.6875
16449,0
16450,0
16451,0
16452,7.9375
16453,-8
16454,0.0625
16455,0
16456,0.0625
16457,0
16458,-0.0625
16459,0
16460,-6
16461,-5.8125
16462,-5.6875
16463,-5.5625
16464,-5.375
16465,0
16466,0
16467,0
16468,7.9375
16469,-8
16470,0.0625
16471,0
16472,0.0625
16473,0
16474,-0.0625
16475,0
16476,-3.6875
16477,-3.5
16478,-3.375
16479,-3.25
16480,-3.0625
16481,0
16482,0
16483,0
16484,7.9375
16485,-8
16486,0.0625
16487,0
16488,0.0625
16489,0
16490,-0.0625
16491,0
16492,-1.375
16493,-1.1875
16494,-1.0625
16495,-0.9375
16496,-0.75
16497,0
16498,0
16499,0
16500,7.9375
16501,-8
16502,0.0625
16503,0
16504,0.0625
16505,0
16506,-0.0625
16507,0
16508,0.9375
16509,1.125
16510,1.25
16511,1.375
16512,1.5625
16513,0
16514,0
16515,0
16516,7.9375
16517,-8
16518,0.0625
16519,0
16520,0.0625
16521,0
16522,-0.0625
16523,0
16524,3.25
16525,3.4375
16526,3.5625
16527,3.6875
16528,3.875
16529,0
16530,0
16531,0
16532,7.9375
16533,-8
16534,0.0625
16535,0
16536,0.0625
16537,0
16538,-0.0625
16539,0
16540,5.5625
16541,5.75
16542,5.875
16543,6
16544,6.1875
16545,0
16546,0
16547,0
16548,7.9375
16549,-8
16550,0.0625
16551,0
16552,0.0625
16553,0
16554,-0.0625
16555,0
16556,7.875
16557,-7.9375
16558,-7.8125
16559,-7.6875
16560,-7.5
16561,0
16562,0
16563,0
16564,7.9375
16565,-8
16566,0.0625
16567,0
16568,0.0625
16569,0
16570,-0.0625
16571,0
16572,-5.8125
16573,-5.625
16574,-5.5
16575,-5.375
16576,-5.1875
16577,0
16578,0
16579,0
16580,7.9375
16581,-8
16582,0.0625
16583,0
16584,0.0625
16585,0
16586,-0.0625
16587,0
16588,-3.5
16589,-3.3125
16590,-3.1875
16591,-3.0625
16592,-2.875
16593,0
16594,0
16595,0
16596,7.9375
16597,-8
16598,0.0625
16599,0
16600,0.0625
16601,0
16602,-0.0625
16603,0
16604,-1.1875
16605,-1
16606,-0.875
16607,-0.75
16608,-0.5625
16609,0
16610,0
16611,0
16612,7.9375
16613,-8
16614,0.0625
16615,0
16616,0.0625
16617,0
16618,-0.0625
16619,0
16620,1.125
16621,1.3125
16622,1.4375
16623,1.5625
16624,1.75
16625,0
16626,0
16627,0
16628,7.9375
16629,-8
16630,0.0625
16631,0
16632,0.0625
16633,0
16634,-0.0625
16635,0
16636,3.4375
16637,3.625
16638,3.75
16639,3.875
16640,4.0625
16641,0
16642,0
16643,0
16644,7.9375
16645,-8
16646,0.0625
16647,0
16648,0.0625
16649,0
16650,-0.0625
16651,0
16652,5.75
16653,5.9375
16654,6.0625
16655,6.1875
16656,6.375
16657,0
16658,0
16659,0
16660,7.9375
16661,-8
16662,0.0625
16663,0
16664,0.0625
16665,0
16666,-0.0625
16667,0
16668,-7.9375
16669,-7.75
16670,-7.625
16671,-7.5
16672,-7.3125
16673,0
16674,0
16675,0
16676,7.9375
16677,-8
16678,0.0625
16679,0
16680,0.0625
16681,0
16682,-0.0625
16683,0
16684,-5.625
16685,-5.4375
16686,-5.3125
16687,-5.1875
16688,-5
16689,0
16690,0
16691,0
16692,7.9375
16693,-8
16694,0.0625
16695,0
16696,0.0625
16697,0
16698,-0.0625
16699,0
16700,-3.3125
16701,-3.125
16702,-3
16703,-2.875
16704,-2.6875
16705,0
16706,0
16707,0
16708,7.9375
16709,-8
16710,0.0625
16711,0
16712,0.0625
16713,0
16714,-0.0625
16715,0
16716,-1
16717,-0.8125
16718,-0.6875
16719,-0.5625
16720,-0.375
16721,0
16722,0
16723,0
16724,7.9375
16725,-8
16726,0.0625
16727,0
16728,0.0625
16729,0
16730,-0.0625
16731,0
16732,1.3125
16733,1.5
16734,1.625
16735,1.75
16736,1.9375
16737,0
16738,0
16739,0
16740,7.9375
16741,-8
16742,0.0625
16743,0
16744,0.0625
16745,0
16746,-0.0625
16747,0
16748,3.625
16749,3.8125
16750,3.9375
16751,4.0625
16752,4.25
16753,0
16754,0
16755,0
16756,7.9375
16757,-8
16758,0.0625
16759,0
16760,0.0625
16761,0
16762,-0.0625
16763,0
16764,5.9375
16765,6.125
16766,6.25
16767,6.375
16768,6.5625
16769,0
16770,0
16771,0
16772,7.9375
16773,-8
16774,0.0625
16775,0
16776,0.0625
16777,0
16778,-0.0625
16779,0
16780,-7.75
16781,-7.5625
16782,-7.4375
16783,-7.3125
16784,-7.125
16785,0
16786,0
16787,0
16788,7.9375
16789,-8
16790,0.0625
16791,0
16792,0.0625
16793,0
16794,-0.0625
16795,0
16796,-5.4375
16797,-5.25
16798,-5.125
16799,-5
16800,-4.8125
16801,0
16802,0
16803,0
16804,7.9375
16805,-8
16806,0.0625
16807,0
16808,0.0625
16809,0
16810,-0.0625
16811,0
16812,-3.125
16813,-2.9375
16814,-2.8125
16815,-2.6875
16816,-2.5
16817,0
16818,0
16819,0
16820,7.9375
16821,-8
16822,0.0625
16823,0
16824,0.0625
16825,0
16826,-0.0625
16827,0
16828,-0.8125
16829,-0.625
16830,-0.5
16831,-0.375
16832,-0.1875
16833,0
16834,0
16835,0
16836,7.9375
16837,-8
16838,0.0625
16839,0
16840,0.0625
16841,0
16842,-0.0625
16843,0
16844,1.5
16845,1.6875
16846,1.8125
16847,1.9375
16848,2.125
16849,0
16850,0
16851,0
16852,7.9375
16853,-8
16854,0.0625
16855,0
16856,0.0625
16857,0
16858,-0.0625
16859,0
16860,3.8125
16861,4
16862,4.125
16863,4.25
16864,4.4375
16865,0
16866,0
16867,0
16868,7.9375
16869,-8
16870,0.0625
16871,0
16872,0.0625
16873,0
16874,-0.0625
16875,0
16876,6.125
16877,6.3125
16878,6.4375
16879,6.5625
16880,6.75
16881,0
16882,0
16883,0
16884,7.9375
16885,-8
16886,0.0625
16887,0
16888,0.0625
16889,0
16890,-0.0625
16891,0
16892,-7.5625
16893,-7.375
16894,-7.25
16895,-7.125
16896,-6.9375
16897,0
16898,0
16899,0
16900,7.9375
16901,-8
16902,0.0625
16903,0
16904,0.0625
16905,0
16906,-0.0625
16907,0
16908,-5.25
16909,-5.0625
16910,-4.9375
16911,-4.8125
16912,-4.625
16913,0
16914,0
16915,0
16916,7.9375
16917,-8
16918,0.0625
16919,0
16920,0.0625
16921,0
16922,-0.0625
16923,0
16924,-2.9375
16925,-2.75
16926,-2.625
16927,-2.5
16928,-2.3125
16929,0
16930,0
16931,0
16932,7.9375
16933,-8
16934,0.0625
16935,0
16936,0.0625
16937,0
16938,-0.0625
16939,0
16940,-0.625
16941,-0.4375
16942,-0.3125
16943,-0.1875
16944,0
16945,0
16946,0
16947,0
16948,7.9375
16949,-8
16950,0.0625
16951,0
16952,0.0625
16953,0
16954,-0.0625
16955,0
16956,1.6875
16957,1.875
16958,2
16959,2.125
16960,2.3125
16961,0
16962,0
16963,0
16964,7.9375
16965,-8
16966,0.0625
16967,0
16968,0.0625
16969,0
16970,-0.0625
16971,0
16972,4
16973,4.1875
16974,4.3125
16975,4.4375
16976,4.625
16977,0
16978,0
16979,0
16980,7.9375
16981,-8
16982,0.0625
16983,0
16984,0.0625
16985,0
16986,-0.0625
16987,0
16988,6.3125
16989,6.5
16990,6.625
16991,6.75
16992,6.9375
16993,0
16994,0
16995,0
16996,7.9375
16997,-8
16998,0.0625
16999,0
17000,0.0625
17001,0
17002,-0.0625
17003,0
17004,-7.375
17005,-7.1875
17006,-7.0625
17007,-6.9375
17008,-6.75
17009,0
17010,0
17011,0
17012,7.9375
17013,-8
17014,0.0625
17015,0
17016,0.0625
17017,0
17018,-0.0625
17019,0
17020,-5.0625
17021,-4.875
17022,-4.75
17023,-4.625
17024,-4.4375
17025,0
17026,0
17027,0
17028,7.9375
17029,-8
17030,0.0625
17031,0
17032,0.0625
17033,0
17034,-0.0625
17035,0
17036,-2.75
17037,-2.5625
17038,-2.4375
17039,-2.3125
17040,-2.125
17041,0
17042,0
17043,0
17044,7.9375
17045,-8
17046,0.0625
17047,0
17048,0.0625
17049,0
17050,-0.0625
17051,0
17052,-0.4375
17053,-0.25
17054,-0.125
17055,0
17056,0.1875
17057,0
17058,0
17059,0
17060,7.9375
17061,-8
17062,0.0625
17063,0
17064,0.0625
17065,0
17066,-0.0625
17067,0
17068,1.875
17069,2.0625
17070,2.1875
17071,2.3125
17072,2.5
17073,0
17074,0
17075,0
17076,7.9375
17077,-8
17078,0.0625
17079,0
17080,0.0625
17081,0
17082,-0.0625
17083,0
17084,4.1875
17085,4.375
17086,4.5
17087,4.625
17088,4.8125
17089,0
17090,0
17091,0
17092,7.9375
17093,-8
17094,0.0625
17095,0
17096,0.0625
17097,0
17098,-0.0625
17099,0
17100,6.5
17101,6.6875
17102,6.8125
17103,6.9375
17104,7.125
17105,0
17106,0
17107,0
17108,7.9375
17109,-8
17110,0.0625
17111,0
17112,0.0625
17113,0
17114,-0.0625
17115,0
17116,-7.1875
17117,-7
17118,-6.875
17119,-6.75
17120,-6.5625
17121,0
17122,0
17123,0
17124,7.9375
17125,-8
17126,0.0625
17127,0
17128,0.0625
17129,0
17130,-0.0625
17131,0
17132,-4.875
17133,-4.6875
17134,-4.5625
17135,-4.4375
17136,-4.25
17137,0
17138,0
17139,0
17140,7.9375
17141,-8
17142,0.0625
17143,0
17144,0.0625
17145,0
17146,-0.0625
17147,0
17148,-2.5625
17149,-2.375
17150,-2.25
17151,-2.125
17152,-1.9375
17153,0
17154,0
17155,0
17156,7.9375
17157,-8
17158,0.0625
17159,0
17160,0.0625
17161,0
17162,-0.0625
17163,0
17164,-0.25
17165,-0.0625
17166,0.0625
17167,0.1875
17168,0.375
17169,0
17170,0
17171,0
17172,7.9375
17173,-8
17174,0.0625
17175,0
17176,0.0625
17177,0
17178,-0.0625
17179,0
17180,2.0625
17181,2.25
17182,2.375
17183,2.5
17184,2.6875
17185,0
17186,0
17187,0
17188,7.9375
17189,-8
17190,0.0625
17191,0
17192,0.0625
17193,0
17194,-0.0625
17195,0
17196,4.375
17197,4.5625
17198,4.6875
17199,4.8125
17200,5
17201,0
17202,0
17203,0
17204,7.9375
17205,-8
17206,0.0625
17207,0
17208,0.0625
17209,0
17210,-0.0625
17211,0
17212,6.6875
17213,6.875
17214,7
17215,7.125
17216,7.3125
17217,0
17218,0
17219,0
17220,7.9375
17221,-8
17222,0.0625
17223,0
17224,0.0625
17225,0
17226,-0.0625
17227,0
17228,-7
17229,-6.8125
17230,-6.6875
17231,-6.5625
17232,-6.375
17233,0
17234,0
17235,0
17236,7.9375
17237,-8
17238,0.0625
17239,0
17240,0.0625
17241,0
17242,-0.0625
17243,0
17244,-4.6875
17245,-4.5
17246,-4.375
17247,-4.25
17248,-4.0625
17249,0
17250,0
17251,0
17252,7.9375
17253,-8
17254,0.0625
17255,0
17256,0.0625
17257,0
17258,-0.0625
17259,0
17260,-2.375
17261,-2.1875
17262,-2.0625
17263,-1.9375
17264,-1.75
17265,0
17266,0
17267,0
17268,7.9375
17269,-8
17270,0.0625
17271,0
17272,0.0625
17273,0
17274,-0.0625
17275,0
17276,-0.0625
17277,0.125
17278,0.25
17279,0.375
17280,0.5625
17281,0
17282,0
17283,0
17284,7.9375
17285,-8
17286,0.0625
17287,0
17288,0.0625
17289,0
17290,-0.0625
17291,0
17292,2.25
17293,2.4375
17294,2.5625
17295,2.6875
17296,2.875
17297,0
17298,0
17299,0
17300,7.9375
17301,-8
17302,0.0625
17303,0
17304,0.0625
17305,0
17306,-0.0625
17307,0
17308,4.5625
17309,4.75
17310,4.875
17311,5
17312,5.1875
17313,0
17314,0
17315,0
17316,7.9375
17317,-8
17318,0.0625
17319,0
17320,0.0625
17321,0
17322,-0.0625
17323,0
17324,6.875
17325,7.0625
17326,7.1875
17327,7.3125
17328,7.5
17329,0
17330,0
17331,0
17332,7.9375
17333,-8
17334,0.0625
17335,0
17336,0.0625
17337,0
17338,-0.0625
17339,0
17340,-6.8125
17341,-6.625
17342,-6.5
17343,-6.375
17344,-6.1875
17345,0
17346,0
17347,0
17348,7.9375
17349,-8
17350,0.0625
17351,0
17352,0.0625
17353,0
17354,-0.0625
17355,0
17356,-4.5
17357,-4.3125
17358,-4.1875
17359,-4.0625
17360,-3.875
17361,0
17362,0
17363,0
17364,7.9375
17365,-8
17366,0.0625
17367,0
17368,0.0625
17369,0
17370,-0.0625
17371,0
17372,-2.1875
17373,-2
17374,-1.875
17375,-1.75
17376,-1.5625
17377,0
17378,0
17379,0
17380,7.9375
17381,-8
17382,0.0625
17383,0
17384,0.0625
17385,0
17386,-0.0625
17387,0
17388,0.125
17389,0.3125
17390,0.4375
17391,0.5625
17392,0.75
17393,0
17394,0
17395,0
17396,7.9375
17397,-8
17398,0.0625
17399,0
17400,0.0625
17401,0
17402,-0.0625
17403,0
17404,2.4375
17405,2.625
17406,2.75
17407,2.875
17408,3.0625
17409,0
17410,0
17411,0
17412,7.9375
17413,-8
17414,0.0625
17415,0
17416,0.0625
17417,0
17418,-0.0625
17419,0
17420,4.75
17421,4.9375
17422,5.0625
17423,5.1875
17424,5.375
17425,0
17426,0
17427,0
17428,7.9375
17429,-8
17430,0.0625
17431,0
17432,0.0625
17433,0
17434,-0.0625
17435,0
17436,7.0625
17437,7.25
17438,7.375
17439,7.5
17440,7.6875
17441,0
17442,0
17443,0
17444,7.9375
17445,-8
17446,0.0625
17447,0
17448,0.0625
17449,0
17450,-0.0625
17451,0
17452,-6.625
17453,-6.4375
17454,-6.3125
17455,-6.1875
17456,-6
17457,0
17458,0
17459,0
17460,7.9375
17461,-8
17462,0.0625
17463,0
17464,0.0625
17465,0
17466,-0.0625
17467,0
17468,-4.3125
17469,-4.125
17470,-4
17471,-3.875
17472,-3.6875
17473,0
17474,0
17475,0
17476,7.9375
17477,-8
17478,0.0625
17479,0
17480,0.0625
17481,0
17482,-0.0625
17483,0
17484,-2
17485,-1.8125
17486,-1.6875
17487,-1.5625
17488,-1.375
17489,0
17490,0
17491,0
17492,7.9375
17493,-8
17494,0.0625
17495,0
17496,0.0625
17497,0
17498,-0.0625
17499,0
17500,0.3125
17501,0.5
17502,0.625
17503,0.75
17504,0.9375
17505,0
17506,0
17507,0
17508,7.9375
17509,-8
17510,0.0625
17511,0
17512,0.0625
17513,0
17514,-0.0625
17515,0
17516,2.625
17517,2.8125
17518,2.9375
17519,3.0625
17520,3.25
17521,0
17522,0
17523,0
17524,7.9375
17525,-8
17526,0.0625
17527,0
17528,0.0625
17529,0
17530,-0.0625
17531,0
17532,4.9375
17533,5.125
17534,5.25
17535,5.375
17536,5.5625
17537,0
17538,0
17539,0
17540,7.9375
17541,-8
17542,0.0625
17543,0
17544,0.0625
17545,0
17546,-0.0625
17547,0
17548,7.25
17549,7.4375
17550,7.5625
17551,7.6875
17552,7.875
17553,0
17554,0
17555,0
17556,7.9375
17557,-8
17558,0.0625
17559,0
17560,0.0625
17561,0
17562,-0.0625
17563,0
17564,-6.4375
17565,-6.25
17566,-6.125
17567,-6
17568,-5.8125
17569,0
17570,0
17571,0
17572,7.9375
17573,-8
17574,0.0625
17575,0
17576,0.0625
17577,0
17578,-0.0625
17579,0
17580,-4.125
17581,-3.9375
17582,-3.8125
17583,-3.6875
17584,-3.5
17585,0
17586,0
17587,0
17588,7.9375
17589,-8
17590,0.0625
17591,0
17592,0.0625
17593,0
17594,-0.0625
17595,0
17596,-1.8125
17597,-1.625
17598,-1.5
17599,-1.375
17600,-1.1875
17601,0
17602,0
17603,0
17604,7.9375
17605,-8
17606,0.0625
17607,0
17608,0.0625
17609,0
17610,-0.0625
17611,0
17612,0.5
17613,0.6875
17614,0.8125
17615,0.9375
17616,1.125
17617,0
17618,0
17619,0
17620,7.9375
17621,-8
17622,0.0625
17623,0
17624,0.0625
17625,0
17626,-0.0625
17627,0
17628,2.8125
17629,3
17630,3.125
17631,3.25
17632,3.4375
17633,0
17634,0
17635,0
17636,7.9375
17637,-8
17638,0.0625
17639,0
17640,0.0625
17641,0
17642,-0.0625
17643,0
17644,5.125
17645,5.3125
17646,5.4375
17647,5.5625
17648,5.75
17649,0
17650,0
17651,0
17652,7.9375
17653,-8
17654,0.0625
17655,0
17656,0.0625
17657,0
17658,-0.0625
17659,0
17660,7.4375
17661,7.625
17662,7.75
17663,7.875
17664,-7.9375
17665,0
17666,0
17667,0
17668,7.9375
17669,-8
17670,0.0625
17671,0
17672,0.0625
17673,0
17674,-0.0625
17675,0
17676,-6.25
17677,-6.0625
17678,-5.9375
17679,-5.8125
17680,-5.625
17681,0
17682,0
17683,0
17684,7.9375
17685,-8
17686,0.0625
17687,0
17688,0.0625
17689,0
17690,-0.0625
17691,0
17692,-3.9375
17693,-3.75
17694,-3.625
17695,-3.5
17696,-3.3125
17697,0
17698,0
17699,0
17700,7.9375
17701,-8
17702,0.0625
17703,0
17704,0.0625
17705,0
17706,-0.0625
17707,0
17708,-1.625
17709,-1.4375
17710,-1.3125
17711,-1.1875
17712,-1
17713,0
17714,0
17715,0
17716,7.9375
17717,-8
17718,0.0625
17719,0
17720,0.0625
17721,0
17722,-0.0625
17723,0
17724,0.6875
17725,0.875
17726,1
17727,1.125
17728,1.3125
17729,0
17730,0
17731,0
17732,7.9375
17733,-8
17734,0.0625
17735,0
17736,0.0625
17737,0
17738,-0.0625
17739,0
17740,3
17741,3.1875
17742,3.3125
17743,3.4375
17744,3.625
17745,0
17746,0
17747,0
17748,7.9375
17749,-8
17750,0.0625
17751,0
17752,0.0625
17753,0
17754,-0.0625
17755,0
17756,5.3125
17757,5.5
17758,5.625
17759,5.75
17760,5.9375
17761,0
17762,0
17763,0
17764,7.9375
17765,-8
17766,0.0625
17767,0
17768,0.0625
17769,0
17770,-0.0625
17771,0
17772,7.625
17773,7.8125
17774,7.9375
17775,-7.9375
17776,-7.75
17777,0
17778,0
17779,0
17780,7.9375
17781,-8
17782,0.0625
17783,0
17784,0.0625
17785,0
17786,-0.0625
17787,0
17788,-6.0625
17789,-5.875
17790,-5.75
17791,-5.625
17792,-5.4375
17793,0
17794,0
17795,0
17796,7.9375
17797,-8
17798,0.0625
17799,0
17800,0.0625
17801,0
17802,-0.0625
17803,0
17804,-3.75
17805,-3.5625
17806,-3.4375
17807,-3.3125
17808,-3.125
17809,0
17810,0
17811,0
17812,7.9375
17813,-8
17814,0.0625
17815,0
17816,0.0625
17817,0
17818,-0.0625
17819,0
17820,-1.4375
17821,-1.25
17822,-1.125
17823,-1
17824,-0.8125
17825,0
17826,0
17827,0
17828,7.9375
17829,-8
17830,0.0625
17831,0
17832,0.0625
17833,0
17834,-0.0625
17835,0
17836,0.875
17837,1.0625
17838,1.1875
17839,1.3125
17840,1.5
17841,0
17842,0
17843,0
17844,7.9375
17845,-8
17846,0.0625
17847,0
17848,0.0625
17849,0
17850,-0.0625
17851,0
17852,3.1875
17853,3.375
17854,3.5
17855,3.625
17856,3.8125
17857,0
17858,0
17859,0
17860,7.9375
17861,-8
17862,0.0625
17863,0
17864,0.0625
17865,0
17866,-0.0625
17867,0
17868,5.5
17869,5.6875
17870,5.8125
17871,5.9375
17872,6.125
17873,0
17874,0
17875,0
17876,7.9375
17877,-8
17878,0.0625
17879,0
17880,0.0625
17881,0
17882,-0.0625
17883,0
17884,7.8125
17885,7.9375
17886,-7.875
17887,-7.75
17888,-7.5625
17889,0
17890,0
17891,0
17892,7.9375
17893,-8
17894,0.0625
17895,0
17896,0.0625
17897,0
17898,-0.0625
17899,0
17900,-5.875
17901,-5.6875
17902,-5.5625
17903,-5.4375
17904,-5.25
17905,0
17906,0
17907,0
17908,7.9375
17909,-8
17910,0.0625
17911,0
17912,0.0625
17913,0
17914,-0.0625
17915,0
17916,-3.5625
17917,-3.375
17918,-3.25
17919,-3.125
17920,-2.9375
17921,0
17922,0
17923,0
17924,7.9375
17925,-8
17926,0.0625
17927,0
17928,0.0625
17929,0
17930,-0.0625
17931,0
17932,-1.25
17933,-1.0625
17934,-0.9375
17935,-0.8125
17936,-0.625
17937,0
17938,0
17939,0
17940,7.9375
17941,-8
17942,0.0625
17943,0
17944,0.0625
17945,0
17946,-0.0625
17947,0
17948,1.0625
17949,1.25
17950,1.375
17951,1.5
17952,1.6875
17953,0
17954,0
17955,0
17956,7.9375
17957,-8
17958,0.0625
17959,0
17960,0.0625
17961,0
17962,-0.0625
17963,0
17964,3.375
17965,3.5625
17966,3.6875
17967,3.8125
17968,4
17969,0
17970,0
17971,0
17972,7.9375
17973,-8
17974,0.0625
17975,0
17976,0.0625
17977,0
17978,-0.0625
17979,0
17980,5.6875
17981,5.875
17982,6
17983,6.125
17984,6.3125
17985,0
17986,0
17987,0
17988,7.9375
17989,-8
17990,0.0625
17991,0
17992,0.0625
17993,0
17994,-0.0625
17995,0
17996,-8
17997,-7.8125
17998,-7.6875
17999,-7.5625
18000,-7.375
18001,0
18002,0
18003,0
18004,7.9375
18005,-8
18006,0.0625
18007,0
18008,0.0625
18009,0
18010,-0.0625
18011,0
18012,-5.6875
18013,-5.5
18014,-5.375
18015,-5.25
18016,-5.0625
18017,0
18018,0
18019,0
18020,7.9375
18021,-8
18022,0.0625
18023,0
18024,0.0625
18025,0
18026,-0.0625
18027,0
18028,-3.375
18029,-3.1875
18030,-3.0625
18031,-2.9375
18032,-2.75
18033,0
18034,0
18035,0
18036,7.9375
18037,-8
18038,0.0625
18039,0
18040,0.0625
18041,0
18042,-0.0625
18043,0
18044,-1.0625
18045,-0.875
18046,-0.75
18047,-0.625
18048,-0.4375
18049,0
18050,0
18051,0
18052,7.9375
18053,-8
18054,0.0625
18055,0
18056,0.0625
18057,0
18058,-0.0625
18059,0
18060,1.25
18061,1.4375
18062,1.5625
18063,1.6875
18064,1.875
18065,0
18066,0
18067,0
18068,7.9375
18069,-8
18070,0.0625
18071,0
18072,0.0625
18073,0
18074,-0.0625
18075,0
18076,3.5625
18077,3.75
18078,3.875
18079,4
18080,4.1875
18081,0
18082,0
18083,0
18084,7.9375
18085,-8
18086,0.0625
18087,0
18088,0.0625
18089,0
18090,-0.0625
18091,0
18092,5.875
18093,6.0625
18094,6.1875
18095,6.3125
18096,6.5
18097,0
18098,0
18099,0
18100,7.9375
18101,-8
18102,0.0625
18103,0
18104,0.0625
18105,0
18106,-0.0625
18107,0
18108,-7.8125
18109,-7.625
18110,-7.5
18111,-7.375
18112,-7.1875
18113,0
18114,0
18115,0
18116,7.9375
18117,-8
18118,0.0625
18119,0
18120,0.0625
18121,0
18122,-0.0625
18123,0
18124,-5.5
18125,-5.3125
18126,-5.1875
18127,-5.0625
18128,-4.875
18129,0
18130,0
18131,0
18132,7.9375
18133,-8
18134,0.0625
18135,0
18136,0.0625
18137,0
18138,-0.0625
18139,0
18140,-3.1875
18141,-3
18142,-2.875
18143,-2.75
18144,-2.5625
18145,0
18146,0
18147,0
18148,7.9375
18149,-8
18150,0.0625
18151,0
18152,0.0625
18153,0
18154,-0.0625
18155,0
18156,-0.875
18157,-0.6875
18158,-0.5625
18159,-0.4375
18160,-0.25
18161,0
18162,0
18163,0
18164,7.9375
18165,-8
18166,0.0625
18167,0
18168,0.0625
18169,0
18170,-0.0625
18171,0
18172,1.4375
18173,1.625
18174,1.75
18175,1.875
18176,2.0625
18177,0
18178,0
18179,0
18180,7.9375
18181,-8
18182,0.0625
18183,0
18184,0.0625
18185,0
18186,-0.0625
18187,0
18188,3.75
18189,3.9375
18190,4.0625
18191,4.1875
18192,4.375
18193,0
18194,0
18195,0
18196,7.9375
18197,-8
18198,0.0625
18199,0
18200,0.0625
18201,0
18202,-0.0625
18203,0
18204,6.0625
18205,6.25
18206,6.375
18207,6.5
18208,6.6875
18209,0
18210,0
18211,0
18212,7.9375
18213,-8
18214,0.0625
18215,0
18216,0.0625
18217,0
18218,-0.0625
18219,0
18220,-7.625
18221,-7.4375
18222,-7.3125
18223,-7.1875
18224,-7
18225,0
18226,0
18227,0
18228,7.9375
18229,-8
18230,0.0625
18231,0
18232,0.0625
18233,0
18234,-0.0625
18235,0
18236,-5.3125
18237,-5.125
18238,-5
18239,-4.875
18240,-4.6875
18241,0
18242,0
18243,0
18244,7.9375
18245,-8
18246,0.0625
18247,0
18248,0.0625
18249,0
18250,-0.0625
18251,0
18252,-3
18253,-2.8125
18254,-2.6875
18255,-2.5625
18256,-2.375
18257,0
18258,0
18259,0
18260,7.9375
18261,-8
18262,0.0625
18263,0
18264,0.0625
18265,0
18266,-0.0625
18267,0
18268,-0.6875
18269,-0.5
18270,-0.375
18271,-0.25
18272,-0.0625
18273,0
18274,0
18275,0
18276,7.9375
18277,-8
18278,0.0625
18279,0
18280,0.0625
18281,0
18282,-0.0625
18283,0
18284,1.625
18285,1.8125
18286,1.9375
18287,2.0625
18288,2.25
18289,0
18290,0
18291,0
18292,7.9375
18293,-8
18294,0.0625
18295,0
18296,0.0625
18297,0
18298,-0.0625
18299,0
18300,3.9375
18301,4.125
18302,4.25
18303,4.375
18304,4.5625
18305,0
18306,0
18307,0
18308,7.9375
18309,-8
18310,0.0625
18311,0
18312,0.0625
18313,0
18314,-0.0625
18315,0
18316,6.25
18317,6.4375
18318,6.5625
18319,6.6875
18320,6.875
18321,0
18322,0
18323,0
18324,7.9375
18325,-8
18326,0.0625
18327,0
18328,0.0625
18329,0
18330,-0.0625
18331,0
18332,-7.4375
18333,-7.25
18334,-7.125
18335,-7
18336,-6.8125
18337,0
18338,0
18339,0
18340,7.9375
18341,-8
18342,0.0625
18343,0
18344,0.0625
18345,0
18346,-0.0625
18347,0
18348,-5.125
18349,-4.9375
18350,-4.8125
18351,-4.6875
18352,-4.5
18353,0
18354,0
18355,0
18356,7.9375
18357,-8
18358,0.0625
18359,0
18360,0.0625
18361,0
18362,-0.0625
18363,0
18364,-2.8125
18365,-2.625
18366,-2.5
18367,-2.375
18368,-2.1875
18369,0
18370,0
18371,0
18372,7.9375
18373,-8
18374,0.0625
18375,0
18376,0.0625
18377,0
18378,-0.0625
18379,0
18380,-0.5
18381,-0.3125
18382,-0.1875
18383,-0.0625
18384,0.125
18385,0
18386,0
18387,0
18388,7.9375
18389,-8
18390,0.0625
18391,0
18392,0.0625
18393,0
18394,-0.0625
18395,0
18396,1.8125
18397,2
18398,2.125
18399,2.25
18400,2.4375
18401,0
18402,0
18403,0
18404,7.9375
18405,-8
18406,0.0625
18407,0
18408,0.0625
18409,0
18410,-0.0625
18411,0
18412,4.125
18413,4.3125
18414,4.4375
18415,4.5625
18416,4.75
18417,0
18418,0
18419,0
18420,7.9375
18421,-8
18422,0.0625
18423,0
18424,0.0625
18425,0
18426,-0.0625
18427,0
18428,6.4375
18429,6.625
18430,6.75
18431,6.875
18432,7.0625
18433,0
18434,0
18435,0
18436,7.9375
18437,-8
18438,0.0625
18439,0
18440,0.0625
18441,0
18442,-0.0625
18443,0
18444,-7.25
18445,-7.0625
18446,-6.9375
18447,-6.8125
18448,-6.625
18449,0
18450,0
18451,0
18452,7.9375
18453,-8
18454,0.0625
18455,0
18456,0.0625
18457,0
18458,-0.0625
18459,0
18460,-4.9375
18461,-4.75
18462,-4.625
18463,-4.5
18464,-4.3125
18465,0
18466,0
18467,0
18468,7.9375
18469,-8
18470,0.0625
18471,0
18472,0.0625
18473,0
18474,-0.0625
18475,0
18476,-2.625
18477,-2.4375
18478,-2.3125
18479,-2.1875
18480,-2
18481,0
18482,0
18483,0
18484,7.9375
18485,-8
18486,0.0625
18487,0
18488,0.0625
18489,0
18490,-0.0625
18491,0
18492,-0.3125
18493,-0.125
18494,0
18495,0.125
18496,0.3125
18497,0
18498,0
18499,0
18500,7.9375
18501,-8
18502,0.0625
18503,0
18504,0.0625
18505,0
18506,-0.0625
18507,0
18508,2
18509,2.1875
18510,2.3125
18511,2.4375
18512,2.625
18513,0
18514,0
18515,0
18516,7.9375
18517,-8
18518,0.0625
18519,0
18520,0.0625
18521,0
18522,-0.0625
18523,0
18524,4.3125
18525,4.5
18526,4.625
18527,4.75
18528,4.9375
18529,0
18530,0
18531,0
18532,7.9375
18533,-8
18534,0.0625
18535,0
18536,0.0625
18537,0
18538,-0.0625
18539,0
18540,6.625
18541,6.8125
18542,6.9375
18543,7.0625
18544,7.25
18545,0
18546,0
18547,0
18548,7.9375
18549,-8
18550,0.0625
18551,0
18552,0.0625
18553,0
18554,-0.0625
18555,0
18556,-7.0625
18557,-6.875
18558,-6.75
18559,-6.625
18560,-6.4375
18561,0
18562,0
18563,0
18564,7.9375
18565,-8
18566,0.0625
18567,0
18568,0.0625
18569,0
18570,-0.0625
18571,0
18572,-4.75
18573,-4.5625
18574,-4.4375
18575,-4.3125
18576,-4.125
18577,0
18578,0
18579,0
18580,7.9375
18581,-8
18582,0.0625
18583,0
18584,0.0625
18585,0
18586,-0.0625
18587,0
18588,-2.4375
18589,-2.25
18590,-2.125
18591,-2
18592,-1.8125
18593,0
18594,0
18595,0
18596,7.9375
18597,-8
18598,0.0625
18599,0
18600,0.0625
18601,0
18602,-0.0625
18603,0
18604,-0.125
18605,0.0625
18606,0.1875
18607,0.3125
18608,0.5
18609,0
18610,0
18611,0
18612,7.9375
18613,-8
18614,0.0625
18615,0
18616,0.0625
18617,0
18618,-0.0625
18619,0
18620,2.1875
18621,2.375
18622,2.5
18623,2.625
18624,2.8125
18625,0
18626,0
18627,0
18628,7.9375
18629,-8
18630,0.0625
18631,0
18632,0.0625
18633,0
18634,-0.0625
18635,0
18636,4.5
18637,4.6875
18638,4.8125
18639,4.9375
18640,5.125
18641,0
18642,0
18643,0
18644,7.9375
18645,-8
18646,0.0625
18647,0
18648,0.0625
18649,0
18650,-0.0625
18651,0
18652,6.8125
18653,7
18654,7.125
18655,7.25
18656,7.4375
18657,0
18658,0
18659,0
18660,7.9375
18661,-8
18662,0.0625
18663,0
18664,0.0625
18665,0
18666,-0.0625
18667,0
18668,-6.875
18669,-6.6875
18670,-6.5625
18671,-6.4375
18672,-6.25
18673,0
18674,0
18675,0
18676,7.9375
18677,-8
18678,0.0625
18679,0
18680,0.0625
18681,0
18682,-0.0625
18683,0
18684,-4.5625
18685,-4.375
18686,-4.25
18687,-4.125
18688,-3.9375
18689,0
18690,0
18691,0
18692,7.9375
18693,-8
18694,0.0625
18695,0
18696,0.0625
18697,0
18698,-0.0625
18699,0
18700,-2.25
18701,-2.0625
18702,-1.9375
18703,-1.8125
18704,-1.625
18705,0
18706,0
18707,0
18708,7.9375
18709,-8
18710,0.0625
18711,0
18712,0.0625
18713,0
18714,-0.0625
18715,0
18716,0.0625
18717,0.25
18718,0.375
18719,0.5
18720,0.6875
18721,0
18722,0
18723,0
18724,7.9375
18725,-8
18726,0.0625
18727,0
18728,0.0625
18729,0
18730,-0.0625
18731,0
18732,2.375
18733,2.5625
18734,2.6875
18735,2.8125
18736,3
18737,0
18738,0
18739,0
18740,7.9375
18741,-8
18742,0.0625
18743,0
18744,0.0625
18745,0
18746,-0.0625
18747,0
18748,4.6875
18749,4.875
18750,5
18751,5.125
18752,5.3125
18753,0
18754,0
18755,0
18756,7.9375
18757,-8
18758,0.0625
18759,0
18760,0.0625
18761,0
18762,-0.0625
18763,0
18764,7
18765,7.1875
18766,7.3125
18767,7.4375
18768,7.625
18769,0
18770,0
18771,0
18772,7.9375
18773,-8
18774,0.0625
18775,0
18776,0.0625
18777,0
18778,-0.0625
18779,0
18780,-6.6875
18781,-6.5
18782,-6.375
18783,-6.25
18784,-6.0625
18785,0
18786,0
18787,0
18788,7.9375
18789,-8
18790,0.0625
18791,0
18792,0.0625
18793,0
18794,-0.0625
18795,0
18796,-4.375
18797,-4.1875
18798,-4.0625
18799,-3.9375
18800,-3.75
18801,0
18802,0
18803,0
18804,7.9375
18805,-8
18806,0.0625
18807,0
18808,0.0625
18809,0
18810,-0.0625
18811,0
18812,-2.0625
18813,-1.875
18814,-1.75
18815,-1.625
18816,-1.4375
18817,0
18818,0
18819,0
18820,7.9375
18821,-8
18822,0.0625
18823,0
18824,0.0625
18825,0
18826,-0.0625
18827,0
18828,0.25
18829,0.4375
18830,0.5625
18831,0.6875
18832,0.875
18833,0
18834,0
18835,0
18836,7.9375
18837,-8
18838,0.0625
18839,0
18840,0.0625
18841,0
18842,-0.0625
18843,0
18844,2.5625
18845,2.75
18846,2.875
18847,3
18848,3.1875
18849,0
18850,0
18851,0
18852,7.9375
18853,-8
18854,0.0625
18855,0
18856,0.0625
18857,0
18858,-0.0625
18859,0
18860,4.875
18861,5.0625
18862,5.1875
18863,5.3125
18864,5.5
18865,0
18866,0
18867,0
18868,7.9375
18869,-8
18870,0.0625
18871,0
18872,0.0625
18873,0
18874,-0.0625
18875,0
18876,7.1875
18877,7.375
18878,7.5
18879,7.625
18880,7.8125
18881,0
18882,0
18883,0
18884,7.9375
18885,-8
18886,0.0625
18887,0
18888,0.0625
18889,0
18890,-0.0625
18891,0
18892,-6.5
18893,-6.3125
18894,-6.1875
18895,-6.0625
18896,-5.875
18897,0
18898,0
18899,0
18900,7.9375
18901,-8
18902,0.0625
18903,0
18904,0.0625
18905,0
18906,-0.0625
18907,0
18908,-4.1875
18909,-4
18910,-3.875
18911,-3.75
18912,-3.5625
18913,0
18914,0
18915,0
18916,7.9375
18917,-8
18918,0.0625
18919,0
18920,0.0625
18921,0
18922,-0.0625
18923,0
18924,-1.875
18925,-1.6875
18926,-1.5625
18927,-1.4375
18928,-1.25
18929,0
18930,0
18931,0
18932,7.9375
18933,-8
18934,0.0625
18935,0
18936,0.0625
18937,0
18938,-0.0625
18939,0
18940,0.4375
18941,0.625
18942,0.75
18943,0.875
18944,1.0625
18945,0
18946,0
18947,0
18948,7.9375
18949,-8
18950,0.0625
18951,0
18952,0.0625
18953,0
18954,-0.0625
18955,0
18956,2.75
18957,2.9375
18958,3.0625
18959,3.1875
18960,3.375
18961,0
18962,0
18963,0
18964,7.9375
18965,-8
18966,0.0625
18967,0
18968,0.0625
18969,0
18970,-0.0625
18971,0
18972,5.0625
18973,5.25
18974,5.375
18975,5.5
18976,5.6875
18977,0
18978,0
18979,0
18980,7.9375
18981,-8
18982,0.0625
18983,0
18984,0.0625
18985,0
18986,-0.0625
18987,0
18988,7.375
18989,7.5625
18990,7.6875
18991,7.8125
18992,7.9375
18993,0
18994,0
18995,0
18996,7.9375
18997,-8
18998,0.0625
18999,0
19000,0.0625
19001,0
19002,-0.0625
19003,0
19004,-6.3125
19005,-6.125
19006,-6
19007,-5.875
19008,-5.6875
19009,0
19010,0
19011,0
19012,7.9375
19013,-8
19014,0.0625
19015,0
19016,0.0625
19017,0
19018,-0.0625
19019,0
19020,-4
19021,-3.8125
19022,-3.6875
19023,-3.5625
19024,-3.375
19025,0
19026,0
19027,0
19028,7.9375
19029,-8
19030,0.0625
19031,0
19032,0.0625
19033,0
19034,-0.0625
19035,0
19036,-1.6875
19037,-1.5
19038,-1.375
19039,-1.25
19040,-1.0625
19041,0
19042,0
19043,0
19044,7.9375
19045,-8
19046,0.0625
19047,0
19048,0.0625
19049,0
19050,-0.0625
19051,0
19052,0.625
19053,0.8125
19054,0.9375
19055,1.0625
19056,1.25
19057,0
19058,0
19059,0
19060,7.9375
19061,-8
19062,0.0625
19063,0
19064,0.0625
19065,0
19066,-0.0625
19067,0
19068,2.9375
19069,3.125
19070,3.25
19071,3.375
19072,3.5625
19073,0
19074,0
19075,0
19076,7.9375
19077,-8
19078,0.0625
19079,0
19080,0.0625
19081,0
19082,-0.0625
19083,0
19084,5.25
19085,5.4375
19086,5.5625
19087,5.6875
19088,5.875
19089,0
19090,0
19091,0
19092,7.9375
19093,-8
19094,0.0625
19095,0
19096,0.0625
19097,0
19098,-0.0625
19099,0
19100,7.5625
19101,7.75
19102,7.875
19103,-8
19104,-7.8125
19105,0
19106,0
19107,0
19108,7.9375
19109,-8
19110,0.0625
19111,0
19112,0.0625
19113,0
19114,-0.0625
19115,0
19116,-6.125
19117,-5.9375
19118,-5.8125
19119,-5.6875
19120,-5.5
19121,0
19122,0
19123,0
19124,7.9375
19125,-8
19126,0.0625
19127,0
19128,0.0625
19129,0
19130,-0.0625
19131,0
19132,-3.8125
19133,-3.625
19134,-3.5
19135,-3.375
19136,-3.1875
19137,0
19138,0
19139,0
19140,7.9375
19141,-8
19142,0.0625
19143,0
19144,0.0625
19145,0
19146,-0.0625
19147,0
19148,-1.5
19149,-1.3125
19150,-1.1875
19151,-1.0625
19152,-0.875
19153,0
19154,0
19155,0
19156,7.9375
19157,-8
19158,0.0625
19159,0
19160,0.0625
19161,0
19162,-0.0625
19163,0
19164,0.8125
19165,1
19166,1.125
19167,1.25
19168,1.4375
19169,0
19170,0
19171,0
19172,7.9375
19173,-8
19174,0.0625
19175,0
19176,0.0625
19177,0
19178,-0.0625
19179,0
19180,3.125
19181,3.3125
19182,3.4375
19183,3.5625
19184,3.75
19185,0
19186,0
19187,0
19188,7.9375
19189,-8
19190,0.0625
19191,0
19192,0.0625
19193,0
19194,-0.0625
19195,0
19196,5.4375
19197,5.625
19198,5.75
19199,5.875
19200,6.0625
19201,0
19202,0
19203,0
19204,7.9375
19205,-8
19206,0.0625
19207,0
19208,0.0625
19209,0
19210,-0.0625
19211,0
19212,7.75
19213,7.9375
19214,-7.9375
19215,-7.8125
19216,-7.625
19217,0
19218,0
19219,0
19220,7.9375
19221,-8
19222,0.0625
19223,0
19224,0.0625
19225,0
19226,-0.0625
19227,0
19228,-5.9375
19229,-5.75
19230,-5.625
19231,-5.5
19232,-5.3125
19233,0
19234,0
19235,0
19236,7.9375
19237,-8
19238,0.0625
19239,0
19240,0.0625
19241,0
19242,-0.0625
19243,0
19244,-3.625
19245,-3.4375
19246,-3.3125
19247,-3.1875
19248,-3
19249,0
19250,0
19251,0
19252,7.9375
19253,-8
19254,0.0625
19255,0
19256,0.0625
19257,0
19258,-0.0625
19259,0
19260,-1.3125
19261,-1.125
19262,-1
19263,-0.875
19264,-0.6875
19265,0
19266,0
19267,0
19268,7.9375
19269,-8
19270,0.0625
19271,0
19272,0.0625
19273,0
19274,-0.0625
19275,0
19276,1
19277,1.1875
19278,1.3125
19279,1.4375
19280,1.625
19281,0
19282,0
19283,0
19284,7.9375
19285,-8
19286,0.0625
19287,0
19288,0.0625
19289,0
19290,-0.0625
19291,0
19292,3.3125
19293,3.5
19294,3.625
19295,3.75
19296,3.9375
19297,0
19298,0
19299,0
19300,7.9375
19301,-8
19302,0.0625
19303,0
19304,0.0625
19305,0
19306,-0.0625
19307,0
19308,5.625
19309,5.8125
19310,5.9375
19311,6.0625
19312,6.25
19313,0
19314,0
19315,0
19316,7.9375
19317,-8
19318,0.0625
19319,0
19320,0.0625
19321,0
19322,-0.0625
19323,0
19324,7.9375
19325,-7.875
19326,-7.75
19327,-7.625
19328,-7.4375
19329,0
19330,0
19331,0
19332,7.9375
19333,-8
19334,0.0625
19335,0
19336,0.0625
19337,0
19338,-0.0625
19339,0
19340,-5.75
19341,-5.5625
19342,-5.4375
19343,-5.3125
19344,-5.125
19345,0
19346,0
19347,0
19348,7.9375
19349,-8
19350,0.0625
19351,0
19352,0.0625
19353,0
19354,-0.0625
19355,0
19356,-3.4375
19357,-3.25
19358,-3.125
19359,-3
19360,-2.8125
19361,0
19362,0
19363,0
19364,7.9375
19365,-8
19366,0.0625
19367,0
19368,0.0625
19369,0
19370,-0.0625
19371,0
19372,-1.125
19373,-0.9375
19374,-0.8125
19375,-0.6875
19376,-0.5
19377,0
19378,0
19379,0
19380,7.9375
19381,-8
19382,0.0625
19383,0
19384,0.0625
19385,0
19386,-0.0625
19387,0
19388,1.1875
19389,1.375
19390,1.5
19391,1.625
19392,1.8125
19393,0
19394,0
19395,0
19396,7.9375
19397,-8
19398,0.0625
19399,0
19400,0.0625
19401,0
19402,-0.0625
19403,0
19404,3.5
19405,3.6875
19406,3.8125
19407,3.9375
19408,4.125
19409,0
19410,0
19411,0
19412,7.9375
19413,-8
19414,0.0625
19415,0
19416,0.0625
19417,0
19418,-0.0625
19419,0
19420,5.8125
19421,6
19422,6.125
19423,6.25
19424,6.4375
19425,0
19426,0
19427,0
19428,7.9375
19429,-8
19430,0.0625
19431,0
19432,0.0625
19433,0
19434,-0.0625
19435,0
19436,-7.875
19437,-7.6875
19438,-7.5625
19439,-7.4375
19440,-7.25
19441,0
19442,0
19443,0
19444,7.9375
19445,-8
19446,0.0625
19447,0
19448,0.0625
19449,0
19450,-0.0625
19451,0
19452,-5.5625
19453,-5.375
19454,-5.25
19455,-5.125
19456,-4.9375
19457,0
19458,0
19459,0
19460,7.9375
19461,-8
19462,0.0625
19463,0
19464,0.0625
19465,0
19466,-0.0625
19467,0
19468,-3.25
19469,-3.0625
19470,-2.9375
19471,-2.8125
19472,-2.625
19473,0
19474,0
19475,0
19476,7.9375
19477,-8
19478,0.0625
19479,0
19480,0.0625
19481,0
19482,-0.0625
19483,0
19484,-0.9375
19485,-0.75
19486,-0.625
19487,-0.5
19488,-0.3125
19489,0
19490,0
19491,0
19492,7.9375
19493,-8
19494,0.0625
19495,0
19496,0.0625
19497,0
19498,-0.0625
19499,0
19500,1.375
19501,1.5625
19502,1.6875
19503,1.8125
19504,2
19505,0
19506,0
19507,0
19508,7.9375
19509,-8
19510,0.0625
19511,0
19512,0.0625
19513,0
19514,-0.0625
19515,0
19516,3.6875
19517,3.875
19518,4
19519,4.125
19520,4.3125
19521,0
19522,0
19523,0
19524,7.9375
19525,-8
19526,0.0625
19527,0
19528,0.0625
19529,0
19530,-0.0625
19531,0
19532,6
19533,6.1875
19534,6.3125
19535,6.4375
19536,6.625
19537,0
19538,0
19539,0
19540,7.9375
19541,-8
19542,0.0625
19543,0
19544,0.0625
19545,0
19546,-0.0625
19547,0
19548,-7.6875
19549,-7.5
19550,-7.375
19551,-7.25
19552,-7.0625
19553,0
19554,0
19555,0
19556,7.9375
19557,-8
19558,0.0625
19559,0
19560,0.0625
19561,0
19562,-0.0625
19563,0
19564,-5.375
19565,-5.1875
19566,-5.0625
19567,-4.9375
19568,-4.75
19569,0
19570,0
19571,0
19572,7.9375
19573,-8
19574,0.0625
19575,0
19576,0.0625
19577,0
19578,-0.0625
19579,0
19580,-3.0625
19581,-2.875
19582,-2.75
19583,-2.625
19584,-2.4375
19585,0
19586,0
19587,0
19588,7.9375
19589,-8
19590,0.0625
19591,0
19592,0.0625
19593,0
19594,-0.0625
19595,0
19596,-0.75
19597,-0.5625
19598,-0.4375
19599,-0.3125
19600,-0.125
19601,0
19602,0
19603,0
19604,7.9375
19605,-8
19606,0.0625
19607,0
19608,0.0625
19609,0
19610,-0.0625
19611,0
19612,1.5625
19613,1.75
19614,1.875
19615,2
19616,2.1875
19617,0
19618,0
19619,0
19620,7.9375
19621,-8
19622,0.0625
19623,0
19624,0.0625
19625,0
19626,-0.0625
19627,0
19628,3.875
19629,4.0625
19630,4.1875
19631,4.3125
19632,4.5
19633,0
19634,0
19635,0
19636,7.9375
19637,-8
19638,0.0625
19639,0
19640,0.0625
19641,0
19642,-0.0625
19643,0
19644,6.1875
19645,6.375
19646,6.5
19647,6.625
19648,6.8125
19649,0
19650,0
19651,0
19652,7.9375
19653,-8
19654,0.0625
19655,0
19656,0.0625
19657,0
19658,-0.0625
19659,0
19660,-7.5
19661,-7.3125
19662,-7.1875
19663,-7.0625
19664,-6.875
19665,0
19666,0
19667,0
19668,7.9375
19669,-8
19670,0.0625
19671,0
19672,0.0625
19673,0
19674,-0.0625
19675,0
19676,-5.1875
19677,-5
19678,-4.875
19679,-4.75
19680,-4.5625
19681,0
19682,0
19683,0
19684,7.9375
19685,-8
19686,0.0625
19687,0
19688,0.0625
19689,0
19690,-0.0625
19691,0
19692,-2.875
19693,-2.6875
19694,-2.5625
19695,-2.4375
19696,-2.25
19697,0
19698,0
19699,0
19700,7.9375
19701,-8
19702,0.0625
19703,0
19704,0.0625
19705,0
19706,-0.0625
19707,0
19708,-0.5625
19709,-0.375
19710,-0.25
19711,-0.125
19712,0.0625
19713,0
19714,0
19715,0
19716,7.9375
19717,-8
19718,0.0625
19719,0
19720,0.0625
19721,0
19722,-0.0625
19723,0
19724,1.75
19725,1.9375
19726,2.0625
19727,2.1875
19728,2.375
19729,0
19730,0
19731,0
19732,7.9375
19733,-8
19734,0.0625
19735,0
19736,0.0625
19737,0
19738,-0.0625
19739,0
19740,4.0625
19741,4.25
19742,4.375
19743,4.5
19744,4.6875
19745,0
19746,0
19747,0
19748,7.9375
19749,-8
19750,0.0625
19751,0
19752,0.0625
19753,0
19754,-0.0625
19755,0
19756,6.375
19757,6.5625
19758,6.6875
19759,6.8125
19760,7
19761,0
19762,0
19763,0
19764,7.9375
19765,-8
19766,0.0625
19767,0
19768,0.0625
19769,0
19770,-0.0625
19771,0
19772,-7.3125
19773,-7.125
19774,-7
19775,-6.875
19776,-6.6875
19777,0
19778,0
19779,0
19780,7.9375
19781,-8
19782,0.0625
19783,0
19784,0.0625
19785,0
19786,-0.0625
19787,0
19788,-5
19789,-4.8125
19790,-4.6875
19791,-4.5625
19792,-4.375
19793,0
19794,0
19795,0
19796,7.9375
19797,-8
19798,0.0625
19799,0
19800,0.0625
19801,0
19802,-0.0625
19803,0
19804,-2.6875
19805,-2.5
19806,-2.375
19807,-2.25
19808,-2.0625
19809,0
19810,0
19811,0
19812,7.9375
19813,-8
19814,0.0625
19815,0
19816,0.0625
19817,0
19818,-0.0625
19819,0
19820,-0.375
19821,-0.1875
19822,-0.0625
19823,0.0625
19824,0.25
19825,0
19826,0
19827,0
19828,7.9375
19829,-8
19830,0.0625
19831,0
19832,0.0625
19833,0
19834,-0.0625
19835,0
19836,1.9375
19837,2.125
19838,2.25
19839,2.375
19840,2.5625
19841,0
19842,0
19843,0
19844,7.9375
19845,-8
19846,0.0625
19847,0
19848,0.0625
19849,0
19850,-0.0625
19851,0
19852,4.25
19853,4.4375
19854,4.5625
19855,4.6875
19856,4.875
19857,0
19858,0
19859,0
19860,7.9375
19861,-8
19862,0.0625
19863,0
19864,0.0625
19865,0
19866,-0.0625
19867,0
19868,6.5625
19869,6.75
19870,6.875
19871,7
19872,7.1875
19873,0
19874,0
19875,0
19876,7.9375
19877,-8
19878,0.0625
19879,0
19880,0.0625
19881,0
19882,-0.0625
19883,0
19884,-7.125
19885,-6.9375
19886,-6.8125
19887,-6.6875
19888,-6.5
19889,0
19890,0
19891,0
19892,7.9375
19893,-8
19894,0.0625
19895,0
19896,0.0625
19897,0
19898,-0.0625
19899,0
19900,-4.8125
19901,-4.625
19902,-4.5
19903,-4.375
19904,-4.1875
19905,0
19906,0
19907,0
19908,7.9375
19909,-8
19910,0.0625
19911,0
19912,0.0625
19913,0
19914,-0.0625
19915,0
19916,-2.5
19917,-2.3125
19918,-2.1875
19919,-2.0625
19920,-1.875
19921,0
19922,0
19923,0
19924,7.9375
19925,-8
19926,0.0625
19927,0
19928,0.0625
19929,0
19930,-0.0625
19931,0
19932,-0.1875
19933,0
19934,0.125
19935,0.25
19936,0.4375
19937,0
19938,0
19939,0
19940,7.9375
19941,-8
19942,0.0625
19943,0
19944,0.0625
19945,0
19946,-0.0625
19947,0
19948,2.125
19949,2.3125
19950,2.4375
19951,2.5625
19952,2.75
19953,0
19954,0
19955,0
19956,7.9375
19957,-8
19958,0.0625
19959,0
19960,0.0625
19961,0
19962,-0.0625
19963,0
19964,4.4375
19965,4.625
19966,4.75
19967,4.875
19968,5.0625
19969,0
19970,0
19971,0
19972,7.9375
19973,-8
19974,0.0625
19975,0
19976,0.0625
19977,0
19978,-0.0625
19979,0
19980,6.75
19981,6.9375
19982,7.0625
19983,7.1875
19984,7.375
19985,0
19986,0
19987,0
19988,7.9375
19989,-8
19990,0.0625
19991,0
19992,0.0625
19993,0
19994,-0.0625
19995,0
19996,-6.9375
19997,-6.75
19998,-6.625
19999,-6.5
20000,-6.3125
