cycle,i_word
1,0
2,0.03125
3,-0.03125
4,3.96875
5,-4
6,0.03125
7,0
8,0.0625
9,-0.03125
10,-0.0625
11,0
12,-1.875
13,-0.71875
14,0.4375
15,1.59375
16,2.75
17,0
18,0.03125
19,-0.03125
20,3.96875
21,-4
22,0.03125
23,0
24,0.0625
25,-0.03125
26,-0.0625
27,0
28,0.625
29,1.78125
30,2.9375
31,-3.90625
32,-2.75
33,0
34,0.03125
35,-0.03125
36,3.96875
37,-4
38,0.03125
39,0
40,0.0625
41,-0.03125
42,-0.0625
43,0
44,3.125
45,-3.71875
46,-2.5625
47,-1.40625
48,-0.25
49,0
50,0.03125
51,-0.03125
52,3.96875
53,-4
54,0.03125
55,0
56,0.0625
57,-0.03125
58,-0.0625
59,0
60,-2.375
61,-1.21875
62,-0.0625
63,1.09375
64,2.25
65,0
66,0.03125
67,-0.03125
68,3.96875
69,-4
70,0.03125
71,0
72,0.0625
73,-0.03125
74,-0.0625
75,0
76,0.125
77,1.28125
78,2.4375
79,3.59375
80,-3.25
81,0
82,0.03125
83,-0.03125
84,3.96875
85,-4
86,0.03125
87,0
88,0.0625
89,-0.03125
90,-0.0625
91,0
92,2.625
93,3.78125
94,-3.0625
95,-1.90625
96,-0.75
97,0
98,0.03125
99,-0.03125
100,3.96875
101,-4
102,0.03125
103,0
104,0.0625
105,-0.03125
106,-0.0625
107,0
108,-2.875
109,-1.71875
110,-0.5625
111,0.59375
112,1.75
113,0
114,0.03125
115,-0.03125
116,3.96875
117,-4
118,0.03125
119,0
120,0.0625
121,-0.03125
122,-0.0625
123,0
124,-0.375
125,0.78125
126,1.9375
127,3.09375
128,-3.75
129,0
130,0.03125
131,-0.03125
132,3.96875
133,-4
134,0.03125
135,0
136,0.0625
137,-0.03125
138,-0.0625
139,0
140,2.125
141,3.28125
142,-3.5625
143,-2.40625
144,-1.25
145,0
146,0.03125
147,-0.03125
148,3.96875
149,-4
150,0.03125
151,0
152,0.0625
153,-0.03125
154,-0.0625
155,0
156,-3.375
157,-2.21875
158,-1.0625
159,0.09375
160,1.25
161,0
162,0.03125
163,-0.03125
164,3.96875
165,-4
166,0.03125
167,0
168,0.0625
169,-0.03125
170,-0.0625
171,0
172,-0.875
173,0.28125
174,1.4375
175,2.59375
176,3.75
177,0
178,0.03125
179,-0.03125
180,3.96875
181,-4
182,0.03125
183,0
184,0.0625
185,-0.03125
186,-0.0625
187,0
188,1.625
189,2.78125
190,3.9375
191,-2.90625
192,-1.75
193,0
194,0.03125
195,-0.03125
196,3.96875
197,-4
198,0.03125
199,0
200,0.0625
201,-0.03125
202,-0.0625
203,0
204,-3.875
205,-2.71875
206,-1.5625
207,-0.40625
208,0.75
209,0
210,0.03125
211,-0.03125
212,3.96875
213,-4
214,0.03125
215,0
216,0.0625
217,-0.03125
218,-0.0625
219,0
220,-1.375
221,-0.21875
222,0.9375
223,2.09375
224,3.25
225,0
226,0.03125
227,-0.03125
228,3.96875
229,-4
230,0.03125
231,0
232,0.0625
233,-0.03125
234,-0.0625
235,0
236,1.125
237,2.28125
238,3.4375
239,-3.40625
240,-2.25
241,0
242,0.03125
243,-0.03125
244,3.96875
245,-4
246,0.03125
247,0
248,0.0625
249,-0.03125
250,-0.0625
251,0
252,3.625
253,-3.21875
254,-2.0625
255,-0.90625
256,0.25
257,0
258,0.03125
259,-0.03125
260,3.96875
261,-4
262,0.03125
263,0
264,0.0625
265,-0.03125
266,-0.0625
267,0
268,-1.875
269,-0.71875
270,0.4375
271,1.59375
272,2.75
273,0
274,0.03125
275,-0.03125
276,3.96875
277,-4
278,0.03125
279,0
280,0.0625
281,-0.03125
282,-0.0625
283,0
284,0.625
285,1.78125
286,2.9375
287,-3.90625
288,-2.75
289,0
290,0.03125
291,-0.03125
292,3.96875
293,-4
294,0.03125
295,0
296,0.0625
297,-0.03125
298,-0.0625
299,0
300,3.125
301,-3.71875
302,-2.5625
303,-1.40625
304,-0.25
305,0
306,0.03125
307,-0.03125
308,3.96875
309,-4
310,0.03125
311,0
312,0.0625
313,-0.03125
314,-0.0625
315,0
316,-2.375
317,-1.21875
318,-0.0625
319,1.09375
320,2.25
321,0
322,0.03125
323,-0.03125
324,3.96875
325,-4
326,0.03125
327,0
328,0.0625
329,-0.03125
330,-0.0625
331,0
332,0.125
333,1.28125
334,2.4375
335,3.59375
336,-3.25
337,0
338,0.03125
339,-0.03125
340,3.96875
341,-4
342,0.03125
343,0
344,0.0625
345,-0.03125
346,-0.0625
347,0
348,2.625
349,3.78125
350,-3.0625
351,-1.90625
352,-0.75
353,0
354,0.03125
355,-0.03125
356,3.96875
357,-4
358,0.03125
359,0
360,0.0625
361,-0.03125
362,-0.0625
363,0
364,-2.875
365,-1.71875
366,-0.5625
367,0.59375
368,1.75
369,0
370,0.03125
371,-0.03125
372,3.96875
373,-4
374,0.03125
375,0
376,0.0625
377,-0.03125
378,-0.0625
379,0
380,-0.375
381,0.78125
382,1.9375
383,3.09375
384,-3.75
385,0
386,0.03125
387,-0.03125
388,3.96875
389,-4
390,0.03125
391,0
392,0.0625
393,-0.03125
394,-0.0625
395,0
396,2.125
397,3.28125
398,-3.5625
399,-2.40625
400,-1.25
401,0
402,0.03125
403,-0.03125
404,3.96875
405,-4
406,0.03125
407,0
408,0.0625
409,-0.03125
410,-0.0625
411,0
412,-3.375
413,-2.21875
414,-1.0625
415,0.09375
416,1.25
417,0
418,0.03125
419,-0.03125
420,3.96875
421,-4
422,0.03125
423,0
424,0.0625
425,-0.03125
426,-0.0625
427,0
428,-0.875
429,0.28125
430,1.4375
431,2.59375
432,3.75
433,0
434,0.03125
435,-0.03125
436,3.96875
437,-4
438,0.03125
439,0
440,0.0625
441,-0.03125
442,-0.0625
443,0
444,1.625
445,2.78125
446,3.9375
447,-2.90625
448,-1.75
449,0
450,0.03125
451,-0.03125
452,3.96875
453,-4
454,0.03125
455,0
456,0.0625
457,-0.03125
458,-0.0625
459,0
460,-3.875
461,-2.71875
462,-1.5625
463,-0.40625
464,0.75
465,0
466,0.03125
467,-0.03125
468,3.96875
469,-4
470,0.03125
471,0
472,0.0625
473,-0.03125
474,-0.0625
475,0
476,-1.375
477,-0.21875
478,0.9375
479,2.09375
480,3.25
481,0
482,0.03125
483,-0.03125
484,3.96875
485,-4
486,0.03125
487,0
488,0.0625
489,-0.03125
490,-0.0625
491,0
492,1.125
493,2.28125
494,3.4375
495,-3.40625
496,-2.25
497,0
498,0.03125
499,-0.03125
500,3.96875
501,-4
502,0.03125
503,0
504,0.0625
505,-0.03125
506,-0.0625
507,0
508,3.625
509,-3.21875
510,-2.0625
511,-0.90625
512,0.25
513,0
514,0.03125
515,-0.03125
516,3.96875
517,-4
518,0.03125
519,0
520,0.0625
521,-0.03125
522,-0.0625
523,0
524,-1.875
525,-0.71875
526,0.4375
527,1.59375
528,2.75
529,0
530,0.03125
531,-0.03125
532,3.96875
533,-4
534,0.03125
535,0
536,0.0625
537,-0.03125
538,-0.0625
539,0
540,0.625
541,1.78125
542,2.9375
543,-3.90625
544,-2.75
545,0
546,0.03125
547,-0.03125
548,3.96875
549,-4
550,0.03125
551,0
552,0.0625
553,-0.03125
554,-0.0625
555,0
556,3.125
557,-3.71875
558,-2.5625
559,-1.40625
560,-0.25
561,0
562,0.03125
563,-0.03125
564,3.96875
565,-4
566,0.03125
567,0
568,0.0625
569,-0.03125
570,-0.0625
571,0
572,-2.375
573,-1.21875
574,-0.0625
575,1.09375
576,2.25
577,0
578,0.03125
579,-0.03125
580,3.96875
581,-4
582,0.03125
583,0
584,0.0625
585,-0.03125
586,-0.0625
587,0
588,0.125
589,1.28125
590,2.4375
591,3.59375
592,-3.25
593,0
594,0.03125
595,-0.03125
596,3.96875
597,-4
598,0.03125
599,0
600,0.0625
601,-0.03125
602,-0.0625
603,0
604,2.625
605,3.78125
606,-3.0625
607,-1.90625
608,-0.75
609,0
610,0.03125
611,-0.03125
612,3.96875
613,-4
614,0.03125
615,0
616,0.0625
617,-0.03125
618,-0.0625
619,0
620,-2.875
621,-1.71875
622,-0.5625
623,0.59375
624,1.75
625,0
626,0.03125
627,-0.03125
628,3.96875
629,-4
630,0.03125
631,0
632,0.0625
633,-0.03125
634,-0.0625
635,0
636,-0.375
637,0.78125
638,1.9375
639,3.09375
640,-3.75
641,0
642,0.03125
643,-0.03125
644,3.96875
645,-4
646,0.03125
647,0
648,0.0625
649,-0.03125
650,-0.0625
651,0
652,2.125
653,3.28125
654,-3.5625
655,-2.40625
656,-1.25
657,0
658,0.03125
659,-0.03125
660,3.96875
661,-4
662,0.03125
663,0
664,0.0625
665,-0.03125
666,-0.0625
667,0
668,-3.375
669,-2.21875
670,-1.0625
671,0.09375
672,1.25
673,0
674,0.03125
675,-0.03125
676,3.96875
677,-4
678,0.03125
679,0
680,0.0625
681,-0.03125
682,-0.0625
683,0
684,-0.875
685,0.28125
686,1.4375
687,2.59375
688,3.75
689,0
690,0.03125
691,-0.03125
692,3.96875
693,-4
694,0.03125
695,0
696,0.0625
697,-0.03125
698,-0.0625
699,0
700,1.625
701,2.78125
702,3.9375
703,-2.90625
704,-1.75
705,0
706,0.03125
707,-0.03125
708,3.96875
709,-4
710,0.03125
711,0
712,0.0625
713,-0.03125
714,-0.0625
715,0
716,-3.875
717,-2.71875
718,-1.5625
719,-0.40625
720,0.75
721,0
722,0.03125
723,-0.03125
724,3.96875
725,-4
726,0.03125
727,0
728,0.0625
729,-0.03125
730,-0.0625
731,0
732,-1.375
733,-0.21875
734,0.9375
735,2.09375
736,3.25
737,0
738,0.03125
739,-0.03125
740,3.96875
741,-4
742,0.03125
743,0
744,0.0625
745,-0.03125
746,-0.0625
747,0
748,1.125
749,2.28125
750,3.4375
751,-3.40625
752,-2.25
753,0
754,0.03125
755,-0.03125
756,3.96875
757,-4
758,0.03125
759,0
760,0.0625
761,-0.03125
762,-0.0625
763,0
764,3.625
765,-3.21875
766,-2.0625
767,-0.90625
768,0.25
769,0
770,0.03125
771,-0.03125
772,3.96875
773,-4
774,0.03125
775,0
776,0.0625
777,-0.03125
778,-0.0625
779,0
780,-1.875
781,-0.71875
782,0.4375
783,1.59375
784,2.75
785,0
786,0.03125
787,-0.03125
788,3.96875
789,-4
790,0.03125
791,0
792,0.0625
793,-0.03125
794,-0.0625
795,0
796,0.625
797,1.78125
798,2.9375
799,-3.90625
800,-2.75
801,0
802,0.03125
803,-0.03125
804,3.96875
805,-4
806,0.03125
807,0
808,0.0625
809,-0.03125
810,-0.0625
811,0
812,3.125
813,-3.71875
814,-2.5625
815,-1.40625
816,-0.25
817,0
818,0.03125
819,-0.03125
820,3.96875
821,-4
822,0.03125
823,0
824,0.0625
825,-0.03125
826,-0.0625
827,0
828,-2.375
829,-1.21875
830,-0.0625
831,1.09375
832,2.25
833,0
834,0.03125
835,-0.03125
836,3.96875
837,-4
838,0.03125
839,0
840,0.0625
841,-0.03125
842,-0.0625
843,0
844,0.125
845,1.28125
846,2.4375
847,3.59375
848,-3.25
849,0
850,0.03125
851,-0.03125
852,3.96875
853,-4
854,0.03125
855,0
856,0.0625
857,-0.03125
858,-0.0625
859,0
860,2.625
861,3.78125
862,-3.0625
863,-1.90625
864,-0.75
865,0
866,0.03125
867,-0.03125
868,3.96875
869,-4
870,0.03125
871,0
872,0.0625
873,-0.03125
874,-0.0625
875,0
876,-2.875
877,-1.71875
878,-0.5625
879,0.59375
880,1.75
881,0
882,0.03125
883,-0.03125
884,3.96875
885,-4
886,0.03125
887,0
888,0.0625
889,-0.03125
890,-0.0625
891,0
892,-0.375
893,0.78125
894,1.9375
895,3.09375
896,-3.75
897,0
898,0.03125
899,-0.03125
900,3.96875
901,-4
902,0.03125
903,0
904,0.0625
905,-0.03125
906,-0.0625
907,0
908,2.125
909,3.28125
910,-3.5625
911,-2.40625
912,-1.25
913,0
914,0.03125
915,-0.03125
916,3.96875
917,-4
918,0.03125
919,0
920,0.0625
921,-0.03125
922,-0.0625
923,0
924,-3.375
925,-2.21875
926,-1.0625
927,0.09375
928,1.25
929,0
930,0.03125
931,-0.03125
932,3.96875
933,-4
934,0.03125
935,0
936,0.0625
937,-0.03125
938,-0.0625
939,0
940,-0.875
941,0.28125
942,1.4375
943,2.59375
944,3.75
945,0
946,0.03125
947,-0.03125
948,3.96875
949,-4
950,0.03125
951,0
952,0.0625
953,-0.03125
954,-0.0625
955,0
956,1.625
957,2.78125
958,3.9375
959,-2.90625
960,-1.75
961,0
962,0.03125
963,-0.03125
964,3.96875
965,-4
966,0.03125
967,0
968,0.0625
969,-0.03125
970,-0.0625
971,0
972,-3.875
973,-2.71875
974,-1.5625
975,-0.40625
976,0.75
977,0
978,0.03125
979,-0.03125
980,3.96875
981,-4
982,0.03125
983,0
984,0.0625
985,-0.03125
986,-0.0625
987,0
988,-1.375
989,-0.21875
990,0.9375
991,2.09375
992,3.25
993,0
994,0.03125
995,-0.03125
996,3.96875
997,-4
998,0.03125
999,0
1000,0.0625
1001,-0.03125
1002,-0.0625
1003,0
1004,1.125
1005,2.28125
1006,3.4375
1007,-3.40625
1008,-2.25
1009,0
1010,0.03125
1011,-0.03125
1012,3.96875
1013,-4
1014,0.03125
1015,0
1016,0.0625
1017,-0.03125
1018,-0.0625
1019,0
1020,3.625
1021,-3.21875
1022,-2.0625
1023,-0.90625
1024,0.25
1025,0
1026,0.03125
1027,-0.03125
1028,3.96875
1029,-4
1030,0.03125
1031,0
1032,0.0625
1033,-0.03125
1034,-0.0625
1035,0
1036,-1.875
1037,-0.71875
1038,0.4375
1039,1.59375
1040,2.75
1041,0
1042,0.03125
1043,-0.03125
1044,3.96875
1045,-4
1046,0.03125
1047,0
1048,0.0625
1049,-0.03125
1050,-0.0625
1051,0
1052,0.625
1053,1.78125
1054,2.9375
1055,-3.90625
1056,-2.75
1057,0
1058,0.03125
1059,-0.03125
1060,3.96875
1061,-4
1062,0.03125
1063,0
1064,0.0625
1065,-0.03125
1066,-0.0625
1067,0
1068,3.125
1069,-3.71875
1070,-2.5625
1071,-1.40625
1072,-0.25
1073,0
1074,0.03125
1075,-0.03125
1076,3.96875
1077,-4
1078,0.03125
1079,0
1080,0.0625
1081,-0.03125
1082,-0.0625
1083,0
1084,-2.375
1085,-1.21875
1086,-0.0625
1087,1.09375
1088,2.25
1089,0
1090,0.03125
1091,-0.03125
1092,3.96875
1093,-4
1094,0.03125
1095,0
1096,0.0625
1097,-0.03125
1098,-0.0625
1099,0
1100,0.125
1101,1.28125
1102,2.4375
1103,3.59375
1104,-3.25
1105,0
1106,0.03125
1107,-0.03125
1108,3.96875
1109,-4
1110,0.03125
1111,0
1112,0.0625
1113,-0.03125
1114,-0.0625
1115,0
1116,2.625
1117,3.78125
1118,-3.0625
1119,-1.90625
1120,-0.75
1121,0
1122,0.03125
1123,-0.03125
1124,3.96875
1125,-4
1126,0.03125
1127,0
1128,0.0625
1129,-0.03125
1130,-0.0625
1131,0
1132,-2.875
1133,-1.71875
1134,-0.5625
1135,0.59375
1136,1.75
1137,0
1138,0.03125
1139,-0.03125
1140,3.96875
1141,-4
1142,0.03125
1143,0
1144,0.0625
1145,-0.03125
1146,-0.0625
1147,0
1148,-0.375
1149,0.78125
1150,1.9375
1151,3.09375
1152,-3.75
1153,0
1154,0.03125
1155,-0.03125
1156,3.96875
1157,-4
1158,0.03125
1159,0
1160,0.0625
1161,-0.03125
1162,-0.0625
1163,0
1164,2.125
1165,3.28125
1166,-3.5625
1167,-2.40625
1168,-1.25
1169,0
1170,0.03125
1171,-0.03125
1172,3.96875
1173,-4
1174,0.03125
1175,0
1176,0.0625
1177,-0.03125
1178,-0.0625
1179,0
1180,-3.375
1181,-2.21875
1182,-1.0625
1183,0.09375
1184,1.25
1185,0
1186,0.03125
1187,-0.03125
1188,3.96875
1189,-4
1190,0.03125
1191,0
1192,0.0625
1193,-0.03125
1194,-0.0625
1195,0
1196,-0.875
1197,0.28125
1198,1.4375
1199,2.59375
1200,3.75
1201,0
1202,0.03125
1203,-0.03125
1204,3.96875
1205,-4
1206,0.03125
1207,0
1208,0.0625
1209,-0.03125
1210,-0.0625
1211,0
1212,1.625
1213,2.78125
1214,3.9375
1215,-2.90625
1216,-1.75
1217,0
1218,0.03125
1219,-0.03125
1220,3.96875
1221,-4
1222,0.03125
1223,0
1224,0.0625
1225,-0.03125
1226,-0.0625
1227,0
1228,-3.875
1229,-2.71875
1230,-1.5625
1231,-0.40625
1232,0.75
1233,0
1234,0.03125
1235,-0.03125
1236,3.96875
1237,-4
1238,0.03125
1239,0
1240,0.0625
1241,-0.03125
1242,-0.0625
1243,0
1244,-1.375
1245,-0.21875
1246,0.9375
1247,2.09375
1248,3.25
1249,0
1250,0.03125
1251,-0.03125
1252,3.96875
1253,-4
1254,0.03125
1255,0
1256,0.0625
1257,-0.03125
1258,-0.0625
1259,0
1260,1.125
1261,2.28125
1262,3.4375
1263,-3.40625
1264,-2.25
1265,0
1266,0.03125
1267,-0.03125
1268,3.96875
1269,-4
1270,0.03125
1271,0
1272,0.0625
1273,-0.03125
1274,-0.0625
1275,0
1276,3.625
1277,-3.21875
1278,-2.0625
1279,-0.90625
1280,0.25
1281,0
1282,0.03125
1283,-0.03125
1284,3.96875
1285,-4
1286,0.03125
1287,0
1288,0.0625
1289,-0.03125
1290,-0.0625
1291,0
1292,-1.875
1293,-0.71875
1294,0.4375
1295,1.59375
1296,2.75
1297,0
1298,0.03125
1299,-0.03125
1300,3.96875
1301,-4
1302,0.03125
1303,0
1304,0.0625
1305,-0.03125
1306,-0.0625
1307,0
1308,0.625
1309,1.78125
1310,2.9375
1311,-3.90625
1312,-2.75
1313,0
1314,0.03125
1315,-0.03125
1316,3.96875
1317,-4
1318,0.03125
1319,0
1320,0.0625
1321,-0.03125
1322,-0.0625
1323,0
1324,3.125
1325,-3.71875
1326,-2.5625
1327,-1.40625
1328,-0.25
1329,0
1330,0.03125
1331,-0.03125
1332,3.96875
1333,-4
1334,0.03125
1335,0
1336,0.0625
1337,-0.03125
1338,-0.0625
1339,0
1340,-2.375
1341,-1.21875
1342,-0.0625
1343,1.09375
1344,2.25
1345,0
1346,0.03125
1347,-0.03125
1348,3.96875
1349,-4
1350,0.03125
1351,0
1352,0.0625
1353,-0.03125
1354,-0.0625
1355,0
1356,0.125
1357,1.28125
1358,2.4375
1359,3.59375
1360,-3.25
1361,0
1362,0.03125
1363,-0.03125
1364,3.96875
1365,-4
1366,0.03125
1367,0
1368,0.0625
1369,-0.03125
1370,-0.0625
1371,0
1372,2.625
1373,3.78125
1374,-3.0625
1375,-1.90625
1376,-0.75
1377,0
1378,0.03125
1379,-0.03125
1380,3.96875
1381,-4
1382,0.03125
1383,0
1384,0.0625
1385,-0.03125
1386,-0.0625
1387,0
1388,-2.875
1389,-1.71875
1390,-0.5625
1391,0.59375
1392,1.75
1393,0
1394,0.03125
1395,-0.03125
1396,3.96875
1397,-4
1398,0.03125
1399,0
1400,0.0625
1401,-0.03125
1402,-0.0625
1403,0
1404,-0.375
1405,0.78125
1406,1.9375
1407,3.09375
1408,-3.75
1409,0
1410,0.03125
1411,-0.03125
1412,3.96875
1413,-4
1414,0.03125
1415,0
1416,0.0625
1417,-0.03125
1418,-0.0625
1419,0
1420,2.125
1421,3.28125
1422,-3.5625
1423,-2.40625
1424,-1.25
1425,0
1426,0.03125
1427,-0.03125
1428,3.96875
1429,-4
1430,0.03125
1431,0
1432,0.0625
1433,-0.03125
1434,-0.0625
1435,0
1436,-3.375
1437,-2.21875
1438,-1.0625
1439,0.09375
1440,1.25
1441,0
1442,0.03125
1443,-0.03125
1444,3.96875
1445,-4
1446,0.03125
1447,0
1448,0.0625
1449,-0.03125
1450,-0.0625
1451,0
1452,-0.875
1453,0.28125
1454,1.4375
1455,2.59375
1456,3.75
1457,0
1458,0.03125
1459,-0.03125
1460,3.96875
1461,-4
1462,0.03125
1463,0
1464,0.0625
1465,-0.03125
1466,-0.0625
1467,0
1468,1.625
1469,2.78125
1470,3.9375
1471,-2.90625
1472,-1.75
1473,0
1474,0.03125
1475,-0.03125
1476,3.96875
1477,-4
1478,0.03125
1479,0
1480,0.0625
1481,-0.03125
1482,-0.0625
1483,0
1484,-3.875
1485,-2.71875
1486,-1.5625
1487,-0.40625
1488,0.75
1489,0
1490,0.03125
1491,-0.03125
1492,3.96875
1493,-4
1494,0.03125
1495,0
1496,0.0625
1497,-0.03125
1498,-0.0625
1499,0
1500,-1.375
1501,-0.21875
1502,0.9375
1503,2.09375
1504,3.25
1505,0
1506,0.03125
1507,-0.03125
1508,3.96875
1509,-4
1510,0.03125
1511,0
1512,0.0625
1513,-0.03125
1514,-0.0625
1515,0
1516,1.125
1517,2.28125
1518,3.4375
1519,-3.40625
1520,-2.25
1521,0
1522,0.03125
1523,-0.03125
1524,3.96875
1525,-4
1526,0.03125
1527,0
1528,0.0625
1529,-0.03125
1530,-0.0625
1531,0
1532,3.625
1533,-3.21875
1534,-2.0625
1535,-0.90625
1536,0.25
1537,0
1538,0.03125
1539,-0.03125
1540,3.96875
1541,-4
1542,0.03125
1543,0
1544,0.0625
1545,-0.03125
1546,-0.0625
1547,0
1548,-1.875
1549,-0.71875
1550,0.4375
1551,1.59375
1552,2.75
1553,0
1554,0.03125
1555,-0.03125
1556,3.96875
1557,-4
1558,0.03125
1559,0
1560,0.0625
1561,-0.03125
1562,-0.0625
1563,0
1564,0.625
1565,1.78125
1566,2.9375
1567,-3.90625
1568,-2.75
1569,0
1570,0.03125
1571,-0.03125
1572,3.96875
1573,-4
1574,0.03125
1575,0
1576,0.0625
1577,-0.03125
1578,-0.0625
1579,0
1580,3.125
1581,-3.71875
1582,-2.5625
1583,-1.40625
1584,-0.25
1585,0
1586,0.03125
1587,-0.03125
1588,3.96875
1589,-4
1590,0.03125
1591,0
1592,0.0625
1593,-0.03125
1594,-0.0625
1595,0
1596,-2.375
1597,-1.21875
1598,-0.0625
1599,1.09375
1600,2.25
1601,0
1602,0.03125
1603,-0.03125
1604,3.96875
1605,-4
1606,0.03125
1607,0
1608,0.0625
1609,-0.03125
1610,-0.0625
1611,0
1612,0.125
1613,1.28125
1614,2.4375
1615,3.59375
1616,-3.25
1617,0
1618,0.03125
1619,-0.03125
1620,3.96875
1621,-4
1622,0.03125
1623,0
1624,0.0625
1625,-0.03125
1626,-0.0625
1627,0
1628,2.625
1629,3.78125
1630,-3.0625
1631,-1.90625
1632,-0.75
1633,0
1634,0.03125
1635,-0.03125
1636,3.96875
1637,-4
1638,0.03125
1639,0
1640,0.0625
1641,-0.03125
1642,-0.0625
1643,0
1644,-2.875
1645,-1.71875
1646,-0.5625
1647,0.59375
1648,1.75
1649,0
1650,0.03125
1651,-0.03125
1652,3.96875
1653,-4
1654,0.03125
1655,0
1656,0.0625
1657,-0.03125
1658,-0.0625
1659,0
1660,-0.375
1661,0.78125
1662,1.9375
1663,3.09375
1664,-3.75
1665,0
1666,0.03125
1667,-0.03125
1668,3.96875
1669,-4
1670,0.03125
1671,0
1672,0.0625
1673,-0.03125
1674,-0.0625
1675,0
1676,2.125
1677,3.28125
1678,-3.5625
1679,-2.40625
1680,-1.25
1681,0
1682,0.03125
1683,-0.03125
1684,3.96875
1685,-4
1686,0.03125
1687,0
1688,0.0625
1689,-0.03125
1690,-0.0625
1691,0
1692,-3.375
1693,-2.21875
1694,-1.0625
1695,0.09375
1696,1.25
1697,0
1698,0.03125
1699,-0.03125
1700,3.96875
1701,-4
1702,0.03125
1703,0
1704,0.0625
1705,-0.03125
1706,-0.0625
1707,0
1708,-0.875
1709,0.28125
1710,1.4375
1711,2.59375
1712,3.75
1713,0
1714,0.03125
1715,-0.03125
1716,3.96875
1717,-4
1718,0.03125
1719,0
1720,0.0625
1721,-0.03125
1722,-0.0625
1723,0
1724,1.625
1725,2.78125
1726,3.9375
1727,-2.90625
1728,-1.75
1729,0
1730,0.03125
1731,-0.03125
1732,3.96875
1733,-4
1734,0.03125
1735,0
1736,0.0625
1737,-0.03125
1738,-0.0625
1739,0
1740,-3.875
1741,-2.71875
1742,-1.5625
1743,-0.40625
1744,0.75
1745,0
1746,0.03125
1747,-0.03125
1748,3.96875
1749,-4
1750,0.03125
1751,0
1752,0.0625
1753,-0.03125
1754,-0.0625
1755,0
1756,-1.375
1757,-0.21875
1758,0.9375
1759,2.09375
1760,3.25
1761,0
1762,0.03125
1763,-0.03125
1764,3.96875
1765,-4
1766,0.03125
1767,0
1768,0.0625
1769,-0.03125
1770,-0.0625
1771,0
1772,1.125
1773,2.28125
1774,3.4375
1775,-3.40625
1776,-2.25
1777,0
1778,0.03125
1779,-0.03125
1780,3.96875
1781,-4
1782,0.03125
1783,0
1784,0.0625
1785,-0.03125
1786,-0.0625
1787,0
1788,3.625
1789,-3.21875
1790,-2.0625
1791,-0.90625
1792,0.25
1793,0
1794,0.03125
1795,-0.03125
1796,3.96875
1797,-4
1798,0.03125
1799,0
1800,0.0625
1801,-0.03125
1802,-0.0625
1803,0
1804,-1.875
1805,-0.71875
1806,0.4375
1807,1.59375
1808,2.75
1809,0
1810,0.03125
1811,-0.03125
1812,3.96875
1813,-4
1814,0.03125
1815,0
1816,0.0625
1817,-0.03125
1818,-0.0625
1819,0
1820,0.625
1821,1.78125
1822,2.9375
1823,-3.90625
1824,-2.75
1825,0
1826,0.03125
1827,-0.03125
1828,3.96875
1829,-4
1830,0.03125
1831,0
1832,0.0625
1833,-0.03125
1834,-0.0625
1835,0
1836,3.125
1837,-3.71875
1838,-2.5625
1839,-1.40625
1840,-0.25
1841,0
1842,0.03125
1843,-0.03125
1844,3.96875
1845,-4
1846,0.03125
1847,0
1848,0.0625
1849,-0.03125
1850,-0.0625
1851,0
1852,-2.375
1853,-1.21875
1854,-0.0625
1855,1.09375
1856,2.25
1857,0
1858,0.03125
1859,-0.03125
1860,3.96875
1861,-4
1862,0.03125
1863,0
1864,0.0625
1865,-0.03125
1866,-0.0625
1867,0
1868,0.125
1869,1.28125
1870,2.4375
1871,3.59375
1872,-3.25
1873,0
1874,0.03125
1875,-0.03125
1876,3.96875
1877,-4
1878,0.03125
1879,0
1880,0.0625
1881,-0.03125
1882,-0.0625
1883,0
1884,2.625
1885,3.78125
1886,-3.0625
1887,-1.90625
1888,-0.75
1889,0
1890,0.03125
1891,-0.03125
1892,3.96875
1893,-4
1894,0.03125
1895,0
1896,0.0625
1897,-0.03125
1898,-0.0625
1899,0
1900,-2.875
1901,-1.71875
1902,-0.5625
1903,0.59375
1904,1.75
1905,0
1906,0.03125
1907,-0.03125
1908,3.96875
1909,-4
1910,0.03125
1911,0
1912,0.0625
1913,-0.03125
1914,-0.0625
1915,0
1916,-0.375
1917,0.78125
1918,1.9375
1919,3.09375
1920,-3.75
1921,0
1922,0.03125
1923,-0.03125
1924,3.96875
1925,-4
1926,0.03125
1927,0
1928,0.0625
1929,-0.03125
1930,-0.0625
1931,0
1932,2.125
1933,3.28125
1934,-3.5625
1935,-2.40625
1936,-1.25
1937,0
1938,0.03125
1939,-0.03125
1940,3.96875
1941,-4
1942,0.03125
1943,0
1944,0.0625
1945,-0.03125
1946,-0.0625
1947,0
1948,-3.375
1949,-2.21875
1950,-1.0625
1951,0.09375
1952,1.25
1953,0
1954,0.03125
1955,-0.03125
1956,3.96875
1957,-4
1958,0.03125
1959,0
1960,0.0625
1961,-0.03125
1962,-0.0625
1963,0
1964,-0.875
1965,0.28125
1966,1.4375
1967,2.59375
1968,3.75
1969,0
1970,0.03125
1971,-0.03125
1972,3.96875
1973,-4
1974,0.03125
1975,0
1976,0.0625
1977,-0.03125
1978,-0.0625
1979,0
1980,1.625
1981,2.78125
1982,3.9375
1983,-2.90625
1984,-1.75
1985,0
1986,0.03125
1987,-0.03125
1988,3.96875
1989,-4
1990,0.03125
1991,0
1992,0.0625
1993,-0.03125
1994,-0.0625
1995,0
1996,-3.875
1997,-2.71875
1998,-1.5625
1999,-0.40625
2000,0.75
2001,0
2002,0.03125
2003,-0.03125
2004,3.96875
2005,-4
2006,0.03125
2007,0
2008,0.0625
2009,-0.03125
2010,-0.0625
2011,0
2012,-1.375
2013,-0.21875
2014,0.9375
2015,2.09375
2016,3.25
2017,0
2018,0.03125
2019,-0.03125
2020,3.96875
2021,-4
2022,0.03125
2023,0
2024,0.0625
2025,-0.03125
2026,-0.0625
2027,0
2028,1.125
2029,2.28125
2030,3.4375
2031,-3.40625
2032,-2.25
2033,0
2034,0.03125
2035,-0.03125
2036,3.96875
2037,-4
2038,0.03125
2039,0
2040,0.0625
2041,-0.03125
2042,-0.0625
2043,0
2044,3.625
2045,-3.21875
2046,-2.0625
2047,-0.90625
2048,0.25
2049,0
2050,0.03125
2051,-0.03125
2052,3.96875
2053,-4
2054,0.03125
2055,0
2056,0.0625
2057,-0.03125
2058,-0.0625
2059,0
2060,-1.875
2061,-0.71875
2062,0.4375
2063,1.59375
2064,2.75
2065,0
2066,0.03125
2067,-0.03125
2068,3.96875
2069,-4
2070,0.03125
2071,0
2072,0.0625
2073,-0.03125
2074,-0.0625
2075,0
2076,0.625
2077,1.78125
2078,2.9375
2079,-3.90625
2080,-2.75
2081,0
2082,0.03125
2083,-0.03125
2084,3.96875
2085,-4
2086,0.03125
2087,0
2088,0.0625
2089,-0.03125
2090,-0.0625
2091,0
2092,3.125
2093,-3.71875
2094,-2.5625
2095,-1.40625
2096,-0.25
2097,0
2098,0.03125
2099,-0.03125
2100,3.96875
2101,-4
2102,0.03125
2103,0
2104,0.0625
2105,-0.03125
2106,-0.0625
2107,0
2108,-2.375
2109,-1.21875
2110,-0.0625
2111,1.09375
2112,2.25
2113,0
2114,0.03125
2115,-0.03125
2116,3.96875
2117,-4
2118,0.03125
2119,0
2120,0.0625
2121,-0.03125
2122,-0.0625
2123,0
2124,0.125
2125,1.28125
2126,2.4375
2127,3.59375
2128,-3.25
2129,0
2130,0.03125
2131,-0.03125
2132,3.96875
2133,-4
2134,0.03125
2135,0
2136,0.0625
2137,-0.03125
2138,-0.0625
2139,0
2140,2.625
2141,3.78125
2142,-3.0625
2143,-1.90625
2144,-0.75
2145,0
2146,0.03125
2147,-0.03125
2148,3.96875
2149,-4
2150,0.03125
2151,0
2152,0.0625
2153,-0.03125
2154,-0.0625
2155,0
2156,-2.875
2157,-1.71875
2158,-0.5625
2159,0.59375
2160,1.75
2161,0
2162,0.03125
2163,-0.03125
2164,3.96875
2165,-4
2166,0.03125
2167,0
2168,0.0625
2169,-0.03125
2170,-0.0625
2171,0
2172,-0.375
2173,0.78125
2174,1.9375
2175,3.09375
2176,-3.75
2177,0
2178,0.03125
2179,-0.03125
2180,3.96875
2181,-4
2182,0.03125
2183,0
2184,0.0625
2185,-0.03125
2186,-0.0625
2187,0
2188,2.125
2189,3.28125
2190,-3.5625
2191,-2.40625
2192,-1.25
2193,0
2194,0.03125
2195,-0.03125
2196,3.96875
2197,-4
2198,0.03125
2199,0
2200,0.0625
2201,-0.03125
2202,-0.0625
2203,0
2204,-3.375
2205,-2.21875
2206,-1.0625
2207,0.09375
2208,1.25
2209,0
2210,0.03125
2211,-0.03125
2212,3.96875
2213,-4
2214,0.03125
2215,0
2216,0.0625
2217,-0.03125
2218,-0.0625
2219,0
2220,-0.875
2221,0.28125
2222,1.4375
2223,2.59375
2224,3.75
2225,0
2226,0.03125
2227,-0.03125
2228,3.96875
2229,-4
2230,0.03125
2231,0
2232,0.0625
2233,-0.03125
2234,-0.0625
2235,0
2236,1.625
2237,2.78125
2238,3.9375
2239,-2.90625
2240,-1.75
2241,0
2242,0.03125
2243,-0.03125
2244,3.96875
2245,-4
2246,0.03125
2247,0
2248,0.0625
2249,-0.03125
2250,-0.0625
2251,0
2252,-3.875
2253,-2.71875
2254,-1.5625
2255,-0.40625
2256,0.75
2257,0
2258,0.03125
2259,-0.03125
2260,3.96875
2261,-4
2262,0.03125
2263,0
2264,0.0625
2265,-0.03125
2266,-0.0625
2267,0
2268,-1.375
2269,-0.21875
2270,0.9375
2271,2.09375
2272,3.25
2273,0
2274,0.03125
2275,-0.03125
2276,3.96875
2277,-4
2278,0.03125
2279,0
2280,0.0625
2281,-0.03125
2282,-0.0625
2283,0
2284,1.125
2285,2.28125
2286,3.4375
2287,-3.40625
2288,-2.25
2289,0
2290,0.03125
2291,-0.03125
2292,3.96875
2293,-4
2294,0.03125
2295,0
2296,0.0625
2297,-0.03125
2298,-0.0625
2299,0
2300,3.625
2301,-3.21875
2302,-2.0625
2303,-0.90625
2304,0.25
2305,0
2306,0.03125
2307,-0.03125
2308,3.96875
2309,-4
2310,0.03125
2311,0
2312,0.0625
2313,-0.03125
2314,-0.0625
2315,0
2316,-1.875
2317,-0.71875
2318,0.4375
2319,1.59375
2320,2.75
2321,0
2322,0.03125
2323,-0.03125
2324,3.96875
2325,-4
2326,0.03125
2327,0
2328,0.0625
2329,-0.03125
2330,-0.0625
2331,0
2332,0.625
2333,1.78125
2334,2.9375
2335,-3.90625
2336,-2.75
2337,0
2338,0.03125
2339,-0.03125
2340,3.96875
2341,-4
2342,0.03125
2343,0
2344,0.0625
2345,-0.03125
2346,-0.0625
2347,0
2348,3.125
2349,-3.71875
2350,-2.5625
2351,-1.40625
2352,-0.25
2353,0
2354,0.03125
2355,-0.03125
2356,3.96875
2357,-4
2358,0.03125
2359,0
2360,0.0625
2361,-0.03125
2362,-0.0625
2363,0
2364,-2.375
2365,-1.21875
2366,-0.0625
2367,1.09375
2368,2.25
2369,0
2370,0.03125
2371,-0.03125
2372,3.96875
2373,-4
2374,0.03125
2375,0
2376,0.0625
2377,-0.03125
2378,-0.0625
2379,0
2380,0.125
2381,1.28125
2382,2.4375
2383,3.59375
2384,-3.25
2385,0
2386,0.03125
2387,-0.03125
2388,3.96875
2389,-4
2390,0.03125
2391,0
2392,0.0625
2393,-0.03125
2394,-0.0625
2395,0
2396,2.625
2397,3.78125
2398,-3.0625
2399,-1.90625
2400,-0.75
2401,0
2402,0.03125
2403,-0.03125
2404,3.96875
2405,-4
2406,0.03125
2407,0
2408,0.0625
2409,-0.03125
2410,-0.0625
2411,0
2412,-2.875
2413,-1.71875
2414,-0.5625
2415,0.59375
2416,1.75
2417,0
2418,0.03125
2419,-0.03125
2420,3.96875
2421,-4
2422,0.03125
2423,0
2424,0.0625
2425,-0.03125
2426,-0.0625
2427,0
2428,-0.375
2429,0.78125
2430,1.9375
2431,3.09375
2432,-3.75
2433,0
2434,0.03125
2435,-0.03125
2436,3.96875
2437,-4
2438,0.03125
2439,0
2440,0.0625
2441,-0.03125
2442,-0.0625
2443,0
2444,2.125
2445,3.28125
2446,-3.5625
2447,-2.40625
2448,-1.25
2449,0
2450,0.03125
2451,-0.03125
2452,3.96875
2453,-4
2454,0.03125
2455,0
2456,0.0625
2457,-0.03125
2458,-0.0625
2459,0
2460,-3.375
2461,-2.21875
2462,-1.0625
2463,0.09375
2464,1.25
2465,0
2466,0.03125
2467,-0.03125
2468,3.96875
2469,-4
2470,0.03125
2471,0
2472,0.0625
2473,-0.03125
2474,-0.0625
2475,0
2476,-0.875
2477,0.28125
2478,1.4375
2479,2.59375
2480,3.75
2481,0
2482,0.03125
2483,-0.03125
2484,3.96875
2485,-4
2486,0.03125
2487,0
2488,0.0625
2489,-0.03125
2490,-0.0625
2491,0
2492,1.625
2493,2.78125
2494,3.9375
2495,-2.90625
2496,-1.75
2497,0
2498,0.03125
2499,-0.03125
2500,3.96875
2501,-4
2502,0.03125
2503,0
2504,0.0625
2505,-0.03125
2506,-0.0625
2507,0
2508,-3.875
2509,-2.71875
2510,-1.5625
2511,-0.40625
2512,0.75
2513,0
2514,0.03125
2515,-0.03125
2516,3.96875
2517,-4
2518,0.03125
2519,0
2520,0.0625
2521,-0.03125
2522,-0.0625
2523,0
2524,-1.375
2525,-0.21875
2526,0.9375
2527,2.09375
2528,3.25
2529,0
2530,0.03125
2531,-0.03125
2532,3.96875
2533,-4
2534,0.03125
2535,0
2536,0.0625
2537,-0.03125
2538,-0.0625
2539,0
2540,1.125
2541,2.28125
2542,3.4375
2543,-3.40625
2544,-2.25
2545,0
2546,0.03125
2547,-0.03125
2548,3.96875
2549,-4
2550,0.03125
2551,0
2552,0.0625
2553,-0.03125
2554,-0.0625
2555,0
2556,3.625
2557,-3.21875
2558,-2.0625
2559,-0.90625
2560,0.25
2561,0
2562,0.03125
2563,-0.03125
2564,3.96875
2565,-4
2566,0.03125
2567,0
2568,0.0625
2569,-0.03125
2570,-0.0625
2571,0
2572,-1.875
2573,-0.71875
2574,0.4375
2575,1.59375
2576,2.75
2577,0
2578,0.03125
2579,-0.03125
2580,3.96875
2581,-4
2582,0.03125
2583,0
2584,0.0625
2585,-0.03125
2586,-0.0625
2587,0
2588,0.625
2589,1.78125
2590,2.9375
2591,-3.90625
2592,-2.75
2593,0
2594,0.03125
2595,-0.03125
2596,3.96875
2597,-4
2598,0.03125
2599,0
2600,0.0625
2601,-0.03125
2602,-0.0625
2603,0
2604,3.125
2605,-3.71875
2606,-2.5625
2607,-1.40625
2608,-0.25
2609,0
2610,0.03125
2611,-0.03125
2612,3.96875
2613,-4
2614,0.03125
2615,0
2616,0.0625
2617,-0.03125
2618,-0.0625
2619,0
2620,-2.375
2621,-1.21875
2622,-0.0625
2623,1.09375
2624,2.25
2625,0
2626,0.03125
2627,-0.03125
2628,3.96875
2629,-4
2630,0.03125
2631,0
2632,0.0625
2633,-0.03125
2634,-0.0625
2635,0
2636,0.125
2637,1.28125
2638,2.4375
2639,3.59375
2640,-3.25
2641,0
2642,0.03125
2643,-0.03125
2644,3.96875
2645,-4
2646,0.03125
2647,0
2648,0.0625
2649,-0.03125
2650,-0.0625
2651,0
2652,2.625
2653,3.78125
2654,-3.0625
2655,-1.90625
2656,-0.75
2657,0
2658,0.03125
2659,-0.03125
2660,3.96875
2661,-4
2662,0.03125
2663,0
2664,0.0625
2665,-0.03125
2666,-0.0625
2667,0
2668,-2.875
2669,-1.71875
2670,-0.5625
2671,0.59375
2672,1.75
2673,0
2674,0.03125
2675,-0.03125
2676,3.96875
2677,-4
2678,0.03125
2679,0
2680,0.0625
2681,-0.03125
2682,-0.0625
2683,0
2684,-0.375
2685,0.78125
2686,1.9375
2687,3.09375
2688,-3.75
2689,0
2690,0.03125
2691,-0.03125
2692,3.96875
2693,-4
2694,0.03125
2695,0
2696,0.0625
2697,-0.03125
2698,-0.0625
2699,0
2700,2.125
2701,3.28125
2702,-3.5625
2703,-2.40625
2704,-1.25
2705,0
2706,0.03125
2707,-0.03125
2708,3.96875
2709,-4
2710,0.03125
2711,0
2712,0.0625
2713,-0.03125
2714,-0.0625
2715,0
2716,-3.375
2717,-2.21875
2718,-1.0625
2719,0.09375
2720,1.25
2721,0
2722,0.03125
2723,-0.03125
2724,3.96875
2725,-4
2726,0.03125
2727,0
2728,0.0625
2729,-0.03125
2730,-0.0625
2731,0
2732,-0.875
2733,0.28125
2734,1.4375
2735,2.59375
2736,3.75
2737,0
2738,0.03125
2739,-0.03125
2740,3.96875
2741,-4
2742,0.03125
2743,0
2744,0.0625
2745,-0.03125
2746,-0.0625
2747,0
2748,1.625
2749,2.78125
2750,3.9375
2751,-2.90625
2752,-1.75
2753,0
2754,0.03125
2755,-0.03125
2756,3.96875
2757,-4
2758,0.03125
2759,0
2760,0.0625
2761,-0.03125
2762,-0.0625
2763,0
2764,-3.875
2765,-2.71875
2766,-1.5625
2767,-0.40625
2768,0.75
2769,0
2770,0.03125
2771,-0.03125
2772,3.96875
2773,-4
2774,0.03125
2775,0
2776,0.0625
2777,-0.03125
2778,-0.0625
2779,0
2780,-1.375
2781,-0.21875
2782,0.9375
2783,2.09375
2784,3.25
2785,0
2786,0.03125
2787,-0.03125
2788,3.96875
2789,-4
2790,0.03125
2791,0
2792,0.0625
2793,-0.03125
2794,-0.0625
2795,0
2796,1.125
2797,2.28125
2798,3.4375
2799,-3.40625
2800,-2.25
2801,0
2802,0.03125
2803,-0.03125
2804,3.96875
2805,-4
2806,0.03125
2807,0
2808,0.0625
2809,-0.03125
2810,-0.0625
2811,0
2812,3.625
2813,-3.21875
2814,-2.0625
2815,-0.90625
2816,0.25
2817,0
2818,0.03125
2819,-0.03125
2820,3.96875
2821,-4
2822,0.03125
2823,0
2824,0.0625
2825,-0.03125
2826,-0.0625
2827,0
2828,-1.875
2829,-0.71875
2830,0.4375
2831,1.59375
2832,2.75
2833,0
2834,0.03125
2835,-0.03125
2836,3.96875
2837,-4
2838,0.03125
2839,0
2840,0.0625
2841,-0.03125
2842,-0.0625
2843,0
2844,0.625
2845,1.78125
2846,2.9375
2847,-3.90625
2848,-2.75
2849,0
2850,0.03125
2851,-0.03125
2852,3.96875
2853,-4
2854,0.03125
2855,0
2856,0.0625
2857,-0.03125
2858,-0.0625
2859,0
2860,3.125
2861,-3.71875
2862,-2.5625
2863,-1.40625
2864,-0.25
2865,0
2866,0.03125
2867,-0.03125
2868,3.96875
2869,-4
2870,0.03125
2871,0
2872,0.0625
2873,-0.03125
2874,-0.0625
2875,0
2876,-2.375
2877,-1.21875
2878,-0.0625
2879,1.09375
2880,2.25
2881,0
2882,0.03125
2883,-0.03125
2884,3.96875
2885,-4
2886,0.03125
2887,0
2888,0.0625
2889,-0.03125
2890,-0.0625
2891,0
2892,0.125
2893,1.28125
2894,2.4375
2895,3.59375
2896,-3.25
2897,0
2898,0.03125
2899,-0.03125
2900,3.96875
2901,-4
2902,0.03125
2903,0
2904,0.0625
2905,-0.03125
2906,-0.0625
2907,0
2908,2.625
2909,3.78125
2910,-3.0625
2911,-1.90625
2912,-0.75
2913,0
2914,0.03125
2915,-0.03125
2916,3.96875
2917,-4
2918,0.03125
2919,0
2920,0.0625
2921,-0.03125
2922,-0.0625
2923,0
2924,-2.875
2925,-1.71875
2926,-0.5625
2927,0.59375
2928,1.75
2929,0
2930,0.03125
2931,-0.03125
2932,3.96875
2933,-4
2934,0.03125
2935,0
2936,0.0625
2937,-0.03125
2938,-0.0625
2939,0
2940,-0.375
2941,0.78125
2942,1.9375
2943,3.09375
2944,-3.75
2945,0
2946,0.03125
2947,-0.03125
2948,3.96875
2949,-4
2950,0.03125
2951,0
2952,0.0625
2953,-0.03125
2954,-0.0625
2955,0
2956,2.125
2957,3.28125
2958,-3.5625
2959,-2.40625
2960,-1.25
2961,0
2962,0.03125
2963,-0.03125
2964,3.96875
2965,-4
2966,0.03125
2967,0
2968,0.0625
2969,-0.03125
2970,-0.0625
2971,0
2972,-3.375
2973,-2.21875
2974,-1.0625
2975,0.09375
2976,1.25
2977,0
2978,0.03125
2979,-0.03125
2980,3.96875
2981,-4
2982,0.03125
2983,0
2984,0.0625
2985,-0.03125
2986,-0.0625
2987,0
2988,-0.875
2989,0.28125
2990,1.4375
2991,2.59375
2992,3.75
2993,0
2994,0.03125
2995,-0.03125
2996,3.96875
2997,-4
2998,0.03125
2999,0
3000,0.0625
3001,-0.03125
3002,-0.0625
3003,0
3004,1.625
3005,2.78125
3006,3.9375
3007,-2.90625
3008,-1.75
3009,0
3010,0.03125
3011,-0.03125
3012,3.96875
3013,-4
3014,0.03125
3015,0
3016,0.0625
3017,-0.03125
3018,-0.0625
3019,0
3020,-3.875
3021,-2.71875
3022,-1.5625
3023,-0.40625
3024,0.75
3025,0
3026,0.03125
3027,-0.03125
3028,3.96875
3029,-4
3030,0.03125
3031,0
3032,0.0625
3033,-0.03125
3034,-0.0625
3035,0
3036,-1.375
3037,-0.21875
3038,0.9375
3039,2.09375
3040,3.25
3041,0
3042,0.03125
3043,-0.03125
3044,3.96875
3045,-4
3046,0.03125
3047,0
3048,0.0625
3049,-0.03125
3050,-0.0625
3051,0
3052,1.125
3053,2.28125
3054,3.4375
3055,-3.40625
3056,-2.25
3057,0
3058,0.03125
3059,-0.03125
3060,3.96875
3061,-4
3062,0.03125
3063,0
3064,0.0625
3065,-0.03125
3066,-0.0625
3067,0
3068,3.625
3069,-3.21875
3070,-2.0625
3071,-0.90625
3072,0.25
3073,0
3074,0.03125
3075,-0.03125
3076,3.96875
3077,-4
3078,0.03125
3079,0
3080,0.0625
3081,-0.03125
3082,-0.0625
3083,0
3084,-1.875
3085,-0.71875
3086,0.4375
3087,1.59375
3088,2.75
3089,0
3090,0.03125
3091,-0.03125
3092,3.96875
3093,-4
3094,0.03125
3095,0
3096,0.0625
3097,-0.03125
3098,-0.0625
3099,0
3100,0.625
3101,1.78125
3102,2.9375
3103,-3.90625
3104,-2.75
3105,0
3106,0.03125
3107,-0.03125
3108,3.96875
3109,-4
3110,0.03125
3111,0
3112,0.0625
3113,-0.03125
3114,-0.0625
3115,0
3116,3.125
3117,-3.71875
3118,-2.5625
3119,-1.40625
3120,-0.25
3121,0
3122,0.03125
3123,-0.03125
3124,3.96875
3125,-4
3126,0.03125
3127,0
3128,0.0625
3129,-0.03125
3130,-0.0625
3131,0
3132,-2.375
3133,-1.21875
3134,-0.0625
3135,1.09375
3136,2.25
3137,0
3138,0.03125
3139,-0.03125
3140,3.96875
3141,-4
3142,0.03125
3143,0
3144,0.0625
3145,-0.03125
3146,-0.0625
3147,0
3148,0.125
3149,1.28125
3150,2.4375
3151,3.59375
3152,-3.25
3153,0
3154,0.03125
3155,-0.03125
3156,3.96875
3157,-4
3158,0.03125
3159,0
3160,0.0625
3161,-0.03125
3162,-0.0625
3163,0
3164,2.625
3165,3.78125
3166,-3.0625
3167,-1.90625
3168,-0.75
3169,0
3170,0.03125
3171,-0.03125
3172,3.96875
3173,-4
3174,0.03125
3175,0
3176,0.0625
3177,-0.03125
3178,-0.0625
3179,0
3180,-2.875
3181,-1.71875
3182,-0.5625
3183,0.59375
3184,1.75
3185,0
3186,0.03125
3187,-0.03125
3188,3.96875
3189,-4
3190,0.03125
3191,0
3192,0.0625
3193,-0.03125
3194,-0.0625
3195,0
3196,-0.375
3197,0.78125
3198,1.9375
3199,3.09375
3200,-3.75
3201,0
3202,0.03125
3203,-0.03125
3204,3.96875
3205,-4
3206,0.03125
3207,0
3208,0.0625
3209,-0.03125
3210,-0.0625
3211,0
3212,2.125
3213,3.28125
3214,-3.5625
3215,-2.40625
3216,-1.25
3217,0
3218,0.03125
3219,-0.03125
3220,3.96875
3221,-4
3222,0.03125
3223,0
3224,0.0625
3225,-0.03125
3226,-0.0625
3227,0
3228,-3.375
3229,-2.21875
3230,-1.0625
3231,0.09375
3232,1.25
3233,0
3234,0.03125
3235,-0.03125
3236,3.96875
3237,-4
3238,0.03125
3239,0
3240,0.0625
3241,-0.03125
3242,-0.0625
3243,0
3244,-0.875
3245,0.28125
3246,1.4375
3247,2.59375
3248,3.75
3249,0
3250,0.03125
3251,-0.03125
3252,3.96875
3253,-4
3254,0.03125
3255,0
3256,0.0625
3257,-0.03125
3258,-0.0625
3259,0
3260,1.625
3261,2.78125
3262,3.9375
3263,-2.90625
3264,-1.75
3265,0
3266,0.03125
3267,-0.03125
3268,3.96875
3269,-4
3270,0.03125
3271,0
3272,0.0625
3273,-0.03125
3274,-0.0625
3275,0
3276,-3.875
3277,-2.71875
3278,-1.5625
3279,-0.40625
3280,0.75
3281,0
3282,0.03125
3283,-0.03125
3284,3.96875
3285,-4
3286,0.03125
3287,0
3288,0.0625
3289,-0.03125
3290,-0.0625
3291,0
3292,-1.375
3293,-0.21875
3294,0.9375
3295,2.09375
3296,3.25
3297,0
3298,0.03125
3299,-0.03125
3300,3.96875
3301,-4
3302,0.03125
3303,0
3304,0.0625
3305,-0.03125
3306,-0.0625
3307,0
3308,1.125
3309,2.28125
3310,3.4375
3311,-3.40625
3312,-2.25
3313,0
3314,0.03125
3315,-0.03125
3316,3.96875
3317,-4
3318,0.03125
3319,0
3320,0.0625
3321,-0.03125
3322,-0.0625
3323,0
3324,3.625
3325,-3.21875
3326,-2.0625
3327,-0.90625
3328,0.25
3329,0
3330,0.03125
3331,-0.03125
3332,3.96875
3333,-4
3334,0.03125
3335,0
3336,0.0625
3337,-0.03125
3338,-0.0625
3339,0
3340,-1.875
3341,-0.71875
3342,0.4375
3343,1.59375
3344,2.75
3345,0
3346,0.03125
3347,-0.03125
3348,3.96875
3349,-4
3350,0.03125
3351,0
3352,0.0625
3353,-0.03125
3354,-0.0625
3355,0
3356,0.625
3357,1.78125
3358,2.9375
3359,-3.90625
3360,-2.75
3361,0
3362,0.03125
3363,-0.03125
3364,3.96875
3365,-4
3366,0.03125
3367,0
3368,0.0625
3369,-0.03125
3370,-0.0625
3371,0
3372,3.125
3373,-3.71875
3374,-2.5625
3375,-1.40625
3376,-0.25
3377,0
3378,0.03125
3379,-0.03125
3380,3.96875
3381,-4
3382,0.03125
3383,0
3384,0.0625
3385,-0.03125
3386,-0.0625
3387,0
3388,-2.375
3389,-1.21875
3390,-0.0625
3391,1.09375
3392,2.25
3393,0
3394,0.03125
3395,-0.03125
3396,3.96875
3397,-4
3398,0.03125
3399,0
3400,0.0625
3401,-0.03125
3402,-0.0625
3403,0
3404,0.125
3405,1.28125
3406,2.4375
3407,3.59375
3408,-3.25
3409,0
3410,0.03125
3411,-0.03125
3412,3.96875
3413,-4
3414,0.03125
3415,0
3416,0.0625
3417,-0.03125
3418,-0.0625
3419,0
3420,2.625
3421,3.78125
3422,-3.0625
3423,-1.90625
3424,-0.75
3425,0
3426,0.03125
3427,-0.03125
3428,3.96875
3429,-4
3430,0.03125
3431,0
3432,0.0625
3433,-0.03125
3434,-0.0625
3435,0
3436,-2.875
3437,-1.71875
3438,-0.5625
3439,0.59375
3440,1.75
3441,0
3442,0.03125
3443,-0.03125
3444,3.96875
3445,-4
3446,0.03125
3447,0
3448,0.0625
3449,-0.03125
3450,-0.0625
3451,0
3452,-0.375
3453,0.78125
3454,1.9375
3455,3.09375
3456,-3.75
3457,0
3458,0.03125
3459,-0.03125
3460,3.96875
3461,-4
3462,0.03125
3463,0
3464,0.0625
3465,-0.03125
3466,-0.0625
3467,0
3468,2.125
3469,3.28125
3470,-3.5625
3471,-2.40625
3472,-1.25
3473,0
3474,0.03125
3475,-0.03125
3476,3.96875
3477,-4
3478,0.03125
3479,0
3480,0.0625
3481,-0.03125
3482,-0.0625
3483,0
3484,-3.375
3485,-2.21875
3486,-1.0625
3487,0.09375
3488,1.25
3489,0
3490,0.03125
3491,-0.03125
3492,3.96875
3493,-4
3494,0.03125
3495,0
3496,0.0625
3497,-0.03125
3498,-0.0625
3499,0
3500,-0.875
3501,0.28125
3502,1.4375
3503,2.59375
3504,3.75
3505,0
3506,0.03125
3507,-0.03125
3508,3.96875
3509,-4
3510,0.03125
3511,0
3512,0.0625
3513,-0.03125
3514,-0.0625
3515,0
3516,1.625
3517,2.78125
3518,3.9375
3519,-2.90625
3520,-1.75
3521,0
3522,0.03125
3523,-0.03125
3524,3.96875
3525,-4
3526,0.03125
3527,0
3528,0.0625
3529,-0.03125
3530,-0.0625
3531,0
3532,-3.875
3533,-2.71875
3534,-1.5625
3535,-0.40625
3536,0.75
3537,0
3538,0.03125
3539,-0.03125
3540,3.96875
3541,-4
3542,0.03125
3543,0
3544,0.0625
3545,-0.03125
3546,-0.0625
3547,0
3548,-1.375
3549,-0.21875
3550,0.9375
3551,2.09375
3552,3.25
3553,0
3554,0.03125
3555,-0.03125
3556,3.96875
3557,-4
3558,0.03125
3559,0
3560,0.0625
3561,-0.03125
3562,-0.0625
3563,0
3564,1.125
3565,2.28125
3566,3.4375
3567,-3.40625
3568,-2.25
3569,0
3570,0.03125
3571,-0.03125
3572,3.96875
3573,-4
3574,0.03125
3575,0
3576,0.0625
3577,-0.03125
3578,-0.0625
3579,0
3580,3.625
3581,-3.21875
3582,-2.0625
3583,-0.90625
3584,0.25
3585,0
3586,0.03125
3587,-0.03125
3588,3.96875
3589,-4
3590,0.03125
3591,0
3592,0.0625
3593,-0.03125
3594,-0.0625
3595,0
3596,-1.875
3597,-0.71875
3598,0.4375
3599,1.59375
3600,2.75
3601,0
3602,0.03125
3603,-0.03125
3604,3.96875
3605,-4
3606,0.03125
3607,0
3608,0.0625
3609,-0.03125
3610,-0.0625
3611,0
3612,0.625
3613,1.78125
3614,2.9375
3615,-3.90625
3616,-2.75
3617,0
3618,0.03125
3619,-0.03125
3620,3.96875
3621,-4
3622,0.03125
3623,0
3624,0.0625
3625,-0.03125
3626,-0.0625
3627,0
3628,3.125
3629,-3.71875
3630,-2.5625
3631,-1.40625
3632,-0.25
3633,0
3634,0.03125
3635,-0.03125
3636,3.96875
3637,-4
3638,0.03125
3639,0
3640,0.0625
3641,-0.03125
3642,-0.0625
3643,0
3644,-2.375
3645,-1.21875
3646,-0.0625
3647,1.09375
3648,2.25
3649,0
3650,0.03125
3651,-0.03125
3652,3.96875
3653,-4
3654,0.03125
3655,0
3656,0.0625
3657,-0.03125
3658,-0.0625
3659,0
3660,0.125
3661,1.28125
3662,2.4375
3663,3.59375
3664,-3.25
3665,0
3666,0.03125
3667,-0.03125
3668,3.96875
3669,-4
3670,0.03125
3671,0
3672,0.0625
3673,-0.03125
3674,-0.0625
3675,0
3676,2.625
3677,3.78125
3678,-3.0625
3679,-1.90625
3680,-0.75
3681,0
3682,0.03125
3683,-0.03125
3684,3.96875
3685,-4
3686,0.03125
3687,0
3688,0.0625
3689,-0.03125
3690,-0.0625
3691,0
3692,-2.875
3693,-1.71875
3694,-0.5625
3695,0.59375
3696,1.75
3697,0
3698,0.03125
3699,-0.03125
3700,3.96875
3701,-4
3702,0.03125
3703,0
3704,0.0625
3705,-0.03125
3706,-0.0625
3707,0
3708,-0.375
3709,0.78125
3710,1.9375
3711,3.09375
3712,-3.75
3713,0
3714,0.03125
3715,-0.03125
3716,3.96875
3717,-4
3718,0.03125
3719,0
3720,0.0625
3721,-0.03125
3722,-0.0625
3723,0
3724,2.125
3725,3.28125
3726,-3.5625
3727,-2.40625
3728,-1.25
3729,0
3730,0.03125
3731,-0.03125
3732,3.96875
3733,-4
3734,0.03125
3735,0
3736,0.0625
3737,-0.03125
3738,-0.0625
3739,0
3740,-3.375
3741,-2.21875
3742,-1.0625
3743,0.09375
3744,1.25
3745,0
3746,0.03125
3747,-0.03125
3748,3.96875
3749,-4
3750,0.03125
3751,0
3752,0.0625
3753,-0.03125
3754,-0.0625
3755,0
3756,-0.875
3757,0.28125
3758,1.4375
3759,2.59375
3760,3.75
3761,0
3762,0.03125
3763,-0.03125
3764,3.96875
3765,-4
3766,0.03125
3767,0
3768,0.0625
3769,-0.03125
3770,-0.0625
3771,0
3772,1.625
3773,2.78125
3774,3.9375
3775,-2.90625
3776,-1.75
3777,0
3778,0.03125
3779,-0.03125
3780,3.96875
3781,-4
3782,0.03125
3783,0
3784,0.0625
3785,-0.03125
3786,-0.0625
3787,0
3788,-3.875
3789,-2.71875
3790,-1.5625
3791,-0.40625
3792,0.75
3793,0
3794,0.03125
3795,-0.03125
3796,3.96875
3797,-4
3798,0.03125
3799,0
3800,0.0625
3801,-0.03125
3802,-0.0625
3803,0
3804,-1.375
3805,-0.21875
3806,0.9375
3807,2.09375
3808,3.25
3809,0
3810,0.03125
3811,-0.03125
3812,3.96875
3813,-4
3814,0.03125
3815,0
3816,0.0625
3817,-0.03125
3818,-0.0625
3819,0
3820,1.125
3821,2.28125
3822,3.4375
3823,-3.40625
3824,-2.25
3825,0
3826,0.03125
3827,-0.03125
3828,3.96875
3829,-4
3830,0.03125
3831,0
3832,0.0625
3833,-0.03125
3834,-0.0625
3835,0
3836,3.625
3837,-3.21875
3838,-2.0625
3839,-0.90625
3840,0.25
3841,0
3842,0.03125
3843,-0.03125
3844,3.96875
3845,-4
3846,0.03125
3847,0
3848,0.0625
3849,-0.03125
3850,-0.0625
3851,0
3852,-1.875
3853,-0.71875
3854,0.4375
3855,1.59375
3856,2.75
3857,0
3858,0.03125
3859,-0.03125
3860,3.96875
3861,-4
3862,0.03125
3863,0
3864,0.0625
3865,-0.03125
3866,-0.0625
3867,0
3868,0.625
3869,1.78125
3870,2.9375
3871,-3.90625
3872,-2.75
3873,0
3874,0.03125
3875,-0.03125
3876,3.96875
3877,-4
3878,0.03125
3879,0
3880,0.0625
3881,-0.03125
3882,-0.0625
3883,0
3884,3.125
3885,-3.71875
3886,-2.5625
3887,-1.40625
3888,-0.25
3889,0
3890,0.03125
3891,-0.03125
3892,3.96875
3893,-4
3894,0.03125
3895,0
3896,0.0625
3897,-0.03125
3898,-0.0625
3899,0
3900,-2.375
3901,-1.21875
3902,-0.0625
3903,1.09375
3904,2.25
3905,0
3906,0.03125
3907,-0.03125
3908,3.96875
3909,-4
3910,0.03125
3911,0
3912,0.0625
3913,-0.03125
3914,-0.0625
3915,0
3916,0.125
3917,1.28125
3918,2.4375
3919,3.59375
3920,-3.25
3921,0
3922,0.03125
3923,-0.03125
3924,3.96875
3925,-4
3926,0.03125
3927,0
3928,0.0625
3929,-0.03125
3930,-0.0625
3931,0
3932,2.625
3933,3.78125
3934,-3.0625
3935,-1.90625
3936,-0.75
3937,0
3938,0.03125
3939,-0.03125
3940,3.96875
3941,-4
3942,0.03125
3943,0
3944,0.0625
3945,-0.03125
3946,-0.0625
3947,0
3948,-2.875
3949,-1.71875
3950,-0.5625
3951,0.59375
3952,1.75
3953,0
3954,0.03125
3955,-0.03125
3956,3.96875
3957,-4
3958,0.03125
3959,0
3960,0.0625
3961,-0.03125
3962,-0.0625
3963,0
3964,-0.375
3965,0.78125
3966,1.9375
3967,3.09375
3968,-3.75
3969,0
3970,0.03125
3971,-0.03125
3972,3.96875
3973,-4
3974,0.03125
3975,0
3976,0.0625
3977,-0.03125
3978,-0.0625
3979,0
3980,2.125
3981,3.28125
3982,-3.5625
3983,-2.40625
3984,-1.25
3985,0
3986,0.03125
3987,-0.03125
3988,3.96875
3989,-4
3990,0.03125
3991,0
3992,0.0625
3993,-0.03125
3994,-0.0625
3995,0
3996,-3.375
3997,-2.21875
3998,-1.0625
3999,0.09375
4000,1.25
4001,0
4002,0.03125
4003,-0.03125
4004,3.96875
4005,-4
4006,0.03125
4007,0
4008,0.0625
4009,-0.03125
4010,-0.0625
4011,0
4012,-0.875
4013,0.28125
4014,1.4375
4015,2.59375
4016,3.75
4017,0
4018,0.03125
4019,-0.03125
4020,3.96875
4021,-4
4022,0.03125
4023,0
4024,0.0625
4025,-0.03125
4026,-0.0625
4027,0
4028,1.625
4029,2.78125
4030,3.9375
4031,-2.90625
4032,-1.75
4033,0
4034,0.03125
4035,-0.03125
4036,3.96875
4037,-4
4038,0.03125
4039,0
4040,0.0625
4041,-0.03125
4042,-0.0625
4043,0
4044,-3.875
4045,-2.71875
4046,-1.5625
4047,-0.40625
4048,0.75
4049,0
4050,0.03125
4051,-0.03125
4052,3.96875
4053,-4
4054,0.03125
4055,0
4056,0.0625
4057,-0.03125
4058,-0.0625
4059,0
4060,-1.375
4061,-0.21875
4062,0.9375
4063,2.09375
4064,3.25
4065,0
4066,0.03125
4067,-0.03125
4068,3.96875
4069,-4
4070,0.03125
4071,0
4072,0.0625
4073,-0.03125
4074,-0.0625
4075,0
4076,1.125
4077,2.28125
4078,3.4375
4079,-3.40625
4080,-2.25
4081,0
4082,0.03125
4083,-0.03125
4084,3.96875
4085,-4
4086,0.03125
4087,0
4088,0.0625
4089,-0.03125
4090,-0.0625
4091,0
4092,3.625
4093,-3.21875
4094,-2.0625
4095,-0.90625
4096,0.25
4097,0
4098,0.03125
4099,-0.03125
4100,3.96875
4101,-4
4102,0.03125
4103,0
4104,0.0625
4105,-0.03125
4106,-0.0625
4107,0
4108,-1.875
4109,-0.71875
4110,0.4375
4111,1.59375
4112,2.75
4113,0
4114,0.03125
4115,-0.03125
4116,3.96875
4117,-4
4118,0.03125
4119,0
4120,0.0625
4121,-0.03125
4122,-0.0625
4123,0
4124,0.625
4125,1.78125
4126,2.9375
4127,-3.90625
4128,-2.75
4129,0
4130,0.03125
4131,-0.03125
4132,3.96875
4133,-4
4134,0.03125
4135,0
4136,0.0625
4137,-0.03125
4138,-0.0625
4139,0
4140,3.125
4141,-3.71875
4142,-2.5625
4143,-1.40625
4144,-0.25
4145,0
4146,0.03125
4147,-0.03125
4148,3.96875
4149,-4
4150,0.03125
4151,0
4152,0.0625
4153,-0.03125
4154,-0.0625
4155,0
4156,-2.375
4157,-1.21875
4158,-0.0625
4159,1.09375
4160,2.25
4161,0
4162,0.03125
4163,-0.03125
4164,3.96875
4165,-4
4166,0.03125
4167,0
4168,0.0625
4169,-0.03125
4170,-0.0625
4171,0
4172,0.125
4173,1.28125
4174,2.4375
4175,3.59375
4176,-3.25
4177,0
4178,0.03125
4179,-0.03125
4180,3.96875
4181,-4
4182,0.03125
4183,0
4184,0.0625
4185,-0.03125
4186,-0.0625
4187,0
4188,2.625
4189,3.78125
4190,-3.0625
4191,-1.90625
4192,-0.75
4193,0
4194,0.03125
4195,-0.03125
4196,3.96875
4197,-4
4198,0.03125
4199,0
4200,0.0625
4201,-0.03125
4202,-0.0625
4203,0
4204,-2.875
4205,-1.71875
4206,-0.5625
4207,0.59375
4208,1.75
4209,0
4210,0.03125
4211,-0.03125
4212,3.96875
4213,-4
4214,0.03125
4215,0
4216,0.0625
4217,-0.03125
4218,-0.0625
4219,0
4220,-0.375
4221,0.78125
4222,1.9375
4223,3.09375
4224,-3.75
4225,0
4226,0.03125
4227,-0.03125
4228,3.96875
4229,-4
4230,0.03125
4231,0
4232,0.0625
4233,-0.03125
4234,-0.0625
4235,0
4236,2.125
4237,3.28125
4238,-3.5625
4239,-2.40625
4240,-1.25
4241,0
4242,0.03125
4243,-0.03125
4244,3.96875
4245,-4
4246,0.03125
4247,0
4248,0.0625
4249,-0.03125
4250,-0.0625
4251,0
4252,-3.375
4253,-2.21875
4254,-1.0625
4255,0.09375
4256,1.25
4257,0
4258,0.03125
4259,-0.03125
4260,3.96875
4261,-4
4262,0.03125
4263,0
4264,0.0625
4265,-0.03125
4266,-0.0625
4267,0
4268,-0.875
4269,0.28125
4270,1.4375
4271,2.59375
4272,3.75
4273,0
4274,0.03125
4275,-0.03125
4276,3.96875
4277,-4
4278,0.03125
4279,0
4280,0.0625
4281,-0.03125
4282,-0.0625
4283,0
4284,1.625
4285,2.78125
4286,3.9375
4287,-2.90625
4288,-1.75
4289,0
4290,0.03125
4291,-0.03125
4292,3.96875
4293,-4
4294,0.03125
4295,0
4296,0.0625
4297,-0.03125
4298,-0.0625
4299,0
4300,-3.875
4301,-2.71875
4302,-1.5625
4303,-0.40625
4304,0.75
4305,0
4306,0.03125
4307,-0.03125
4308,3.96875
4309,-4
4310,0.03125
4311,0
4312,0.0625
4313,-0.03125
4314,-0.0625
4315,0
4316,-1.375
4317,-0.21875
4318,0.9375
4319,2.09375
4320,3.25
4321,0
4322,0.03125
4323,-0.03125
4324,3.96875
4325,-4
4326,0.03125
4327,0
4328,0.0625
4329,-0.03125
4330,-0.0625
4331,0
4332,1.125
4333,2.28125
4334,3.4375
4335,-3.40625
4336,-2.25
4337,0
4338,0.03125
4339,-0.03125
4340,3.96875
4341,-4
4342,0.03125
4343,0
4344,0.0625
4345,-0.03125
4346,-0.0625
4347,0
4348,3.625
4349,-3.21875
4350,-2.0625
4351,-0.90625
4352,0.25
4353,0
4354,0.03125
4355,-0.03125
4356,3.96875
4357,-4
4358,0.03125
4359,0
4360,0.0625
4361,-0.03125
4362,-0.0625
4363,0
4364,-1.875
4365,-0.71875
4366,0.4375
4367,1.59375
4368,2.75
4369,0
4370,0.03125
4371,-0.03125
4372,3.96875
4373,-4
4374,0.03125
4375,0
4376,0.0625
4377,-0.03125
4378,-0.0625
4379,0
4380,0.625
4381,1.78125
4382,2.9375
4383,-3.90625
4384,-2.75
4385,0
4386,0.03125
4387,-0.03125
4388,3.96875
4389,-4
4390,0.03125
4391,0
4392,0.0625
4393,-0.03125
4394,-0.0625
4395,0
4396,3.125
4397,-3.71875
4398,-2.5625
4399,-1.40625
4400,-0.25
4401,0
4402,0.03125
4403,-0.03125
4404,3.96875
4405,-4
4406,0.03125
4407,0
4408,0.0625
4409,-0.03125
4410,-0.0625
4411,0
4412,-2.375
4413,-1.21875
4414,-0.0625
4415,1.09375
4416,2.25
4417,0
4418,0.03125
4419,-0.03125
4420,3.96875
4421,-4
4422,0.03125
4423,0
4424,0.0625
4425,-0.03125
4426,-0.0625
4427,0
4428,0.125
4429,1.28125
4430,2.4375
4431,3.59375
4432,-3.25
4433,0
4434,0.03125
4435,-0.03125
4436,3.96875
4437,-4
4438,0.03125
4439,0
4440,0.0625
4441,-0.03125
4442,-0.0625
4443,0
4444,2.625
4445,3.78125
4446,-3.0625
4447,-1.90625
4448,-0.75
4449,0
4450,0.03125
4451,-0.03125
4452,3.96875
4453,-4
4454,0.03125
4455,0
4456,0.0625
4457,-0.03125
4458,-0.0625
4459,0
4460,-2.875
4461,-1.71875
4462,-0.5625
4463,0.59375
4464,1.75
4465,0
4466,0.03125
4467,-0.03125
4468,3.96875
4469,-4
4470,0.03125
4471,0
4472,0.0625
4473,-0.03125
4474,-0.0625
4475,0
4476,-0.375
4477,0.78125
4478,1.9375
4479,3.09375
4480,-3.75
4481,0
4482,0.03125
4483,-0.03125
4484,3.96875
4485,-4
4486,0.03125
4487,0
4488,0.0625
4489,-0.03125
4490,-0.0625
4491,0
4492,2.125
4493,3.28125
4494,-3.5625
4495,-2.40625
4496,-1.25
4497,0
4498,0.03125
4499,-0.03125
4500,3.96875
4501,-4
4502,0.03125
4503,0
4504,0.0625
4505,-0.03125
4506,-0.0625
4507,0
4508,-3.375
4509,-2.21875
4510,-1.0625
4511,0.09375
4512,1.25
4513,0
4514,0.03125
4515,-0.03125
4516,3.96875
4517,-4
4518,0.03125
4519,0
4520,0.0625
4521,-0.03125
4522,-0.0625
4523,0
4524,-0.875
4525,0.28125
4526,1.4375
4527,2.59375
4528,3.75
4529,0
4530,0.03125
4531,-0.03125
4532,3.96875
4533,-4
4534,0.03125
4535,0
4536,0.0625
4537,-0.03125
4538,-0.0625
4539,0
4540,1.625
4541,2.78125
4542,3.9375
4543,-2.90625
4544,-1.75
4545,0
4546,0.03125
4547,-0.03125
4548,3.96875
4549,-4
4550,0.03125
4551,0
4552,0.0625
4553,-0.03125
4554,-0.0625
4555,0
4556,-3.875
4557,-2.71875
4558,-1.5625
4559,-0.40625
4560,0.75
4561,0
4562,0.03125
4563,-0.03125
4564,3.96875
4565,-4
4566,0.03125
4567,0
4568,0.0625
4569,-0.03125
4570,-0.0625
4571,0
4572,-1.375
4573,-0.21875
4574,0.9375
4575,2.09375
4576,3.25
4577,0
4578,0.03125
4579,-0.03125
4580,3.96875
4581,-4
4582,0.03125
4583,0
4584,0.0625
4585,-0.03125
4586,-0.0625
4587,0
4588,1.125
4589,2.28125
4590,3.4375
4591,-3.40625
4592,-2.25
4593,0
4594,0.03125
4595,-0.03125
4596,3.96875
4597,-4
4598,0.03125
4599,0
4600,0.0625
4601,-0.03125
4602,-0.0625
4603,0
4604,3.625
4605,-3.21875
4606,-2.0625
4607,-0.90625
4608,0.25
4609,0
4610,0.03125
4611,-0.03125
4612,3.96875
4613,-4
4614,0.03125
4615,0
4616,0.0625
4617,-0.03125
4618,-0.0625
4619,0
4620,-1.875
4621,-0.71875
4622,0.4375
4623,1.59375
4624,2.75
4625,0
4626,0.03125
4627,-0.03125
4628,3.96875
4629,-4
4630,0.03125
4631,0
4632,0.0625
4633,-0.03125
4634,-0.0625
4635,0
4636,0.625
4637,1.78125
4638,2.9375
4639,-3.90625
4640,-2.75
4641,0
4642,0.03125
4643,-0.03125
4644,3.96875
4645,-4
4646,0.03125
4647,0
4648,0.0625
4649,-0.03125
4650,-0.0625
4651,0
4652,3.125
4653,-3.71875
4654,-2.5625
4655,-1.40625
4656,-0.25
4657,0
4658,0.03125
4659,-0.03125
4660,3.96875
4661,-4
4662,0.03125
4663,0
4664,0.0625
4665,-0.03125
4666,-0.0625
4667,0
4668,-2.375
4669,-1.21875
4670,-0.0625
4671,1.09375
4672,2.25
4673,0
4674,0.03125
4675,-0.03125
4676,3.96875
4677,-4
4678,0.03125
4679,0
4680,0.0625
4681,-0.03125
4682,-0.0625
4683,0
4684,0.125
4685,1.28125
4686,2.4375
4687,3.59375
4688,-3.25
4689,0
4690,0.03125
4691,-0.03125
4692,3.96875
4693,-4
4694,0.03125
4695,0
4696,0.0625
4697,-0.03125
4698,-0.0625
4699,0
4700,2.625
4701,3.78125
4702,-3.0625
4703,-1.90625
4704,-0.75
4705,0
4706,0.03125
4707,-0.03125
4708,3.96875
4709,-4
4710,0.03125
4711,0
4712,0.0625
4713,-0.03125
4714,-0.0625
4715,0
4716,-2.875
4717,-1.71875
4718,-0.5625
4719,0.59375
4720,1.75
4721,0
4722,0.03125
4723,-0.03125
4724,3.96875
4725,-4
4726,0.03125
4727,0
4728,0.0625
4729,-0.03125
4730,-0.0625
4731,0
4732,-0.375
4733,0.78125
4734,1.9375
4735,3.09375
4736,-3.75
4737,0
4738,0.03125
4739,-0.03125
4740,3.96875
4741,-4
4742,0.03125
4743,0
4744,0.0625
4745,-0.03125
4746,-0.0625
4747,0
4748,2.125
4749,3.28125
4750,-3.5625
4751,-2.40625
4752,-1.25
4753,0
4754,0.03125
4755,-0.03125
4756,3.96875
4757,-4
4758,0.03125
4759,0
4760,0.0625
4761,-0.03125
4762,-0.0625
4763,0
4764,-3.375
4765,-2.21875
4766,-1.0625
4767,0.09375
4768,1.25
4769,0
4770,0.03125
4771,-0.03125
4772,3.96875
4773,-4
4774,0.03125
4775,0
4776,0.0625
4777,-0.03125
4778,-0.0625
4779,0
4780,-0.875
4781,0.28125
4782,1.4375
4783,2.59375
4784,3.75
4785,0
4786,0.03125
4787,-0.03125
4788,3.96875
4789,-4
4790,0.03125
4791,0
4792,0.0625
4793,-0.03125
4794,-0.0625
4795,0
4796,1.625
4797,2.78125
4798,3.9375
4799,-2.90625
4800,-1.75
4801,0
4802,0.03125
4803,-0.03125
4804,3.96875
4805,-4
4806,0.03125
4807,0
4808,0.0625
4809,-0.03125
4810,-0.0625
4811,0
4812,-3.875
4813,-2.71875
4814,-1.5625
4815,-0.40625
4816,0.75
4817,0
4818,0.03125
4819,-0.03125
4820,3.96875
4821,-4
4822,0.03125
4823,0
4824,0.0625
4825,-0.03125
4826,-0.0625
4827,0
4828,-1.375
4829,-0.21875
4830,0.9375
4831,2.09375
4832,3.25
4833,0
4834,0.03125
4835,-0.03125
4836,3.96875
4837,-4
4838,0.03125
4839,0
4840,0.0625
4841,-0.03125
4842,-0.0625
4843,0
4844,1.125
4845,2.28125
4846,3.4375
4847,-3.40625
4848,-2.25
4849,0
4850,0.03125
4851,-0.03125
4852,3.96875
4853,-4
4854,0.03125
4855,0
4856,0.0625
4857,-0.03125
4858,-0.0625
4859,0
4860,3.625
4861,-3.21875
4862,-2.0625
4863,-0.90625
4864,0.25
4865,0
4866,0.03125
4867,-0.03125
4868,3.96875
4869,-4
4870,0.03125
4871,0
4872,0.0625
4873,-0.03125
4874,-0.0625
4875,0
4876,-1.875
4877,-0.71875
4878,0.4375
4879,1.59375
4880,2.75
4881,0
4882,0.03125
4883,-0.03125
4884,3.96875
4885,-4
4886,0.03125
4887,0
4888,0.0625
4889,-0.03125
4890,-0.0625
4891,0
4892,0.625
4893,1.78125
4894,2.9375
4895,-3.90625
4896,-2.75
4897,0
4898,0.03125
4899,-0.03125
4900,3.96875
4901,-4
4902,0.03125
4903,0
4904,0.0625
4905,-0.03125
4906,-0.0625
4907,0
4908,3.125
4909,-3.71875
4910,-2.5625
4911,-1.40625
4912,-0.25
4913,0
4914,0.03125
4915,-0.03125
4916,3.96875
4917,-4
4918,0.03125
4919,0
4920,0.0625
4921,-0.03125
4922,-0.0625
4923,0
4924,-2.375
4925,-1.21875
4926,-0.0625
4927,1.09375
4928,2.25
4929,0
4930,0.03125
4931,-0.03125
4932,3.96875
4933,-4
4934,0.03125
4935,0
4936,0.0625
4937,-0.03125
4938,-0.0625
4939,0
4940,0.125
4941,1.28125
4942,2.4375
4943,3.59375
4944,-3.25
4945,0
4946,0.03125
4947,-0.03125
4948,3.96875
4949,-4
4950,0.03125
4951,0
4952,0.0625
4953,-0.03125
4954,-0.0625
4955,0
4956,2.625
4957,3.78125
4958,-3.0625
4959,-1.90625
4960,-0.75
4961,0
4962,0.03125
4963,-0.03125
4964,3.96875
4965,-4
4966,0.03125
4967,0
4968,0.0625
4969,-0.03125
4970,-0.0625
4971,0
4972,-2.875
4973,-1.71875
4974,-0.5625
4975,0.59375
4976,1.75
4977,0
4978,0.03125
4979,-0.03125
4980,3.96875
4981,-4
4982,0.03125
4983,0
4984,0.0625
4985,-0.03125
4986,-0.0625
4987,0
4988,-0.375
4989,0.78125
4990,1.9375
4991,3.09375
4992,-3.75
4993,0
4994,0.03125
4995,-0.03125
4996,3.96875
4997,-4
4998,0.03125
4999,0
5000,0.0625
5001,-0.03125
5002,-0.0625
5003,0
5004,2.125
5005,3.28125
5006,-3.5625
5007,-2.40625
5008,-1.25
5009,0
5010,0.03125
5011,-0.03125
5012,3.96875
5013,-4
5014,0.03125
5015,0
5016,0.0625
5017,-0.03125
5018,-0.0625
5019,0
5020,-3.375
5021,-2.21875
5022,-1.0625
5023,0.09375
5024,1.25
5025,0
5026,0.03125
5027,-0.03125
5028,3.96875
5029,-4
5030,0.03125
5031,0
5032,0.0625
5033,-0.03125
5034,-0.0625
5035,0
5036,-0.875
5037,0.28125
5038,1.4375
5039,2.59375
5040,3.75
5041,0
5042,0.03125
5043,-0.03125
5044,3.96875
5045,-4
5046,0.03125
5047,0
5048,0.0625
5049,-0.03125
5050,-0.0625
5051,0
5052,1.625
5053,2.78125
5054,3.9375
5055,-2.90625
5056,-1.75
5057,0
5058,0.03125
5059,-0.03125
5060,3.96875
5061,-4
5062,0.03125
5063,0
5064,0.0625
5065,-0.03125
5066,-0.0625
5067,0
5068,-3.875
5069,-2.71875
5070,-1.5625
5071,-0.40625
5072,0.75
5073,0
5074,0.03125
5075,-0.03125
5076,3.96875
5077,-4
5078,0.03125
5079,0
5080,0.0625
5081,-0.03125
5082,-0.0625
5083,0
5084,-1.375
5085,-0.21875
5086,0.9375
5087,2.09375
5088,3.25
5089,0
5090,0.03125
5091,-0.03125
5092,3.96875
5093,-4
5094,0.03125
5095,0
5096,0.0625
5097,-0.03125
5098,-0.0625
5099,0
5100,1.125
5101,2.28125
5102,3.4375
5103,-3.40625
5104,-2.25
5105,0
5106,0.03125
5107,-0.03125
5108,3.96875
5109,-4
5110,0.03125
5111,0
5112,0.0625
5113,-0.03125
5114,-0.0625
5115,0
5116,3.625
5117,-3.21875
5118,-2.0625
5119,-0.90625
5120,0.25
5121,0
5122,0.03125
5123,-0.03125
5124,3.96875
5125,-4
5126,0.03125
5127,0
5128,0.0625
5129,-0.03125
5130,-0.0625
5131,0
5132,-1.875
5133,-0.71875
5134,0.4375
5135,1.59375
5136,2.75
5137,0
5138,0.03125
5139,-0.03125
5140,3.96875
5141,-4
5142,0.03125
5143,0
5144,0.0625
5145,-0.03125
5146,-0.0625
5147,0
5148,0.625
5149,1.78125
5150,2.9375
5151,-3.90625
5152,-2.75
5153,0
5154,0.03125
5155,-0.03125
5156,3.96875
5157,-4
5158,0.03125
5159,0
5160,0.0625
5161,-0.03125
5162,-0.0625
5163,0
5164,3.125
5165,-3.71875
5166,-2.5625
5167,-1.40625
5168,-0.25
5169,0
5170,0.03125
5171,-0.03125
5172,3.96875
5173,-4
5174,0.03125
5175,0
5176,0.0625
5177,-0.03125
5178,-0.0625
5179,0
5180,-2.375
5181,-1.21875
5182,-0.0625
5183,1.09375
5184,2.25
5185,0
5186,0.03125
5187,-0.03125
5188,3.96875
5189,-4
5190,0.03125
5191,0
5192,0.0625
5193,-0.03125
5194,-0.0625
5195,0
5196,0.125
5197,1.28125
5198,2.4375
5199,3.59375
5200,-3.25
5201,0
5202,0.03125
5203,-0.03125
5204,3.96875
5205,-4
5206,0.03125
5207,0
5208,0.0625
5209,-0.03125
5210,-0.0625
5211,0
5212,2.625
5213,3.78125
5214,-3.0625
5215,-1.90625
5216,-0.75
5217,0
5218,0.03125
5219,-0.03125
5220,3.96875
5221,-4
5222,0.03125
5223,0
5224,0.0625
5225,-0.03125
5226,-0.0625
5227,0
5228,-2.875
5229,-1.71875
5230,-0.5625
5231,0.59375
5232,1.75
5233,0
5234,0.03125
5235,-0.03125
5236,3.96875
5237,-4
5238,0.03125
5239,0
5240,0.0625
5241,-0.03125
5242,-0.0625
5243,0
5244,-0.375
5245,0.78125
5246,1.9375
5247,3.09375
5248,-3.75
5249,0
5250,0.03125
5251,-0.03125
5252,3.96875
5253,-4
5254,0.03125
5255,0
5256,0.0625
5257,-0.03125
5258,-0.0625
5259,0
5260,2.125
5261,3.28125
5262,-3.5625
5263,-2.40625
5264,-1.25
5265,0
5266,0.03125
5267,-0.03125
5268,3.96875
5269,-4
5270,0.03125
5271,0
5272,0.0625
5273,-0.03125
5274,-0.0625
5275,0
5276,-3.375
5277,-2.21875
5278,-1.0625
5279,0.09375
5280,1.25
5281,0
5282,0.03125
5283,-0.03125
5284,3.96875
5285,-4
5286,0.03125
5287,0
5288,0.0625
5289,-0.03125
5290,-0.0625
5291,0
5292,-0.875
5293,0.28125
5294,1.4375
5295,2.59375
5296,3.75
5297,0
5298,0.03125
5299,-0.03125
5300,3.96875
5301,-4
5302,0.03125
5303,0
5304,0.0625
5305,-0.03125
5306,-0.0625
5307,0
5308,1.625
5309,2.78125
5310,3.9375
5311,-2.90625
5312,-1.75
5313,0
5314,0.03125
5315,-0.03125
5316,3.96875
5317,-4
5318,0.03125
5319,0
5320,0.0625
5321,-0.03125
5322,-0.0625
5323,0
5324,-3.875
5325,-2.71875
5326,-1.5625
5327,-0.40625
5328,0.75
5329,0
5330,0.03125
5331,-0.03125
5332,3.96875
5333,-4
5334,0.03125
5335,0
5336,0.0625
5337,-0.03125
5338,-0.0625
5339,0
5340,-1.375
5341,-0.21875
5342,0.9375
5343,2.09375
5344,3.25
5345,0
5346,0.03125
5347,-0.03125
5348,3.96875
5349,-4
5350,0.03125
5351,0
5352,0.0625
5353,-0.03125
5354,-0.0625
5355,0
5356,1.125
5357,2.28125
5358,3.4375
5359,-3.40625
5360,-2.25
5361,0
5362,0.03125
5363,-0.03125
5364,3.96875
5365,-4
5366,0.03125
5367,0
5368,0.0625
5369,-0.03125
5370,-0.0625
5371,0
5372,3.625
5373,-3.21875
5374,-2.0625
5375,-0.90625
5376,0.25
5377,0
5378,0.03125
5379,-0.03125
5380,3.96875
5381,-4
5382,0.03125
5383,0
5384,0.0625
5385,-0.03125
5386,-0.0625
5387,0
5388,-1.875
5389,-0.71875
5390,0.4375
5391,1.59375
5392,2.75
5393,0
5394,0.03125
5395,-0.03125
5396,3.96875
5397,-4
5398,0.03125
5399,0
5400,0.0625
5401,-0.03125
5402,-0.0625
5403,0
5404,0.625
5405,1.78125
5406,2.9375
5407,-3.90625
5408,-2.75
5409,0
5410,0.03125
5411,-0.03125
5412,3.96875
5413,-4
5414,0.03125
5415,0
5416,0.0625
5417,-0.03125
5418,-0.0625
5419,0
5420,3.125
5421,-3.71875
5422,-2.5625
5423,-1.40625
5424,-0.25
5425,0
5426,0.03125
5427,-0.03125
5428,3.96875
5429,-4
5430,0.03125
5431,0
5432,0.0625
5433,-0.03125
5434,-0.0625
5435,0
5436,-2.375
5437,-1.21875
5438,-0.0625
5439,1.09375
5440,2.25
5441,0
5442,0.03125
5443,-0.03125
5444,3.96875
5445,-4
5446,0.03125
5447,0
5448,0.0625
5449,-0.03125
5450,-0.0625
5451,0
5452,0.125
5453,1.28125
5454,2.4375
5455,3.59375
5456,-3.25
5457,0
5458,0.03125
5459,-0.03125
5460,3.96875
5461,-4
5462,0.03125
5463,0
5464,0.0625
5465,-0.03125
5466,-0.0625
5467,0
5468,2.625
5469,3.78125
5470,-3.0625
5471,-1.90625
5472,-0.75
5473,0
5474,0.03125
5475,-0.03125
5476,3.96875
5477,-4
5478,0.03125
5479,0
5480,0.0625
5481,-0.03125
5482,-0.0625
5483,0
5484,-2.875
5485,-1.71875
5486,-0.5625
5487,0.59375
5488,1.75
5489,0
5490,0.03125
5491,-0.03125
5492,3.96875
5493,-4
5494,0.03125
5495,0
5496,0.0625
5497,-0.03125
5498,-0.0625
5499,0
5500,-0.375
5501,0.78125
5502,1.9375
5503,3.09375
5504,-3.75
5505,0
5506,0.03125
5507,-0.03125
5508,3.96875
5509,-4
5510,0.03125
5511,0
5512,0.0625
5513,-0.03125
5514,-0.0625
5515,0
5516,2.125
5517,3.28125
5518,-3.5625
5519,-2.40625
5520,-1.25
5521,0
5522,0.03125
5523,-0.03125
5524,3.96875
5525,-4
5526,0.03125
5527,0
5528,0.0625
5529,-0.03125
5530,-0.0625
5531,0
5532,-3.375
5533,-2.21875
5534,-1.0625
5535,0.09375
5536,1.25
5537,0
5538,0.03125
5539,-0.03125
5540,3.96875
5541,-4
5542,0.03125
5543,0
5544,0.0625
5545,-0.03125
5546,-0.0625
5547,0
5548,-0.875
5549,0.28125
5550,1.4375
5551,2.59375
5552,3.75
5553,0
5554,0.03125
5555,-0.03125
5556,3.96875
5557,-4
5558,0.03125
5559,0
5560,0.0625
5561,-0.03125
5562,-0.0625
5563,0
5564,1.625
5565,2.78125
5566,3.9375
5567,-2.90625
5568,-1.75
5569,0
5570,0.03125
5571,-0.03125
5572,3.96875
5573,-4
5574,0.03125
5575,0
5576,0.0625
5577,-0.03125
5578,-0.0625
5579,0
5580,-3.875
5581,-2.71875
5582,-1.5625
5583,-0.40625
5584,0.75
5585,0
5586,0.03125
5587,-0.03125
5588,3.96875
5589,-4
5590,0.03125
5591,0
5592,0.0625
5593,-0.03125
5594,-0.0625
5595,0
5596,-1.375
5597,-0.21875
5598,0.9375
5599,2.09375
5600,3.25
5601,0
5602,0.03125
5603,-0.03125
5604,3.96875
5605,-4
5606,0.03125
5607,0
5608,0.0625
5609,-0.03125
5610,-0.0625
5611,0
5612,1.125
5613,2.28125
5614,3.4375
5615,-3.40625
5616,-2.25
5617,0
5618,0.03125
5619,-0.03125
5620,3.96875
5621,-4
5622,0.03125
5623,0
5624,0.0625
5625,-0.03125
5626,-0.0625
5627,0
5628,3.625
5629,-3.21875
5630,-2.0625
5631,-0.90625
5632,0.25
5633,0
5634,0.03125
5635,-0.03125
5636,3.96875
5637,-4
5638,0.03125
5639,0
5640,0.0625
5641,-0.03125
5642,-0.0625
5643,0
5644,-1.875
5645,-0.71875
5646,0.4375
5647,1.59375
5648,2.75
5649,0
5650,0.03125
5651,-0.03125
5652,3.96875
5653,-4
5654,0.03125
5655,0
5656,0.0625
5657,-0.03125
5658,-0.0625
5659,0
5660,0.625
5661,1.78125
5662,2.9375
5663,-3.90625
5664,-2.75
5665,0
5666,0.03125
5667,-0.03125
5668,3.96875
5669,-4
5670,0.03125
5671,0
5672,0.0625
5673,-0.03125
5674,-0.0625
5675,0
5676,3.125
5677,-3.71875
5678,-2.5625
5679,-1.40625
5680,-0.25
5681,0
5682,0.03125
5683,-0.03125
5684,3.96875
5685,-4
5686,0.03125
5687,0
5688,0.0625
5689,-0.03125
5690,-0.0625
5691,0
5692,-2.375
5693,-1.21875
5694,-0.0625
5695,1.09375
5696,2.25
5697,0
5698,0.03125
5699,-0.03125
5700,3.96875
5701,-4
5702,0.03125
5703,0
5704,0.0625
5705,-0.03125
5706,-0.0625
5707,0
5708,0.125
5709,1.28125
5710,2.4375
5711,3.59375
5712,-3.25
5713,0
5714,0.03125
5715,-0.03125
5716,3.96875
5717,-4
5718,0.03125
5719,0
5720,0.0625
5721,-0.03125
5722,-0.0625
5723,0
5724,2.625
5725,3.78125
5726,-3.0625
5727,-1.90625
5728,-0.75
5729,0
5730,0.03125
5731,-0.03125
5732,3.96875
5733,-4
5734,0.03125
5735,0
5736,0.0625
5737,-0.03125
5738,-0.0625
5739,0
5740,-2.875
5741,-1.71875
5742,-0.5625
5743,0.59375
5744,1.75
5745,0
5746,0.03125
5747,-0.03125
5748,3.96875
5749,-4
5750,0.03125
5751,0
5752,0.0625
5753,-0.03125
5754,-0.0625
5755,0
5756,-0.375
5757,0.78125
5758,1.9375
5759,3.09375
5760,-3.75
5761,0
5762,0.03125
5763,-0.03125
5764,3.96875
5765,-4
5766,0.03125
5767,0
5768,0.0625
5769,-0.03125
5770,-0.0625
5771,0
5772,2.125
5773,3.28125
5774,-3.5625
5775,-2.40625
5776,-1.25
5777,0
5778,0.03125
5779,-0.03125
5780,3.96875
5781,-4
5782,0.03125
5783,0
5784,0.0625
5785,-0.03125
5786,-0.0625
5787,0
5788,-3.375
5789,-2.21875
5790,-1.0625
5791,0.09375
5792,1.25
5793,0
5794,0.03125
5795,-0.03125
5796,3.96875
5797,-4
5798,0.03125
5799,0
5800,0.0625
5801,-0.03125
5802,-0.0625
5803,0
5804,-0.875
5805,0.28125
5806,1.4375
5807,2.59375
5808,3.75
5809,0
5810,0.03125
5811,-0.03125
5812,3.96875
5813,-4
5814,0.03125
5815,0
5816,0.0625
5817,-0.03125
5818,-0.0625
5819,0
5820,1.625
5821,2.78125
5822,3.9375
5823,-2.90625
5824,-1.75
5825,0
5826,0.03125
5827,-0.03125
5828,3.96875
5829,-4
5830,0.03125
5831,0
5832,0.0625
5833,-0.03125
5834,-0.0625
5835,0
5836,-3.875
5837,-2.71875
5838,-1.5625
5839,-0.40625
5840,0.75
5841,0
5842,0.03125
5843,-0.03125
5844,3.96875
5845,-4
5846,0.03125
5847,0
5848,0.0625
5849,-0.03125
5850,-0.0625
5851,0
5852,-1.375
5853,-0.21875
5854,0.9375
5855,2.09375
5856,3.25
5857,0
5858,0.03125
5859,-0.03125
5860,3.96875
5861,-4
5862,0.03125
5863,0
5864,0.0625
5865,-0.03125
5866,-0.0625
5867,0
5868,1.125
5869,2.28125
5870,3.4375
5871,-3.40625
5872,-2.25
5873,0
5874,0.03125
5875,-0.03125
5876,3.96875
5877,-4
5878,0.03125
5879,0
5880,0.0625
5881,-0.03125
5882,-0.0625
5883,0
5884,3.625
5885,-3.21875
5886,-2.0625
5887,-0.90625
5888,0.25
5889,0
5890,0.03125
5891,-0.03125
5892,3.96875
5893,-4
5894,0.03125
5895,0
5896,0.0625
5897,-0.03125
5898,-0.0625
5899,0
5900,-1.875
5901,-0.71875
5902,0.4375
5903,1.59375
5904,2.75
5905,0
5906,0.03125
5907,-0.03125
5908,3.96875
5909,-4
5910,0.03125
5911,0
5912,0.0625
5913,-0.03125
5914,-0.0625
5915,0
5916,0.625
5917,1.78125
5918,2.9375
5919,-3.90625
5920,-2.75
5921,0
5922,0.03125
5923,-0.03125
5924,3.96875
5925,-4
5926,0.03125
5927,0
5928,0.0625
5929,-0.03125
5930,-0.0625
5931,0
5932,3.125
5933,-3.71875
5934,-2.5625
5935,-1.40625
5936,-0.25
5937,0
5938,0.03125
5939,-0.03125
5940,3.96875
5941,-4
5942,0.03125
5943,0
5944,0.0625
5945,-0.03125
5946,-0.0625
5947,0
5948,-2.375
5949,-1.21875
5950,-0.0625
5951,1.09375
5952,2.25
5953,0
5954,0.03125
5955,-0.03125
5956,3.96875
5957,-4
5958,0.03125
5959,0
5960,0.0625
5961,-0.03125
5962,-0.0625
5963,0
5964,0.125
5965,1.28125
5966,2.4375
5967,3.59375
5968,-3.25
5969,0
5970,0.03125
5971,-0.03125
5972,3.96875
5973,-4
5974,0.03125
5975,0
5976,0.0625
5977,-0.03125
5978,-0.0625
5979,0
5980,2.625
5981,3.78125
5982,-3.0625
5983,-1.90625
5984,-0.75
5985,0
5986,0.03125
5987,-0.03125
5988,3.96875
5989,-4
5990,0.03125
5991,0
5992,0.0625
5993,-0.03125
5994,-0.0625
5995,0
5996,-2.875
5997,-1.71875
5998,-0.5625
5999,0.59375
6000,1.75
6001,0
6002,0.03125
6003,-0.03125
6004,3.96875
6005,-4
6006,0.03125
6007,0
6008,0.0625
6009,-0.03125
6010,-0.0625
6011,0
6012,-0.375
6013,0.78125
6014,1.9375
6015,3.09375
6016,-3.75
6017,0
6018,0.03125
6019,-0.03125
6020,3.96875
6021,-4
6022,0.03125
6023,0
6024,0.0625
6025,-0.03125
6026,-0.0625
6027,0
6028,2.125
6029,3.28125
6030,-3.5625
6031,-2.40625
6032,-1.25
6033,0
6034,0.03125
6035,-0.03125
6036,3.96875
6037,-4
6038,0.03125
6039,0
6040,0.0625
6041,-0.03125
6042,-0.0625
6043,0
6044,-3.375
6045,-2.21875
6046,-1.0625
6047,0.09375
6048,1.25
6049,0
6050,0.03125
6051,-0.03125
6052,3.96875
6053,-4
6054,0.03125
6055,0
6056,0.0625
6057,-0.03125
6058,-0.0625
6059,0
6060,-0.875
6061,0.28125
6062,1.4375
6063,2.59375
6064,3.75
6065,0
6066,0.03125
6067,-0.03125
6068,3.96875
6069,-4
6070,0.03125
6071,0
6072,0.0625
6073,-0.03125
6074,-0.0625
6075,0
6076,1.625
6077,2.78125
6078,3.9375
6079,-2.90625
6080,-1.75
6081,0
6082,0.03125
6083,-0.03125
6084,3.96875
6085,-4
6086,0.03125
6087,0
6088,0.0625
6089,-0.03125
6090,-0.0625
6091,0
6092,-3.875
6093,-2.71875
6094,-1.5625
6095,-0.40625
6096,0.75
6097,0
6098,0.03125
6099,-0.03125
6100,3.96875
6101,-4
6102,0.03125
6103,0
6104,0.0625
6105,-0.03125
6106,-0.0625
6107,0
6108,-1.375
6109,-0.21875
6110,0.9375
6111,2.09375
6112,3.25
6113,0
6114,0.03125
6115,-0.03125
6116,3.96875
6117,-4
6118,0.03125
6119,0
6120,0.0625
6121,-0.03125
6122,-0.0625
6123,0
6124,1.125
6125,2.28125
6126,3.4375
6127,-3.40625
6128,-2.25
6129,0
6130,0.03125
6131,-0.03125
6132,3.96875
6133,-4
6134,0.03125
6135,0
6136,0.0625
6137,-0.03125
6138,-0.0625
6139,0
6140,3.625
6141,-3.21875
6142,-2.0625
6143,-0.90625
6144,0.25
6145,0
6146,0.03125
6147,-0.03125
6148,3.96875
6149,-4
6150,0.03125
6151,0
6152,0.0625
6153,-0.03125
6154,-0.0625
6155,0
6156,-1.875
6157,-0.71875
6158,0.4375
6159,1.59375
6160,2.75
6161,0
6162,0.03125
6163,-0.03125
6164,3.96875
6165,-4
6166,0.03125
6167,0
6168,0.0625
6169,-0.03125
6170,-0.0625
6171,0
6172,0.625
6173,1.78125
6174,2.9375
6175,-3.90625
6176,-2.75
6177,0
6178,0.03125
6179,-0.03125
6180,3.96875
6181,-4
6182,0.03125
6183,0
6184,0.0625
6185,-0.03125
6186,-0.0625
6187,0
6188,3.125
6189,-3.71875
6190,-2.5625
6191,-1.40625
6192,-0.25
6193,0
6194,0.03125
6195,-0.03125
6196,3.96875
6197,-4
6198,0.03125
6199,0
6200,0.0625
6201,-0.03125
6202,-0.0625
6203,0
6204,-2.375
6205,-1.21875
6206,-0.0625
6207,1.09375
6208,2.25
6209,0
6210,0.03125
6211,-0.03125
6212,3.96875
6213,-4
6214,0.03125
6215,0
6216,0.0625
6217,-0.03125
6218,-0.0625
6219,0
6220,0.125
6221,1.28125
6222,2.4375
6223,3.59375
6224,-3.25
6225,0
6226,0.03125
6227,-0.03125
6228,3.96875
6229,-4
6230,0.03125
6231,0
6232,0.0625
6233,-0.03125
6234,-0.0625
6235,0
6236,2.625
6237,3.78125
6238,-3.0625
6239,-1.90625
6240,-0.75
6241,0
6242,0.03125
6243,-0.03125
6244,3.96875
6245,-4
6246,0.03125
6247,0
6248,0.0625
6249,-0.03125
6250,-0.0625
6251,0
6252,-2.875
6253,-1.71875
6254,-0.5625
6255,0.59375
6256,1.75
6257,0
6258,0.03125
6259,-0.03125
6260,3.96875
6261,-4
6262,0.03125
6263,0
6264,0.0625
6265,-0.03125
6266,-0.0625
6267,0
6268,-0.375
6269,0.78125
6270,1.9375
6271,3.09375
6272,-3.75
6273,0
6274,0.03125
6275,-0.03125
6276,3.96875
6277,-4
6278,0.03125
6279,0
6280,0.0625
6281,-0.03125
6282,-0.0625
6283,0
6284,2.125
6285,3.28125
6286,-3.5625
6287,-2.40625
6288,-1.25
6289,0
6290,0.03125
6291,-0.03125
6292,3.96875
6293,-4
6294,0.03125
6295,0
6296,0.0625
6297,-0.03125
6298,-0.0625
6299,0
6300,-3.375
6301,-2.21875
6302,-1.0625
6303,0.09375
6304,1.25
6305,0
6306,0.03125
6307,-0.03125
6308,3.96875
6309,-4
6310,0.03125
6311,0
6312,0.0625
6313,-0.03125
6314,-0.0625
6315,0
6316,-0.875
6317,0.28125
6318,1.4375
6319,2.59375
6320,3.75
6321,0
6322,0.03125
6323,-0.03125
6324,3.96875
6325,-4
6326,0.03125
6327,0
6328,0.0625
6329,-0.03125
6330,-0.0625
6331,0
6332,1.625
6333,2.78125
6334,3.9375
6335,-2.90625
6336,-1.75
6337,0
6338,0.03125
6339,-0.03125
6340,3.96875
6341,-4
6342,0.03125
6343,0
6344,0.0625
6345,-0.03125
6346,-0.0625
6347,0
6348,-3.875
6349,-2.71875
6350,-1.5625
6351,-0.40625
6352,0.75
6353,0
6354,0.03125
6355,-0.03125
6356,3.96875
6357,-4
6358,0.03125
6359,0
6360,0.0625
6361,-0.03125
6362,-0.0625
6363,0
6364,-1.375
6365,-0.21875
6366,0.9375
6367,2.09375
6368,3.25
6369,0
6370,0.03125
6371,-0.03125
6372,3.96875
6373,-4
6374,0.03125
6375,0
6376,0.0625
6377,-0.03125
6378,-0.0625
6379,0
6380,1.125
6381,2.28125
6382,3.4375
6383,-3.40625
6384,-2.25
6385,0
6386,0.03125
6387,-0.03125
6388,3.96875
6389,-4
6390,0.03125
6391,0
6392,0.0625
6393,-0.03125
6394,-0.0625
6395,0
6396,3.625
6397,-3.21875
6398,-2.0625
6399,-0.90625
6400,0.25
6401,0
6402,0.03125
6403,-0.03125
6404,3.96875
6405,-4
6406,0.03125
6407,0
6408,0.0625
6409,-0.03125
6410,-0.0625
6411,0
6412,-1.875
6413,-0.71875
6414,0.4375
6415,1.59375
6416,2.75
6417,0
6418,0.03125
6419,-0.03125
6420,3.96875
6421,-4
6422,0.03125
6423,0
6424,0.0625
6425,-0.03125
6426,-0.0625
6427,0
6428,0.625
6429,1.78125
6430,2.9375
6431,-3.90625
6432,-2.75
6433,0
6434,0.03125
6435,-0.03125
6436,3.96875
6437,-4
6438,0.03125
6439,0
6440,0.0625
6441,-0.03125
6442,-0.0625
6443,0
6444,3.125
6445,-3.71875
6446,-2.5625
6447,-1.40625
6448,-0.25
6449,0
6450,0.03125
6451,-0.03125
6452,3.96875
6453,-4
6454,0.03125
6455,0
6456,0.0625
6457,-0.03125
6458,-0.0625
6459,0
6460,-2.375
6461,-1.21875
6462,-0.0625
6463,1.09375
6464,2.25
6465,0
6466,0.03125
6467,-0.03125
6468,3.96875
6469,-4
6470,0.03125
6471,0
6472,0.0625
6473,-0.03125
6474,-0.0625
6475,0
6476,0.125
6477,1.28125
6478,2.4375
6479,3.59375
6480,-3.25
6481,0
6482,0.03125
6483,-0.03125
6484,3.96875
6485,-4
6486,0.03125
6487,0
6488,0.0625
6489,-0.03125
6490,-0.0625
6491,0
6492,2.625
6493,3.78125
6494,-3.0625
6495,-1.90625
6496,-0.75
6497,0
6498,0.03125
6499,-0.03125
6500,3.96875
6501,-4
6502,0.03125
6503,0
6504,0.0625
6505,-0.03125
6506,-0.0625
6507,0
6508,-2.875
6509,-1.71875
6510,-0.5625
6511,0.59375
6512,1.75
6513,0
6514,0.03125
6515,-0.03125
6516,3.96875
6517,-4
6518,0.03125
6519,0
6520,0.0625
6521,-0.03125
6522,-0.0625
6523,0
6524,-0.375
6525,0.78125
6526,1.9375
6527,3.09375
6528,-3.75
6529,0
6530,0.03125
6531,-0.03125
6532,3.96875
6533,-4
6534,0.03125
6535,0
6536,0.0625
6537,-0.03125
6538,-0.0625
6539,0
6540,2.125
6541,3.28125
6542,-3.5625
6543,-2.40625
6544,-1.25
6545,0
6546,0.03125
6547,-0.03125
6548,3.96875
6549,-4
6550,0.03125
6551,0
6552,0.0625
6553,-0.03125
6554,-0.0625
6555,0
6556,-3.375
6557,-2.21875
6558,-1.0625
6559,0.09375
6560,1.25
6561,0
6562,0.03125
6563,-0.03125
6564,3.96875
6565,-4
6566,0.03125
6567,0
6568,0.0625
6569,-0.03125
6570,-0.0625
6571,0
6572,-0.875
6573,0.28125
6574,1.4375
6575,2.59375
6576,3.75
6577,0
6578,0.03125
6579,-0.03125
6580,3.96875
6581,-4
6582,0.03125
6583,0
6584,0.0625
6585,-0.03125
6586,-0.0625
6587,0
6588,1.625
6589,2.78125
6590,3.9375
6591,-2.90625
6592,-1.75
6593,0
6594,0.03125
6595,-0.03125
6596,3.96875
6597,-4
6598,0.03125
6599,0
6600,0.0625
6601,-0.03125
6602,-0.0625
6603,0
6604,-3.875
6605,-2.71875
6606,-1.5625
6607,-0.40625
6608,0.75
6609,0
6610,0.03125
6611,-0.03125
6612,3.96875
6613,-4
6614,0.03125
6615,0
6616,0.0625
6617,-0.03125
6618,-0.0625
6619,0
6620,-1.375
6621,-0.21875
6622,0.9375
6623,2.09375
6624,3.25
6625,0
6626,0.03125
6627,-0.03125
6628,3.96875
6629,-4
6630,0.03125
6631,0
6632,0.0625
6633,-0.03125
6634,-0.0625
6635,0
6636,1.125
6637,2.28125
6638,3.4375
6639,-3.40625
6640,-2.25
6641,0
6642,0.03125
6643,-0.03125
6644,3.96875
6645,-4
6646,0.03125
6647,0
6648,0.0625
6649,-0.03125
6650,-0.0625
6651,0
6652,3.625
6653,-3.21875
6654,-2.0625
6655,-0.90625
6656,0.25
6657,0
6658,0.03125
6659,-0.03125
6660,3.96875
6661,-4
6662,0.03125
6663,0
6664,0.0625
6665,-0.03125
6666,-0.0625
6667,0
6668,-1.875
6669,-0.71875
6670,0.4375
6671,1.59375
6672,2.75
6673,0
6674,0.03125
6675,-0.03125
6676,3.96875
6677,-4
6678,0.03125
6679,0
6680,0.0625
6681,-0.03125
6682,-0.0625
6683,0
6684,0.625
6685,1.78125
6686,2.9375
6687,-3.90625
6688,-2.75
6689,0
6690,0.03125
6691,-0.03125
6692,3.96875
6693,-4
6694,0.03125
6695,0
6696,0.0625
6697,-0.03125
6698,-0.0625
6699,0
6700,3.125
6701,-3.71875
6702,-2.5625
6703,-1.40625
6704,-0.25
6705,0
6706,0.03125
6707,-0.03125
6708,3.96875
6709,-4
6710,0.03125
6711,0
6712,0.0625
6713,-0.03125
6714,-0.0625
6715,0
6716,-2.375
6717,-1.21875
6718,-0.0625
6719,1.09375
6720,2.25
6721,0
6722,0.03125
6723,-0.03125
6724,3.96875
6725,-4
6726,0.03125
6727,0
6728,0.0625
6729,-0.03125
6730,-0.0625
6731,0
6732,0.125
6733,1.28125
6734,2.4375
6735,3.59375
6736,-3.25
6737,0
6738,0.03125
6739,-0.03125
6740,3.96875
6741,-4
6742,0.03125
6743,0
6744,0.0625
6745,-0.03125
6746,-0.0625
6747,0
6748,2.625
6749,3.78125
6750,-3.0625
6751,-1.90625
6752,-0.75
6753,0
6754,0.03125
6755,-0.03125
6756,3.96875
6757,-4
6758,0.03125
6759,0
6760,0.0625
6761,-0.03125
6762,-0.0625
6763,0
6764,-2.875
6765,-1.71875
6766,-0.5625
6767,0.59375
6768,1.75
6769,0
6770,0.03125
6771,-0.03125
6772,3.96875
6773,-4
6774,0.03125
6775,0
6776,0.0625
6777,-0.03125
6778,-0.0625
6779,0
6780,-0.375
6781,0.78125
6782,1.9375
6783,3.09375
6784,-3.75
6785,0
6786,0.03125
6787,-0.03125
6788,3.96875
6789,-4
6790,0.03125
6791,0
6792,0.0625
6793,-0.03125
6794,-0.0625
6795,0
6796,2.125
6797,3.28125
6798,-3.5625
6799,-2.40625
6800,-1.25
6801,0
6802,0.03125
6803,-0.03125
6804,3.96875
6805,-4
6806,0.03125
6807,0
6808,0.0625
6809,-0.03125
6810,-0.0625
6811,0
6812,-3.375
6813,-2.21875
6814,-1.0625
6815,0.09375
6816,1.25
6817,0
6818,0.03125
6819,-0.03125
6820,3.96875
6821,-4
6822,0.03125
6823,0
6824,0.0625
6825,-0.03125
6826,-0.0625
6827,0
6828,-0.875
6829,0.28125
6830,1.4375
6831,2.59375
6832,3.75
6833,0
6834,0.03125
6835,-0.03125
6836,3.96875
6837,-4
6838,0.03125
6839,0
6840,0.0625
6841,-0.03125
6842,-0.0625
6843,0
6844,1.625
6845,2.78125
6846,3.9375
6847,-2.90625
6848,-1.75
6849,0
6850,0.03125
6851,-0.03125
6852,3.96875
6853,-4
6854,0.03125
6855,0
6856,0.0625
6857,-0.03125
6858,-0.0625
6859,0
6860,-3.875
6861,-2.71875
6862,-1.5625
6863,-0.40625
6864,0.75
6865,0
6866,0.03125
6867,-0.03125
6868,3.96875
6869,-4
6870,0.03125
6871,0
6872,0.0625
6873,-0.03125
6874,-0.0625
6875,0
6876,-1.375
6877,-0.21875
6878,0.9375
6879,2.09375
6880,3.25
6881,0
6882,0.03125
6883,-0.03125
6884,3.96875
6885,-4
6886,0.03125
6887,0
6888,0.0625
6889,-0.03125
6890,-0.0625
6891,0
6892,1.125
6893,2.28125
6894,3.4375
6895,-3.40625
6896,-2.25
6897,0
6898,0.03125
6899,-0.03125
6900,3.96875
6901,-4
6902,0.03125
6903,0
6904,0.0625
6905,-0.03125
6906,-0.0625
6907,0
6908,3.625
6909,-3.21875
6910,-2.0625
6911,-0.90625
6912,0.25
6913,0
6914,0.03125
6915,-0.03125
6916,3.96875
6917,-4
6918,0.03125
6919,0
6920,0.0625
6921,-0.03125
6922,-0.0625
6923,0
6924,-1.875
6925,-0.71875
6926,0.4375
6927,1.59375
6928,2.75
6929,0
6930,0.03125
6931,-0.03125
6932,3.96875
6933,-4
6934,0.03125
6935,0
6936,0.0625
6937,-0.03125
6938,-0.0625
6939,0
6940,0.625
6941,1.78125
6942,2.9375
6943,-3.90625
6944,-2.75
6945,0
6946,0.03125
6947,-0.03125
6948,3.96875
6949,-4
6950,0.03125
6951,0
6952,0.0625
6953,-0.03125
6954,-0.0625
6955,0
6956,3.125
6957,-3.71875
6958,-2.5625
6959,-1.40625
6960,-0.25
6961,0
6962,0.03125
6963,-0.03125
6964,3.96875
6965,-4
6966,0.03125
6967,0
6968,0.0625
6969,-0.03125
6970,-0.0625
6971,0
6972,-2.375
6973,-1.21875
6974,-0.0625
6975,1.09375
6976,2.25
6977,0
6978,0.03125
6979,-0.03125
6980,3.96875
6981,-4
6982,0.03125
6983,0
6984,0.0625
6985,-0.03125
6986,-0.0625
6987,0
6988,0.125
6989,1.28125
6990,2.4375
6991,3.59375
6992,-3.25
6993,0
6994,0.03125
6995,-0.03125
6996,3.96875
6997,-4
6998,0.03125
6999,0
7000,0.0625
7001,-0.03125
7002,-0.0625
7003,0
7004,2.625
7005,3.78125
7006,-3.0625
7007,-1.90625
7008,-0.75
7009,0
7010,0.03125
7011,-0.03125
7012,3.96875
7013,-4
7014,0.03125
7015,0
7016,0.0625
7017,-0.03125
7018,-0.0625
7019,0
7020,-2.875
7021,-1.71875
7022,-0.5625
7023,0.59375
7024,1.75
7025,0
7026,0.03125
7027,-0.03125
7028,3.96875
7029,-4
7030,0.03125
7031,0
7032,0.0625
7033,-0.03125
7034,-0.0625
7035,0
7036,-0.375
7037,0.78125
7038,1.9375
7039,3.09375
7040,-3.75
7041,0
7042,0.03125
7043,-0.03125
7044,3.96875
7045,-4
7046,0.03125
7047,0
7048,0.0625
7049,-0.03125
7050,-0.0625
7051,0
7052,2.125
7053,3.28125
7054,-3.5625
7055,-2.40625
7056,-1.25
7057,0
7058,0.03125
7059,-0.03125
7060,3.96875
7061,-4
7062,0.03125
7063,0
7064,0.0625
7065,-0.03125
7066,-0.0625
7067,0
7068,-3.375
7069,-2.21875
7070,-1.0625
7071,0.09375
7072,1.25
7073,0
7074,0.03125
7075,-0.03125
7076,3.96875
7077,-4
7078,0.03125
7079,0
7080,0.0625
7081,-0.03125
7082,-0.0625
7083,0
7084,-0.875
7085,0.28125
7086,1.4375
7087,2.59375
7088,3.75
7089,0
7090,0.03125
7091,-0.03125
7092,3.96875
7093,-4
7094,0.03125
7095,0
7096,0.0625
7097,-0.03125
7098,-0.0625
7099,0
7100,1.625
7101,2.78125
7102,3.9375
7103,-2.90625
7104,-1.75
7105,0
7106,0.03125
7107,-0.03125
7108,3.96875
7109,-4
7110,0.03125
7111,0
7112,0.0625
7113,-0.03125
7114,-0.0625
7115,0
7116,-3.875
7117,-2.71875
7118,-1.5625
7119,-0.40625
7120,0.75
7121,0
7122,0.03125
7123,-0.03125
7124,3.96875
7125,-4
7126,0.03125
7127,0
7128,0.0625
7129,-0.03125
7130,-0.0625
7131,0
7132,-1.375
7133,-0.21875
7134,0.9375
7135,2.09375
7136,3.25
7137,0
7138,0.03125
7139,-0.03125
7140,3.96875
7141,-4
7142,0.03125
7143,0
7144,0.0625
7145,-0.03125
7146,-0.0625
7147,0
7148,1.125
7149,2.28125
7150,3.4375
7151,-3.40625
7152,-2.25
7153,0
7154,0.03125
7155,-0.03125
7156,3.96875
7157,-4
7158,0.03125
7159,0
7160,0.0625
7161,-0.03125
7162,-0.0625
7163,0
7164,3.625
7165,-3.21875
7166,-2.0625
7167,-0.90625
7168,0.25
7169,0
7170,0.03125
7171,-0.03125
7172,3.96875
7173,-4
7174,0.03125
7175,0
7176,0.0625
7177,-0.03125
7178,-0.0625
7179,0
7180,-1.875
7181,-0.71875
7182,0.4375
7183,1.59375
7184,2.75
7185,0
7186,0.03125
7187,-0.03125
7188,3.96875
7189,-4
7190,0.03125
7191,0
7192,0.0625
7193,-0.03125
7194,-0.0625
7195,0
7196,0.625
7197,1.78125
7198,2.9375
7199,-3.90625
7200,-2.75
7201,0
7202,0.03125
7203,-0.03125
7204,3.96875
7205,-4
7206,0.03125
7207,0
7208,0.0625
7209,-0.03125
7210,-0.0625
7211,0
7212,3.125
7213,-3.71875
7214,-2.5625
7215,-1.40625
7216,-0.25
7217,0
7218,0.03125
7219,-0.03125
7220,3.96875
7221,-4
7222,0.03125
7223,0
7224,0.0625
7225,-0.03125
7226,-0.0625
7227,0
7228,-2.375
7229,-1.21875
7230,-0.0625
7231,1.09375
7232,2.25
7233,0
7234,0.03125
7235,-0.03125
7236,3.96875
7237,-4
7238,0.03125
7239,0
7240,0.0625
7241,-0.03125
7242,-0.0625
7243,0
7244,0.125
7245,1.28125
7246,2.4375
7247,3.59375
7248,-3.25
7249,0
7250,0.03125
7251,-0.03125
7252,3.96875
7253,-4
7254,0.03125
7255,0
7256,0.0625
7257,-0.03125
7258,-0.0625
7259,0
7260,2.625
7261,3.78125
7262,-3.0625
7263,-1.90625
7264,-0.75
7265,0
7266,0.03125
7267,-0.03125
7268,3.96875
7269,-4
7270,0.03125
7271,0
7272,0.0625
7273,-0.03125
7274,-0.0625
7275,0
7276,-2.875
7277,-1.71875
7278,-0.5625
7279,0.59375
7280,1.75
7281,0
7282,0.03125
7283,-0.03125
7284,3.96875
7285,-4
7286,0.03125
7287,0
7288,0.0625
7289,-0.03125
7290,-0.0625
7291,0
7292,-0.375
7293,0.78125
7294,1.9375
7295,3.09375
7296,-3.75
7297,0
7298,0.03125
7299,-0.03125
7300,3.96875
7301,-4
7302,0.03125
7303,0
7304,0.0625
7305,-0.03125
7306,-0.0625
7307,0
7308,2.125
7309,3.28125
7310,-3.5625
7311,-2.40625
7312,-1.25
7313,0
7314,0.03125
7315,-0.03125
7316,3.96875
7317,-4
7318,0.03125
7319,0
7320,0.0625
7321,-0.03125
7322,-0.0625
7323,0
7324,-3.375
7325,-2.21875
7326,-1.0625
7327,0.09375
7328,1.25
7329,0
7330,0.03125
7331,-0.03125
7332,3.96875
7333,-4
7334,0.03125
7335,0
7336,0.0625
7337,-0.03125
7338,-0.0625
7339,0
7340,-0.875
7341,0.28125
7342,1.4375
7343,2.59375
7344,3.75
7345,0
7346,0.03125
7347,-0.03125
7348,3.96875
7349,-4
7350,0.03125
7351,0
7352,0.0625
7353,-0.03125
7354,-0.0625
7355,0
7356,1.625
7357,2.78125
7358,3.9375
7359,-2.90625
7360,-1.75
7361,0
7362,0.03125
7363,-0.03125
7364,3.96875
7365,-4
7366,0.03125
7367,0
7368,0.0625
7369,-0.03125
7370,-0.0625
7371,0
7372,-3.875
7373,-2.71875
7374,-1.5625
7375,-0.40625
7376,0.75
7377,0
7378,0.03125
7379,-0.03125
7380,3.96875
7381,-4
7382,0.03125
7383,0
7384,0.0625
7385,-0.03125
7386,-0.0625
7387,0
7388,-1.375
7389,-0.21875
7390,0.9375
7391,2.09375
7392,3.25
7393,0
7394,0.03125
7395,-0.03125
7396,3.96875
7397,-4
7398,0.03125
7399,0
7400,0.0625
7401,-0.03125
7402,-0.0625
7403,0
7404,1.125
7405,2.28125
7406,3.4375
7407,-3.40625
7408,-2.25
7409,0
7410,0.03125
7411,-0.03125
7412,3.96875
7413,-4
7414,0.03125
7415,0
7416,0.0625
7417,-0.03125
7418,-0.0625
7419,0
7420,3.625
7421,-3.21875
7422,-2.0625
7423,-0.90625
7424,0.25
7425,0
7426,0.03125
7427,-0.03125
7428,3.96875
7429,-4
7430,0.03125
7431,0
7432,0.0625
7433,-0.03125
7434,-0.0625
7435,0
7436,-1.875
7437,-0.71875
7438,0.4375
7439,1.59375
7440,2.75
7441,0
7442,0.03125
7443,-0.03125
7444,3.96875
7445,-4
7446,0.03125
7447,0
7448,0.0625
7449,-0.03125
7450,-0.0625
7451,0
7452,0.625
7453,1.78125
7454,2.9375
7455,-3.90625
7456,-2.75
7457,0
7458,0.03125
7459,-0.03125
7460,3.96875
7461,-4
7462,0.03125
7463,0
7464,0.0625
7465,-0.03125
7466,-0.0625
7467,0
7468,3.125
7469,-3.71875
7470,-2.5625
7471,-1.40625
7472,-0.25
7473,0
7474,0.03125
7475,-0.03125
7476,3.96875
7477,-4
7478,0.03125
7479,0
7480,0.0625
7481,-0.03125
7482,-0.0625
7483,0
7484,-2.375
7485,-1.21875
7486,-0.0625
7487,1.09375
7488,2.25
7489,0
7490,0.03125
7491,-0.03125
7492,3.96875
7493,-4
7494,0.03125
7495,0
7496,0.0625
7497,-0.03125
7498,-0.0625
7499,0
7500,0.125
7501,1.28125
7502,2.4375
7503,3.59375
7504,-3.25
7505,0
7506,0.03125
7507,-0.03125
7508,3.96875
7509,-4
7510,0.03125
7511,0
7512,0.0625
7513,-0.03125
7514,-0.0625
7515,0
7516,2.625
7517,3.78125
7518,-3.0625
7519,-1.90625
7520,-0.75
7521,0
7522,0.03125
7523,-0.03125
7524,3.96875
7525,-4
7526,0.03125
7527,0
7528,0.0625
7529,-0.03125
7530,-0.0625
7531,0
7532,-2.875
7533,-1.71875
7534,-0.5625
7535,0.59375
7536,1.75
7537,0
7538,0.03125
7539,-0.03125
7540,3.96875
7541,-4
7542,0.03125
7543,0
7544,0.0625
7545,-0.03125
7546,-0.0625
7547,0
7548,-0.375
7549,0.78125
7550,1.9375
7551,3.09375
7552,-3.75
7553,0
7554,0.03125
7555,-0.03125
7556,3.96875
7557,-4
7558,0.03125
7559,0
7560,0.0625
7561,-0.03125
7562,-0.0625
7563,0
7564,2.125
7565,3.28125
7566,-3.5625
7567,-2.40625
7568,-1.25
7569,0
7570,0.03125
7571,-0.03125
7572,3.96875
7573,-4
7574,0.03125
7575,0
7576,0.0625
7577,-0.03125
7578,-0.0625
7579,0
7580,-3.375
7581,-2.21875
7582,-1.0625
7583,0.09375
7584,1.25
7585,0
7586,0.03125
7587,-0.03125
7588,3.96875
7589,-4
7590,0.03125
7591,0
7592,0.0625
7593,-0.03125
7594,-0.0625
7595,0
7596,-0.875
7597,0.28125
7598,1.4375
7599,2.59375
7600,3.75
7601,0
7602,0.03125
7603,-0.03125
7604,3.96875
7605,-4
7606,0.03125
7607,0
7608,0.0625
7609,-0.03125
7610,-0.0625
7611,0
7612,1.625
7613,2.78125
7614,3.9375
7615,-2.90625
7616,-1.75
7617,0
7618,0.03125
7619,-0.03125
7620,3.96875
7621,-4
7622,0.03125
7623,0
7624,0.0625
7625,-0.03125
7626,-0.0625
7627,0
7628,-3.875
7629,-2.71875
7630,-1.5625
7631,-0.40625
7632,0.75
7633,0
7634,0.03125
7635,-0.03125
7636,3.96875
7637,-4
7638,0.03125
7639,0
7640,0.0625
7641,-0.03125
7642,-0.0625
7643,0
7644,-1.375
7645,-0.21875
7646,0.9375
7647,2.09375
7648,3.25
7649,0
7650,0.03125
7651,-0.03125
7652,3.96875
7653,-4
7654,0.03125
7655,0
7656,0.0625
7657,-0.03125
7658,-0.0625
7659,0
7660,1.125
7661,2.28125
7662,3.4375
7663,-3.40625
7664,-2.25
7665,0
7666,0.03125
7667,-0.03125
7668,3.96875
7669,-4
7670,0.03125
7671,0
7672,0.0625
7673,-0.03125
7674,-0.0625
7675,0
7676,3.625
7677,-3.21875
7678,-2.0625
7679,-0.90625
7680,0.25
7681,0
7682,0.03125
7683,-0.03125
7684,3.96875
7685,-4
7686,0.03125
7687,0
7688,0.0625
7689,-0.03125
7690,-0.0625
7691,0
7692,-1.875
7693,-0.71875
7694,0.4375
7695,1.59375
7696,2.75
7697,0
7698,0.03125
7699,-0.03125
7700,3.96875
7701,-4
7702,0.03125
7703,0
7704,0.0625
7705,-0.03125
7706,-0.0625
7707,0
7708,0.625
7709,1.78125
7710,2.9375
7711,-3.90625
7712,-2.75
7713,0
7714,0.03125
7715,-0.03125
7716,3.96875
7717,-4
7718,0.03125
7719,0
7720,0.0625
7721,-0.03125
7722,-0.0625
7723,0
7724,3.125
7725,-3.71875
7726,-2.5625
7727,-1.40625
7728,-0.25
7729,0
7730,0.03125
7731,-0.03125
7732,3.96875
7733,-4
7734,0.03125
7735,0
7736,0.0625
7737,-0.03125
7738,-0.0625
7739,0
7740,-2.375
7741,-1.21875
7742,-0.0625
7743,1.09375
7744,2.25
7745,0
7746,0.03125
7747,-0.03125
7748,3.96875
7749,-4
7750,0.03125
7751,0
7752,0.0625
7753,-0.03125
7754,-0.0625
7755,0
7756,0.125
7757,1.28125
7758,2.4375
7759,3.59375
7760,-3.25
7761,0
7762,0.03125
7763,-0.03125
7764,3.96875
7765,-4
7766,0.03125
7767,0
7768,0.0625
7769,-0.03125
7770,-0.0625
7771,0
7772,2.625
7773,3.78125
7774,-3.0625
7775,-1.90625
7776,-0.75
7777,0
7778,0.03125
7779,-0.03125
7780,3.96875
7781,-4
7782,0.03125
7783,0
7784,0.0625
7785,-0.03125
7786,-0.0625
7787,0
7788,-2.875
7789,-1.71875
7790,-0.5625
7791,0.59375
7792,1.75
7793,0
7794,0.03125
7795,-0.03125
7796,3.96875
7797,-4
7798,0.03125
7799,0
7800,0.0625
7801,-0.03125
7802,-0.0625
7803,0
7804,-0.375
7805,0.78125
7806,1.9375
7807,3.09375
7808,-3.75
7809,0
7810,0.03125
7811,-0.03125
7812,3.96875
7813,-4
7814,0.03125
7815,0
7816,0.0625
7817,-0.03125
7818,-0.0625
7819,0
7820,2.125
7821,3.28125
7822,-3.5625
7823,-2.40625
7824,-1.25
7825,0
7826,0.03125
7827,-0.03125
7828,3.96875
7829,-4
7830,0.03125
7831,0
7832,0.0625
7833,-0.03125
7834,-0.0625
7835,0
7836,-3.375
7837,-2.21875
7838,-1.0625
7839,0.09375
7840,1.25
7841,0
7842,0.03125
7843,-0.03125
7844,3.96875
7845,-4
7846,0.03125
7847,0
7848,0.0625
7849,-0.03125
7850,-0.0625
7851,0
7852,-0.875
7853,0.28125
7854,1.4375
7855,2.59375
7856,3.75
7857,0
7858,0.03125
7859,-0.03125
7860,3.96875
7861,-4
7862,0.03125
7863,0
7864,0.0625
7865,-0.03125
7866,-0.0625
7867,0
7868,1.625
7869,2.78125
7870,3.9375
7871,-2.90625
7872,-1.75
7873,0
7874,0.03125
7875,-0.03125
7876,3.96875
7877,-4
7878,0.03125
7879,0
7880,0.0625
7881,-0.03125
7882,-0.0625
7883,0
7884,-3.875
7885,-2.71875
7886,-1.5625
7887,-0.40625
7888,0.75
7889,0
7890,0.03125
7891,-0.03125
7892,3.96875
7893,-4
7894,0.03125
7895,0
7896,0.0625
7897,-0.03125
7898,-0.0625
7899,0
7900,-1.375
7901,-0.21875
7902,0.9375
7903,2.09375
7904,3.25
7905,0
7906,0.03125
7907,-0.03125
7908,3.96875
7909,-4
7910,0.03125
7911,0
7912,0.0625
7913,-0.03125
7914,-0.0625
7915,0
7916,1.125
7917,2.28125
7918,3.4375
7919,-3.40625
7920,-2.25
7921,0
7922,0.03125
7923,-0.03125
7924,3.96875
7925,-4
7926,0.03125
7927,0
7928,0.0625
7929,-0.03125
7930,-0.0625
7931,0
7932,3.625
7933,-3.21875
7934,-2.0625
7935,-0.90625
7936,0.25
7937,0
7938,0.03125
7939,-0.03125
7940,3.96875
7941,-4
7942,0.03125
7943,0
7944,0.0625
7945,-0.03125
7946,-0.0625
7947,0
7948,-1.875
7949,-0.71875
7950,0.4375
7951,1.59375
7952,2.75
7953,0
7954,0.03125
7955,-0.03125
7956,3.96875
7957,-4
7958,0.03125
7959,0
7960,0.0625
7961,-0.03125
7962,-0.0625
7963,0
7964,0.625
7965,1.78125
7966,2.9375
7967,-3.90625
7968,-2.75
7969,0
7970,0.03125
7971,-0.03125
7972,3.96875
7973,-4
7974,0.03125
7975,0
7976,0.0625
7977,-0.03125
7978,-0.0625
7979,0
7980,3.125
7981,-3.71875
7982,-2.5625
7983,-1.40625
7984,-0.25
7985,0
7986,0.03125
7987,-0.03125
7988,3.96875
7989,-4
7990,0.03125
7991,0
7992,0.0625
7993,-0.03125
7994,-0.0625
7995,0
7996,-2.375
7997,-1.21875
7998,-0.0625
7999,1.09375
8000,2.25
8001,0
8002,0.03125
8003,-0.03125
8004,3.96875
8005,-4
8006,0.03125
8007,0
8008,0.0625
8009,-0.03125
8010,-0.0625
8011,0
8012,0.125
8013,1.28125
8014,2.4375
8015,3.59375
8016,-3.25
8017,0
8018,0.03125
8019,-0.03125
8020,3.96875
8021,-4
8022,0.03125
8023,0
8024,0.0625
8025,-0.03125
8026,-0.0625
8027,0
8028,2.625
8029,3.78125
8030,-3.0625
8031,-1.90625
8032,-0.75
8033,0
8034,0.03125
8035,-0.03125
8036,3.96875
8037,-4
8038,0.03125
8039,0
8040,0.0625
8041,-0.03125
8042,-0.0625
8043,0
8044,-2.875
8045,-1.71875
8046,-0.5625
8047,0.59375
8048,1.75
8049,0
8050,0.03125
8051,-0.03125
8052,3.96875
8053,-4
8054,0.03125
8055,0
8056,0.0625
8057,-0.03125
8058,-0.0625
8059,0
8060,-0.375
8061,0.78125
8062,1.9375
8063,3.09375
8064,-3.75
8065,0
8066,0.03125
8067,-0.03125
8068,3.96875
8069,-4
8070,0.03125
8071,0
8072,0.0625
8073,-0.03125
8074,-0.0625
8075,0
8076,2.125
8077,3.28125
8078,-3.5625
8079,-2.40625
8080,-1.25
8081,0
8082,0.03125
8083,-0.03125
8084,3.96875
8085,-4
8086,0.03125
8087,0
8088,0.0625
8089,-0.03125
8090,-0.0625
8091,0
8092,-3.375
8093,-2.21875
8094,-1.0625
8095,0.09375
8096,1.25
8097,0
8098,0.03125
8099,-0.03125
8100,3.96875
8101,-4
8102,0.03125
8103,0
8104,0.0625
8105,-0.03125
8106,-0.0625
8107,0
8108,-0.875
8109,0.28125
8110,1.4375
8111,2.59375
8112,3.75
8113,0
8114,0.03125
8115,-0.03125
8116,3.96875
8117,-4
8118,0.03125
8119,0
8120,0.0625
8121,-0.03125
8122,-0.0625
8123,0
8124,1.625
8125,2.78125
8126,3.9375
8127,-2.90625
8128,-1.75
8129,0
8130,0.03125
8131,-0.03125
8132,3.96875
8133,-4
8134,0.03125
8135,0
8136,0.0625
8137,-0.03125
8138,-0.0625
8139,0
8140,-3.875
8141,-2.71875
8142,-1.5625
8143,-0.40625
8144,0.75
8145,0
8146,0.03125
8147,-0.03125
8148,3.96875
8149,-4
8150,0.03125
8151,0
8152,0.0625
8153,-0.03125
8154,-0.0625
8155,0
8156,-1.375
8157,-0.21875
8158,0.9375
8159,2.09375
8160,3.25
8161,0
8162,0.03125
8163,-0.03125
8164,3.96875
8165,-4
8166,0.03125
8167,0
8168,0.0625
8169,-0.03125
8170,-0.0625
8171,0
8172,1.125
8173,2.28125
8174,3.4375
8175,-3.40625
8176,-2.25
8177,0
8178,0.03125
8179,-0.03125
8180,3.96875
8181,-4
8182,0.03125
8183,0
8184,0.0625
8185,-0.03125
8186,-0.0625
8187,0
8188,3.625
8189,-3.21875
8190,-2.0625
8191,-0.90625
8192,0.25
8193,0
8194,0.03125
8195,-0.03125
8196,3.96875
8197,-4
8198,0.03125
8199,0
8200,0.0625
8201,-0.03125
8202,-0.0625
8203,0
8204,-1.875
8205,-0.71875
8206,0.4375
8207,1.59375
8208,2.75
8209,0
8210,0.03125
8211,-0.03125
8212,3.96875
8213,-4
8214,0.03125
8215,0
8216,0.0625
8217,-0.03125
8218,-0.0625
8219,0
8220,0.625
8221,1.78125
8222,2.9375
8223,-3.90625
8224,-2.75
8225,0
8226,0.03125
8227,-0.03125
8228,3.96875
8229,-4
8230,0.03125
8231,0
8232,0.0625
8233,-0.03125
8234,-0.0625
8235,0
8236,3.125
8237,-3.71875
8238,-2.5625
8239,-1.40625
8240,-0.25
8241,0
8242,0.03125
8243,-0.03125
8244,3.96875
8245,-4
8246,0.03125
8247,0
8248,0.0625
8249,-0.03125
8250,-0.0625
8251,0
8252,-2.375
8253,-1.21875
8254,-0.0625
8255,1.09375
8256,2.25
8257,0
8258,0.03125
8259,-0.03125
8260,3.96875
8261,-4
8262,0.03125
8263,0
8264,0.0625
8265,-0.03125
8266,-0.0625
8267,0
8268,0.125
8269,1.28125
8270,2.4375
8271,3.59375
8272,-3.25
8273,0
8274,0.03125
8275,-0.03125
8276,3.96875
8277,-4
8278,0.03125
8279,0
8280,0.0625
8281,-0.03125
8282,-0.0625
8283,0
8284,2.625
8285,3.78125
8286,-3.0625
8287,-1.90625
8288,-0.75
8289,0
8290,0.03125
8291,-0.03125
8292,3.96875
8293,-4
8294,0.03125
8295,0
8296,0.0625
8297,-0.03125
8298,-0.0625
8299,0
8300,-2.875
8301,-1.71875
8302,-0.5625
8303,0.59375
8304,1.75
8305,0
8306,0.03125
8307,-0.03125
8308,3.96875
8309,-4
8310,0.03125
8311,0
8312,0.0625
8313,-0.03125
8314,-0.0625
8315,0
8316,-0.375
8317,0.78125
8318,1.9375
8319,3.09375
8320,-3.75
8321,0
8322,0.03125
8323,-0.03125
8324,3.96875
8325,-4
8326,0.03125
8327,0
8328,0.0625
8329,-0.03125
8330,-0.0625
8331,0
8332,2.125
8333,3.28125
8334,-3.5625
8335,-2.40625
8336,-1.25
8337,0
8338,0.03125
8339,-0.03125
8340,3.96875
8341,-4
8342,0.03125
8343,0
8344,0.0625
8345,-0.03125
8346,-0.0625
8347,0
8348,-3.375
8349,-2.21875
8350,-1.0625
8351,0.09375
8352,1.25
8353,0
8354,0.03125
8355,-0.03125
8356,3.96875
8357,-4
8358,0.03125
8359,0
8360,0.0625
8361,-0.03125
8362,-0.0625
8363,0
8364,-0.875
8365,0.28125
8366,1.4375
8367,2.59375
8368,3.75
8369,0
8370,0.03125
8371,-0.03125
8372,3.96875
8373,-4
8374,0.03125
8375,0
8376,0.0625
8377,-0.03125
8378,-0.0625
8379,0
8380,1.625
8381,2.78125
8382,3.9375
8383,-2.90625
8384,-1.75
8385,0
8386,0.03125
8387,-0.03125
8388,3.96875
8389,-4
8390,0.03125
8391,0
8392,0.0625
8393,-0.03125
8394,-0.0625
8395,0
8396,-3.875
8397,-2.71875
8398,-1.5625
8399,-0.40625
8400,0.75
8401,0
8402,0.03125
8403,-0.03125
8404,3.96875
8405,-4
8406,0.03125
8407,0
8408,0.0625
8409,-0.03125
8410,-0.0625
8411,0
8412,-1.375
8413,-0.21875
8414,0.9375
8415,2.09375
8416,3.25
8417,0
8418,0.03125
8419,-0.03125
8420,3.96875
8421,-4
8422,0.03125
8423,0
8424,0.0625
8425,-0.03125
8426,-0.0625
8427,0
8428,1.125
8429,2.28125
8430,3.4375
8431,-3.40625
8432,-2.25
8433,0
8434,0.03125
8435,-0.03125
8436,3.96875
8437,-4
8438,0.03125
8439,0
8440,0.0625
8441,-0.03125
8442,-0.0625
8443,0
8444,3.625
8445,-3.21875
8446,-2.0625
8447,-0.90625
8448,0.25
8449,0
8450,0.03125
8451,-0.03125
8452,3.96875
8453,-4
8454,0.03125
8455,0
8456,0.0625
8457,-0.03125
8458,-0.0625
8459,0
8460,-1.875
8461,-0.71875
8462,0.4375
8463,1.59375
8464,2.75
8465,0
8466,0.03125
8467,-0.03125
8468,3.96875
8469,-4
8470,0.03125
8471,0
8472,0.0625
8473,-0.03125
8474,-0.0625
8475,0
8476,0.625
8477,1.78125
8478,2.9375
8479,-3.90625
8480,-2.75
8481,0
8482,0.03125
8483,-0.03125
8484,3.96875
8485,-4
8486,0.03125
8487,0
8488,0.0625
8489,-0.03125
8490,-0.0625
8491,0
8492,3.125
8493,-3.71875
8494,-2.5625
8495,-1.40625
8496,-0.25
8497,0
8498,0.03125
8499,-0.03125
8500,3.96875
8501,-4
8502,0.03125
8503,0
8504,0.0625
8505,-0.03125
8506,-0.0625
8507,0
8508,-2.375
8509,-1.21875
8510,-0.0625
8511,1.09375
8512,2.25
8513,0
8514,0.03125
8515,-0.03125
8516,3.96875
8517,-4
8518,0.03125
8519,0
8520,0.0625
8521,-0.03125
8522,-0.0625
8523,0
8524,0.125
8525,1.28125
8526,2.4375
8527,3.59375
8528,-3.25
8529,0
8530,0.03125
8531,-0.03125
8532,3.96875
8533,-4
8534,0.03125
8535,0
8536,0.0625
8537,-0.03125
8538,-0.0625
8539,0
8540,2.625
8541,3.78125
8542,-3.0625
8543,-1.90625
8544,-0.75
8545,0
8546,0.03125
8547,-0.03125
8548,3.96875
8549,-4
8550,0.03125
8551,0
8552,0.0625
8553,-0.03125
8554,-0.0625
8555,0
8556,-2.875
8557,-1.71875
8558,-0.5625
8559,0.59375
8560,1.75
8561,0
8562,0.03125
8563,-0.03125
8564,3.96875
8565,-4
8566,0.03125
8567,0
8568,0.0625
8569,-0.03125
8570,-0.0625
8571,0
8572,-0.375
8573,0.78125
8574,1.9375
8575,3.09375
8576,-3.75
8577,0
8578,0.03125
8579,-0.03125
8580,3.96875
8581,-4
8582,0.03125
8583,0
8584,0.0625
8585,-0.03125
8586,-0.0625
8587,0
8588,2.125
8589,3.28125
8590,-3.5625
8591,-2.40625
8592,-1.25
8593,0
8594,0.03125
8595,-0.03125
8596,3.96875
8597,-4
8598,0.03125
8599,0
8600,0.0625
8601,-0.03125
8602,-0.0625
8603,0
8604,-3.375
8605,-2.21875
8606,-1.0625
8607,0.09375
8608,1.25
8609,0
8610,0.03125
8611,-0.03125
8612,3.96875
8613,-4
8614,0.03125
8615,0
8616,0.0625
8617,-0.03125
8618,-0.0625
8619,0
8620,-0.875
8621,0.28125
8622,1.4375
8623,2.59375
8624,3.75
8625,0
8626,0.03125
8627,-0.03125
8628,3.96875
8629,-4
8630,0.03125
8631,0
8632,0.0625
8633,-0.03125
8634,-0.0625
8635,0
8636,1.625
8637,2.78125
8638,3.9375
8639,-2.90625
8640,-1.75
8641,0
8642,0.03125
8643,-0.03125
8644,3.96875
8645,-4
8646,0.03125
8647,0
8648,0.0625
8649,-0.03125
8650,-0.0625
8651,0
8652,-3.875
8653,-2.71875
8654,-1.5625
8655,-0.40625
8656,0.75
8657,0
8658,0.03125
8659,-0.03125
8660,3.96875
8661,-4
8662,0.03125
8663,0
8664,0.0625
8665,-0.03125
8666,-0.0625
8667,0
8668,-1.375
8669,-0.21875
8670,0.9375
8671,2.09375
8672,3.25
8673,0
8674,0.03125
8675,-0.03125
8676,3.96875
8677,-4
8678,0.03125
8679,0
8680,0.0625
8681,-0.03125
8682,-0.0625
8683,0
8684,1.125
8685,2.28125
8686,3.4375
8687,-3.40625
8688,-2.25
8689,0
8690,0.03125
8691,-0.03125
8692,3.96875
8693,-4
8694,0.03125
8695,0
8696,0.0625
8697,-0.03125
8698,-0.0625
8699,0
8700,3.625
8701,-3.21875
8702,-2.0625
8703,-0.90625
8704,0.25
8705,0
8706,0.03125
8707,-0.03125
8708,3.96875
8709,-4
8710,0.03125
8711,0
8712,0.0625
8713,-0.03125
8714,-0.0625
8715,0
8716,-1.875
8717,-0.71875
8718,0.4375
8719,1.59375
8720,2.75
8721,0
8722,0.03125
8723,-0.03125
8724,3.96875
8725,-4
8726,0.03125
8727,0
8728,0.0625
8729,-0.03125
8730,-0.0625
8731,0
8732,0.625
8733,1.78125
8734,2.9375
8735,-3.90625
8736,-2.75
8737,0
8738,0.03125
8739,-0.03125
8740,3.96875
8741,-4
8742,0.03125
8743,0
8744,0.0625
8745,-0.03125
8746,-0.0625
8747,0
8748,3.125
8749,-3.71875
8750,-2.5625
8751,-1.40625
8752,-0.25
8753,0
8754,0.03125
8755,-0.03125
8756,3.96875
8757,-4
8758,0.03125
8759,0
8760,0.0625
8761,-0.03125
8762,-0.0625
8763,0
8764,-2.375
8765,-1.21875
8766,-0.0625
8767,1.09375
8768,2.25
8769,0
8770,0.03125
8771,-0.03125
8772,3.96875
8773,-4
8774,0.03125
8775,0
8776,0.0625
8777,-0.03125
8778,-0.0625
8779,0
8780,0.125
8781,1.28125
8782,2.4375
8783,3.59375
8784,-3.25
8785,0
8786,0.03125
8787,-0.03125
8788,3.96875
8789,-4
8790,0.03125
8791,0
8792,0.0625
8793,-0.03125
8794,-0.0625
8795,0
8796,2.625
8797,3.78125
8798,-3.0625
8799,-1.90625
8800,-0.75
8801,0
8802,0.03125
8803,-0.03125
8804,3.96875
8805,-4
8806,0.03125
8807,0
8808,0.0625
8809,-0.03125
8810,-0.0625
8811,0
8812,-2.875
8813,-1.71875
8814,-0.5625
8815,0.59375
8816,1.75
8817,0
8818,0.03125
8819,-0.03125
8820,3.96875
8821,-4
8822,0.03125
8823,0
8824,0.0625
8825,-0.03125
8826,-0.0625
8827,0
8828,-0.375
8829,0.78125
8830,1.9375
8831,3.09375
8832,-3.75
8833,0
8834,0.03125
8835,-0.03125
8836,3.96875
8837,-4
8838,0.03125
8839,0
8840,0.0625
8841,-0.03125
8842,-0.0625
8843,0
8844,2.125
8845,3.28125
8846,-3.5625
8847,-2.40625
8848,-1.25
8849,0
8850,0.03125
8851,-0.03125
8852,3.96875
8853,-4
8854,0.03125
8855,0
8856,0.0625
8857,-0.03125
8858,-0.0625
8859,0
8860,-3.375
8861,-2.21875
8862,-1.0625
8863,0.09375
8864,1.25
8865,0
8866,0.03125
8867,-0.03125
8868,3.96875
8869,-4
8870,0.03125
8871,0
8872,0.0625
8873,-0.03125
8874,-0.0625
8875,0
8876,-0.875
8877,0.28125
8878,1.4375
8879,2.59375
8880,3.75
8881,0
8882,0.03125
8883,-0.03125
8884,3.96875
8885,-4
8886,0.03125
8887,0
8888,0.0625
8889,-0.03125
8890,-0.0625
8891,0
8892,1.625
8893,2.78125
8894,3.9375
8895,-2.90625
8896,-1.75
8897,0
8898,0.03125
8899,-0.03125
8900,3.96875
8901,-4
8902,0.03125
8903,0
8904,0.0625
8905,-0.03125
8906,-0.0625
8907,0
8908,-3.875
8909,-2.71875
8910,-1.5625
8911,-0.40625
8912,0.75
8913,0
8914,0.03125
8915,-0.03125
8916,3.96875
8917,-4
8918,0.03125
8919,0
8920,0.0625
8921,-0.03125
8922,-0.0625
8923,0
8924,-1.375
8925,-0.21875
8926,0.9375
8927,2.09375
8928,3.25
8929,0
8930,0.03125
8931,-0.03125
8932,3.96875
8933,-4
8934,0.03125
8935,0
8936,0.0625
8937,-0.03125
8938,-0.0625
8939,0
8940,1.125
8941,2.28125
8942,3.4375
8943,-3.40625
8944,-2.25
8945,0
8946,0.03125
8947,-0.03125
8948,3.96875
8949,-4
8950,0.03125
8951,0
8952,0.0625
8953,-0.03125
8954,-0.0625
8955,0
8956,3.625
8957,-3.21875
8958,-2.0625
8959,-0.90625
8960,0.25
8961,0
8962,0.03125
8963,-0.03125
8964,3.96875
8965,-4
8966,0.03125
8967,0
8968,0.0625
8969,-0.03125
8970,-0.0625
8971,0
8972,-1.875
8973,-0.71875
8974,0.4375
8975,1.59375
8976,2.75
8977,0
8978,0.03125
8979,-0.03125
8980,3.96875
8981,-4
8982,0.03125
8983,0
8984,0.0625
8985,-0.03125
8986,-0.0625
8987,0
8988,0.625
8989,1.78125
8990,2.9375
8991,-3.90625
8992,-2.75
8993,0
8994,0.03125
8995,-0.03125
8996,3.96875
8997,-4
8998,0.03125
8999,0
9000,0.0625
9001,-0.03125
9002,-0.0625
9003,0
9004,3.125
9005,-3.71875
9006,-2.5625
9007,-1.40625
9008,-0.25
9009,0
9010,0.03125
9011,-0.03125
9012,3.96875
9013,-4
9014,0.03125
9015,0
9016,0.0625
9017,-0.03125
9018,-0.0625
9019,0
9020,-2.375
9021,-1.21875
9022,-0.0625
9023,1.09375
9024,2.25
9025,0
9026,0.03125
9027,-0.03125
9028,3.96875
9029,-4
9030,0.03125
9031,0
9032,0.0625
9033,-0.03125
9034,-0.0625
9035,0
9036,0.125
9037,1.28125
9038,2.4375
9039,3.59375
9040,-3.25
9041,0
9042,0.03125
9043,-0.03125
9044,3.96875
9045,-4
9046,0.03125
9047,0
9048,0.0625
9049,-0.03125
9050,-0.0625
9051,0
9052,2.625
9053,3.78125
9054,-3.0625
9055,-1.90625
9056,-0.75
9057,0
9058,0.03125
9059,-0.03125
9060,3.96875
9061,-4
9062,0.03125
9063,0
9064,0.0625
9065,-0.03125
9066,-0.0625
9067,0
9068,-2.875
9069,-1.71875
9070,-0.5625
9071,0.59375
9072,1.75
9073,0
9074,0.03125
9075,-0.03125
9076,3.96875
9077,-4
9078,0.03125
9079,0
9080,0.0625
9081,-0.03125
9082,-0.0625
9083,0
9084,-0.375
9085,0.78125
9086,1.9375
9087,3.09375
9088,-3.75
9089,0
9090,0.03125
9091,-0.03125
9092,3.96875
9093,-4
9094,0.03125
9095,0
9096,0.0625
9097,-0.03125
9098,-0.0625
9099,0
9100,2.125
9101,3.28125
9102,-3.5625
9103,-2.40625
9104,-1.25
9105,0
9106,0.03125
9107,-0.03125
9108,3.96875
9109,-4
9110,0.03125
9111,0
9112,0.0625
9113,-0.03125
9114,-0.0625
9115,0
9116,-3.375
9117,-2.21875
9118,-1.0625
9119,0.09375
9120,1.25
9121,0
9122,0.03125
9123,-0.03125
9124,3.96875
9125,-4
9126,0.03125
9127,0
9128,0.0625
9129,-0.03125
9130,-0.0625
9131,0
9132,-0.875
9133,0.28125
9134,1.4375
9135,2.59375
9136,3.75
9137,0
9138,0.03125
9139,-0.03125
9140,3.96875
9141,-4
9142,0.03125
9143,0
9144,0.0625
9145,-0.03125
9146,-0.0625
9147,0
9148,1.625
9149,2.78125
9150,3.9375
9151,-2.90625
9152,-1.75
9153,0
9154,0.03125
9155,-0.03125
9156,3.96875
9157,-4
9158,0.03125
9159,0
9160,0.0625
9161,-0.03125
9162,-0.0625
9163,0
9164,-3.875
9165,-2.71875
9166,-1.5625
9167,-0.40625
9168,0.75
9169,0
9170,0.03125
9171,-0.03125
9172,3.96875
9173,-4
9174,0.03125
9175,0
9176,0.0625
9177,-0.03125
9178,-0.0625
9179,0
9180,-1.375
9181,-0.21875
9182,0.9375
9183,2.09375
9184,3.25
9185,0
9186,0.03125
9187,-0.03125
9188,3.96875
9189,-4
9190,0.03125
9191,0
9192,0.0625
9193,-0.03125
9194,-0.0625
9195,0
9196,1.125
9197,2.28125
9198,3.4375
9199,-3.40625
9200,-2.25
9201,0
9202,0.03125
9203,-0.03125
9204,3.96875
9205,-4
9206,0.03125
9207,0
9208,0.0625
9209,-0.03125
9210,-0.0625
9211,0
9212,3.625
9213,-3.21875
9214,-2.0625
9215,-0.90625
9216,0.25
9217,0
9218,0.03125
9219,-0.03125
9220,3.96875
9221,-4
9222,0.03125
9223,0
9224,0.0625
9225,-0.03125
9226,-0.0625
9227,0
9228,-1.875
9229,-0.71875
9230,0.4375
9231,1.59375
9232,2.75
9233,0
9234,0.03125
9235,-0.03125
9236,3.96875
9237,-4
9238,0.03125
9239,0
9240,0.0625
9241,-0.03125
9242,-0.0625
9243,0
9244,0.625
9245,1.78125
9246,2.9375
9247,-3.90625
9248,-2.75
9249,0
9250,0.03125
9251,-0.03125
9252,3.96875
9253,-4
9254,0.03125
9255,0
9256,0.0625
9257,-0.03125
9258,-0.0625
9259,0
9260,3.125
9261,-3.71875
9262,-2.5625
9263,-1.40625
9264,-0.25
9265,0
9266,0.03125
9267,-0.03125
9268,3.96875
9269,-4
9270,0.03125
9271,0
9272,0.0625
9273,-0.03125
9274,-0.0625
9275,0
9276,-2.375
9277,-1.21875
9278,-0.0625
9279,1.09375
9280,2.25
9281,0
9282,0.03125
9283,-0.03125
9284,3.96875
9285,-4
9286,0.03125
9287,0
9288,0.0625
9289,-0.03125
9290,-0.0625
9291,0
9292,0.125
9293,1.28125
9294,2.4375
9295,3.59375
9296,-3.25
9297,0
9298,0.03125
9299,-0.03125
9300,3.96875
9301,-4
9302,0.03125
9303,0
9304,0.0625
9305,-0.03125
9306,-0.0625
9307,0
9308,2.625
9309,3.78125
9310,-3.0625
9311,-1.90625
9312,-0.75
9313,0
9314,0.03125
9315,-0.03125
9316,3.96875
9317,-4
9318,0.03125
9319,0
9320,0.0625
9321,-0.03125
9322,-0.0625
9323,0
9324,-2.875
9325,-1.71875
9326,-0.5625
9327,0.59375
9328,1.75
9329,0
9330,0.03125
9331,-0.03125
9332,3.96875
9333,-4
9334,0.03125
9335,0
9336,0.0625
9337,-0.03125
9338,-0.0625
9339,0
9340,-0.375
9341,0.78125
9342,1.9375
9343,3.09375
9344,-3.75
9345,0
9346,0.03125
9347,-0.03125
9348,3.96875
9349,-4
9350,0.03125
9351,0
9352,0.0625
9353,-0.03125
9354,-0.0625
9355,0
9356,2.125
9357,3.28125
9358,-3.5625
9359,-2.40625
9360,-1.25
9361,0
9362,0.03125
9363,-0.03125
9364,3.96875
9365,-4
9366,0.03125
9367,0
9368,0.0625
9369,-0.03125
9370,-0.0625
9371,0
9372,-3.375
9373,-2.21875
9374,-1.0625
9375,0.09375
9376,1.25
9377,0
9378,0.03125
9379,-0.03125
9380,3.96875
9381,-4
9382,0.03125
9383,0
9384,0.0625
9385,-0.03125
9386,-0.0625
9387,0
9388,-0.875
9389,0.28125
9390,1.4375
9391,2.59375
9392,3.75
9393,0
9394,0.03125
9395,-0.03125
9396,3.96875
9397,-4
9398,0.03125
9399,0
9400,0.0625
9401,-0.03125
9402,-0.0625
9403,0
9404,1.625
9405,2.78125
9406,3.9375
9407,-2.90625
9408,-1.75
9409,0
9410,0.03125
9411,-0.03125
9412,3.96875
9413,-4
9414,0.03125
9415,0
9416,0.0625
9417,-0.03125
9418,-0.0625
9419,0
9420,-3.875
9421,-2.71875
9422,-1.5625
9423,-0.40625
9424,0.75
9425,0
9426,0.03125
9427,-0.03125
9428,3.96875
9429,-4
9430,0.03125
9431,0
9432,0.0625
9433,-0.03125
9434,-0.0625
9435,0
9436,-1.375
9437,-0.21875
9438,0.9375
9439,2.09375
9440,3.25
9441,0
9442,0.03125
9443,-0.03125
9444,3.96875
9445,-4
9446,0.03125
9447,0
9448,0.0625
9449,-0.03125
9450,-0.0625
9451,0
9452,1.125
9453,2.28125
9454,3.4375
9455,-3.40625
9456,-2.25
9457,0
9458,0.03125
9459,-0.03125
9460,3.96875
9461,-4
9462,0.03125
9463,0
9464,0.0625
9465,-0.03125
9466,-0.0625
9467,0
9468,3.625
9469,-3.21875
9470,-2.0625
9471,-0.90625
9472,0.25
9473,0
9474,0.03125
9475,-0.03125
9476,3.96875
9477,-4
9478,0.03125
9479,0
9480,0.0625
9481,-0.03125
9482,-0.0625
9483,0
9484,-1.875
9485,-0.71875
9486,0.4375
9487,1.59375
9488,2.75
9489,0
9490,0.03125
9491,-0.03125
9492,3.96875
9493,-4
9494,0.03125
9495,0
9496,0.0625
9497,-0.03125
9498,-0.0625
9499,0
9500,0.625
9501,1.78125
9502,2.9375
9503,-3.90625
9504,-2.75
9505,0
9506,0.03125
9507,-0.03125
9508,3.96875
9509,-4
9510,0.03125
9511,0
9512,0.0625
9513,-0.03125
9514,-0.0625
9515,0
9516,3.125
9517,-3.71875
9518,-2.5625
9519,-1.40625
9520,-0.25
9521,0
9522,0.03125
9523,-0.03125
9524,3.96875
9525,-4
9526,0.03125
9527,0
9528,0.0625
9529,-0.03125
9530,-0.0625
9531,0
9532,-2.375
9533,-1.21875
9534,-0.0625
9535,1.09375
9536,2.25
9537,0
9538,0.03125
9539,-0.03125
9540,3.96875
9541,-4
9542,0.03125
9543,0
9544,0.0625
9545,-0.03125
9546,-0.0625
9547,0
9548,0.125
9549,1.28125
9550,2.4375
9551,3.59375
9552,-3.25
9553,0
9554,0.03125
9555,-0.03125
9556,3.96875
9557,-4
9558,0.03125
9559,0
9560,0.0625
9561,-0.03125
9562,-0.0625
9563,0
9564,2.625
9565,3.78125
9566,-3.0625
9567,-1.90625
9568,-0.75
9569,0
9570,0.03125
9571,-0.03125
9572,3.96875
9573,-4
9574,0.03125
9575,0
9576,0.0625
9577,-0.03125
9578,-0.0625
9579,0
9580,-2.875
9581,-1.71875
9582,-0.5625
9583,0.59375
9584,1.75
9585,0
9586,0.03125
9587,-0.03125
9588,3.96875
9589,-4
9590,0.03125
9591,0
9592,0.0625
9593,-0.03125
9594,-0.0625
9595,0
9596,-0.375
9597,0.78125
9598,1.9375
9599,3.09375
9600,-3.75
9601,0
9602,0.03125
9603,-0.03125
9604,3.96875
9605,-4
9606,0.03125
9607,0
9608,0.0625
9609,-0.03125
9610,-0.0625
9611,0
9612,2.125
9613,3.28125
9614,-3.5625
9615,-2.40625
9616,-1.25
9617,0
9618,0.03125
9619,-0.03125
9620,3.96875
9621,-4
9622,0.03125
9623,0
9624,0.0625
9625,-0.03125
9626,-0.0625
9627,0
9628,-3.375
9629,-2.21875
9630,-1.0625
9631,0.09375
9632,1.25
9633,0
9634,0.03125
9635,-0.03125
9636,3.96875
9637,-4
9638,0.03125
9639,0
9640,0.0625
9641,-0.03125
9642,-0.0625
9643,0
9644,-0.875
9645,0.28125
9646,1.4375
9647,2.59375
9648,3.75
9649,0
9650,0.03125
9651,-0.03125
9652,3.96875
9653,-4
9654,0.03125
9655,0
9656,0.0625
9657,-0.03125
9658,-0.0625
9659,0
9660,1.625
9661,2.78125
9662,3.9375
9663,-2.90625
9664,-1.75
9665,0
9666,0.03125
9667,-0.03125
9668,3.96875
9669,-4
9670,0.03125
9671,0
9672,0.0625
9673,-0.03125
9674,-0.0625
9675,0
9676,-3.875
9677,-2.71875
9678,-1.5625
9679,-0.40625
9680,0.75
9681,0
9682,0.03125
9683,-0.03125
9684,3.96875
9685,-4
9686,0.03125
9687,0
9688,0.0625
9689,-0.03125
9690,-0.0625
9691,0
9692,-1.375
9693,-0.21875
9694,0.9375
9695,2.09375
9696,3.25
9697,0
9698,0.03125
9699,-0.03125
9700,3.96875
9701,-4
9702,0.03125
9703,0
9704,0.0625
9705,-0.03125
9706,-0.0625
9707,0
9708,1.125
9709,2.28125
9710,3.4375
9711,-3.40625
9712,-2.25
9713,0
9714,0.03125
9715,-0.03125
9716,3.96875
9717,-4
9718,0.03125
9719,0
9720,0.0625
9721,-0.03125
9722,-0.0625
9723,0
9724,3.625
9725,-3.21875
9726,-2.0625
9727,-0.90625
9728,0.25
9729,0
9730,0.03125
9731,-0.03125
9732,3.96875
9733,-4
9734,0.03125
9735,0
9736,0.0625
9737,-0.03125
9738,-0.0625
9739,0
9740,-1.875
9741,-0.71875
9742,0.4375
9743,1.59375
9744,2.75
9745,0
9746,0.03125
9747,-0.03125
9748,3.96875
9749,-4
9750,0.03125
9751,0
9752,0.0625
9753,-0.03125
9754,-0.0625
9755,0
9756,0.625
9757,1.78125
9758,2.9375
9759,-3.90625
9760,-2.75
9761,0
9762,0.03125
9763,-0.03125
9764,3.96875
9765,-4
9766,0.03125
9767,0
9768,0.0625
9769,-0.03125
9770,-0.0625
9771,0
9772,3.125
9773,-3.71875
9774,-2.5625
9775,-1.40625
9776,-0.25
9777,0
9778,0.03125
9779,-0.03125
9780,3.96875
9781,-4
9782,0.03125
9783,0
9784,0.0625
9785,-0.03125
9786,-0.0625
9787,0
9788,-2.375
9789,-1.21875
9790,-0.0625
9791,1.09375
9792,2.25
9793,0
9794,0.03125
9795,-0.03125
9796,3.96875
9797,-4
9798,0.03125
9799,0
9800,0.0625
9801,-0.03125
9802,-0.0625
9803,0
9804,0.125
9805,1.28125
9806,2.4375
9807,3.59375
9808,-3.25
9809,0
9810,0.03125
9811,-0.03125
9812,3.96875
9813,-4
9814,0.03125
9815,0
9816,0.0625
9817,-0.03125
9818,-0.0625
9819,0
9820,2.625
9821,3.78125
9822,-3.0625
9823,-1.90625
9824,-0.75
9825,0
9826,0.03125
9827,-0.03125
9828,3.96875
9829,-4
9830,0.03125
9831,0
9832,0.0625
9833,-0.03125
9834,-0.0625
9835,0
9836,-2.875
9837,-1.71875
9838,-0.5625
9839,0.59375
9840,1.75
9841,0
9842,0.03125
9843,-0.03125
9844,3.96875
9845,-4
9846,0.03125
9847,0
9848,0.0625
9849,-0.03125
9850,-0.0625
9851,0
9852,-0.375
9853,0.78125
9854,1.9375
9855,3.09375
9856,-3.75
9857,0
9858,0.03125
9859,-0.03125
9860,3.96875
9861,-4
9862,0.03125
9863,0
9864,0.0625
9865,-0.03125
9866,-0.0625
9867,0
9868,2.125
9869,3.28125
9870,-3.5625
9871,-2.40625
9872,-1.25
9873,0
9874,0.03125
9875,-0.03125
9876,3.96875
9877,-4
9878,0.03125
9879,0
9880,0.0625
9881,-0.03125
9882,-0.0625
9883,0
9884,-3.375
9885,-2.21875
9886,-1.0625
9887,0.09375
9888,1.25
9889,0
9890,0.03125
9891,-0.03125
9892,3.96875
9893,-4
9894,0.03125
9895,0
9896,0.0625
9897,-0.03125
9898,-0.0625
9899,0
9900,-0.875
9901,0.28125
9902,1.4375
9903,2.59375
9904,3.75
9905,0
9906,0.03125
9907,-0.03125
9908,3.96875
9909,-4
9910,0.03125
9911,0
9912,0.0625
9913,-0.03125
9914,-0.0625
9915,0
9916,1.625
9917,2.78125
9918,3.9375
9919,-2.90625
9920,-1.75
9921,0
9922,0.03125
9923,-0.03125
9924,3.96875
9925,-4
9926,0.03125
9927,0
9928,0.0625
9929,-0.03125
9930,-0.0625
9931,0
9932,-3.875
9933,-2.71875
9934,-1.5625
9935,-0.40625
9936,0.75
9937,0
9938,0.03125
9939,-0.03125
9940,3.96875
9941,-4
9942,0.03125
9943,0
9944,0.0625
9945,-0.03125
9946,-0.0625
9947,0
9948,-1.375
9949,-0.21875
9950,0.9375
9951,2.09375
9952,3.25
9953,0
9954,0.03125
9955,-0.03125
9956,3.96875
9957,-4
9958,0.03125
9959,0
9960,0.0625
9961,-0.03125
9962,-0.0625
9963,0
9964,1.125
9965,2.28125
9966,3.4375
9967,-3.40625
9968,-2.25
9969,0
9970,0.03125
9971,-0.03125
9972,3.96875
9973,-4
9974,0.03125
9975,0
9976,0.0625
9977,-0.03125
9978,-0.0625
9979,0
9980,3.625
9981,-3.21875
9982,-2.0625
9983,-0.90625
9984,0.25
9985,0
9986,0.03125
9987,-0.03125
9988,3.96875
9989,-4
9990,0.03125
9991,0
9992,0.0625
9993,-0.03125
9994,-0.0625
9995,0
9996,-1.875
9997,-0.71875
9998,0.4375
9999,1.59375
10000,2.75
10001,0
10002,0.03125
10003,-0.03125
10004,3.96875
10005,-4
10006,0.03125
10007,0
10008,0.0625
10009,-0.03125
10010,-0.0625
10011,0
10012,0.625
10013,1.78125
10014,2.9375
10015,-3.90625
10016,-2.75
10017,0
10018,0.03125
10019,-0.03125
10020,3.96875
10021,-4
10022,0.03125
10023,0
10024,0.0625
10025,-0.03125
10026,-0.0625
10027,0
10028,3.125
10029,-3.71875
10030,-2.5625
10031,-1.40625
10032,-0.25
10033,0
10034,0.03125
10035,-0.03125
10036,3.96875
10037,-4
10038,0.03125
10039,0
10040,0.0625
10041,-0.03125
10042,-0.0625
10043,0
10044,-2.375
10045,-1.21875
10046,-0.0625
10047,1.09375
10048,2.25
10049,0
10050,0.03125
10051,-0.03125
10052,3.96875
10053,-4
10054,0.03125
10055,0
10056,0.0625
10057,-0.03125
10058,-0.0625
10059,0
10060,0.125
10061,1.28125
10062,2.4375
10063,3.59375
10064,-3.25
10065,0
10066,0.03125
10067,-0.03125
10068,3.96875
10069,-4
10070,0.03125
10071,0
10072,0.0625
10073,-0.03125
10074,-0.0625
10075,0
10076,2.625
10077,3.78125
10078,-3.0625
10079,-1.90625
10080,-0.75
10081,0
10082,0.03125
10083,-0.03125
10084,3.96875
10085,-4
10086,0.03125
10087,0
10088,0.0625
10089,-0.03125
10090,-0.0625
10091,0
10092,-2.875
10093,-1.71875
10094,-0.5625
10095,0.59375
10096,1.75
10097,0
10098,0.03125
10099,-0.03125
10100,3.96875
10101,-4
10102,0.03125
10103,0
10104,0.0625
10105,-0.03125
10106,-0.0625
10107,0
10108,-0.375
10109,0.78125
10110,1.9375
10111,3.09375
10112,-3.75
10113,0
10114,0.03125
10115,-0.03125
10116,3.96875
10117,-4
10118,0.03125
10119,0
10120,0.0625
10121,-0.03125
10122,-0.0625
10123,0
10124,2.125
10125,3.28125
10126,-3.5625
10127,-2.40625
10128,-1.25
10129,0
10130,0.03125
10131,-0.03125
10132,3.96875
10133,-4
10134,0.03125
10135,0
10136,0.0625
10137,-0.03125
10138,-0.0625
10139,0
10140,-3.375
10141,-2.21875
10142,-1.0625
10143,0.09375
10144,1.25
10145,0
10146,0.03125
10147,-0.03125
10148,3.96875
10149,-4
10150,0.03125
10151,0
10152,0.0625
10153,-0.03125
10154,-0.0625
10155,0
10156,-0.875
10157,0.28125
10158,1.4375
10159,2.59375
10160,3.75
10161,0
10162,0.03125
10163,-0.03125
10164,3.96875
10165,-4
10166,0.03125
10167,0
10168,0.0625
10169,-0.03125
10170,-0.0625
10171,0
10172,1.625
10173,2.78125
10174,3.9375
10175,-2.90625
10176,-1.75
10177,0
10178,0.03125
10179,-0.03125
10180,3.96875
10181,-4
10182,0.03125
10183,0
10184,0.0625
10185,-0.03125
10186,-0.0625
10187,0
10188,-3.875
10189,-2.71875
10190,-1.5625
10191,-0.40625
10192,0.75
10193,0
10194,0.03125
10195,-0.03125
10196,3.96875
10197,-4
10198,0.03125
10199,0
10200,0.0625
10201,-0.03125
10202,-0.0625
10203,0
10204,-1.375
10205,-0.21875
10206,0.9375
10207,2.09375
10208,3.25
10209,0
10210,0.03125
10211,-0.03125
10212,3.96875
10213,-4
10214,0.03125
10215,0
10216,0.0625
10217,-0.03125
10218,-0.0625
10219,0
10220,1.125
10221,2.28125
10222,3.4375
10223,-3.40625
10224,-2.25
10225,0
10226,0.03125
10227,-0.03125
10228,3.96875
10229,-4
10230,0.03125
10231,0
10232,0.0625
10233,-0.03125
10234,-0.0625
10235,0
10236,3.625
10237,-3.21875
10238,-2.0625
10239,-0.90625
10240,0.25
10241,0
10242,0.03125
10243,-0.03125
10244,3.96875
10245,-4
10246,0.03125
10247,0
10248,0.0625
10249,-0.03125
10250,-0.0625
10251,0
10252,-1.875
10253,-0.71875
10254,0.4375
10255,1.59375
10256,2.75
10257,0
10258,0.03125
10259,-0.03125
10260,3.96875
10261,-4
10262,0.03125
10263,0
10264,0.0625
10265,-0.03125
10266,-0.0625
10267,0
10268,0.625
10269,1.78125
10270,2.9375
10271,-3.90625
10272,-2.75
10273,0
10274,0.03125
10275,-0.03125
10276,3.96875
10277,-4
10278,0.03125
10279,0
10280,0.0625
10281,-0.03125
10282,-0.0625
10283,0
10284,3.125
10285,-3.71875
10286,-2.5625
10287,-1.40625
10288,-0.25
10289,0
10290,0.03125
10291,-0.03125
10292,3.96875
10293,-4
10294,0.03125
10295,0
10296,0.0625
10297,-0.03125
10298,-0.0625
10299,0
10300,-2.375
10301,-1.21875
10302,-0.0625
10303,1.09375
10304,2.25
10305,0
10306,0.03125
10307,-0.03125
10308,3.96875
10309,-4
10310,0.03125
10311,0
10312,0.0625
10313,-0.03125
10314,-0.0625
10315,0
10316,0.125
10317,1.28125
10318,2.4375
10319,3.59375
10320,-3.25
10321,0
10322,0.03125
10323,-0.03125
10324,3.96875
10325,-4
10326,0.03125
10327,0
10328,0.0625
10329,-0.03125
10330,-0.0625
10331,0
10332,2.625
10333,3.78125
10334,-3.0625
10335,-1.90625
10336,-0.75
10337,0
10338,0.03125
10339,-0.03125
10340,3.96875
10341,-4
10342,0.03125
10343,0
10344,0.0625
10345,-0.03125
10346,-0.0625
10347,0
10348,-2.875
10349,-1.71875
10350,-0.5625
10351,0.59375
10352,1.75
10353,0
10354,0.03125
10355,-0.03125
10356,3.96875
10357,-4
10358,0.03125
10359,0
10360,0.0625
10361,-0.03125
10362,-0.0625
10363,0
10364,-0.375
10365,0.78125
10366,1.9375
10367,3.09375
10368,-3.75
10369,0
10370,0.03125
10371,-0.03125
10372,3.96875
10373,-4
10374,0.03125
10375,0
10376,0.0625
10377,-0.03125
10378,-0.0625
10379,0
10380,2.125
10381,3.28125
10382,-3.5625
10383,-2.40625
10384,-1.25
10385,0
10386,0.03125
10387,-0.03125
10388,3.96875
10389,-4
10390,0.03125
10391,0
10392,0.0625
10393,-0.03125
10394,-0.0625
10395,0
10396,-3.375
10397,-2.21875
10398,-1.0625
10399,0.09375
10400,1.25
10401,0
10402,0.03125
10403,-0.03125
10404,3.96875
10405,-4
10406,0.03125
10407,0
10408,0.0625
10409,-0.03125
10410,-0.0625
10411,0
10412,-0.875
10413,0.28125
10414,1.4375
10415,2.59375
10416,3.75
10417,0
10418,0.03125
10419,-0.03125
10420,3.96875
10421,-4
10422,0.03125
10423,0
10424,0.0625
10425,-0.03125
10426,-0.0625
10427,0
10428,1.625
10429,2.78125
10430,3.9375
10431,-2.90625
10432,-1.75
10433,0
10434,0.03125
10435,-0.03125
10436,3.96875
10437,-4
10438,0.03125
10439,0
10440,0.0625
10441,-0.03125
10442,-0.0625
10443,0
10444,-3.875
10445,-2.71875
10446,-1.5625
10447,-0.40625
10448,0.75
10449,0
10450,0.03125
10451,-0.03125
10452,3.96875
10453,-4
10454,0.03125
10455,0
10456,0.0625
10457,-0.03125
10458,-0.0625
10459,0
10460,-1.375
10461,-0.21875
10462,0.9375
10463,2.09375
10464,3.25
10465,0
10466,0.03125
10467,-0.03125
10468,3.96875
10469,-4
10470,0.03125
10471,0
10472,0.0625
10473,-0.03125
10474,-0.0625
10475,0
10476,1.125
10477,2.28125
10478,3.4375
10479,-3.40625
10480,-2.25
10481,0
10482,0.03125
10483,-0.03125
10484,3.96875
10485,-4
10486,0.03125
10487,0
10488,0.0625
10489,-0.03125
10490,-0.0625
10491,0
10492,3.625
10493,-3.21875
10494,-2.0625
10495,-0.90625
10496,0.25
10497,0
10498,0.03125
10499,-0.03125
10500,3.96875
10501,-4
10502,0.03125
10503,0
10504,0.0625
10505,-0.03125
10506,-0.0625
10507,0
10508,-1.875
10509,-0.71875
10510,0.4375
10511,1.59375
10512,2.75
10513,0
10514,0.03125
10515,-0.03125
10516,3.96875
10517,-4
10518,0.03125
10519,0
10520,0.0625
10521,-0.03125
10522,-0.0625
10523,0
10524,0.625
10525,1.78125
10526,2.9375
10527,-3.90625
10528,-2.75
10529,0
10530,0.03125
10531,-0.03125
10532,3.96875
10533,-4
10534,0.03125
10535,0
10536,0.0625
10537,-0.03125
10538,-0.0625
10539,0
10540,3.125
10541,-3.71875
10542,-2.5625
10543,-1.40625
10544,-0.25
10545,0
10546,0.03125
10547,-0.03125
10548,3.96875
10549,-4
10550,0.03125
10551,0
10552,0.0625
10553,-0.03125
10554,-0.0625
10555,0
10556,-2.375
10557,-1.21875
10558,-0.0625
10559,1.09375
10560,2.25
10561,0
10562,0.03125
10563,-0.03125
10564,3.96875
10565,-4
10566,0.03125
10567,0
10568,0.0625
10569,-0.03125
10570,-0.0625
10571,0
10572,0.125
10573,1.28125
10574,2.4375
10575,3.59375
10576,-3.25
10577,0
10578,0.03125
10579,-0.03125
10580,3.96875
10581,-4
10582,0.03125
10583,0
10584,0.0625
10585,-0.03125
10586,-0.0625
10587,0
10588,2.625
10589,3.78125
10590,-3.0625
10591,-1.90625
10592,-0.75
10593,0
10594,0.03125
10595,-0.03125
10596,3.96875
10597,-4
10598,0.03125
10599,0
10600,0.0625
10601,-0.03125
10602,-0.0625
10603,0
10604,-2.875
10605,-1.71875
10606,-0.5625
10607,0.59375
10608,1.75
10609,0
10610,0.03125
10611,-0.03125
10612,3.96875
10613,-4
10614,0.03125
10615,0
10616,0.0625
10617,-0.03125
10618,-0.0625
10619,0
10620,-0.375
10621,0.78125
10622,1.9375
10623,3.09375
10624,-3.75
10625,0
10626,0.03125
10627,-0.03125
10628,3.96875
10629,-4
10630,0.03125
10631,0
10632,0.0625
10633,-0.03125
10634,-0.0625
10635,0
10636,2.125
10637,3.28125
10638,-3.5625
10639,-2.40625
10640,-1.25
10641,0
10642,0.03125
10643,-0.03125
10644,3.96875
10645,-4
10646,0.03125
10647,0
10648,0.0625
10649,-0.03125
10650,-0.0625
10651,0
10652,-3.375
10653,-2.21875
10654,-1.0625
10655,0.09375
10656,1.25
10657,0
10658,0.03125
10659,-0.03125
10660,3.96875
10661,-4
10662,0.03125
10663,0
10664,0.0625
10665,-0.03125
10666,-0.0625
10667,0
10668,-0.875
10669,0.28125
10670,1.4375
10671,2.59375
10672,3.75
10673,0
10674,0.03125
10675,-0.03125
10676,3.96875
10677,-4
10678,0.03125
10679,0
10680,0.0625
10681,-0.03125
10682,-0.0625
10683,0
10684,1.625
10685,2.78125
10686,3.9375
10687,-2.90625
10688,-1.75
10689,0
10690,0.03125
10691,-0.03125
10692,3.96875
10693,-4
10694,0.03125
10695,0
10696,0.0625
10697,-0.03125
10698,-0.0625
10699,0
10700,-3.875
10701,-2.71875
10702,-1.5625
10703,-0.40625
10704,0.75
10705,0
10706,0.03125
10707,-0.03125
10708,3.96875
10709,-4
10710,0.03125
10711,0
10712,0.0625
10713,-0.03125
10714,-0.0625
10715,0
10716,-1.375
10717,-0.21875
10718,0.9375
10719,2.09375
10720,3.25
10721,0
10722,0.03125
10723,-0.03125
10724,3.96875
10725,-4
10726,0.03125
10727,0
10728,0.0625
10729,-0.03125
10730,-0.0625
10731,0
10732,1.125
10733,2.28125
10734,3.4375
10735,-3.40625
10736,-2.25
10737,0
10738,0.03125
10739,-0.03125
10740,3.96875
10741,-4
10742,0.03125
10743,0
10744,0.0625
10745,-0.03125
10746,-0.0625
10747,0
10748,3.625
10749,-3.21875
10750,-2.0625
10751,-0.90625
10752,0.25
10753,0
10754,0.03125
10755,-0.03125
10756,3.96875
10757,-4
10758,0.03125
10759,0
10760,0.0625
10761,-0.03125
10762,-0.0625
10763,0
10764,-1.875
10765,-0.71875
10766,0.4375
10767,1.59375
10768,2.75
10769,0
10770,0.03125
10771,-0.03125
10772,3.96875
10773,-4
10774,0.03125
10775,0
10776,0.0625
10777,-0.03125
10778,-0.0625
10779,0
10780,0.625
10781,1.78125
10782,2.9375
10783,-3.90625
10784,-2.75
10785,0
10786,0.03125
10787,-0.03125
10788,3.96875
10789,-4
10790,0.03125
10791,0
10792,0.0625
10793,-0.03125
10794,-0.0625
10795,0
10796,3.125
10797,-3.71875
10798,-2.5625
10799,-1.40625
10800,-0.25
10801,0
10802,0.03125
10803,-0.03125
10804,3.96875
10805,-4
10806,0.03125
10807,0
10808,0.0625
10809,-0.03125
10810,-0.0625
10811,0
10812,-2.375
10813,-1.21875
10814,-0.0625
10815,1.09375
10816,2.25
10817,0
10818,0.03125
10819,-0.03125
10820,3.96875
10821,-4
10822,0.03125
10823,0
10824,0.0625
10825,-0.03125
10826,-0.0625
10827,0
10828,0.125
10829,1.28125
10830,2.4375
10831,3.59375
10832,-3.25
10833,0
10834,0.03125
10835,-0.03125
10836,3.96875
10837,-4
10838,0.03125
10839,0
10840,0.0625
10841,-0.03125
10842,-0.0625
10843,0
10844,2.625
10845,3.78125
10846,-3.0625
10847,-1.90625
10848,-0.75
10849,0
10850,0.03125
10851,-0.03125
10852,3.96875
10853,-4
10854,0.03125
10855,0
10856,0.0625
10857,-0.03125
10858,-0.0625
10859,0
10860,-2.875
10861,-1.71875
10862,-0.5625
10863,0.59375
10864,1.75
10865,0
10866,0.03125
10867,-0.03125
10868,3.96875
10869,-4
10870,0.03125
10871,0
10872,0.0625
10873,-0.03125
10874,-0.0625
10875,0
10876,-0.375
10877,0.78125
10878,1.9375
10879,3.09375
10880,-3.75
10881,0
10882,0.03125
10883,-0.03125
10884,3.96875
10885,-4
10886,0.03125
10887,0
10888,0.0625
10889,-0.03125
10890,-0.0625
10891,0
10892,2.125
10893,3.28125
10894,-3.5625
10895,-2.40625
10896,-1.25
10897,0
10898,0.03125
10899,-0.03125
10900,3.96875
10901,-4
10902,0.03125
10903,0
10904,0.0625
10905,-0.03125
10906,-0.0625
10907,0
10908,-3.375
10909,-2.21875
10910,-1.0625
10911,0.09375
10912,1.25
10913,0
10914,0.03125
10915,-0.03125
10916,3.96875
10917,-4
10918,0.03125
10919,0
10920,0.0625
10921,-0.03125
10922,-0.0625
10923,0
10924,-0.875
10925,0.28125
10926,1.4375
10927,2.59375
10928,3.75
10929,0
10930,0.03125
10931,-0.03125
10932,3.96875
10933,-4
10934,0.03125
10935,0
10936,0.0625
10937,-0.03125
10938,-0.0625
10939,0
10940,1.625
10941,2.78125
10942,3.9375
10943,-2.90625
10944,-1.75
10945,0
10946,0.03125
10947,-0.03125
10948,3.96875
10949,-4
10950,0.03125
10951,0
10952,0.0625
10953,-0.03125
10954,-0.0625
10955,0
10956,-3.875
10957,-2.71875
10958,-1.5625
10959,-0.40625
10960,0.75
10961,0
10962,0.03125
10963,-0.03125
10964,3.96875
10965,-4
10966,0.03125
10967,0
10968,0.0625
10969,-0.03125
10970,-0.0625
10971,0
10972,-1.375
10973,-0.21875
10974,0.9375
10975,2.09375
10976,3.25
10977,0
10978,0.03125
10979,-0.03125
10980,3.96875
10981,-4
10982,0.03125
10983,0
10984,0.0625
10985,-0.03125
10986,-0.0625
10987,0
10988,1.125
10989,2.28125
10990,3.4375
10991,-3.40625
10992,-2.25
10993,0
10994,0.03125
10995,-0.03125
10996,3.96875
10997,-4
10998,0.03125
10999,0
11000,0.0625
11001,-0.03125
11002,-0.0625
11003,0
11004,3.625
11005,-3.21875
11006,-2.0625
11007,-0.90625
11008,0.25
11009,0
11010,0.03125
11011,-0.03125
11012,3.96875
11013,-4
11014,0.03125
11015,0
11016,0.0625
11017,-0.03125
11018,-0.0625
11019,0
11020,-1.875
11021,-0.71875
11022,0.4375
11023,1.59375
11024,2.75
11025,0
11026,0.03125
11027,-0.03125
11028,3.96875
11029,-4
11030,0.03125
11031,0
11032,0.0625
11033,-0.03125
11034,-0.0625
11035,0
11036,0.625
11037,1.78125
11038,2.9375
11039,-3.90625
11040,-2.75
11041,0
11042,0.03125
11043,-0.03125
11044,3.96875
11045,-4
11046,0.03125
11047,0
11048,0.0625
11049,-0.03125
11050,-0.0625
11051,0
11052,3.125
11053,-3.71875
11054,-2.5625
11055,-1.40625
11056,-0.25
11057,0
11058,0.03125
11059,-0.03125
11060,3.96875
11061,-4
11062,0.03125
11063,0
11064,0.0625
11065,-0.03125
11066,-0.0625
11067,0
11068,-2.375
11069,-1.21875
11070,-0.0625
11071,1.09375
11072,2.25
11073,0
11074,0.03125
11075,-0.03125
11076,3.96875
11077,-4
11078,0.03125
11079,0
11080,0.0625
11081,-0.03125
11082,-0.0625
11083,0
11084,0.125
11085,1.28125
11086,2.4375
11087,3.59375
11088,-3.25
11089,0
11090,0.03125
11091,-0.03125
11092,3.96875
11093,-4
11094,0.03125
11095,0
11096,0.0625
11097,-0.03125
11098,-0.0625
11099,0
11100,2.625
11101,3.78125
11102,-3.0625
11103,-1.90625
11104,-0.75
11105,0
11106,0.03125
11107,-0.03125
11108,3.96875
11109,-4
11110,0.03125
11111,0
11112,0.0625
11113,-0.03125
11114,-0.0625
11115,0
11116,-2.875
11117,-1.71875
11118,-0.5625
11119,0.59375
11120,1.75
11121,0
11122,0.03125
11123,-0.03125
11124,3.96875
11125,-4
11126,0.03125
11127,0
11128,0.0625
11129,-0.03125
11130,-0.0625
11131,0
11132,-0.375
11133,0.78125
11134,1.9375
11135,3.09375
11136,-3.75
11137,0
11138,0.03125
11139,-0.03125
11140,3.96875
11141,-4
11142,0.03125
11143,0
11144,0.0625
11145,-0.03125
11146,-0.0625
11147,0
11148,2.125
11149,3.28125
11150,-3.5625
11151,-2.40625
11152,-1.25
11153,0
11154,0.03125
11155,-0.03125
11156,3.96875
11157,-4
11158,0.03125
11159,0
11160,0.0625
11161,-0.03125
11162,-0.0625
11163,0
11164,-3.375
11165,-2.21875
11166,-1.0625
11167,0.09375
11168,1.25
11169,0
11170,0.03125
11171,-0.03125
11172,3.96875
11173,-4
11174,0.03125
11175,0
11176,0.0625
11177,-0.03125
11178,-0.0625
11179,0
11180,-0.875
11181,0.28125
11182,1.4375
11183,2.59375
11184,3.75
11185,0
11186,0.03125
11187,-0.03125
11188,3.96875
11189,-4
11190,0.03125
11191,0
11192,0.0625
11193,-0.03125
11194,-0.0625
11195,0
11196,1.625
11197,2.78125
11198,3.9375
11199,-2.90625
11200,-1.75
11201,0
11202,0.03125
11203,-0.03125
11204,3.96875
11205,-4
11206,0.03125
11207,0
11208,0.0625
11209,-0.03125
11210,-0.0625
11211,0
11212,-3.875
11213,-2.71875
11214,-1.5625
11215,-0.40625
11216,0.75
11217,0
11218,0.03125
11219,-0.03125
11220,3.96875
11221,-4
11222,0.03125
11223,0
11224,0.0625
11225,-0.03125
11226,-0.0625
11227,0
11228,-1.375
11229,-0.21875
11230,0.9375
11231,2.09375
11232,3.25
11233,0
11234,0.03125
11235,-0.03125
11236,3.96875
11237,-4
11238,0.03125
11239,0
11240,0.0625
11241,-0.03125
11242,-0.0625
11243,0
11244,1.125
11245,2.28125
11246,3.4375
11247,-3.40625
11248,-2.25
11249,0
11250,0.03125
11251,-0.03125
11252,3.96875
11253,-4
11254,0.03125
11255,0
11256,0.0625
11257,-0.03125
11258,-0.0625
11259,0
11260,3.625
11261,-3.21875
11262,-2.0625
11263,-0.90625
11264,0.25
11265,0
11266,0.03125
11267,-0.03125
11268,3.96875
11269,-4
11270,0.03125
11271,0
11272,0.0625
11273,-0.03125
11274,-0.0625
11275,0
11276,-1.875
11277,-0.71875
11278,0.4375
11279,1.59375
11280,2.75
11281,0
11282,0.03125
11283,-0.03125
11284,3.96875
11285,-4
11286,0.03125
11287,0
11288,0.0625
11289,-0.03125
11290,-0.0625
11291,0
11292,0.625
11293,1.78125
11294,2.9375
11295,-3.90625
11296,-2.75
11297,0
11298,0.03125
11299,-0.03125
11300,3.96875
11301,-4
11302,0.03125
11303,0
11304,0.0625
11305,-0.03125
11306,-0.0625
11307,0
11308,3.125
11309,-3.71875
11310,-2.5625
11311,-1.40625
11312,-0.25
11313,0
11314,0.03125
11315,-0.03125
11316,3.96875
11317,-4
11318,0.03125
11319,0
11320,0.0625
11321,-0.03125
11322,-0.0625
11323,0
11324,-2.375
11325,-1.21875
11326,-0.0625
11327,1.09375
11328,2.25
11329,0
11330,0.03125
11331,-0.03125
11332,3.96875
11333,-4
11334,0.03125
11335,0
11336,0.0625
11337,-0.03125
11338,-0.0625
11339,0
11340,0.125
11341,1.28125
11342,2.4375
11343,3.59375
11344,-3.25
11345,0
11346,0.03125
11347,-0.03125
11348,3.96875
11349,-4
11350,0.03125
11351,0
11352,0.0625
11353,-0.03125
11354,-0.0625
11355,0
11356,2.625
11357,3.78125
11358,-3.0625
11359,-1.90625
11360,-0.75
11361,0
11362,0.03125
11363,-0.03125
11364,3.96875
11365,-4
11366,0.03125
11367,0
11368,0.0625
11369,-0.03125
11370,-0.0625
11371,0
11372,-2.875
11373,-1.71875
11374,-0.5625
11375,0.59375
11376,1.75
11377,0
11378,0.03125
11379,-0.03125
11380,3.96875
11381,-4
11382,0.03125
11383,0
11384,0.0625
11385,-0.03125
11386,-0.0625
11387,0
11388,-0.375
11389,0.78125
11390,1.9375
11391,3.09375
11392,-3.75
11393,0
11394,0.03125
11395,-0.03125
11396,3.96875
11397,-4
11398,0.03125
11399,0
11400,0.0625
11401,-0.03125
11402,-0.0625
11403,0
11404,2.125
11405,3.28125
11406,-3.5625
11407,-2.40625
11408,-1.25
11409,0
11410,0.03125
11411,-0.03125
11412,3.96875
11413,-4
11414,0.03125
11415,0
11416,0.0625
11417,-0.03125
11418,-0.0625
11419,0
11420,-3.375
11421,-2.21875
11422,-1.0625
11423,0.09375
11424,1.25
11425,0
11426,0.03125
11427,-0.03125
11428,3.96875
11429,-4
11430,0.03125
11431,0
11432,0.0625
11433,-0.03125
11434,-0.0625
11435,0
11436,-0.875
11437,0.28125
11438,1.4375
11439,2.59375
11440,3.75
11441,0
11442,0.03125
11443,-0.03125
11444,3.96875
11445,-4
11446,0.03125
11447,0
11448,0.0625
11449,-0.03125
11450,-0.0625
11451,0
11452,1.625
11453,2.78125
11454,3.9375
11455,-2.90625
11456,-1.75
11457,0
11458,0.03125
11459,-0.03125
11460,3.96875
11461,-4
11462,0.03125
11463,0
11464,0.0625
11465,-0.03125
11466,-0.0625
11467,0
11468,-3.875
11469,-2.71875
11470,-1.5625
11471,-0.40625
11472,0.75
11473,0
11474,0.03125
11475,-0.03125
11476,3.96875
11477,-4
11478,0.03125
11479,0
11480,0.0625
11481,-0.03125
11482,-0.0625
11483,0
11484,-1.375
11485,-0.21875
11486,0.9375
11487,2.09375
11488,3.25
11489,0
11490,0.03125
11491,-0.03125
11492,3.96875
11493,-4
11494,0.03125
11495,0
11496,0.0625
11497,-0.03125
11498,-0.0625
11499,0
11500,1.125
11501,2.28125
11502,3.4375
11503,-3.40625
11504,-2.25
11505,0
11506,0.03125
11507,-0.03125
11508,3.96875
11509,-4
11510,0.03125
11511,0
11512,0.0625
11513,-0.03125
11514,-0.0625
11515,0
11516,3.625
11517,-3.21875
11518,-2.0625
11519,-0.90625
11520,0.25
11521,0
11522,0.03125
11523,-0.03125
11524,3.96875
11525,-4
11526,0.03125
11527,0
11528,0.0625
11529,-0.03125
11530,-0.0625
11531,0
11532,-1.875
11533,-0.71875
11534,0.4375
11535,1.59375
11536,2.75
11537,0
11538,0.03125
11539,-0.03125
11540,3.96875
11541,-4
11542,0.03125
11543,0
11544,0.0625
11545,-0.03125
11546,-0.0625
11547,0
11548,0.625
11549,1.78125
11550,2.9375
11551,-3.90625
11552,-2.75
11553,0
11554,0.03125
11555,-0.03125
11556,3.96875
11557,-4
11558,0.03125
11559,0
11560,0.0625
11561,-0.03125
11562,-0.0625
11563,0
11564,3.125
11565,-3.71875
11566,-2.5625
11567,-1.40625
11568,-0.25
11569,0
11570,0.03125
11571,-0.03125
11572,3.96875
11573,-4
11574,0.03125
11575,0
11576,0.0625
11577,-0.03125
11578,-0.0625
11579,0
11580,-2.375
11581,-1.21875
11582,-0.0625
11583,1.09375
11584,2.25
11585,0
11586,0.03125
11587,-0.03125
11588,3.96875
11589,-4
11590,0.03125
11591,0
11592,0.0625
11593,-0.03125
11594,-0.0625
11595,0
11596,0.125
11597,1.28125
11598,2.4375
11599,3.59375
11600,-3.25
11601,0
11602,0.03125
11603,-0.03125
11604,3.96875
11605,-4
11606,0.03125
11607,0
11608,0.0625
11609,-0.03125
11610,-0.0625
11611,0
11612,2.625
11613,3.78125
11614,-3.0625
11615,-1.90625
11616,-0.75
11617,0
11618,0.03125
11619,-0.03125
11620,3.96875
11621,-4
11622,0.03125
11623,0
11624,0.0625
11625,-0.03125
11626,-0.0625
11627,0
11628,-2.875
11629,-1.71875
11630,-0.5625
11631,0.59375
11632,1.75
11633,0
11634,0.03125
11635,-0.03125
11636,3.96875
11637,-4
11638,0.03125
11639,0
11640,0.0625
11641,-0.03125
11642,-0.0625
11643,0
11644,-0.375
11645,0.78125
11646,1.9375
11647,3.09375
11648,-3.75
11649,0
11650,0.03125
11651,-0.03125
11652,3.96875
11653,-4
11654,0.03125
11655,0
11656,0.0625
11657,-0.03125
11658,-0.0625
11659,0
11660,2.125
11661,3.28125
11662,-3.5625
11663,-2.40625
11664,-1.25
11665,0
11666,0.03125
11667,-0.03125
11668,3.96875
11669,-4
11670,0.03125
11671,0
11672,0.0625
11673,-0.03125
11674,-0.0625
11675,0
11676,-3.375
11677,-2.21875
11678,-1.0625
11679,0.09375
11680,1.25
11681,0
11682,0.03125
11683,-0.03125
11684,3.96875
11685,-4
11686,0.03125
11687,0
11688,0.0625
11689,-0.03125
11690,-0.0625
11691,0
11692,-0.875
11693,0.28125
11694,1.4375
11695,2.59375
11696,3.75
11697,0
11698,0.03125
11699,-0.03125
11700,3.96875
11701,-4
11702,0.03125
11703,0
11704,0.0625
11705,-0.03125
11706,-0.0625
11707,0
11708,1.625
11709,2.78125
11710,3.9375
11711,-2.90625
11712,-1.75
11713,0
11714,0.03125
11715,-0.03125
11716,3.96875
11717,-4
11718,0.03125
11719,0
11720,0.0625
11721,-0.03125
11722,-0.0625
11723,0
11724,-3.875
11725,-2.71875
11726,-1.5625
11727,-0.40625
11728,0.75
11729,0
11730,0.03125
11731,-0.03125
11732,3.96875
11733,-4
11734,0.03125
11735,0
11736,0.0625
11737,-0.03125
11738,-0.0625
11739,0
11740,-1.375
11741,-0.21875
11742,0.9375
11743,2.09375
11744,3.25
11745,0
11746,0.03125
11747,-0.03125
11748,3.96875
11749,-4
11750,0.03125
11751,0
11752,0.0625
11753,-0.03125
11754,-0.0625
11755,0
11756,1.125
11757,2.28125
11758,3.4375
11759,-3.40625
11760,-2.25
11761,0
11762,0.03125
11763,-0.03125
11764,3.96875
11765,-4
11766,0.03125
11767,0
11768,0.0625
11769,-0.03125
11770,-0.0625
11771,0
11772,3.625
11773,-3.21875
11774,-2.0625
11775,-0.90625
11776,0.25
11777,0
11778,0.03125
11779,-0.03125
11780,3.96875
11781,-4
11782,0.03125
11783,0
11784,0.0625
11785,-0.03125
11786,-0.0625
11787,0
11788,-1.875
11789,-0.71875
11790,0.4375
11791,1.59375
11792,2.75
11793,0
11794,0.03125
11795,-0.03125
11796,3.96875
11797,-4
11798,0.03125
11799,0
11800,0.0625
11801,-0.03125
11802,-0.0625
11803,0
11804,0.625
11805,1.78125
11806,2.9375
11807,-3.90625
11808,-2.75
11809,0
11810,0.03125
11811,-0.03125
11812,3.96875
11813,-4
11814,0.03125
11815,0
11816,0.0625
11817,-0.03125
11818,-0.0625
11819,0
11820,3.125
11821,-3.71875
11822,-2.5625
11823,-1.40625
11824,-0.25
11825,0
11826,0.03125
11827,-0.03125
11828,3.96875
11829,-4
11830,0.03125
11831,0
11832,0.0625
11833,-0.03125
11834,-0.0625
11835,0
11836,-2.375
11837,-1.21875
11838,-0.0625
11839,1.09375
11840,2.25
11841,0
11842,0.03125
11843,-0.03125
11844,3.96875
11845,-4
11846,0.03125
11847,0
11848,0.0625
11849,-0.03125
11850,-0.0625
11851,0
11852,0.125
11853,1.28125
11854,2.4375
11855,3.59375
11856,-3.25
11857,0
11858,0.03125
11859,-0.03125
11860,3.96875
11861,-4
11862,0.03125
11863,0
11864,0.0625
11865,-0.03125
11866,-0.0625
11867,0
11868,2.625
11869,3.78125
11870,-3.0625
11871,-1.90625
11872,-0.75
11873,0
11874,0.03125
11875,-0.03125
11876,3.96875
11877,-4
11878,0.03125
11879,0
11880,0.0625
11881,-0.03125
11882,-0.0625
11883,0
11884,-2.875
11885,-1.71875
11886,-0.5625
11887,0.59375
11888,1.75
11889,0
11890,0.03125
11891,-0.03125
11892,3.96875
11893,-4
11894,0.03125
11895,0
11896,0.0625
11897,-0.03125
11898,-0.0625
11899,0
11900,-0.375
11901,0.78125
11902,1.9375
11903,3.09375
11904,-3.75
11905,0
11906,0.03125
11907,-0.03125
11908,3.96875
11909,-4
11910,0.03125
11911,0
11912,0.0625
11913,-0.03125
11914,-0.0625
11915,0
11916,2.125
11917,3.28125
11918,-3.5625
11919,-2.40625
11920,-1.25
11921,0
11922,0.03125
11923,-0.03125
11924,3.96875
11925,-4
11926,0.03125
11927,0
11928,0.0625
11929,-0.03125
11930,-0.0625
11931,0
11932,-3.375
11933,-2.21875
11934,-1.0625
11935,0.09375
11936,1.25
11937,0
11938,0.03125
11939,-0.03125
11940,3.96875
11941,-4
11942,0.03125
11943,0
11944,0.0625
11945,-0.03125
11946,-0.0625
11947,0
11948,-0.875
11949,0.28125
11950,1.4375
11951,2.59375
11952,3.75
11953,0
11954,0.03125
11955,-0.03125
11956,3.96875
11957,-4
11958,0.03125
11959,0
11960,0.0625
11961,-0.03125
11962,-0.0625
11963,0
11964,1.625
11965,2.78125
11966,3.9375
11967,-2.90625
11968,-1.75
11969,0
11970,0.03125
11971,-0.03125
11972,3.96875
11973,-4
11974,0.03125
11975,0
11976,0.0625
11977,-0.03125
11978,-0.0625
11979,0
11980,-3.875
11981,-2.71875
11982,-1.5625
11983,-0.40625
11984,0.75
11985,0
11986,0.03125
11987,-0.03125
11988,3.96875
11989,-4
11990,0.03125
11991,0
11992,0.0625
11993,-0.03125
11994,-0.0625
11995,0
11996,-1.375
11997,-0.21875
11998,0.9375
11999,2.09375
12000,3.25
12001,0
12002,0.03125
12003,-0.03125
12004,3.96875
12005,-4
12006,0.03125
12007,0
12008,0.0625
12009,-0.03125
12010,-0.0625
12011,0
12012,1.125
12013,2.28125
12014,3.4375
12015,-3.40625
12016,-2.25
12017,0
12018,0.03125
12019,-0.03125
12020,3.96875
12021,-4
12022,0.03125
12023,0
12024,0.0625
12025,-0.03125
12026,-0.0625
12027,0
12028,3.625
12029,-3.21875
12030,-2.0625
12031,-0.90625
12032,0.25
12033,0
12034,0.03125
12035,-0.03125
12036,3.96875
12037,-4
12038,0.03125
12039,0
12040,0.0625
12041,-0.03125
12042,-0.0625
12043,0
12044,-1.875
12045,-0.71875
12046,0.4375
12047,1.59375
12048,2.75
12049,0
12050,0.03125
12051,-0.03125
12052,3.96875
12053,-4
12054,0.03125
12055,0
12056,0.0625
12057,-0.03125
12058,-0.0625
12059,0
12060,0.625
12061,1.78125
12062,2.9375
12063,-3.90625
12064,-2.75
12065,0
12066,0.03125
12067,-0.03125
12068,3.96875
12069,-4
12070,0.03125
12071,0
12072,0.0625
12073,-0.03125
12074,-0.0625
12075,0
12076,3.125
12077,-3.71875
12078,-2.5625
12079,-1.40625
12080,-0.25
12081,0
12082,0.03125
12083,-0.03125
12084,3.96875
12085,-4
12086,0.03125
12087,0
12088,0.0625
12089,-0.03125
12090,-0.0625
12091,0
12092,-2.375
12093,-1.21875
12094,-0.0625
12095,1.09375
12096,2.25
12097,0
12098,0.03125
12099,-0.03125
12100,3.96875
12101,-4
12102,0.03125
12103,0
12104,0.0625
12105,-0.03125
12106,-0.0625
12107,0
12108,0.125
12109,1.28125
12110,2.4375
12111,3.59375
12112,-3.25
12113,0
12114,0.03125
12115,-0.03125
12116,3.96875
12117,-4
12118,0.03125
12119,0
12120,0.0625
12121,-0.03125
12122,-0.0625
12123,0
12124,2.625
12125,3.78125
12126,-3.0625
12127,-1.90625
12128,-0.75
12129,0
12130,0.03125
12131,-0.03125
12132,3.96875
12133,-4
12134,0.03125
12135,0
12136,0.0625
12137,-0.03125
12138,-0.0625
12139,0
12140,-2.875
12141,-1.71875
12142,-0.5625
12143,0.59375
12144,1.75
12145,0
12146,0.03125
12147,-0.03125
12148,3.96875
12149,-4
12150,0.03125
12151,0
12152,0.0625
12153,-0.03125
12154,-0.0625
12155,0
12156,-0.375
12157,0.78125
12158,1.9375
12159,3.09375
12160,-3.75
12161,0
12162,0.03125
12163,-0.03125
12164,3.96875
12165,-4
12166,0.03125
12167,0
12168,0.0625
12169,-0.03125
12170,-0.0625
12171,0
12172,2.125
12173,3.28125
12174,-3.5625
12175,-2.40625
12176,-1.25
12177,0
12178,0.03125
12179,-0.03125
12180,3.96875
12181,-4
12182,0.03125
12183,0
12184,0.0625
12185,-0.03125
12186,-0.0625
12187,0
12188,-3.375
12189,-2.21875
12190,-1.0625
12191,0.09375
12192,1.25
12193,0
12194,0.03125
12195,-0.03125
12196,3.96875
12197,-4
12198,0.03125
12199,0
12200,0.0625
12201,-0.03125
12202,-0.0625
12203,0
12204,-0.875
12205,0.28125
12206,1.4375
12207,2.59375
12208,3.75
12209,0
12210,0.03125
12211,-0.03125
12212,3.96875
12213,-4
12214,0.03125
12215,0
12216,0.0625
12217,-0.03125
12218,-0.0625
12219,0
12220,1.625
12221,2.78125
12222,3.9375
12223,-2.90625
12224,-1.75
12225,0
12226,0.03125
12227,-0.03125
12228,3.96875
12229,-4
12230,0.03125
12231,0
12232,0.0625
12233,-0.03125
12234,-0.0625
12235,0
12236,-3.875
12237,-2.71875
12238,-1.5625
12239,-0.40625
12240,0.75
12241,0
12242,0.03125
12243,-0.03125
12244,3.96875
12245,-4
12246,0.03125
12247,0
12248,0.0625
12249,-0.03125
12250,-0.0625
12251,0
12252,-1.375
12253,-0.21875
12254,0.9375
12255,2.09375
12256,3.25
12257,0
12258,0.03125
12259,-0.03125
12260,3.96875
12261,-4
12262,0.03125
12263,0
12264,0.0625
12265,-0.03125
12266,-0.0625
12267,0
12268,1.125
12269,2.28125
12270,3.4375
12271,-3.40625
12272,-2.25
12273,0
12274,0.03125
12275,-0.03125
12276,3.96875
12277,-4
12278,0.03125
12279,0
12280,0.0625
12281,-0.03125
12282,-0.0625
12283,0
12284,3.625
12285,-3.21875
12286,-2.0625
12287,-0.90625
12288,0.25
12289,0
12290,0.03125
12291,-0.03125
12292,3.96875
12293,-4
12294,0.03125
12295,0
12296,0.0625
12297,-0.03125
12298,-0.0625
12299,0
12300,-1.875
12301,-0.71875
12302,0.4375
12303,1.59375
12304,2.75
12305,0
12306,0.03125
12307,-0.03125
12308,3.96875
12309,-4
12310,0.03125
12311,0
12312,0.0625
12313,-0.03125
12314,-0.0625
12315,0
12316,0.625
12317,1.78125
12318,2.9375
12319,-3.90625
12320,-2.75
12321,0
12322,0.03125
12323,-0.03125
12324,3.96875
12325,-4
12326,0.03125
12327,0
12328,0.0625
12329,-0.03125
12330,-0.0625
12331,0
12332,3.125
12333,-3.71875
12334,-2.5625
12335,-1.40625
12336,-0.25
12337,0
12338,0.03125
12339,-0.03125
12340,3.96875
12341,-4
12342,0.03125
12343,0
12344,0.0625
12345,-0.03125
12346,-0.0625
12347,0
12348,-2.375
12349,-1.21875
12350,-0.0625
12351,1.09375
12352,2.25
12353,0
12354,0.03125
12355,-0.03125
12356,3.96875
12357,-4
12358,0.03125
12359,0
12360,0.0625
12361,-0.03125
12362,-0.0625
12363,0
12364,0.125
12365,1.28125
12366,2.4375
12367,3.59375
12368,-3.25
12369,0
12370,0.03125
12371,-0.03125
12372,3.96875
12373,-4
12374,0.03125
12375,0
12376,0.0625
12377,-0.03125
12378,-0.0625
12379,0
12380,2.625
12381,3.78125
12382,-3.0625
12383,-1.90625
12384,-0.75
12385,0
12386,0.03125
12387,-0.03125
12388,3.96875
12389,-4
12390,0.03125
12391,0
12392,0.0625
12393,-0.03125
12394,-0.0625
12395,0
12396,-2.875
12397,-1.71875
12398,-0.5625
12399,0.59375
12400,1.75
12401,0
12402,0.03125
12403,-0.03125
12404,3.96875
12405,-4
12406,0.03125
12407,0
12408,0.0625
12409,-0.03125
12410,-0.0625
12411,0
12412,-0.375
12413,0.78125
12414,1.9375
12415,3.09375
12416,-3.75
12417,0
12418,0.03125
12419,-0.03125
12420,3.96875
12421,-4
12422,0.03125
12423,0
12424,0.0625
12425,-0.03125
12426,-0.0625
12427,0
12428,2.125
12429,3.28125
12430,-3.5625
12431,-2.40625
12432,-1.25
12433,0
12434,0.03125
12435,-0.03125
12436,3.96875
12437,-4
12438,0.03125
12439,0
12440,0.0625
12441,-0.03125
12442,-0.0625
12443,0
12444,-3.375
12445,-2.21875
12446,-1.0625
12447,0.09375
12448,1.25
12449,0
12450,0.03125
12451,-0.03125
12452,3.96875
12453,-4
12454,0.03125
12455,0
12456,0.0625
12457,-0.03125
12458,-0.0625
12459,0
12460,-0.875
12461,0.28125
12462,1.4375
12463,2.59375
12464,3.75
12465,0
12466,0.03125
12467,-0.03125
12468,3.96875
12469,-4
12470,0.03125
12471,0
12472,0.0625
12473,-0.03125
12474,-0.0625
12475,0
12476,1.625
12477,2.78125
12478,3.9375
12479,-2.90625
12480,-1.75
12481,0
12482,0.03125
12483,-0.03125
12484,3.96875
12485,-4
12486,0.03125
12487,0
12488,0.0625
12489,-0.03125
12490,-0.0625
12491,0
12492,-3.875
12493,-2.71875
12494,-1.5625
12495,-0.40625
12496,0.75
12497,0
12498,0.03125
12499,-0.03125
12500,3.96875
12501,-4
12502,0.03125
12503,0
12504,0.0625
12505,-0.03125
12506,-0.0625
12507,0
12508,-1.375
12509,-0.21875
12510,0.9375
12511,2.09375
12512,3.25
12513,0
12514,0.03125
12515,-0.03125
12516,3.96875
12517,-4
12518,0.03125
12519,0
12520,0.0625
12521,-0.03125
12522,-0.0625
12523,0
12524,1.125
12525,2.28125
12526,3.4375
12527,-3.40625
12528,-2.25
12529,0
12530,0.03125
12531,-0.03125
12532,3.96875
12533,-4
12534,0.03125
12535,0
12536,0.0625
12537,-0.03125
12538,-0.0625
12539,0
12540,3.625
12541,-3.21875
12542,-2.0625
12543,-0.90625
12544,0.25
12545,0
12546,0.03125
12547,-0.03125
12548,3.96875
12549,-4
12550,0.03125
12551,0
12552,0.0625
12553,-0.03125
12554,-0.0625
12555,0
12556,-1.875
12557,-0.71875
12558,0.4375
12559,1.59375
12560,2.75
12561,0
12562,0.03125
12563,-0.03125
12564,3.96875
12565,-4
12566,0.03125
12567,0
12568,0.0625
12569,-0.03125
12570,-0.0625
12571,0
12572,0.625
12573,1.78125
12574,2.9375
12575,-3.90625
12576,-2.75
12577,0
12578,0.03125
12579,-0.03125
12580,3.96875
12581,-4
12582,0.03125
12583,0
12584,0.0625
12585,-0.03125
12586,-0.0625
12587,0
12588,3.125
12589,-3.71875
12590,-2.5625
12591,-1.40625
12592,-0.25
12593,0
12594,0.03125
12595,-0.03125
12596,3.96875
12597,-4
12598,0.03125
12599,0
12600,0.0625
12601,-0.03125
12602,-0.0625
12603,0
12604,-2.375
12605,-1.21875
12606,-0.0625
12607,1.09375
12608,2.25
12609,0
12610,0.03125
12611,-0.03125
12612,3.96875
12613,-4
12614,0.03125
12615,0
12616,0.0625
12617,-0.03125
12618,-0.0625
12619,0
12620,0.125
12621,1.28125
12622,2.4375
12623,3.59375
12624,-3.25
12625,0
12626,0.03125
12627,-0.03125
12628,3.96875
12629,-4
12630,0.03125
12631,0
12632,0.0625
12633,-0.03125
12634,-0.0625
12635,0
12636,2.625
12637,3.78125
12638,-3.0625
12639,-1.90625
12640,-0.75
12641,0
12642,0.03125
12643,-0.03125
12644,3.96875
12645,-4
12646,0.03125
12647,0
12648,0.0625
12649,-0.03125
12650,-0.0625
12651,0
12652,-2.875
12653,-1.71875
12654,-0.5625
12655,0.59375
12656,1.75
12657,0
12658,0.03125
12659,-0.03125
12660,3.96875
12661,-4
12662,0.03125
12663,0
12664,0.0625
12665,-0.03125
12666,-0.0625
12667,0
12668,-0.375
12669,0.78125
12670,1.9375
12671,3.09375
12672,-3.75
12673,0
12674,0.03125
12675,-0.03125
12676,3.96875
12677,-4
12678,0.03125
12679,0
12680,0.0625
12681,-0.03125
12682,-0.0625
12683,0
12684,2.125
12685,3.28125
12686,-3.5625
12687,-2.40625
12688,-1.25
12689,0
12690,0.03125
12691,-0.03125
12692,3.96875
12693,-4
12694,0.03125
12695,0
12696,0.0625
12697,-0.03125
12698,-0.0625
12699,0
12700,-3.375
12701,-2.21875
12702,-1.0625
12703,0.09375
12704,1.25
12705,0
12706,0.03125
12707,-0.03125
12708,3.96875
12709,-4
12710,0.03125
12711,0
12712,0.0625
12713,-0.03125
12714,-0.0625
12715,0
12716,-0.875
12717,0.28125
12718,1.4375
12719,2.59375
12720,3.75
12721,0
12722,0.03125
12723,-0.03125
12724,3.96875
12725,-4
12726,0.03125
12727,0
12728,0.0625
12729,-0.03125
12730,-0.0625
12731,0
12732,1.625
12733,2.78125
12734,3.9375
12735,-2.90625
12736,-1.75
12737,0
12738,0.03125
12739,-0.03125
12740,3.96875
12741,-4
12742,0.03125
12743,0
12744,0.0625
12745,-0.03125
12746,-0.0625
12747,0
12748,-3.875
12749,-2.71875
12750,-1.5625
12751,-0.40625
12752,0.75
12753,0
12754,0.03125
12755,-0.03125
12756,3.96875
12757,-4
12758,0.03125
12759,0
12760,0.0625
12761,-0.03125
12762,-0.0625
12763,0
12764,-1.375
12765,-0.21875
12766,0.9375
12767,2.09375
12768,3.25
12769,0
12770,0.03125
12771,-0.03125
12772,3.96875
12773,-4
12774,0.03125
12775,0
12776,0.0625
12777,-0.03125
12778,-0.0625
12779,0
12780,1.125
12781,2.28125
12782,3.4375
12783,-3.40625
12784,-2.25
12785,0
12786,0.03125
12787,-0.03125
12788,3.96875
12789,-4
12790,0.03125
12791,0
12792,0.0625
12793,-0.03125
12794,-0.0625
12795,0
12796,3.625
12797,-3.21875
12798,-2.0625
12799,-0.90625
12800,0.25
12801,0
12802,0.03125
12803,-0.03125
12804,3.96875
12805,-4
12806,0.03125
12807,0
12808,0.0625
12809,-0.03125
12810,-0.0625
12811,0
12812,-1.875
12813,-0.71875
12814,0.4375
12815,1.59375
12816,2.75
12817,0
12818,0.03125
12819,-0.03125
12820,3.96875
12821,-4
12822,0.03125
12823,0
12824,0.0625
12825,-0.03125
12826,-0.0625
12827,0
12828,0.625
12829,1.78125
12830,2.9375
12831,-3.90625
12832,-2.75
12833,0
12834,0.03125
12835,-0.03125
12836,3.96875
12837,-4
12838,0.03125
12839,0
12840,0.0625
12841,-0.03125
12842,-0.0625
12843,0
12844,3.125
12845,-3.71875
12846,-2.5625
12847,-1.40625
12848,-0.25
12849,0
12850,0.03125
12851,-0.03125
12852,3.96875
12853,-4
12854,0.03125
12855,0
12856,0.0625
12857,-0.03125
12858,-0.0625
12859,0
12860,-2.375
12861,-1.21875
12862,-0.0625
12863,1.09375
12864,2.25
12865,0
12866,0.03125
12867,-0.03125
12868,3.96875
12869,-4
12870,0.03125
12871,0
12872,0.0625
12873,-0.03125
12874,-0.0625
12875,0
12876,0.125
12877,1.28125
12878,2.4375
12879,3.59375
12880,-3.25
12881,0
12882,0.03125
12883,-0.03125
12884,3.96875
12885,-4
12886,0.03125
12887,0
12888,0.0625
12889,-0.03125
12890,-0.0625
12891,0
12892,2.625
12893,3.78125
12894,-3.0625
12895,-1.90625
12896,-0.75
12897,0
12898,0.03125
12899,-0.03125
12900,3.96875
12901,-4
12902,0.03125
12903,0
12904,0.0625
12905,-0.03125
12906,-0.0625
12907,0
12908,-2.875
12909,-1.71875
12910,-0.5625
12911,0.59375
12912,1.75
12913,0
12914,0.03125
12915,-0.03125
12916,3.96875
12917,-4
12918,0.03125
12919,0
12920,0.0625
12921,-0.03125
12922,-0.0625
12923,0
12924,-0.375
12925,0.78125
12926,1.9375
12927,3.09375
12928,-3.75
12929,0
12930,0.03125
12931,-0.03125
12932,3.96875
12933,-4
12934,0.03125
12935,0
12936,0.0625
12937,-0.03125
12938,-0.0625
12939,0
12940,2.125
12941,3.28125
12942,-3.5625
12943,-2.40625
12944,-1.25
12945,0
12946,0.03125
12947,-0.03125
12948,3.96875
12949,-4
12950,0.03125
12951,0
12952,0.0625
12953,-0.03125
12954,-0.0625
12955,0
12956,-3.375
12957,-2.21875
12958,-1.0625
12959,0.09375
12960,1.25
12961,0
12962,0.03125
12963,-0.03125
12964,3.96875
12965,-4
12966,0.03125
12967,0
12968,0.0625
12969,-0.03125
12970,-0.0625
12971,0
12972,-0.875
12973,0.28125
12974,1.4375
12975,2.59375
12976,3.75
12977,0
12978,0.03125
12979,-0.03125
12980,3.96875
12981,-4
12982,0.03125
12983,0
12984,0.0625
12985,-0.03125
12986,-0.0625
12987,0
12988,1.625
12989,2.78125
12990,3.9375
12991,-2.90625
12992,-1.75
12993,0
12994,0.03125
12995,-0.03125
12996,3.96875
12997,-4
12998,0.03125
12999,0
13000,0.0625
13001,-0.03125
13002,-0.0625
13003,0
13004,-3.875
13005,-2.71875
13006,-1.5625
13007,-0.40625
13008,0.75
13009,0
13010,0.03125
13011,-0.03125
13012,3.96875
13013,-4
13014,0.03125
13015,0
13016,0.0625
13017,-0.03125
13018,-0.0625
13019,0
13020,-1.375
13021,-0.21875
13022,0.9375
13023,2.09375
13024,3.25
13025,0
13026,0.03125
13027,-0.03125
13028,3.96875
13029,-4
13030,0.03125
13031,0
13032,0.0625
13033,-0.03125
13034,-0.0625
13035,0
13036,1.125
13037,2.28125
13038,3.4375
13039,-3.40625
13040,-2.25
13041,0
13042,0.03125
13043,-0.03125
13044,3.96875
13045,-4
13046,0.03125
13047,0
13048,0.0625
13049,-0.03125
13050,-0.0625
13051,0
13052,3.625
13053,-3.21875
13054,-2.0625
13055,-0.90625
13056,0.25
13057,0
13058,0.03125
13059,-0.03125
13060,3.96875
13061,-4
13062,0.03125
13063,0
13064,0.0625
13065,-0.03125
13066,-0.0625
13067,0
13068,-1.875
13069,-0.71875
13070,0.4375
13071,1.59375
13072,2.75
13073,0
13074,0.03125
13075,-0.03125
13076,3.96875
13077,-4
13078,0.03125
13079,0
13080,0.0625
13081,-0.03125
13082,-0.0625
13083,0
13084,0.625
13085,1.78125
13086,2.9375
13087,-3.90625
13088,-2.75
13089,0
13090,0.03125
13091,-0.03125
13092,3.96875
13093,-4
13094,0.03125
13095,0
13096,0.0625
13097,-0.03125
13098,-0.0625
13099,0
13100,3.125
13101,-3.71875
13102,-2.5625
13103,-1.40625
13104,-0.25
13105,0
13106,0.03125
13107,-0.03125
13108,3.96875
13109,-4
13110,0.03125
13111,0
13112,0.0625
13113,-0.03125
13114,-0.0625
13115,0
13116,-2.375
13117,-1.21875
13118,-0.0625
13119,1.09375
13120,2.25
13121,0
13122,0.03125
13123,-0.03125
13124,3.96875
13125,-4
13126,0.03125
13127,0
13128,0.0625
13129,-0.03125
13130,-0.0625
13131,0
13132,0.125
13133,1.28125
13134,2.4375
13135,3.59375
13136,-3.25
13137,0
13138,0.03125
13139,-0.03125
13140,3.96875
13141,-4
13142,0.03125
13143,0
13144,0.0625
13145,-0.03125
13146,-0.0625
13147,0
13148,2.625
13149,3.78125
13150,-3.0625
13151,-1.90625
13152,-0.75
13153,0
13154,0.03125
13155,-0.03125
13156,3.96875
13157,-4
13158,0.03125
13159,0
13160,0.0625
13161,-0.03125
13162,-0.0625
13163,0
13164,-2.875
13165,-1.71875
13166,-0.5625
13167,0.59375
13168,1.75
13169,0
13170,0.03125
13171,-0.03125
13172,3.96875
13173,-4
13174,0.03125
13175,0
13176,0.0625
13177,-0.03125
13178,-0.0625
13179,0
13180,-0.375
13181,0.78125
13182,1.9375
13183,3.09375
13184,-3.75
13185,0
13186,0.03125
13187,-0.03125
13188,3.96875
13189,-4
13190,0.03125
13191,0
13192,0.0625
13193,-0.03125
13194,-0.0625
13195,0
13196,2.125
13197,3.28125
13198,-3.5625
13199,-2.40625
13200,-1.25
13201,0
13202,0.03125
13203,-0.03125
13204,3.96875
13205,-4
13206,0.03125
13207,0
13208,0.0625
13209,-0.03125
13210,-0.0625
13211,0
13212,-3.375
13213,-2.21875
13214,-1.0625
13215,0.09375
13216,1.25
13217,0
13218,0.03125
13219,-0.03125
13220,3.96875
13221,-4
13222,0.03125
13223,0
13224,0.0625
13225,-0.03125
13226,-0.0625
13227,0
13228,-0.875
13229,0.28125
13230,1.4375
13231,2.59375
13232,3.75
13233,0
13234,0.03125
13235,-0.03125
13236,3.96875
13237,-4
13238,0.03125
13239,0
13240,0.0625
13241,-0.03125
13242,-0.0625
13243,0
13244,1.625
13245,2.78125
13246,3.9375
13247,-2.90625
13248,-1.75
13249,0
13250,0.03125
13251,-0.03125
13252,3.96875
13253,-4
13254,0.03125
13255,0
13256,0.0625
13257,-0.03125
13258,-0.0625
13259,0
13260,-3.875
13261,-2.71875
13262,-1.5625
13263,-0.40625
13264,0.75
13265,0
13266,0.03125
13267,-0.03125
13268,3.96875
13269,-4
13270,0.03125
13271,0
13272,0.0625
13273,-0.03125
13274,-0.0625
13275,0
13276,-1.375
13277,-0.21875
13278,0.9375
13279,2.09375
13280,3.25
13281,0
13282,0.03125
13283,-0.03125
13284,3.96875
13285,-4
13286,0.03125
13287,0
13288,0.0625
13289,-0.03125
13290,-0.0625
13291,0
13292,1.125
13293,2.28125
13294,3.4375
13295,-3.40625
13296,-2.25
13297,0
13298,0.03125
13299,-0.03125
13300,3.96875
13301,-4
13302,0.03125
13303,0
13304,0.0625
13305,-0.03125
13306,-0.0625
13307,0
13308,3.625
13309,-3.21875
13310,-2.0625
13311,-0.90625
13312,0.25
13313,0
13314,0.03125
13315,-0.03125
13316,3.96875
13317,-4
13318,0.03125
13319,0
13320,0.0625
13321,-0.03125
13322,-0.0625
13323,0
13324,-1.875
13325,-0.71875
13326,0.4375
13327,1.59375
13328,2.75
13329,0
13330,0.03125
13331,-0.03125
13332,3.96875
13333,-4
13334,0.03125
13335,0
13336,0.0625
13337,-0.03125
13338,-0.0625
13339,0
13340,0.625
13341,1.78125
13342,2.9375
13343,-3.90625
13344,-2.75
13345,0
13346,0.03125
13347,-0.03125
13348,3.96875
13349,-4
13350,0.03125
13351,0
13352,0.0625
13353,-0.03125
13354,-0.0625
13355,0
13356,3.125
13357,-3.71875
13358,-2.5625
13359,-1.40625
13360,-0.25
13361,0
13362,0.03125
13363,-0.03125
13364,3.96875
13365,-4
13366,0.03125
13367,0
13368,0.0625
13369,-0.03125
13370,-0.0625
13371,0
13372,-2.375
13373,-1.21875
13374,-0.0625
13375,1.09375
13376,2.25
13377,0
13378,0.03125
13379,-0.03125
13380,3.96875
13381,-4
13382,0.03125
13383,0
13384,0.0625
13385,-0.03125
13386,-0.0625
13387,0
13388,0.125
13389,1.28125
13390,2.4375
13391,3.59375
13392,-3.25
13393,0
13394,0.03125
13395,-0.03125
13396,3.96875
13397,-4
13398,0.03125
13399,0
13400,0.0625
13401,-0.03125
13402,-0.0625
13403,0
13404,2.625
13405,3.78125
13406,-3.0625
13407,-1.90625
13408,-0.75
13409,0
13410,0.03125
13411,-0.03125
13412,3.96875
13413,-4
13414,0.03125
13415,0
13416,0.0625
13417,-0.03125
13418,-0.0625
13419,0
13420,-2.875
13421,-1.71875
13422,-0.5625
13423,0.59375
13424,1.75
13425,0
13426,0.03125
13427,-0.03125
13428,3.96875
13429,-4
13430,0.03125
13431,0
13432,0.0625
13433,-0.03125
13434,-0.0625
13435,0
13436,-0.375
13437,0.78125
13438,1.9375
13439,3.09375
13440,-3.75
13441,0
13442,0.03125
13443,-0.03125
13444,3.96875
13445,-4
13446,0.03125
13447,0
13448,0.0625
13449,-0.03125
13450,-0.0625
13451,0
13452,2.125
13453,3.28125
13454,-3.5625
13455,-2.40625
13456,-1.25
13457,0
13458,0.03125
13459,-0.03125
13460,3.96875
13461,-4
13462,0.03125
13463,0
13464,0.0625
13465,-0.03125
13466,-0.0625
13467,0
13468,-3.375
13469,-2.21875
13470,-1.0625
13471,0.09375
13472,1.25
13473,0
13474,0.03125
13475,-0.03125
13476,3.96875
13477,-4
13478,0.03125
13479,0
13480,0.0625
13481,-0.03125
13482,-0.0625
13483,0
13484,-0.875
13485,0.28125
13486,1.4375
13487,2.59375
13488,3.75
13489,0
13490,0.03125
13491,-0.03125
13492,3.96875
13493,-4
13494,0.03125
13495,0
13496,0.0625
13497,-0.03125
13498,-0.0625
13499,0
13500,1.625
13501,2.78125
13502,3.9375
13503,-2.90625
13504,-1.75
13505,0
13506,0.03125
13507,-0.03125
13508,3.96875
13509,-4
13510,0.03125
13511,0
13512,0.0625
13513,-0.03125
13514,-0.0625
13515,0
13516,-3.875
13517,-2.71875
13518,-1.5625
13519,-0.40625
13520,0.75
13521,0
13522,0.03125
13523,-0.03125
13524,3.96875
13525,-4
13526,0.03125
13527,0
13528,0.0625
13529,-0.03125
13530,-0.0625
13531,0
13532,-1.375
13533,-0.21875
13534,0.9375
13535,2.09375
13536,3.25
13537,0
13538,0.03125
13539,-0.03125
13540,3.96875
13541,-4
13542,0.03125
13543,0
13544,0.0625
13545,-0.03125
13546,-0.0625
13547,0
13548,1.125
13549,2.28125
13550,3.4375
13551,-3.40625
13552,-2.25
13553,0
13554,0.03125
13555,-0.03125
13556,3.96875
13557,-4
13558,0.03125
13559,0
13560,0.0625
13561,-0.03125
13562,-0.0625
13563,0
13564,3.625
13565,-3.21875
13566,-2.0625
13567,-0.90625
13568,0.25
13569,0
13570,0.03125
13571,-0.03125
13572,3.96875
13573,-4
13574,0.03125
13575,0
13576,0.0625
13577,-0.03125
13578,-0.0625
13579,0
13580,-1.875
13581,-0.71875
13582,0.4375
13583,1.59375
13584,2.75
13585,0
13586,0.03125
13587,-0.03125
13588,3.96875
13589,-4
13590,0.03125
13591,0
13592,0.0625
13593,-0.03125
13594,-0.0625
13595,0
13596,0.625
13597,1.78125
13598,2.9375
13599,-3.90625
13600,-2.75
13601,0
13602,0.03125
13603,-0.03125
13604,3.96875
13605,-4
13606,0.03125
13607,0
13608,0.0625
13609,-0.03125
13610,-0.0625
13611,0
13612,3.125
13613,-3.71875
13614,-2.5625
13615,-1.40625
13616,-0.25
13617,0
13618,0.03125
13619,-0.03125
13620,3.96875
13621,-4
13622,0.03125
13623,0
13624,0.0625
13625,-0.03125
13626,-0.0625
13627,0
13628,-2.375
13629,-1.21875
13630,-0.0625
13631,1.09375
13632,2.25
13633,0
13634,0.03125
13635,-0.03125
13636,3.96875
13637,-4
13638,0.03125
13639,0
13640,0.0625
13641,-0.03125
13642,-0.0625
13643,0
13644,0.125
13645,1.28125
13646,2.4375
13647,3.59375
13648,-3.25
13649,0
13650,0.03125
13651,-0.03125
13652,3.96875
13653,-4
13654,0.03125
13655,0
13656,0.0625
13657,-0.03125
13658,-0.0625
13659,0
13660,2.625
13661,3.78125
13662,-3.0625
13663,-1.90625
13664,-0.75
13665,0
13666,0.03125
13667,-0.03125
13668,3.96875
13669,-4
13670,0.03125
13671,0
13672,0.0625
13673,-0.03125
13674,-0.0625
13675,0
13676,-2.875
13677,-1.71875
13678,-0.5625
13679,0.59375
13680,1.75
13681,0
13682,0.03125
13683,-0.03125
13684,3.96875
13685,-4
13686,0.03125
13687,0
13688,0.0625
13689,-0.03125
13690,-0.0625
13691,0
13692,-0.375
13693,0.78125
13694,1.9375
13695,3.09375
13696,-3.75
13697,0
13698,0.03125
13699,-0.03125
13700,3.96875
13701,-4
13702,0.03125
13703,0
13704,0.0625
13705,-0.03125
13706,-0.0625
13707,0
13708,2.125
13709,3.28125
13710,-3.5625
13711,-2.40625
13712,-1.25
13713,0
13714,0.03125
13715,-0.03125
13716,3.96875
13717,-4
13718,0.03125
13719,0
13720,0.0625
13721,-0.03125
13722,-0.0625
13723,0
13724,-3.375
13725,-2.21875
13726,-1.0625
13727,0.09375
13728,1.25
13729,0
13730,0.03125
13731,-0.03125
13732,3.96875
13733,-4
13734,0.03125
13735,0
13736,0.0625
13737,-0.03125
13738,-0.0625
13739,0
13740,-0.875
13741,0.28125
13742,1.4375
13743,2.59375
13744,3.75
13745,0
13746,0.03125
13747,-0.03125
13748,3.96875
13749,-4
13750,0.03125
13751,0
13752,0.0625
13753,-0.03125
13754,-0.0625
13755,0
13756,1.625
13757,2.78125
13758,3.9375
13759,-2.90625
13760,-1.75
13761,0
13762,0.03125
13763,-0.03125
13764,3.96875
13765,-4
13766,0.03125
13767,0
13768,0.0625
13769,-0.03125
13770,-0.0625
13771,0
13772,-3.875
13773,-2.71875
13774,-1.5625
13775,-0.40625
13776,0.75
13777,0
13778,0.03125
13779,-0.03125
13780,3.96875
13781,-4
13782,0.03125
13783,0
13784,0.0625
13785,-0.03125
13786,-0.0625
13787,0
13788,-1.375
13789,-0.21875
13790,0.9375
13791,2.09375
13792,3.25
13793,0
13794,0.03125
13795,-0.03125
13796,3.96875
13797,-4
13798,0.03125
13799,0
13800,0.0625
13801,-0.03125
13802,-0.0625
13803,0
13804,1.125
13805,2.28125
13806,3.4375
13807,-3.40625
13808,-2.25
13809,0
13810,0.03125
13811,-0.03125
13812,3.96875
13813,-4
13814,0.03125
13815,0
13816,0.0625
13817,-0.03125
13818,-0.0625
13819,0
13820,3.625
13821,-3.21875
13822,-2.0625
13823,-0.90625
13824,0.25
13825,0
13826,0.03125
13827,-0.03125
13828,3.96875
13829,-4
13830,0.03125
13831,0
13832,0.0625
13833,-0.03125
13834,-0.0625
13835,0
13836,-1.875
13837,-0.71875
13838,0.4375
13839,1.59375
13840,2.75
13841,0
13842,0.03125
13843,-0.03125
13844,3.96875
13845,-4
13846,0.03125
13847,0
13848,0.0625
13849,-0.03125
13850,-0.0625
13851,0
13852,0.625
13853,1.78125
13854,2.9375
13855,-3.90625
13856,-2.75
13857,0
13858,0.03125
13859,-0.03125
13860,3.96875
13861,-4
13862,0.03125
13863,0
13864,0.0625
13865,-0.03125
13866,-0.0625
13867,0
13868,3.125
13869,-3.71875
13870,-2.5625
13871,-1.40625
13872,-0.25
13873,0
13874,0.03125
13875,-0.03125
13876,3.96875
13877,-4
13878,0.03125
13879,0
13880,0.0625
13881,-0.03125
13882,-0.0625
13883,0
13884,-2.375
13885,-1.21875
13886,-0.0625
13887,1.09375
13888,2.25
13889,0
13890,0.03125
13891,-0.03125
13892,3.96875
13893,-4
13894,0.03125
13895,0
13896,0.0625
13897,-0.03125
13898,-0.0625
13899,0
13900,0.125
13901,1.28125
13902,2.4375
13903,3.59375
13904,-3.25
13905,0
13906,0.03125
13907,-0.03125
13908,3.96875
13909,-4
13910,0.03125
13911,0
13912,0.0625
13913,-0.03125
13914,-0.0625
13915,0
13916,2.625
13917,3.78125
13918,-3.0625
13919,-1.90625
13920,-0.75
13921,0
13922,0.03125
13923,-0.03125
13924,3.96875
13925,-4
13926,0.03125
13927,0
13928,0.0625
13929,-0.03125
13930,-0.0625
13931,0
13932,-2.875
13933,-1.71875
13934,-0.5625
13935,0.59375
13936,1.75
13937,0
13938,0.03125
13939,-0.03125
13940,3.96875
13941,-4
13942,0.03125
13943,0
13944,0.0625
13945,-0.03125
13946,-0.0625
13947,0
13948,-0.375
13949,0.78125
13950,1.9375
13951,3.09375
13952,-3.75
13953,0
13954,0.03125
13955,-0.03125
13956,3.96875
13957,-4
13958,0.03125
13959,0
13960,0.0625
13961,-0.03125
13962,-0.0625
13963,0
13964,2.125
13965,3.28125
13966,-3.5625
13967,-2.40625
13968,-1.25
13969,0
13970,0.03125
13971,-0.03125
13972,3.96875
13973,-4
13974,0.03125
13975,0
13976,0.0625
13977,-0.03125
13978,-0.0625
13979,0
13980,-3.375
13981,-2.21875
13982,-1.0625
13983,0.09375
13984,1.25
13985,0
13986,0.03125
13987,-0.03125
13988,3.96875
13989,-4
13990,0.03125
13991,0
13992,0.0625
13993,-0.03125
13994,-0.0625
13995,0
13996,-0.875
13997,0.28125
13998,1.4375
13999,2.59375
14000,3.75
14001,0
14002,0.03125
14003,-0.03125
14004,3.96875
14005,-4
14006,0.03125
14007,0
14008,0.0625
14009,-0.03125
14010,-0.0625
14011,0
14012,1.625
14013,2.78125
14014,3.9375
14015,-2.90625
14016,-1.75
14017,0
14018,0.03125
14019,-0.03125
14020,3.96875
14021,-4
14022,0.03125
14023,0
14024,0.0625
14025,-0.03125
14026,-0.0625
14027,0
14028,-3.875
14029,-2.71875
14030,-1.5625
14031,-0.40625
14032,0.75
14033,0
14034,0.03125
14035,-0.03125
14036,3.96875
14037,-4
14038,0.03125
14039,0
14040,0.0625
14041,-0.03125
14042,-0.0625
14043,0
14044,-1.375
14045,-0.21875
14046,0.9375
14047,2.09375
14048,3.25
14049,0
14050,0.03125
14051,-0.03125
14052,3.96875
14053,-4
14054,0.03125
14055,0
14056,0.0625
14057,-0.03125
14058,-0.0625
14059,0
14060,1.125
14061,2.28125
14062,3.4375
14063,-3.40625
14064,-2.25
14065,0
14066,0.03125
14067,-0.03125
14068,3.96875
14069,-4
14070,0.03125
14071,0
14072,0.0625
14073,-0.03125
14074,-0.0625
14075,0
14076,3.625
14077,-3.21875
14078,-2.0625
14079,-0.90625
14080,0.25
14081,0
14082,0.03125
14083,-0.03125
14084,3.96875
14085,-4
14086,0.03125
14087,0
14088,0.0625
14089,-0.03125
14090,-0.0625
14091,0
14092,-1.875
14093,-0.71875
14094,0.4375
14095,1.59375
14096,2.75
14097,0
14098,0.03125
14099,-0.03125
14100,3.96875
14101,-4
14102,0.03125
14103,0
14104,0.0625
14105,-0.03125
14106,-0.0625
14107,0
14108,0.625
14109,1.78125
14110,2.9375
14111,-3.90625
14112,-2.75
14113,0
14114,0.03125
14115,-0.03125
14116,3.96875
14117,-4
14118,0.03125
14119,0
14120,0.0625
14121,-0.03125
14122,-0.0625
14123,0
14124,3.125
14125,-3.71875
14126,-2.5625
14127,-1.40625
14128,-0.25
14129,0
14130,0.03125
14131,-0.03125
14132,3.96875
14133,-4
14134,0.03125
14135,0
14136,0.0625
14137,-0.03125
14138,-0.0625
14139,0
14140,-2.375
14141,-1.21875
14142,-0.0625
14143,1.09375
14144,2.25
14145,0
14146,0.03125
14147,-0.03125
14148,3.96875
14149,-4
14150,0.03125
14151,0
14152,0.0625
14153,-0.03125
14154,-0.0625
14155,0
14156,0.125
14157,1.28125
14158,2.4375
14159,3.59375
14160,-3.25
14161,0
14162,0.03125
14163,-0.03125
14164,3.96875
14165,-4
14166,0.03125
14167,0
14168,0.0625
14169,-0.03125
14170,-0.0625
14171,0
14172,2.625
14173,3.78125
14174,-3.0625
14175,-1.90625
14176,-0.75
14177,0
14178,0.03125
14179,-0.03125
14180,3.96875
14181,-4
14182,0.03125
14183,0
14184,0.0625
14185,-0.03125
14186,-0.0625
14187,0
14188,-2.875
14189,-1.71875
14190,-0.5625
14191,0.59375
14192,1.75
14193,0
14194,0.03125
14195,-0.03125
14196,3.96875
14197,-4
14198,0.03125
14199,0
14200,0.0625
14201,-0.03125
14202,-0.0625
14203,0
14204,-0.375
14205,0.78125
14206,1.9375
14207,3.09375
14208,-3.75
14209,0
14210,0.03125
14211,-0.03125
14212,3.96875
14213,-4
14214,0.03125
14215,0
14216,0.0625
14217,-0.03125
14218,-0.0625
14219,0
14220,2.125
14221,3.28125
14222,-3.5625
14223,-2.40625
14224,-1.25
14225,0
14226,0.03125
14227,-0.03125
14228,3.96875
14229,-4
14230,0.03125
14231,0
14232,0.0625
14233,-0.03125
14234,-0.0625
14235,0
14236,-3.375
14237,-2.21875
14238,-1.0625
14239,0.09375
14240,1.25
14241,0
14242,0.03125
14243,-0.03125
14244,3.96875
14245,-4
14246,0.03125
14247,0
14248,0.0625
14249,-0.03125
14250,-0.0625
14251,0
14252,-0.875
14253,0.28125
14254,1.4375
14255,2.59375
14256,3.75
14257,0
14258,0.03125
14259,-0.03125
14260,3.96875
14261,-4
14262,0.03125
14263,0
14264,0.0625
14265,-0.03125
14266,-0.0625
14267,0
14268,1.625
14269,2.78125
14270,3.9375
14271,-2.90625
14272,-1.75
14273,0
14274,0.03125
14275,-0.03125
14276,3.96875
14277,-4
14278,0.03125
14279,0
14280,0.0625
14281,-0.03125
14282,-0.0625
14283,0
14284,-3.875
14285,-2.71875
14286,-1.5625
14287,-0.40625
14288,0.75
14289,0
14290,0.03125
14291,-0.03125
14292,3.96875
14293,-4
14294,0.03125
14295,0
14296,0.0625
14297,-0.03125
14298,-0.0625
14299,0
14300,-1.375
14301,-0.21875
14302,0.9375
14303,2.09375
14304,3.25
14305,0
14306,0.03125
14307,-0.03125
14308,3.96875
14309,-4
14310,0.03125
14311,0
14312,0.0625
14313,-0.03125
14314,-0.0625
14315,0
14316,1.125
14317,2.28125
14318,3.4375
14319,-3.40625
14320,-2.25
14321,0
14322,0.03125
14323,-0.03125
14324,3.96875
14325,-4
14326,0.03125
14327,0
14328,0.0625
14329,-0.03125
14330,-0.0625
14331,0
14332,3.625
14333,-3.21875
14334,-2.0625
14335,-0.90625
14336,0.25
14337,0
14338,0.03125
14339,-0.03125
14340,3.96875
14341,-4
14342,0.03125
14343,0
14344,0.0625
14345,-0.03125
14346,-0.0625
14347,0
14348,-1.875
14349,-0.71875
14350,0.4375
14351,1.59375
14352,2.75
14353,0
14354,0.03125
14355,-0.03125
14356,3.96875
14357,-4
14358,0.03125
14359,0
14360,0.0625
14361,-0.03125
14362,-0.0625
14363,0
14364,0.625
14365,1.78125
14366,2.9375
14367,-3.90625
14368,-2.75
14369,0
14370,0.03125
14371,-0.03125
14372,3.96875
14373,-4
14374,0.03125
14375,0
14376,0.0625
14377,-0.03125
14378,-0.0625
14379,0
14380,3.125
14381,-3.71875
14382,-2.5625
14383,-1.40625
14384,-0.25
14385,0
14386,0.03125
14387,-0.03125
14388,3.96875
14389,-4
14390,0.03125
14391,0
14392,0.0625
14393,-0.03125
14394,-0.0625
14395,0
14396,-2.375
14397,-1.21875
14398,-0.0625
14399,1.09375
14400,2.25
14401,0
14402,0.03125
14403,-0.03125
14404,3.96875
14405,-4
14406,0.03125
14407,0
14408,0.0625
14409,-0.03125
14410,-0.0625
14411,0
14412,0.125
14413,1.28125
14414,2.4375
14415,3.59375
14416,-3.25
14417,0
14418,0.03125
14419,-0.03125
14420,3.96875
14421,-4
14422,0.03125
14423,0
14424,0.0625
14425,-0.03125
14426,-0.0625
14427,0
14428,2.625
14429,3.78125
14430,-3.0625
14431,-1.90625
14432,-0.75
14433,0
14434,0.03125
14435,-0.03125
14436,3.96875
14437,-4
14438,0.03125
14439,0
14440,0.0625
14441,-0.03125
14442,-0.0625
14443,0
14444,-2.875
14445,-1.71875
14446,-0.5625
14447,0.59375
14448,1.75
14449,0
14450,0.03125
14451,-0.03125
14452,3.96875
14453,-4
14454,0.03125
14455,0
14456,0.0625
14457,-0.03125
14458,-0.0625
14459,0
14460,-0.375
14461,0.78125
14462,1.9375
14463,3.09375
14464,-3.75
14465,0
14466,0.03125
14467,-0.03125
14468,3.96875
14469,-4
14470,0.03125
14471,0
14472,0.0625
14473,-0.03125
14474,-0.0625
14475,0
14476,2.125
14477,3.28125
14478,-3.5625
14479,-2.40625
14480,-1.25
14481,0
14482,0.03125
14483,-0.03125
14484,3.96875
14485,-4
14486,0.03125
14487,0
14488,0.0625
14489,-0.03125
14490,-0.0625
14491,0
14492,-3.375
14493,-2.21875
14494,-1.0625
14495,0.09375
14496,1.25
14497,0
14498,0.03125
14499,-0.03125
14500,3.96875
14501,-4
14502,0.03125
14503,0
14504,0.0625
14505,-0.03125
14506,-0.0625
14507,0
14508,-0.875
14509,0.28125
14510,1.4375
14511,2.59375
14512,3.75
14513,0
14514,0.03125
14515,-0.03125
14516,3.96875
14517,-4
14518,0.03125
14519,0
14520,0.0625
14521,-0.03125
14522,-0.0625
14523,0
14524,1.625
14525,2.78125
14526,3.9375
14527,-2.90625
14528,-1.75
14529,0
14530,0.03125
14531,-0.03125
14532,3.96875
14533,-4
14534,0.03125
14535,0
14536,0.0625
14537,-0.03125
14538,-0.0625
14539,0
14540,-3.875
14541,-2.71875
14542,-1.5625
14543,-0.40625
14544,0.75
14545,0
14546,0.03125
14547,-0.03125
14548,3.96875
14549,-4
14550,0.03125
14551,0
14552,0.0625
14553,-0.03125
14554,-0.0625
14555,0
14556,-1.375
14557,-0.21875
14558,0.9375
14559,2.09375
14560,3.25
14561,0
14562,0.03125
14563,-0.03125
14564,3.96875
14565,-4
14566,0.03125
14567,0
14568,0.0625
14569,-0.03125
14570,-0.0625
14571,0
14572,1.125
14573,2.28125
14574,3.4375
14575,-3.40625
14576,-2.25
14577,0
14578,0.03125
14579,-0.03125
14580,3.96875
14581,-4
14582,0.03125
14583,0
14584,0.0625
14585,-0.03125
14586,-0.0625
14587,0
14588,3.625
14589,-3.21875
14590,-2.0625
14591,-0.90625
14592,0.25
14593,0
14594,0.03125
14595,-0.03125
14596,3.96875
14597,-4
14598,0.03125
14599,0
14600,0.0625
14601,-0.03125
14602,-0.0625
14603,0
14604,-1.875
14605,-0.71875
14606,0.4375
14607,1.59375
14608,2.75
14609,0
14610,0.03125
14611,-0.03125
14612,3.96875
14613,-4
14614,0.03125
14615,0
14616,0.0625
14617,-0.03125
14618,-0.0625
14619,0
14620,0.625
14621,1.78125
14622,2.9375
14623,-3.90625
14624,-2.75
14625,0
14626,0.03125
14627,-0.03125
14628,3.96875
14629,-4
14630,0.03125
14631,0
14632,0.0625
14633,-0.03125
14634,-0.0625
14635,0
14636,3.125
14637,-3.71875
14638,-2.5625
14639,-1.40625
14640,-0.25
14641,0
14642,0.03125
14643,-0.03125
14644,3.96875
14645,-4
14646,0.03125
14647,0
14648,0.0625
14649,-0.03125
14650,-0.0625
14651,0
14652,-2.375
14653,-1.21875
14654,-0.0625
14655,1.09375
14656,2.25
14657,0
14658,0.03125
14659,-0.03125
14660,3.96875
14661,-4
14662,0.03125
14663,0
14664,0.0625
14665,-0.03125
14666,-0.0625
14667,0
14668,0.125
14669,1.28125
14670,2.4375
14671,3.59375
14672,-3.25
14673,0
14674,0.03125
14675,-0.03125
14676,3.96875
14677,-4
14678,0.03125
14679,0
14680,0.0625
14681,-0.03125
14682,-0.0625
14683,0
14684,2.625
14685,3.78125
14686,-3.0625
14687,-1.90625
14688,-0.75
14689,0
14690,0.03125
14691,-0.03125
14692,3.96875
14693,-4
14694,0.03125
14695,0
14696,0.0625
14697,-0.03125
14698,-0.0625
14699,0
14700,-2.875
14701,-1.71875
14702,-0.5625
14703,0.59375
14704,1.75
14705,0
14706,0.03125
14707,-0.03125
14708,3.96875
14709,-4
14710,0.03125
14711,0
14712,0.0625
14713,-0.03125
14714,-0.0625
14715,0
14716,-0.375
14717,0.78125
14718,1.9375
14719,3.09375
14720,-3.75
14721,0
14722,0.03125
14723,-0.03125
14724,3.96875
14725,-4
14726,0.03125
14727,0
14728,0.0625
14729,-0.03125
14730,-0.0625
14731,0
14732,2.125
14733,3.28125
14734,-3.5625
14735,-2.40625
14736,-1.25
14737,0
14738,0.03125
14739,-0.03125
14740,3.96875
14741,-4
14742,0.03125
14743,0
14744,0.0625
14745,-0.03125
14746,-0.0625
14747,0
14748,-3.375
14749,-2.21875
14750,-1.0625
14751,0.09375
14752,1.25
14753,0
14754,0.03125
14755,-0.03125
14756,3.96875
14757,-4
14758,0.03125
14759,0
14760,0.0625
14761,-0.03125
14762,-0.0625
14763,0
14764,-0.875
14765,0.28125
14766,1.4375
14767,2.59375
14768,3.75
14769,0
14770,0.03125
14771,-0.03125
14772,3.96875
14773,-4
14774,0.03125
14775,0
14776,0.0625
14777,-0.03125
14778,-0.0625
14779,0
14780,1.625
14781,2.78125
14782,3.9375
14783,-2.90625
14784,-1.75
14785,0
14786,0.03125
14787,-0.03125
14788,3.96875
14789,-4
14790,0.03125
14791,0
14792,0.0625
14793,-0.03125
14794,-0.0625
14795,0
14796,-3.875
14797,-2.71875
14798,-1.5625
14799,-0.40625
14800,0.75
14801,0
14802,0.03125
14803,-0.03125
14804,3.96875
14805,-4
14806,0.03125
14807,0
14808,0.0625
14809,-0.03125
14810,-0.0625
14811,0
14812,-1.375
14813,-0.21875
14814,0.9375
14815,2.09375
14816,3.25
14817,0
14818,0.03125
14819,-0.03125
14820,3.96875
14821,-4
14822,0.03125
14823,0
14824,0.0625
14825,-0.03125
14826,-0.0625
14827,0
14828,1.125
14829,2.28125
14830,3.4375
14831,-3.40625
14832,-2.25
14833,0
14834,0.03125
14835,-0.03125
14836,3.96875
14837,-4
14838,0.03125
14839,0
14840,0.0625
14841,-0.03125
14842,-0.0625
14843,0
14844,3.625
14845,-3.21875
14846,-2.0625
14847,-0.90625
14848,0.25
14849,0
14850,0.03125
14851,-0.03125
14852,3.96875
14853,-4
14854,0.03125
14855,0
14856,0.0625
14857,-0.03125
14858,-0.0625
14859,0
14860,-1.875
14861,-0.71875
14862,0.4375
14863,1.59375
14864,2.75
14865,0
14866,0.03125
14867,-0.03125
14868,3.96875
14869,-4
14870,0.03125
14871,0
14872,0.0625
14873,-0.03125
14874,-0.0625
14875,0
14876,0.625
14877,1.78125
14878,2.9375
14879,-3.90625
14880,-2.75
14881,0
14882,0.03125
14883,-0.03125
14884,3.96875
14885,-4
14886,0.03125
14887,0
14888,0.0625
14889,-0.03125
14890,-0.0625
14891,0
14892,3.125
14893,-3.71875
14894,-2.5625
14895,-1.40625
14896,-0.25
14897,0
14898,0.03125
14899,-0.03125
14900,3.96875
14901,-4
14902,0.03125
14903,0
14904,0.0625
14905,-0.03125
14906,-0.0625
14907,0
14908,-2.375
14909,-1.21875
14910,-0.0625
14911,1.09375
14912,2.25
14913,0
14914,0.03125
14915,-0.03125
14916,3.96875
14917,-4
14918,0.03125
14919,0
14920,0.0625
14921,-0.03125
14922,-0.0625
14923,0
14924,0.125
14925,1.28125
14926,2.4375
14927,3.59375
14928,-3.25
14929,0
14930,0.03125
14931,-0.03125
14932,3.96875
14933,-4
14934,0.03125
14935,0
14936,0.0625
14937,-0.03125
14938,-0.0625
14939,0
14940,2.625
14941,3.78125
14942,-3.0625
14943,-1.90625
14944,-0.75
14945,0
14946,0.03125
14947,-0.03125
14948,3.96875
14949,-4
14950,0.03125
14951,0
14952,0.0625
14953,-0.03125
14954,-0.0625
14955,0
14956,-2.875
14957,-1.71875
14958,-0.5625
14959,0.59375
14960,1.75
14961,0
14962,0.03125
14963,-0.03125
14964,3.96875
14965,-4
14966,0.03125
14967,0
14968,0.0625
14969,-0.03125
14970,-0.0625
14971,0
14972,-0.375
14973,0.78125
14974,1.9375
14975,3.09375
14976,-3.75
14977,0
14978,0.03125
14979,-0.03125
14980,3.96875
14981,-4
14982,0.03125
14983,0
14984,0.0625
14985,-0.03125
14986,-0.0625
14987,0
14988,2.125
14989,3.28125
14990,-3.5625
14991,-2.40625
14992,-1.25
14993,0
14994,0.03125
14995,-0.03125
14996,3.96875
14997,-4
14998,0.03125
14999,0
15000,0.0625
15001,-0.03125
15002,-0.0625
15003,0
15004,-3.375
15005,-2.21875
15006,-1.0625
15007,0.09375
15008,1.25
15009,0
15010,0.03125
15011,-0.03125
15012,3.96875
15013,-4
15014,0.03125
15015,0
15016,0.0625
15017,-0.03125
15018,-0.0625
15019,0
15020,-0.875
15021,0.28125
15022,1.4375
15023,2.59375
15024,3.75
15025,0
15026,0.03125
15027,-0.03125
15028,3.96875
15029,-4
15030,0.03125
15031,0
15032,0.0625
15033,-0.03125
15034,-0.0625
15035,0
15036,1.625
15037,2.78125
15038,3.9375
15039,-2.90625
15040,-1.75
15041,0
15042,0.03125
15043,-0.03125
15044,3.96875
15045,-4
15046,0.03125
15047,0
15048,0.0625
15049,-0.03125
15050,-0.0625
15051,0
15052,-3.875
15053,-2.71875
15054,-1.5625
15055,-0.40625
15056,0.75
15057,0
15058,0.03125
15059,-0.03125
15060,3.96875
15061,-4
15062,0.03125
15063,0
15064,0.0625
15065,-0.03125
15066,-0.0625
15067,0
15068,-1.375
15069,-0.21875
15070,0.9375
15071,2.09375
15072,3.25
15073,0
15074,0.03125
15075,-0.03125
15076,3.96875
15077,-4
15078,0.03125
15079,0
15080,0.0625
15081,-0.03125
15082,-0.0625
15083,0
15084,1.125
15085,2.28125
15086,3.4375
15087,-3.40625
15088,-2.25
15089,0
15090,0.03125
15091,-0.03125
15092,3.96875
15093,-4
15094,0.03125
15095,0
15096,0.0625
15097,-0.03125
15098,-0.0625
15099,0
15100,3.625
15101,-3.21875
15102,-2.0625
15103,-0.90625
15104,0.25
15105,0
15106,0.03125
15107,-0.03125
15108,3.96875
15109,-4
15110,0.03125
15111,0
15112,0.0625
15113,-0.03125
15114,-0.0625
15115,0
15116,-1.875
15117,-0.71875
15118,0.4375
15119,1.59375
15120,2.75
15121,0
15122,0.03125
15123,-0.03125
15124,3.96875
15125,-4
15126,0.03125
15127,0
15128,0.0625
15129,-0.03125
15130,-0.0625
15131,0
15132,0.625
15133,1.78125
15134,2.9375
15135,-3.90625
15136,-2.75
15137,0
15138,0.03125
15139,-0.03125
15140,3.96875
15141,-4
15142,0.03125
15143,0
15144,0.0625
15145,-0.03125
15146,-0.0625
15147,0
15148,3.125
15149,-3.71875
15150,-2.5625
15151,-1.40625
15152,-0.25
15153,0
15154,0.03125
15155,-0.03125
15156,3.96875
15157,-4
15158,0.03125
15159,0
15160,0.0625
15161,-0.03125
15162,-0.0625
15163,0
15164,-2.375
15165,-1.21875
15166,-0.0625
15167,1.09375
15168,2.25
15169,0
15170,0.03125
15171,-0.03125
15172,3.96875
15173,-4
15174,0.03125
15175,0
15176,0.0625
15177,-0.03125
15178,-0.0625
15179,0
15180,0.125
15181,1.28125
15182,2.4375
15183,3.59375
15184,-3.25
15185,0
15186,0.03125
15187,-0.03125
15188,3.96875
15189,-4
15190,0.03125
15191,0
15192,0.0625
15193,-0.03125
15194,-0.0625
15195,0
15196,2.625
15197,3.78125
15198,-3.0625
15199,-1.90625
15200,-0.75
15201,0
15202,0.03125
15203,-0.03125
15204,3.96875
15205,-4
15206,0.03125
15207,0
15208,0.0625
15209,-0.03125
15210,-0.0625
15211,0
15212,-2.875
15213,-1.71875
15214,-0.5625
15215,0.59375
15216,1.75
15217,0
15218,0.03125
15219,-0.03125
15220,3.96875
15221,-4
15222,0.03125
15223,0
15224,0.0625
15225,-0.03125
15226,-0.0625
15227,0
15228,-0.375
15229,0.78125
15230,1.9375
15231,3.09375
15232,-3.75
15233,0
15234,0.03125
15235,-0.03125
15236,3.96875
15237,-4
15238,0.03125
15239,0
15240,0.0625
15241,-0.03125
15242,-0.0625
15243,0
15244,2.125
15245,3.28125
15246,-3.5625
15247,-2.40625
15248,-1.25
15249,0
15250,0.03125
15251,-0.03125
15252,3.96875
15253,-4
15254,0.03125
15255,0
15256,0.0625
15257,-0.03125
15258,-0.0625
15259,0
15260,-3.375
15261,-2.21875
15262,-1.0625
15263,0.09375
15264,1.25
15265,0
15266,0.03125
15267,-0.03125
15268,3.96875
15269,-4
15270,0.03125
15271,0
15272,0.0625
15273,-0.03125
15274,-0.0625
15275,0
15276,-0.875
15277,0.28125
15278,1.4375
15279,2.59375
15280,3.75
15281,0
15282,0.03125
15283,-0.03125
15284,3.96875
15285,-4
15286,0.03125
15287,0
15288,0.0625
15289,-0.03125
15290,-0.0625
15291,0
15292,1.625
15293,2.78125
15294,3.9375
15295,-2.90625
15296,-1.75
15297,0
15298,0.03125
15299,-0.03125
15300,3.96875
15301,-4
15302,0.03125
15303,0
15304,0.0625
15305,-0.03125
15306,-0.0625
15307,0
15308,-3.875
15309,-2.71875
15310,-1.5625
15311,-0.40625
15312,0.75
15313,0
15314,0.03125
15315,-0.03125
15316,3.96875
15317,-4
15318,0.03125
15319,0
15320,0.0625
15321,-0.03125
15322,-0.0625
15323,0
15324,-1.375
15325,-0.21875
15326,0.9375
15327,2.09375
15328,3.25
15329,0
15330,0.03125
15331,-0.03125
15332,3.96875
15333,-4
15334,0.03125
15335,0
15336,0.0625
15337,-0.03125
15338,-0.0625
15339,0
15340,1.125
15341,2.28125
15342,3.4375
15343,-3.40625
15344,-2.25
15345,0
15346,0.03125
15347,-0.03125
15348,3.96875
15349,-4
15350,0.03125
15351,0
15352,0.0625
15353,-0.03125
15354,-0.0625
15355,0
15356,3.625
15357,-3.21875
15358,-2.0625
15359,-0.90625
15360,0.25
15361,0
15362,0.03125
15363,-0.03125
15364,3.96875
15365,-4
15366,0.03125
15367,0
15368,0.0625
15369,-0.03125
15370,-0.0625
15371,0
15372,-1.875
15373,-0.71875
15374,0.4375
15375,1.59375
15376,2.75
15377,0
15378,0.03125
15379,-0.03125
15380,3.96875
15381,-4
15382,0.03125
15383,0
15384,0.0625
15385,-0.03125
15386,-0.0625
15387,0
15388,0.625
15389,1.78125
15390,2.9375
15391,-3.90625
15392,-2.75
15393,0
15394,0.03125
15395,-0.03125
15396,3.96875
15397,-4
15398,0.03125
15399,0
15400,0.0625
15401,-0.03125
15402,-0.0625
15403,0
15404,3.125
15405,-3.71875
15406,-2.5625
15407,-1.40625
15408,-0.25
15409,0
15410,0.03125
15411,-0.03125
15412,3.96875
15413,-4
15414,0.03125
15415,0
15416,0.0625
15417,-0.03125
15418,-0.0625
15419,0
15420,-2.375
15421,-1.21875
15422,-0.0625
15423,1.09375
15424,2.25
15425,0
15426,0.03125
15427,-0.03125
15428,3.96875
15429,-4
15430,0.03125
15431,0
15432,0.0625
15433,-0.03125
15434,-0.0625
15435,0
15436,0.125
15437,1.28125
15438,2.4375
15439,3.59375
15440,-3.25
15441,0
15442,0.03125
15443,-0.03125
15444,3.96875
15445,-4
15446,0.03125
15447,0
15448,0.0625
15449,-0.03125
15450,-0.0625
15451,0
15452,2.625
15453,3.78125
15454,-3.0625
15455,-1.90625
15456,-0.75
15457,0
15458,0.03125
15459,-0.03125
15460,3.96875
15461,-4
15462,0.03125
15463,0
15464,0.0625
15465,-0.03125
15466,-0.0625
15467,0
15468,-2.875
15469,-1.71875
15470,-0.5625
15471,0.59375
15472,1.75
15473,0
15474,0.03125
15475,-0.03125
15476,3.96875
15477,-4
15478,0.03125
15479,0
15480,0.0625
15481,-0.03125
15482,-0.0625
15483,0
15484,-0.375
15485,0.78125
15486,1.9375
15487,3.09375
15488,-3.75
15489,0
15490,0.03125
15491,-0.03125
15492,3.96875
15493,-4
15494,0.03125
15495,0
15496,0.0625
15497,-0.03125
15498,-0.0625
15499,0
15500,2.125
15501,3.28125
15502,-3.5625
15503,-2.40625
15504,-1.25
15505,0
15506,0.03125
15507,-0.03125
15508,3.96875
15509,-4
15510,0.03125
15511,0
15512,0.0625
15513,-0.03125
15514,-0.0625
15515,0
15516,-3.375
15517,-2.21875
15518,-1.0625
15519,0.09375
15520,1.25
15521,0
15522,0.03125
15523,-0.03125
15524,3.96875
15525,-4
15526,0.03125
15527,0
15528,0.0625
15529,-0.03125
15530,-0.0625
15531,0
15532,-0.875
15533,0.28125
15534,1.4375
15535,2.59375
15536,3.75
15537,0
15538,0.03125
15539,-0.03125
15540,3.96875
15541,-4
15542,0.03125
15543,0
15544,0.0625
15545,-0.03125
15546,-0.0625
15547,0
15548,1.625
15549,2.78125
15550,3.9375
15551,-2.90625
15552,-1.75
15553,0
15554,0.03125
15555,-0.03125
15556,3.96875
15557,-4
15558,0.03125
15559,0
15560,0.0625
15561,-0.03125
15562,-0.0625
15563,0
15564,-3.875
15565,-2.71875
15566,-1.5625
15567,-0.40625
15568,0.75
15569,0
15570,0.03125
15571,-0.03125
15572,3.96875
15573,-4
15574,0.03125
15575,0
15576,0.0625
15577,-0.03125
15578,-0.0625
15579,0
15580,-1.375
15581,-0.21875
15582,0.9375
15583,2.09375
15584,3.25
15585,0
15586,0.03125
15587,-0.03125
15588,3.96875
15589,-4
15590,0.03125
15591,0
15592,0.0625
15593,-0.03125
15594,-0.0625
15595,0
15596,1.125
15597,2.28125
15598,3.4375
15599,-3.40625
15600,-2.25
15601,0
15602,0.03125
15603,-0.03125
15604,3.96875
15605,-4
15606,0.03125
15607,0
15608,0.0625
15609,-0.03125
15610,-0.0625
15611,0
15612,3.625
15613,-3.21875
15614,-2.0625
15615,-0.90625
15616,0.25
15617,0
15618,0.03125
15619,-0.03125
15620,3.96875
15621,-4
15622,0.03125
15623,0
15624,0.0625
15625,-0.03125
15626,-0.0625
15627,0
15628,-1.875
15629,-0.71875
15630,0.4375
15631,1.59375
15632,2.75
15633,0
15634,0.03125
15635,-0.03125
15636,3.96875
15637,-4
15638,0.03125
15639,0
15640,0.0625
15641,-0.03125
15642,-0.0625
15643,0
15644,0.625
15645,1.78125
15646,2.9375
15647,-3.90625
15648,-2.75
15649,0
15650,0.03125
15651,-0.03125
15652,3.96875
15653,-4
15654,0.03125
15655,0
15656,0.0625
15657,-0.03125
15658,-0.0625
15659,0
15660,3.125
15661,-3.71875
15662,-2.5625
15663,-1.40625
15664,-0.25
15665,0
15666,0.03125
15667,-0.03125
15668,3.96875
15669,-4
15670,0.03125
15671,0
15672,0.0625
15673,-0.03125
15674,-0.0625
15675,0
15676,-2.375
15677,-1.21875
15678,-0.0625
15679,1.09375
15680,2.25
15681,0
15682,0.03125
15683,-0.03125
15684,3.96875
15685,-4
15686,0.03125
15687,0
15688,0.0625
15689,-0.03125
15690,-0.0625
15691,0
15692,0.125
15693,1.28125
15694,2.4375
15695,3.59375
15696,-3.25
15697,0
15698,0.03125
15699,-0.03125
15700,3.96875
15701,-4
15702,0.03125
15703,0
15704,0.0625
15705,-0.03125
15706,-0.0625
15707,0
15708,2.625
15709,3.78125
15710,-3.0625
15711,-1.90625
15712,-0.75
15713,0
15714,0.03125
15715,-0.03125
15716,3.96875
15717,-4
15718,0.03125
15719,0
15720,0.0625
15721,-0.03125
15722,-0.0625
15723,0
15724,-2.875
15725,-1.71875
15726,-0.5625
15727,0.59375
15728,1.75
15729,0
15730,0.03125
15731,-0.03125
15732,3.96875
15733,-4
15734,0.03125
15735,0
15736,0.0625
15737,-0.03125
15738,-0.0625
15739,0
15740,-0.375
15741,0.78125
15742,1.9375
15743,3.09375
15744,-3.75
15745,0
15746,0.03125
15747,-0.03125
15748,3.96875
15749,-4
15750,0.03125
15751,0
15752,0.0625
15753,-0.03125
15754,-0.0625
15755,0
15756,2.125
15757,3.28125
15758,-3.5625
15759,-2.40625
15760,-1.25
15761,0
15762,0.03125
15763,-0.03125
15764,3.96875
15765,-4
15766,0.03125
15767,0
15768,0.0625
15769,-0.03125
15770,-0.0625
15771,0
15772,-3.375
15773,-2.21875
15774,-1.0625
15775,0.09375
15776,1.25
15777,0
15778,0.03125
15779,-0.03125
15780,3.96875
15781,-4
15782,0.03125
15783,0
15784,0.0625
15785,-0.03125
15786,-0.0625
15787,0
15788,-0.875
15789,0.28125
15790,1.4375
15791,2.59375
15792,3.75
15793,0
15794,0.03125
15795,-0.03125
15796,3.96875
15797,-4
15798,0.03125
15799,0
15800,0.0625
15801,-0.03125
15802,-0.0625
15803,0
15804,1.625
15805,2.78125
15806,3.9375
15807,-2.90625
15808,-1.75
15809,0
15810,0.03125
15811,-0.03125
15812,3.96875
15813,-4
15814,0.03125
15815,0
15816,0.0625
15817,-0.03125
15818,-0.0625
15819,0
15820,-3.875
15821,-2.71875
15822,-1.5625
15823,-0.40625
15824,0.75
15825,0
15826,0.03125
15827,-0.03125
15828,3.96875
15829,-4
15830,0.03125
15831,0
15832,0.0625
15833,-0.03125
15834,-0.0625
15835,0
15836,-1.375
15837,-0.21875
15838,0.9375
15839,2.09375
15840,3.25
15841,0
15842,0.03125
15843,-0.03125
15844,3.96875
15845,-4
15846,0.03125
15847,0
15848,0.0625
15849,-0.03125
15850,-0.0625
15851,0
15852,1.125
15853,2.28125
15854,3.4375
15855,-3.40625
15856,-2.25
15857,0
15858,0.03125
15859,-0.03125
15860,3.96875
15861,-4
15862,0.03125
15863,0
15864,0.0625
15865,-0.03125
15866,-0.0625
15867,0
15868,3.625
15869,-3.21875
15870,-2.0625
15871,-0.90625
15872,0.25
15873,0
15874,0.03125
15875,-0.03125
15876,3.96875
15877,-4
15878,0.03125
15879,0
15880,0.0625
15881,-0.03125
15882,-0.0625
15883,0
15884,-1.875
15885,-0.71875
15886,0.4375
15887,1.59375
15888,2.75
15889,0
15890,0.03125
15891,-0.03125
15892,3.96875
15893,-4
15894,0.03125
15895,0
15896,0.0625
15897,-0.03125
15898,-0.0625
15899,0
15900,0.625
15901,1.78125
15902,2.9375
15903,-3.90625
15904,-2.75
15905,0
15906,0.03125
15907,-0.03125
15908,3.96875
15909,-4
15910,0.03125
15911,0
15912,0.0625
15913,-0.03125
15914,-0.0625
15915,0
15916,3.125
15917,-3.71875
15918,-2.5625
15919,-1.40625
15920,-0.25
15921,0
15922,0.03125
15923,-0.03125
15924,3.96875
15925,-4
15926,0.03125
15927,0
15928,0.0625
15929,-0.03125
15930,-0.0625
15931,0
15932,-2.375
15933,-1.21875
15934,-0.0625
15935,1.09375
15936,2.25
15937,0
15938,0.03125
15939,-0.03125
15940,3.96875
15941,-4
15942,0.03125
15943,0
15944,0.0625
15945,-0.03125
15946,-0.0625
15947,0
15948,0.125
15949,1.28125
15950,2.4375
15951,3.59375
15952,-3.25
15953,0
15954,0.03125
15955,-0.03125
15956,3.96875
15957,-4
15958,0.03125
15959,0
15960,0.0625
15961,-0.03125
15962,-0.0625
15963,0
15964,2.625
15965,3.78125
15966,-3.0625
15967,-1.90625
15968,-0.75
15969,0
15970,0.03125
15971,-0.03125
15972,3.96875
15973,-4
15974,0.03125
15975,0
15976,0.0625
15977,-0.03125
15978,-0.0625
15979,0
15980,-2.875
15981,-1.71875
15982,-0.5625
15983,0.59375
15984,1.75
15985,0
15986,0.03125
15987,-0.03125
15988,3.96875
15989,-4
15990,0.03125
15991,0
15992,0.0625
15993,-0.03125
15994,-0.0625
15995,0
15996,-0.375
15997,0.78125
15998,1.9375
15999,3.09375
16000,-3.75
16001,0
16002,0.03125
16003,-0.03125
16004,3.96875
16005,-4
16006,0.03125
16007,0
16008,0.0625
16009,-0.03125
16010,-0.0625
16011,0
16012,2.125
16013,3.28125
16014,-3.5625
16015,-2.40625
16016,-1.25
16017,0
16018,0.03125
16019,-0.03125
16020,3.96875
16021,-4
16022,0.03125
16023,0
16024,0.0625
16025,-0.03125
16026,-0.0625
16027,0
16028,-3.375
16029,-2.21875
16030,-1.0625
16031,0.09375
16032,1.25
16033,0
16034,0.03125
16035,-0.03125
16036,3.96875
16037,-4
16038,0.03125
16039,0
16040,0.0625
16041,-0.03125
16042,-0.0625
16043,0
16044,-0.875
16045,0.28125
16046,1.4375
16047,2.59375
16048,3.75
16049,0
16050,0.03125
16051,-0.03125
16052,3.96875
16053,-4
16054,0.03125
16055,0
16056,0.0625
16057,-0.03125
16058,-0.0625
16059,0
16060,1.625
16061,2.78125
16062,3.9375
16063,-2.90625
16064,-1.75
16065,0
16066,0.03125
16067,-0.03125
16068,3.96875
16069,-4
16070,0.03125
16071,0
16072,0.0625
16073,-0.03125
16074,-0.0625
16075,0
16076,-3.875
16077,-2.71875
16078,-1.5625
16079,-0.40625
16080,0.75
16081,0
16082,0.03125
16083,-0.03125
16084,3.96875
16085,-4
16086,0.03125
16087,0
16088,0.0625
16089,-0.03125
16090,-0.0625
16091,0
16092,-1.375
16093,-0.21875
16094,0.9375
16095,2.09375
16096,3.25
16097,0
16098,0.03125
16099,-0.03125
16100,3.96875
16101,-4
16102,0.03125
16103,0
16104,0.0625
16105,-0.03125
16106,-0.0625
16107,0
16108,1.125
16109,2.28125
16110,3.4375
16111,-3.40625
16112,-2.25
16113,0
16114,0.03125
16115,-0.03125
16116,3.96875
16117,-4
16118,0.03125
16119,0
16120,0.0625
16121,-0.03125
16122,-0.0625
16123,0
16124,3.625
16125,-3.21875
16126,-2.0625
16127,-0.90625
16128,0.25
16129,0
16130,0.03125
16131,-0.03125
16132,3.96875
16133,-4
16134,0.03125
16135,0
16136,0.0625
16137,-0.03125
16138,-0.0625
16139,0
16140,-1.875
16141,-0.71875
16142,0.4375
16143,1.59375
16144,2.75
16145,0
16146,0.03125
16147,-0.03125
16148,3.96875
16149,-4
16150,0.03125
16151,0
16152,0.0625
16153,-0.03125
16154,-0.0625
16155,0
16156,0.625
16157,1.78125
16158,2.9375
16159,-3.90625
16160,-2.75
16161,0
16162,0.03125
16163,-0.03125
16164,3.96875
16165,-4
16166,0.03125
16167,0
16168,0.0625
16169,-0.03125
16170,-0.0625
16171,0
16172,3.125
16173,-3.71875
16174,-2.5625
16175,-1.40625
16176,-0.25
16177,0
16178,0.03125
16179,-0.03125
16180,3.96875
16181,-4
16182,0.03125
16183,0
16184,0.0625
16185,-0.03125
16186,-0.0625
16187,0
16188,-2.375
16189,-1.21875
16190,-0.0625
16191,1.09375
16192,2.25
16193,0
16194,0.03125
16195,-0.03125
16196,3.96875
16197,-4
16198,0.03125
16199,0
16200,0.0625
16201,-0.03125
16202,-0.0625
16203,0
16204,0.125
16205,1.28125
16206,2.4375
16207,3.59375
16208,-3.25
16209,0
16210,0.03125
16211,-0.03125
16212,3.96875
16213,-4
16214,0.03125
16215,0
16216,0.0625
16217,-0.03125
16218,-0.0625
16219,0
16220,2.625
16221,3.78125
16222,-3.0625
16223,-1.90625
16224,-0.75
16225,0
16226,0.03125
16227,-0.03125
16228,3.96875
16229,-4
16230,0.03125
16231,0
16232,0.0625
16233,-0.03125
16234,-0.0625
16235,0
16236,-2.875
16237,-1.71875
16238,-0.5625
16239,0.59375
16240,1.75
16241,0
16242,0.03125
16243,-0.03125
16244,3.96875
16245,-4
16246,0.03125
16247,0
16248,0.0625
16249,-0.03125
16250,-0.0625
16251,0
16252,-0.375
16253,0.78125
16254,1.9375
16255,3.09375
16256,-3.75
16257,0
16258,0.03125
16259,-0.03125
16260,3.96875
16261,-4
16262,0.03125
16263,0
16264,0.0625
16265,-0.03125
16266,-0.0625
16267,0
16268,2.125
16269,3.28125
16270,-3.5625
16271,-2.40625
16272,-1.25
16273,0
16274,0.03125
16275,-0.03125
16276,3.96875
16277,-4
16278,0.03125
16279,0
16280,0.0625
16281,-0.03125
16282,-0.0625
16283,0
16284,-3.375
16285,-2.21875
16286,-1.0625
16287,0.09375
16288,1.25
16289,0
16290,0.03125
16291,-0.03125
16292,3.96875
16293,-4
16294,0.03125
16295,0
16296,0.0625
16297,-0.03125
16298,-0.0625
16299,0
16300,-0.875
16301,0.28125
16302,1.4375
16303,2.59375
16304,3.75
16305,0
16306,0.03125
16307,-0.03125
16308,3.96875
16309,-4
16310,0.03125
16311,0
16312,0.0625
16313,-0.03125
16314,-0.0625
16315,0
16316,1.625
16317,2.78125
16318,3.9375
16319,-2.90625
16320,-1.75
16321,0
16322,0.03125
16323,-0.03125
16324,3.96875
16325,-4
16326,0.03125
16327,0
16328,0.0625
16329,-0.03125
16330,-0.0625
16331,0
16332,-3.875
16333,-2.71875
16334,-1.5625
16335,-0.40625
16336,0.75
16337,0
16338,0.03125
16339,-0.03125
16340,3.96875
16341,-4
16342,0.03125
16343,0
16344,0.0625
16345,-0.03125
16346,-0.0625
16347,0
16348,-1.375
16349,-0.21875
16350,0.9375
16351,2.09375
16352,3.25
16353,0
16354,0.03125
16355,-0.03125
16356,3.96875
16357,-4
16358,0.03125
16359,0
16360,0.0625
16361,-0.03125
16362,-0.0625
16363,0
16364,1.125
16365,2.28125
16366,3.4375
16367,-3.40625
16368,-2.25
16369,0
16370,0.03125
16371,-0.03125
16372,3.96875
16373,-4
16374,0.03125
16375,0
16376,0.0625
16377,-0.03125
16378,-0.0625
16379,0
16380,3.625
16381,-3.21875
16382,-2.0625
16383,-0.90625
16384,0.25
16385,0
16386,0.03125
16387,-0.03125
16388,3.96875
16389,-4
16390,0.03125
16391,0
16392,0.0625
16393,-0.03125
16394,-0.0625
16395,0
16396,-1.875
16397,-0.71875
16398,0.4375
16399,1.59375
16400,2.75
16401,0
16402,0.03125
16403,-0.03125
16404,3.96875
16405,-4
16406,0.03125
16407,0
16408,0.0625
16409,-0.03125
16410,-0.0625
16411,0
16412,0.625
16413,1.78125
16414,2.9375
16415,-3.90625
16416,-2.75
16417,0
16418,0.03125
16419,-0.03125
16420,3.96875
16421,-4
16422,0.03125
16423,0
16424,0.0625
16425,-0.03125
16426,-0.0625
16427,0
16428,3.125
16429,-3.71875
16430,-2.5625
16431,-1.40625
16432,-0.25
16433,0
16434,0.03125
16435,-0.03125
16436,3.96875
16437,-4
16438,0.03125
16439,0
16440,0.0625
16441,-0.03125
16442,-0.0625
16443,0
16444,-2.375
16445,-1.21875
16446,-0.0625
16447,1.09375
16448,2.25
16449,0
16450,0.03125
16451,-0.03125
16452,3.96875
16453,-4
16454,0.03125
16455,0
16456,0.0625
16457,-0.03125
16458,-0.0625
16459,0
16460,0.125
16461,1.28125
16462,2.4375
16463,3.59375
16464,-3.25
16465,0
16466,0.03125
16467,-0.03125
16468,3.96875
16469,-4
16470,0.03125
16471,0
16472,0.0625
16473,-0.03125
16474,-0.0625
16475,0
16476,2.625
16477,3.78125
16478,-3.0625
16479,-1.90625
16480,-0.75
16481,0
16482,0.03125
16483,-0.03125
16484,3.96875
16485,-4
16486,0.03125
16487,0
16488,0.0625
16489,-0.03125
16490,-0.0625
16491,0
16492,-2.875
16493,-1.71875
16494,-0.5625
16495,0.59375
16496,1.75
16497,0
16498,0.03125
16499,-0.03125
16500,3.96875
16501,-4
16502,0.03125
16503,0
16504,0.0625
16505,-0.03125
16506,-0.0625
16507,0
16508,-0.375
16509,0.78125
16510,1.9375
16511,3.09375
16512,-3.75
16513,0
16514,0.03125
16515,-0.03125
16516,3.96875
16517,-4
16518,0.03125
16519,0
16520,0.0625
16521,-0.03125
16522,-0.0625
16523,0
16524,2.125
16525,3.28125
16526,-3.5625
16527,-2.40625
16528,-1.25
16529,0
16530,0.03125
16531,-0.03125
16532,3.96875
16533,-4
16534,0.03125
16535,0
16536,0.0625
16537,-0.03125
16538,-0.0625
16539,0
16540,-3.375
16541,-2.21875
16542,-1.0625
16543,0.09375
16544,1.25
16545,0
16546,0.03125
16547,-0.03125
16548,3.96875
16549,-4
16550,0.03125
16551,0
16552,0.0625
16553,-0.03125
16554,-0.0625
16555,0
16556,-0.875
16557,0.28125
16558,1.4375
16559,2.59375
16560,3.75
16561,0
16562,0.03125
16563,-0.03125
16564,3.96875
16565,-4
16566,0.03125
16567,0
16568,0.0625
16569,-0.03125
16570,-0.0625
16571,0
16572,1.625
16573,2.78125
16574,3.9375
16575,-2.90625
16576,-1.75
16577,0
16578,0.03125
16579,-0.03125
16580,3.96875
16581,-4
16582,0.03125
16583,0
16584,0.0625
16585,-0.03125
16586,-0.0625
16587,0
16588,-3.875
16589,-2.71875
16590,-1.5625
16591,-0.40625
16592,0.75
16593,0
16594,0.03125
16595,-0.03125
16596,3.96875
16597,-4
16598,0.03125
16599,0
16600,0.0625
16601,-0.03125
16602,-0.0625
16603,0
16604,-1.375
16605,-0.21875
16606,0.9375
16607,2.09375
16608,3.25
16609,0
16610,0.03125
16611,-0.03125
16612,3.96875
16613,-4
16614,0.03125
16615,0
16616,0.0625
16617,-0.03125
16618,-0.0625
16619,0
16620,1.125
16621,2.28125
16622,3.4375
16623,-3.40625
16624,-2.25
16625,0
16626,0.03125
16627,-0.03125
16628,3.96875
16629,-4
16630,0.03125
16631,0
16632,0.0625
16633,-0.03125
16634,-0.0625
16635,0
16636,3.625
16637,-3.21875
16638,-2.0625
16639,-0.90625
16640,0.25
16641,0
16642,0.03125
16643,-0.03125
16644,3.96875
16645,-4
16646,0.03125
16647,0
16648,0.0625
16649,-0.03125
16650,-0.0625
16651,0
16652,-1.875
16653,-0.71875
16654,0.4375
16655,1.59375
16656,2.75
16657,0
16658,0.03125
16659,-0.03125
16660,3.96875
16661,-4
16662,0.03125
16663,0
16664,0.0625
16665,-0.03125
16666,-0.0625
16667,0
16668,0.625
16669,1.78125
16670,2.9375
16671,-3.90625
16672,-2.75
16673,0
16674,0.03125
16675,-0.03125
16676,3.96875
16677,-4
16678,0.03125
16679,0
16680,0.0625
16681,-0.03125
16682,-0.0625
16683,0
16684,3.125
16685,-3.71875
16686,-2.5625
16687,-1.40625
16688,-0.25
16689,0
16690,0.03125
16691,-0.03125
16692,3.96875
16693,-4
16694,0.03125
16695,0
16696,0.0625
16697,-0.03125
16698,-0.0625
16699,0
16700,-2.375
16701,-1.21875
16702,-0.0625
16703,1.09375
16704,2.25
16705,0
16706,0.03125
16707,-0.03125
16708,3.96875
16709,-4
16710,0.03125
16711,0
16712,0.0625
16713,-0.03125
16714,-0.0625
16715,0
16716,0.125
16717,1.28125
16718,2.4375
16719,3.59375
16720,-3.25
16721,0
16722,0.03125
16723,-0.03125
16724,3.96875
16725,-4
16726,0.03125
16727,0
16728,0.0625
16729,-0.03125
16730,-0.0625
16731,0
16732,2.625
16733,3.78125
16734,-3.0625
16735,-1.90625
16736,-0.75
16737,0
16738,0.03125
16739,-0.03125
16740,3.96875
16741,-4
16742,0.03125
16743,0
16744,0.0625
16745,-0.03125
16746,-0.0625
16747,0
16748,-2.875
16749,-1.71875
16750,-0.5625
16751,0.59375
16752,1.75
16753,0
16754,0.03125
16755,-0.03125
16756,3.96875
16757,-4
16758,0.03125
16759,0
16760,0.0625
16761,-0.03125
16762,-0.0625
16763,0
16764,-0.375
16765,0.78125
16766,1.9375
16767,3.09375
16768,-3.75
16769,0
16770,0.03125
16771,-0.03125
16772,3.96875
16773,-4
16774,0.03125
16775,0
16776,0.0625
16777,-0.03125
16778,-0.0625
16779,0
16780,2.125
16781,3.28125
16782,-3.5625
16783,-2.40625
16784,-1.25
16785,0
16786,0.03125
16787,-0.03125
16788,3.96875
16789,-4
16790,0.03125
16791,0
16792,0.0625
16793,-0.03125
16794,-0.0625
16795,0
16796,-3.375
16797,-2.21875
16798,-1.0625
16799,0.09375
16800,1.25
16801,0
16802,0.03125
16803,-0.03125
16804,3.96875
16805,-4
16806,0.03125
16807,0
16808,0.0625
16809,-0.03125
16810,-0.0625
16811,0
16812,-0.875
16813,0.28125
16814,1.4375
16815,2.59375
16816,3.75
16817,0
16818,0.03125
16819,-0.03125
16820,3.96875
16821,-4
16822,0.03125
16823,0
16824,0.0625
16825,-0.03125
16826,-0.0625
16827,0
16828,1.625
16829,2.78125
16830,3.9375
16831,-2.90625
16832,-1.75
16833,0
16834,0.03125
16835,-0.03125
16836,3.96875
16837,-4
16838,0.03125
16839,0
16840,0.0625
16841,-0.03125
16842,-0.0625
16843,0
16844,-3.875
16845,-2.71875
16846,-1.5625
16847,-0.40625
16848,0.75
16849,0
16850,0.03125
16851,-0.03125
16852,3.96875
16853,-4
16854,0.03125
16855,0
16856,0.0625
16857,-0.03125
16858,-0.0625
16859,0
16860,-1.375
16861,-0.21875
16862,0.9375
16863,2.09375
16864,3.25
16865,0
16866,0.03125
16867,-0.03125
16868,3.96875
16869,-4
16870,0.03125
16871,0
16872,0.0625
16873,-0.03125
16874,-0.0625
16875,0
16876,1.125
16877,2.28125
16878,3.4375
16879,-3.40625
16880,-2.25
16881,0
16882,0.03125
16883,-0.03125
16884,3.96875
16885,-4
16886,0.03125
16887,0
16888,0.0625
16889,-0.03125
16890,-0.0625
16891,0
16892,3.625
16893,-3.21875
16894,-2.0625
16895,-0.90625
16896,0.25
16897,0
16898,0.03125
16899,-0.03125
16900,3.96875
16901,-4
16902,0.03125
16903,0
16904,0.0625
16905,-0.03125
16906,-0.0625
16907,0
16908,-1.875
16909,-0.71875
16910,0.4375
16911,1.59375
16912,2.75
16913,0
16914,0.03125
16915,-0.03125
16916,3.96875
16917,-4
16918,0.03125
16919,0
16920,0.0625
16921,-0.03125
16922,-0.0625
16923,0
16924,0.625
16925,1.78125
16926,2.9375
16927,-3.90625
16928,-2.75
16929,0
16930,0.03125
16931,-0.03125
16932,3.96875
16933,-4
16934,0.03125
16935,0
16936,0.0625
16937,-0.03125
16938,-0.0625
16939,0
16940,3.125
16941,-3.71875
16942,-2.5625
16943,-1.40625
16944,-0.25
16945,0
16946,0.03125
16947,-0.03125
16948,3.96875
16949,-4
16950,0.03125
16951,0
16952,0.0625
16953,-0.03125
16954,-0.0625
16955,0
16956,-2.375
16957,-1.21875
16958,-0.0625
16959,1.09375
16960,2.25
16961,0
16962,0.03125
16963,-0.03125
16964,3.96875
16965,-4
16966,0.03125
16967,0
16968,0.0625
16969,-0.03125
16970,-0.0625
16971,0
16972,0.125
16973,1.28125
16974,2.4375
16975,3.59375
16976,-3.25
16977,0
16978,0.03125
16979,-0.03125
16980,3.96875
16981,-4
16982,0.03125
16983,0
16984,0.0625
16985,-0.03125
16986,-0.0625
16987,0
16988,2.625
16989,3.78125
16990,-3.0625
16991,-1.90625
16992,-0.75
16993,0
16994,0.03125
16995,-0.03125
16996,3.96875
16997,-4
16998,0.03125
16999,0
17000,0.0625
17001,-0.03125
17002,-0.0625
17003,0
17004,-2.875
17005,-1.71875
17006,-0.5625
17007,0.59375
17008,1.75
17009,0
17010,0.03125
17011,-0.03125
17012,3.96875
17013,-4
17014,0.03125
17015,0
17016,0.0625
17017,-0.03125
17018,-0.0625
17019,0
17020,-0.375
17021,0.78125
17022,1.9375
17023,3.09375
17024,-3.75
17025,0
17026,0.03125
17027,-0.03125
17028,3.96875
17029,-4
17030,0.03125
17031,0
17032,0.0625
17033,-0.03125
17034,-0.0625
17035,0
17036,2.125
17037,3.28125
17038,-3.5625
17039,-2.40625
17040,-1.25
17041,0
17042,0.03125
17043,-0.03125
17044,3.96875
17045,-4
17046,0.03125
17047,0
17048,0.0625
17049,-0.03125
17050,-0.0625
17051,0
17052,-3.375
17053,-2.21875
17054,-1.0625
17055,0.09375
17056,1.25
17057,0
17058,0.03125
17059,-0.03125
17060,3.96875
17061,-4
17062,0.03125
17063,0
17064,0.0625
17065,-0.03125
17066,-0.0625
17067,0
17068,-0.875
17069,0.28125
17070,1.4375
17071,2.59375
17072,3.75
17073,0
17074,0.03125
17075,-0.03125
17076,3.96875
17077,-4
17078,0.03125
17079,0
17080,0.0625
17081,-0.03125
17082,-0.0625
17083,0
17084,1.625
17085,2.78125
17086,3.9375
17087,-2.90625
17088,-1.75
17089,0
17090,0.03125
17091,-0.03125
17092,3.96875
17093,-4
17094,0.03125
17095,0
17096,0.0625
17097,-0.03125
17098,-0.0625
17099,0
17100,-3.875
17101,-2.71875
17102,-1.5625
17103,-0.40625
17104,0.75
17105,0
17106,0.03125
17107,-0.03125
17108,3.96875
17109,-4
17110,0.03125
17111,0
17112,0.0625
17113,-0.03125
17114,-0.0625
17115,0
17116,-1.375
17117,-0.21875
17118,0.9375
17119,2.09375
17120,3.25
17121,0
17122,0.03125
17123,-0.03125
17124,3.96875
17125,-4
17126,0.03125
17127,0
17128,0.0625
17129,-0.03125
17130,-0.0625
17131,0
17132,1.125
17133,2.28125
17134,3.4375
17135,-3.40625
17136,-2.25
17137,0
17138,0.03125
17139,-0.03125
17140,3.96875
17141,-4
17142,0.03125
17143,0
17144,0.0625
17145,-0.03125
17146,-0.0625
17147,0
17148,3.625
17149,-3.21875
17150,-2.0625
17151,-0.90625
17152,0.25
17153,0
17154,0.03125
17155,-0.03125
17156,3.96875
17157,-4
17158,0.03125
17159,0
17160,0.0625
17161,-0.03125
17162,-0.0625
17163,0
17164,-1.875
17165,-0.71875
17166,0.4375
17167,1.59375
17168,2.75
17169,0
17170,0.03125
17171,-0.03125
17172,3.96875
17173,-4
17174,0.03125
17175,0
17176,0.0625
17177,-0.03125
17178,-0.0625
17179,0
17180,0.625
17181,1.78125
17182,2.9375
17183,-3.90625
17184,-2.75
17185,0
17186,0.03125
17187,-0.03125
17188,3.96875
17189,-4
17190,0.03125
17191,0
17192,0.0625
17193,-0.03125
17194,-0.0625
17195,0
17196,3.125
17197,-3.71875
17198,-2.5625
17199,-1.40625
17200,-0.25
17201,0
17202,0.03125
17203,-0.03125
17204,3.96875
17205,-4
17206,0.03125
17207,0
17208,0.0625
17209,-0.03125
17210,-0.0625
17211,0
17212,-2.375
17213,-1.21875
17214,-0.0625
17215,1.09375
17216,2.25
17217,0
17218,0.03125
17219,-0.03125
17220,3.96875
17221,-4
17222,0.03125
17223,0
17224,0.0625
17225,-0.03125
17226,-0.0625
17227,0
17228,0.125
17229,1.28125
17230,2.4375
17231,3.59375
17232,-3.25
17233,0
17234,0.03125
17235,-0.03125
17236,3.96875
17237,-4
17238,0.03125
17239,0
17240,0.0625
17241,-0.03125
17242,-0.0625
17243,0
17244,2.625
17245,3.78125
17246,-3.0625
17247,-1.90625
17248,-0.75
17249,0
17250,0.03125
17251,-0.03125
17252,3.96875
17253,-4
17254,0.03125
17255,0
17256,0.0625
17257,-0.03125
17258,-0.0625
17259,0
17260,-2.875
17261,-1.71875
17262,-0.5625
17263,0.59375
17264,1.75
17265,0
17266,0.03125
17267,-0.03125
17268,3.96875
17269,-4
17270,0.03125
17271,0
17272,0.0625
17273,-0.03125
17274,-0.0625
17275,0
17276,-0.375
17277,0.78125
17278,1.9375
17279,3.09375
17280,-3.75
17281,0
17282,0.03125
17283,-0.03125
17284,3.96875
17285,-4
17286,0.03125
17287,0
17288,0.0625
17289,-0.03125
17290,-0.0625
17291,0
17292,2.125
17293,3.28125
17294,-3.5625
17295,-2.40625
17296,-1.25
17297,0
17298,0.03125
17299,-0.03125
17300,3.96875
17301,-4
17302,0.03125
17303,0
17304,0.0625
17305,-0.03125
17306,-0.0625
17307,0
17308,-3.375
17309,-2.21875
17310,-1.0625
17311,0.09375
17312,1.25
17313,0
17314,0.03125
17315,-0.03125
17316,3.96875
17317,-4
17318,0.03125
17319,0
17320,0.0625
17321,-0.03125
17322,-0.0625
17323,0
17324,-0.875
17325,0.28125
17326,1.4375
17327,2.59375
17328,3.75
17329,0
17330,0.03125
17331,-0.03125
17332,3.96875
17333,-4
17334,0.03125
17335,0
17336,0.0625
17337,-0.03125
17338,-0.0625
17339,0
17340,1.625
17341,2.78125
17342,3.9375
17343,-2.90625
17344,-1.75
17345,0
17346,0.03125
17347,-0.03125
17348,3.96875
17349,-4
17350,0.03125
17351,0
17352,0.0625
17353,-0.03125
17354,-0.0625
17355,0
17356,-3.875
17357,-2.71875
17358,-1.5625
17359,-0.40625
17360,0.75
17361,0
17362,0.03125
17363,-0.03125
17364,3.96875
17365,-4
17366,0.03125
17367,0
17368,0.0625
17369,-0.03125
17370,-0.0625
17371,0
17372,-1.375
17373,-0.21875
17374,0.9375
17375,2.09375
17376,3.25
17377,0
17378,0.03125
17379,-0.03125
17380,3.96875
17381,-4
17382,0.03125
17383,0
17384,0.0625
17385,-0.03125
17386,-0.0625
17387,0
17388,1.125
17389,2.28125
17390,3.4375
17391,-3.40625
17392,-2.25
17393,0
17394,0.03125
17395,-0.03125
17396,3.96875
17397,-4
17398,0.03125
17399,0
17400,0.0625
17401,-0.03125
17402,-0.0625
17403,0
17404,3.625
17405,-3.21875
17406,-2.0625
17407,-0.90625
17408,0.25
17409,0
17410,0.03125
17411,-0.03125
17412,3.96875
17413,-4
17414,0.03125
17415,0
17416,0.0625
17417,-0.03125
17418,-0.0625
17419,0
17420,-1.875
17421,-0.71875
17422,0.4375
17423,1.59375
17424,2.75
17425,0
17426,0.03125
17427,-0.03125
17428,3.96875
17429,-4
17430,0.03125
17431,0
17432,0.0625
17433,-0.03125
17434,-0.0625
17435,0
17436,0.625
17437,1.78125
17438,2.9375
17439,-3.90625
17440,-2.75
17441,0
17442,0.03125
17443,-0.03125
17444,3.96875
17445,-4
17446,0.03125
17447,0
17448,0.0625
17449,-0.03125
17450,-0.0625
17451,0
17452,3.125
17453,-3.71875
17454,-2.5625
17455,-1.40625
17456,-0.25
17457,0
17458,0.03125
17459,-0.03125
17460,3.96875
17461,-4
17462,0.03125
17463,0
17464,0.0625
17465,-0.03125
17466,-0.0625
17467,0
17468,-2.375
17469,-1.21875
17470,-0.0625
17471,1.09375
17472,2.25
17473,0
17474,0.03125
17475,-0.03125
17476,3.96875
17477,-4
17478,0.03125
17479,0
17480,0.0625
17481,-0.03125
17482,-0.0625
17483,0
17484,0.125
17485,1.28125
17486,2.4375
17487,3.59375
17488,-3.25
17489,0
17490,0.03125
17491,-0.03125
17492,3.96875
17493,-4
17494,0.03125
17495,0
17496,0.0625
17497,-0.03125
17498,-0.0625
17499,0
17500,2.625
17501,3.78125
17502,-3.0625
17503,-1.90625
17504,-0.75
17505,0
17506,0.03125
17507,-0.03125
17508,3.96875
17509,-4
17510,0.03125
17511,0
17512,0.0625
17513,-0.03125
17514,-0.0625
17515,0
17516,-2.875
17517,-1.71875
17518,-0.5625
17519,0.59375
17520,1.75
17521,0
17522,0.03125
17523,-0.03125
17524,3.96875
17525,-4
17526,0.03125
17527,0
17528,0.0625
17529,-0.03125
17530,-0.0625
17531,0
17532,-0.375
17533,0.78125
17534,1.9375
17535,3.09375
17536,-3.75
17537,0
17538,0.03125
17539,-0.03125
17540,3.96875
17541,-4
17542,0.03125
17543,0
17544,0.0625
17545,-0.03125
17546,-0.0625
17547,0
17548,2.125
17549,3.28125
17550,-3.5625
17551,-2.40625
17552,-1.25
17553,0
17554,0.03125
17555,-0.03125
17556,3.96875
17557,-4
17558,0.03125
17559,0
17560,0.0625
17561,-0.03125
17562,-0.0625
17563,0
17564,-3.375
17565,-2.21875
17566,-1.0625
17567,0.09375
17568,1.25
17569,0
17570,0.03125
17571,-0.03125
17572,3.96875
17573,-4
17574,0.03125
17575,0
17576,0.0625
17577,-0.03125
17578,-0.0625
17579,0
17580,-0.875
17581,0.28125
17582,1.4375
17583,2.59375
17584,3.75
17585,0
17586,0.03125
17587,-0.03125
17588,3.96875
17589,-4
17590,0.03125
17591,0
17592,0.0625
17593,-0.03125
17594,-0.0625
17595,0
17596,1.625
17597,2.78125
17598,3.9375
17599,-2.90625
17600,-1.75
17601,0
17602,0.03125
17603,-0.03125
17604,3.96875
17605,-4
17606,0.03125
17607,0
17608,0.0625
17609,-0.03125
17610,-0.0625
17611,0
17612,-3.875
17613,-2.71875
17614,-1.5625
17615,-0.40625
17616,0.75
17617,0
17618,0.03125
17619,-0.03125
17620,3.96875
17621,-4
17622,0.03125
17623,0
17624,0.0625
17625,-0.03125
17626,-0.0625
17627,0
17628,-1.375
17629,-0.21875
17630,0.9375
17631,2.09375
17632,3.25
17633,0
17634,0.03125
17635,-0.03125
17636,3.96875
17637,-4
17638,0.03125
17639,0
17640,0.0625
17641,-0.03125
17642,-0.0625
17643,0
17644,1.125
17645,2.28125
17646,3.4375
17647,-3.40625
17648,-2.25
17649,0
17650,0.03125
17651,-0.03125
17652,3.96875
17653,-4
17654,0.03125
17655,0
17656,0.0625
17657,-0.03125
17658,-0.0625
17659,0
17660,3.625
17661,-3.21875
17662,-2.0625
17663,-0.90625
17664,0.25
17665,0
17666,0.03125
17667,-0.03125
17668,3.96875
17669,-4
17670,0.03125
17671,0
17672,0.0625
17673,-0.03125
17674,-0.0625
17675,0
17676,-1.875
17677,-0.71875
17678,0.4375
17679,1.59375
17680,2.75
17681,0
17682,0.03125
17683,-0.03125
17684,3.96875
17685,-4
17686,0.03125
17687,0
17688,0.0625
17689,-0.03125
17690,-0.0625
17691,0
17692,0.625
17693,1.78125
17694,2.9375
17695,-3.90625
17696,-2.75
17697,0
17698,0.03125
17699,-0.03125
17700,3.96875
17701,-4
17702,0.03125
17703,0
17704,0.0625
17705,-0.03125
17706,-0.0625
17707,0
17708,3.125
17709,-3.71875
17710,-2.5625
17711,-1.40625
17712,-0.25
17713,0
17714,0.03125
17715,-0.03125
17716,3.96875
17717,-4
17718,0.03125
17719,0
17720,0.0625
17721,-0.03125
17722,-0.0625
17723,0
17724,-2.375
17725,-1.21875
17726,-0.0625
17727,1.09375
17728,2.25
17729,0
17730,0.03125
17731,-0.03125
17732,3.96875
17733,-4
17734,0.03125
17735,0
17736,0.0625
17737,-0.03125
17738,-0.0625
17739,0
17740,0.125
17741,1.28125
17742,2.4375
17743,3.59375
17744,-3.25
17745,0
17746,0.03125
17747,-0.03125
17748,3.96875
17749,-4
17750,0.03125
17751,0
17752,0.0625
17753,-0.03125
17754,-0.0625
17755,0
17756,2.625
17757,3.78125
17758,-3.0625
17759,-1.90625
17760,-0.75
17761,0
17762,0.03125
17763,-0.03125
17764,3.96875
17765,-4
17766,0.03125
17767,0
17768,0.0625
17769,-0.03125
17770,-0.0625
17771,0
17772,-2.875
17773,-1.71875
17774,-0.5625
17775,0.59375
17776,1.75
17777,0
17778,0.03125
17779,-0.03125
17780,3.96875
17781,-4
17782,0.03125
17783,0
17784,0.0625
17785,-0.03125
17786,-0.0625
17787,0
17788,-0.375
17789,0.78125
17790,1.9375
17791,3.09375
17792,-3.75
17793,0
17794,0.03125
17795,-0.03125
17796,3.96875
17797,-4
17798,0.03125
17799,0
17800,0.0625
17801,-0.03125
17802,-0.0625
17803,0
17804,2.125
17805,3.28125
17806,-3.5625
17807,-2.40625
17808,-1.25
17809,0
17810,0.03125
17811,-0.03125
17812,3.96875
17813,-4
17814,0.03125
17815,0
17816,0.0625
17817,-0.03125
17818,-0.0625
17819,0
17820,-3.375
17821,-2.21875
17822,-1.0625
17823,0.09375
17824,1.25
17825,0
17826,0.03125
17827,-0.03125
17828,3.96875
17829,-4
17830,0.03125
17831,0
17832,0.0625
17833,-0.03125
17834,-0.0625
17835,0
17836,-0.875
17837,0.28125
17838,1.4375
17839,2.59375
17840,3.75
17841,0
17842,0.03125
17843,-0.03125
17844,3.96875
17845,-4
17846,0.03125
17847,0
17848,0.0625
17849,-0.03125
17850,-0.0625
17851,0
17852,1.625
17853,2.78125
17854,3.9375
17855,-2.90625
17856,-1.75
17857,0
17858,0.03125
17859,-0.03125
17860,3.96875
17861,-4
17862,0.03125
17863,0
17864,0.0625
17865,-0.03125
17866,-0.0625
17867,0
17868,-3.875
17869,-2.71875
17870,-1.5625
17871,-0.40625
17872,0.75
17873,0
17874,0.03125
17875,-0.03125
17876,3.96875
17877,-4
17878,0.03125
17879,0
17880,0.0625
17881,-0.03125
17882,-0.0625
17883,0
17884,-1.375
17885,-0.21875
17886,0.9375
17887,2.09375
17888,3.25
17889,0
17890,0.03125
17891,-0.03125
17892,3.96875
17893,-4
17894,0.03125
17895,0
17896,0.0625
17897,-0.03125
17898,-0.0625
17899,0
17900,1.125
17901,2.28125
17902,3.4375
17903,-3.40625
17904,-2.25
17905,0
17906,0.03125
17907,-0.03125
17908,3.96875
17909,-4
17910,0.03125
17911,0
17912,0.0625
17913,-0.03125
17914,-0.0625
17915,0
17916,3.625
17917,-3.21875
17918,-2.0625
17919,-0.90625
17920,0.25
17921,0
17922,0.03125
17923,-0.03125
17924,3.96875
17925,-4
17926,0.03125
17927,0
17928,0.0625
17929,-0.03125
17930,-0.0625
17931,0
17932,-1.875
17933,-0.71875
17934,0.4375
17935,1.59375
17936,2.75
17937,0
17938,0.03125
17939,-0.03125
17940,3.96875
17941,-4
17942,0.03125
17943,0
17944,0.0625
17945,-0.03125
17946,-0.0625
17947,0
17948,0.625
17949,1.78125
17950,2.9375
17951,-3.90625
17952,-2.75
17953,0
17954,0.03125
17955,-0.03125
17956,3.96875
17957,-4
17958,0.03125
17959,0
17960,0.0625
17961,-0.03125
17962,-0.0625
17963,0
17964,3.125
17965,-3.71875
17966,-2.5625
17967,-1.40625
17968,-0.25
17969,0
17970,0.03125
17971,-0.03125
17972,3.96875
17973,-4
17974,0.03125
17975,0
17976,0.0625
17977,-0.03125
17978,-0.0625
17979,0
17980,-2.375
17981,-1.21875
17982,-0.0625
17983,1.09375
17984,2.25
17985,0
17986,0.03125
17987,-0.03125
17988,3.96875
17989,-4
17990,0.03125
17991,0
17992,0.0625
17993,-0.03125
17994,-0.0625
17995,0
17996,0.125
17997,1.28125
17998,2.4375
17999,3.59375
18000,-3.25
18001,0
18002,0.03125
18003,-0.03125
18004,3.96875
18005,-4
18006,0.03125
18007,0
18008,0.0625
18009,-0.03125
18010,-0.0625
18011,0
18012,2.625
18013,3.78125
18014,-3.0625
18015,-1.90625
18016,-0.75
18017,0
18018,0.03125
18019,-0.03125
18020,3.96875
18021,-4
18022,0.03125
18023,0
18024,0.0625
18025,-0.03125
18026,-0.0625
18027,0
18028,-2.875
18029,-1.71875
18030,-0.5625
18031,0.59375
18032,1.75
18033,0
18034,0.03125
18035,-0.03125
18036,3.96875
18037,-4
18038,0.03125
18039,0
18040,0.0625
18041,-0.03125
18042,-0.0625
18043,0
18044,-0.375
18045,0.78125
18046,1.9375
18047,3.09375
18048,-3.75
18049,0
18050,0.03125
18051,-0.03125
18052,3.96875
18053,-4
18054,0.03125
18055,0
18056,0.0625
18057,-0.03125
18058,-0.0625
18059,0
18060,2.125
18061,3.28125
18062,-3.5625
18063,-2.40625
18064,-1.25
18065,0
18066,0.03125
18067,-0.03125
18068,3.96875
18069,-4
18070,0.03125
18071,0
18072,0.0625
18073,-0.03125
18074,-0.0625
18075,0
18076,-3.375
18077,-2.21875
18078,-1.0625
18079,0.09375
18080,1.25
18081,0
18082,0.03125
18083,-0.03125
18084,3.96875
18085,-4
18086,0.03125
18087,0
18088,0.0625
18089,-0.03125
18090,-0.0625
18091,0
18092,-0.875
18093,0.28125
18094,1.4375
18095,2.59375
18096,3.75
18097,0
18098,0.03125
18099,-0.03125
18100,3.96875
18101,-4
18102,0.03125
18103,0
18104,0.0625
18105,-0.03125
18106,-0.0625
18107,0
18108,1.625
18109,2.78125
18110,3.9375
18111,-2.90625
18112,-1.75
18113,0
18114,0.03125
18115,-0.03125
18116,3.96875
18117,-4
18118,0.03125
18119,0
18120,0.0625
18121,-0.03125
18122,-0.0625
18123,0
18124,-3.875
18125,-2.71875
18126,-1.5625
18127,-0.40625
18128,0.75
18129,0
18130,0.03125
18131,-0.03125
18132,3.96875
18133,-4
18134,0.03125
18135,0
18136,0.0625
18137,-0.03125
18138,-0.0625
18139,0
18140,-1.375
18141,-0.21875
18142,0.9375
18143,2.09375
18144,3.25
18145,0
18146,0.03125
18147,-0.03125
18148,3.96875
18149,-4
18150,0.03125
18151,0
18152,0.0625
18153,-0.03125
18154,-0.0625
18155,0
18156,1.125
18157,2.28125
18158,3.4375
18159,-3.40625
18160,-2.25
18161,0
18162,0.03125
18163,-0.03125
18164,3.96875
18165,-4
18166,0.03125
18167,0
18168,0.0625
18169,-0.03125
18170,-0.0625
18171,0
18172,3.625
18173,-3.21875
18174,-2.0625
18175,-0.90625
18176,0.25
18177,0
18178,0.03125
18179,-0.03125
18180,3.96875
18181,-4
18182,0.03125
18183,0
18184,0.0625
18185,-0.03125
18186,-0.0625
18187,0
18188,-1.875
18189,-0.71875
18190,0.4375
18191,1.59375
18192,2.75
18193,0
18194,0.03125
18195,-0.03125
18196,3.96875
18197,-4
18198,0.03125
18199,0
18200,0.0625
18201,-0.03125
18202,-0.0625
18203,0
18204,0.625
18205,1.78125
18206,2.9375
18207,-3.90625
18208,-2.75
18209,0
18210,0.03125
18211,-0.03125
18212,3.96875
18213,-4
18214,0.03125
18215,0
18216,0.0625
18217,-0.03125
18218,-0.0625
18219,0
18220,3.125
18221,-3.71875
18222,-2.5625
18223,-1.40625
18224,-0.25
18225,0
18226,0.03125
18227,-0.03125
18228,3.96875
18229,-4
18230,0.03125
18231,0
18232,0.0625
18233,-0.03125
18234,-0.0625
18235,0
18236,-2.375
18237,-1.21875
18238,-0.0625
18239,1.09375
18240,2.25
18241,0
18242,0.03125
18243,-0.03125
18244,3.96875
18245,-4
18246,0.03125
18247,0
18248,0.0625
18249,-0.03125
18250,-0.0625
18251,0
18252,0.125
18253,1.28125
18254,2.4375
18255,3.59375
18256,-3.25
18257,0
18258,0.03125
18259,-0.03125
18260,3.96875
18261,-4
18262,0.03125
18263,0
18264,0.0625
18265,-0.03125
18266,-0.0625
18267,0
18268,2.625
18269,3.78125
18270,-3.0625
18271,-1.90625
18272,-0.75
18273,0
18274,0.03125
18275,-0.03125
18276,3.96875
18277,-4
18278,0.03125
18279,0
18280,0.0625
18281,-0.03125
18282,-0.0625
18283,0
18284,-2.875
18285,-1.71875
18286,-0.5625
18287,0.59375
18288,1.75
18289,0
18290,0.03125
18291,-0.03125
18292,3.96875
18293,-4
18294,0.03125
18295,0
18296,0.0625
18297,-0.03125
18298,-0.0625
18299,0
18300,-0.375
18301,0.78125
18302,1.9375
18303,3.09375
18304,-3.75
18305,0
18306,0.03125
18307,-0.03125
18308,3.96875
18309,-4
18310,0.03125
18311,0
18312,0.0625
18313,-0.03125
18314,-0.0625
18315,0
18316,2.125
18317,3.28125
18318,-3.5625
18319,-2.40625
18320,-1.25
18321,0
18322,0.03125
18323,-0.03125
18324,3.96875
18325,-4
18326,0.03125
18327,0
18328,0.0625
18329,-0.03125
18330,-0.0625
18331,0
18332,-3.375
18333,-2.21875
18334,-1.0625
18335,0.09375
18336,1.25
18337,0
18338,0.03125
18339,-0.03125
18340,3.96875
18341,-4
18342,0.03125
18343,0
18344,0.0625
18345,-0.03125
18346,-0.0625
18347,0
18348,-0.875
18349,0.28125
18350,1.4375
18351,2.59375
18352,3.75
18353,0
18354,0.03125
18355,-0.03125
18356,3.96875
18357,-4
18358,0.03125
18359,0
18360,0.0625
18361,-0.03125
18362,-0.0625
18363,0
18364,1.625
18365,2.78125
18366,3.9375
18367,-2.90625
18368,-1.75
18369,0
18370,0.03125
18371,-0.03125
18372,3.96875
18373,-4
18374,0.03125
18375,0
18376,0.0625
18377,-0.03125
18378,-0.0625
18379,0
18380,-3.875
18381,-2.71875
18382,-1.5625
18383,-0.40625
18384,0.75
18385,0
18386,0.03125
18387,-0.03125
18388,3.96875
18389,-4
18390,0.03125
18391,0
18392,0.0625
18393,-0.03125
18394,-0.0625
18395,0
18396,-1.375
18397,-0.21875
18398,0.9375
18399,2.09375
18400,3.25
18401,0
18402,0.03125
18403,-0.03125
18404,3.96875
18405,-4
18406,0.03125
18407,0
18408,0.0625
18409,-0.03125
18410,-0.0625
18411,0
18412,1.125
18413,2.28125
18414,3.4375
18415,-3.40625
18416,-2.25
18417,0
18418,0.03125
18419,-0.03125
18420,3.96875
18421,-4
18422,0.03125
18423,0
18424,0.0625
18425,-0.03125
18426,-0.0625
18427,0
18428,3.625
18429,-3.21875
18430,-2.0625
18431,-0.90625
18432,0.25
18433,0
18434,0.03125
18435,-0.03125
18436,3.96875
18437,-4
18438,0.03125
18439,0
18440,0.0625
18441,-0.03125
18442,-0.0625
18443,0
18444,-1.875
18445,-0.71875
18446,0.4375
18447,1.59375
18448,2.75
18449,0
18450,0.03125
18451,-0.03125
18452,3.96875
18453,-4
18454,0.03125
18455,0
18456,0.0625
18457,-0.03125
18458,-0.0625
18459,0
18460,0.625
18461,1.78125
18462,2.9375
18463,-3.90625
18464,-2.75
18465,0
18466,0.03125
18467,-0.03125
18468,3.96875
18469,-4
18470,0.03125
18471,0
18472,0.0625
18473,-0.03125
18474,-0.0625
18475,0
18476,3.125
18477,-3.71875
18478,-2.5625
18479,-1.40625
18480,-0.25
18481,0
18482,0.03125
18483,-0.03125
18484,3.96875
18485,-4
18486,0.03125
18487,0
18488,0.0625
18489,-0.03125
18490,-0.0625
18491,0
18492,-2.375
18493,-1.21875
18494,-0.0625
18495,1.09375
18496,2.25
18497,0
18498,0.03125
18499,-0.03125
18500,3.96875
18501,-4
18502,0.03125
18503,0
18504,0.0625
18505,-0.03125
18506,-0.0625
18507,0
18508,0.125
18509,1.28125
18510,2.4375
18511,3.59375
18512,-3.25
18513,0
18514,0.03125
18515,-0.03125
18516,3.96875
18517,-4
18518,0.03125
18519,0
18520,0.0625
18521,-0.03125
18522,-0.0625
18523,0
18524,2.625
18525,3.78125
18526,-3.0625
18527,-1.90625
18528,-0.75
18529,0
18530,0.03125
18531,-0.03125
18532,3.96875
18533,-4
18534,0.03125
18535,0
18536,0.0625
18537,-0.03125
18538,-0.0625
18539,0
18540,-2.875
18541,-1.71875
18542,-0.5625
18543,0.59375
18544,1.75
18545,0
18546,0.03125
18547,-0.03125
18548,3.96875
18549,-4
18550,0.03125
18551,0
18552,0.0625
18553,-0.03125
18554,-0.0625
18555,0
18556,-0.375
18557,0.78125
18558,1.9375
18559,3.09375
18560,-3.75
18561,0
18562,0.03125
18563,-0.03125
18564,3.96875
18565,-4
18566,0.03125
18567,0
18568,0.0625
18569,-0.03125
18570,-0.0625
18571,0
18572,2.125
18573,3.28125
18574,-3.5625
18575,-2.40625
18576,-1.25
18577,0
18578,0.03125
18579,-0.03125
18580,3.96875
18581,-4
18582,0.03125
18583,0
18584,0.0625
18585,-0.03125
18586,-0.0625
18587,0
18588,-3.375
18589,-2.21875
18590,-1.0625
18591,0.09375
18592,1.25
18593,0
18594,0.03125
18595,-0.03125
18596,3.96875
18597,-4
18598,0.03125
18599,0
18600,0.0625
18601,-0.03125
18602,-0.0625
18603,0
18604,-0.875
18605,0.28125
18606,1.4375
18607,2.59375
18608,3.75
18609,0
18610,0.03125
18611,-0.03125
18612,3.96875
18613,-4
18614,0.03125
18615,0
18616,0.0625
18617,-0.03125
18618,-0.0625
18619,0
18620,1.625
18621,2.78125
18622,3.9375
18623,-2.90625
18624,-1.75
18625,0
18626,0.03125
18627,-0.03125
18628,3.96875
18629,-4
18630,0.03125
18631,0
18632,0.0625
18633,-0.03125
18634,-0.0625
18635,0
18636,-3.875
18637,-2.71875
18638,-1.5625
18639,-0.40625
18640,0.75
18641,0
18642,0.03125
18643,-0.03125
18644,3.96875
18645,-4
18646,0.03125
18647,0
18648,0.0625
18649,-0.03125
18650,-0.0625
18651,0
18652,-1.375
18653,-0.21875
18654,0.9375
18655,2.09375
18656,3.25
18657,0
18658,0.03125
18659,-0.03125
18660,3.96875
18661,-4
18662,0.03125
18663,0
18664,0.0625
18665,-0.03125
18666,-0.0625
18667,0
18668,1.125
18669,2.28125
18670,3.4375
18671,-3.40625
18672,-2.25
18673,0
18674,0.03125
18675,-0.03125
18676,3.96875
18677,-4
18678,0.03125
18679,0
18680,0.0625
18681,-0.03125
18682,-0.0625
18683,0
18684,3.625
18685,-3.21875
18686,-2.0625
18687,-0.90625
18688,0.25
18689,0
18690,0.03125
18691,-0.03125
18692,3.96875
18693,-4
18694,0.03125
18695,0
18696,0.0625
18697,-0.03125
18698,-0.0625
18699,0
18700,-1.875
18701,-0.71875
18702,0.4375
18703,1.59375
18704,2.75
18705,0
18706,0.03125
18707,-0.03125
18708,3.96875
18709,-4
18710,0.03125
18711,0
18712,0.0625
18713,-0.03125
18714,-0.0625
18715,0
18716,0.625
18717,1.78125
18718,2.9375
18719,-3.90625
18720,-2.75
18721,0
18722,0.03125
18723,-0.03125
18724,3.96875
18725,-4
18726,0.03125
18727,0
18728,0.0625
18729,-0.03125
18730,-0.0625
18731,0
18732,3.125
18733,-3.71875
18734,-2.5625
18735,-1.40625
18736,-0.25
18737,0
18738,0.03125
18739,-0.03125
18740,3.96875
18741,-4
18742,0.03125
18743,0
18744,0.0625
18745,-0.03125
18746,-0.0625
18747,0
18748,-2.375
18749,-1.21875
18750,-0.0625
18751,1.09375
18752,2.25
18753,0
18754,0.03125
18755,-0.03125
18756,3.96875
18757,-4
18758,0.03125
18759,0
18760,0.0625
18761,-0.03125
18762,-0.0625
18763,0
18764,0.125
18765,1.28125
18766,2.4375
18767,3.59375
18768,-3.25
18769,0
18770,0.03125
18771,-0.03125
18772,3.96875
18773,-4
18774,0.03125
18775,0
18776,0.0625
18777,-0.03125
18778,-0.0625
18779,0
18780,2.625
18781,3.78125
18782,-3.0625
18783,-1.90625
18784,-0.75
18785,0
18786,0.03125
18787,-0.03125
18788,3.96875
18789,-4
18790,0.03125
18791,0
18792,0.0625
18793,-0.03125
18794,-0.0625
18795,0
18796,-2.875
18797,-1.71875
18798,-0.5625
18799,0.59375
18800,1.75
18801,0
18802,0.03125
18803,-0.03125
18804,3.96875
18805,-4
18806,0.03125
18807,0
18808,0.0625
18809,-0.03125
18810,-0.0625
18811,0
18812,-0.375
18813,0.78125
18814,1.9375
18815,3.09375
18816,-3.75
18817,0
18818,0.03125
18819,-0.03125
18820,3.96875
18821,-4
18822,0.03125
18823,0
18824,0.0625
18825,-0.03125
18826,-0.0625
18827,0
18828,2.125
18829,3.28125
18830,-3.5625
18831,-2.40625
18832,-1.25
18833,0
18834,0.03125
18835,-0.03125
18836,3.96875
18837,-4
18838,0.03125
18839,0
18840,0.0625
18841,-0.03125
18842,-0.0625
18843,0
18844,-3.375
18845,-2.21875
18846,-1.0625
18847,0.09375
18848,1.25
18849,0
18850,0.03125
18851,-0.03125
18852,3.96875
18853,-4
18854,0.03125
18855,0
18856,0.0625
18857,-0.03125
18858,-0.0625
18859,0
18860,-0.875
18861,0.28125
18862,1.4375
18863,2.59375
18864,3.75
18865,0
18866,0.03125
18867,-0.03125
18868,3.96875
18869,-4
18870,0.03125
18871,0
18872,0.0625
18873,-0.03125
18874,-0.0625
18875,0
18876,1.625
18877,2.78125
18878,3.9375
18879,-2.90625
18880,-1.75
18881,0
18882,0.03125
18883,-0.03125
18884,3.96875
18885,-4
18886,0.03125
18887,0
18888,0.0625
18889,-0.03125
18890,-0.0625
18891,0
18892,-3.875
18893,-2.71875
18894,-1.5625
18895,-0.40625
18896,0.75
18897,0
18898,0.03125
18899,-0.03125
18900,3.96875
18901,-4
18902,0.03125
18903,0
18904,0.0625
18905,-0.03125
18906,-0.0625
18907,0
18908,-1.375
18909,-0.21875
18910,0.9375
18911,2.09375
18912,3.25
18913,0
18914,0.03125
18915,-0.03125
18916,3.96875
18917,-4
18918,0.03125
18919,0
18920,0.0625
18921,-0.03125
18922,-0.0625
18923,0
18924,1.125
18925,2.28125
18926,3.4375
18927,-3.40625
18928,-2.25
18929,0
18930,0.03125
18931,-0.03125
18932,3.96875
18933,-4
18934,0.03125
18935,0
18936,0.0625
18937,-0.03125
18938,-0.0625
18939,0
18940,3.625
18941,-3.21875
18942,-2.0625
18943,-0.90625
18944,0.25
18945,0
18946,0.03125
18947,-0.03125
18948,3.96875
18949,-4
18950,0.03125
18951,0
18952,0.0625
18953,-0.03125
18954,-0.0625
18955,0
18956,-1.875
18957,-0.71875
18958,0.4375
18959,1.59375
18960,2.75
18961,0
18962,0.03125
18963,-0.03125
18964,3.96875
18965,-4
18966,0.03125
18967,0
18968,0.0625
18969,-0.03125
18970,-0.0625
18971,0
18972,0.625
18973,1.78125
18974,2.9375
18975,-3.90625
18976,-2.75
18977,0
18978,0.03125
18979,-0.03125
18980,3.96875
18981,-4
18982,0.03125
18983,0
18984,0.0625
18985,-0.03125
18986,-0.0625
18987,0
18988,3.125
18989,-3.71875
18990,-2.5625
18991,-1.40625
18992,-0.25
18993,0
18994,0.03125
18995,-0.03125
18996,3.96875
18997,-4
18998,0.03125
18999,0
19000,0.0625
19001,-0.03125
19002,-0.0625
19003,0
19004,-2.375
19005,-1.21875
19006,-0.0625
19007,1.09375
19008,2.25
19009,0
19010,0.03125
19011,-0.03125
19012,3.96875
19013,-4
19014,0.03125
19015,0
19016,0.0625
19017,-0.03125
19018,-0.0625
19019,0
19020,0.125
19021,1.28125
19022,2.4375
19023,3.59375
19024,-3.25
19025,0
19026,0.03125
19027,-0.03125
19028,3.96875
19029,-4
19030,0.03125
19031,0
19032,0.0625
19033,-0.03125
19034,-0.0625
19035,0
19036,2.625
19037,3.78125
19038,-3.0625
19039,-1.90625
19040,-0.75
19041,0
19042,0.03125
19043,-0.03125
19044,3.96875
19045,-4
19046,0.03125
19047,0
19048,0.0625
19049,-0.03125
19050,-0.0625
19051,0
19052,-2.875
19053,-1.71875
19054,-0.5625
19055,0.59375
19056,1.75
19057,0
19058,0.03125
19059,-0.03125
19060,3.96875
19061,-4
19062,0.03125
19063,0
19064,0.0625
19065,-0.03125
19066,-0.0625
19067,0
19068,-0.375
19069,0.78125
19070,1.9375
19071,3.09375
19072,-3.75
19073,0
19074,0.03125
19075,-0.03125
19076,3.96875
19077,-4
19078,0.03125
19079,0
19080,0.0625
19081,-0.03125
19082,-0.0625
19083,0
19084,2.125
19085,3.28125
19086,-3.5625
19087,-2.40625
19088,-1.25
19089,0
19090,0.03125
19091,-0.03125
19092,3.96875
19093,-4
19094,0.03125
19095,0
19096,0.0625
19097,-0.03125
19098,-0.0625
19099,0
19100,-3.375
19101,-2.21875
19102,-1.0625
19103,0.09375
19104,1.25
19105,0
19106,0.03125
19107,-0.03125
19108,3.96875
19109,-4
19110,0.03125
19111,0
19112,0.0625
19113,-0.03125
19114,-0.0625
19115,0
19116,-0.875
19117,0.28125
19118,1.4375
19119,2.59375
19120,3.75
19121,0
19122,0.03125
19123,-0.03125
19124,3.96875
19125,-4
19126,0.03125
19127,0
19128,0.0625
19129,-0.03125
19130,-0.0625
19131,0
19132,1.625
19133,2.78125
19134,3.9375
19135,-2.90625
19136,-1.75
19137,0
19138,0.03125
19139,-0.03125
19140,3.96875
19141,-4
19142,0.03125
19143,0
19144,0.0625
19145,-0.03125
19146,-0.0625
19147,0
19148,-3.875
19149,-2.71875
19150,-1.5625
19151,-0.40625
19152,0.75
19153,0
19154,0.03125
19155,-0.03125
19156,3.96875
19157,-4
19158,0.03125
19159,0
19160,0.0625
19161,-0.03125
19162,-0.0625
19163,0
19164,-1.375
19165,-0.21875
19166,0.9375
19167,2.09375
19168,3.25
19169,0
19170,0.03125
19171,-0.03125
19172,3.96875
19173,-4
19174,0.03125
19175,0
19176,0.0625
19177,-0.03125
19178,-0.0625
19179,0
19180,1.125
19181,2.28125
19182,3.4375
19183,-3.40625
19184,-2.25
19185,0
19186,0.03125
19187,-0.03125
19188,3.96875
19189,-4
19190,0.03125
19191,0
19192,0.0625
19193,-0.03125
19194,-0.0625
19195,0
19196,3.625
19197,-3.21875
19198,-2.0625
19199,-0.90625
19200,0.25
19201,0
19202,0.03125
19203,-0.03125
19204,3.96875
19205,-4
19206,0.03125
19207,0
19208,0.0625
19209,-0.03125
19210,-0.0625
19211,0
19212,-1.875
19213,-0.71875
19214,0.4375
19215,1.59375
19216,2.75
19217,0
19218,0.03125
19219,-0.03125
19220,3.96875
19221,-4
19222,0.03125
19223,0
19224,0.0625
19225,-0.03125
19226,-0.0625
19227,0
19228,0.625
19229,1.78125
19230,2.9375
19231,-3.90625
19232,-2.75
19233,0
19234,0.03125
19235,-0.03125
19236,3.96875
19237,-4
19238,0.03125
19239,0
19240,0.0625
19241,-0.03125
19242,-0.0625
19243,0
19244,3.125
19245,-3.71875
19246,-2.5625
19247,-1.40625
19248,-0.25
19249,0
19250,0.03125
19251,-0.03125
19252,3.96875
19253,-4
19254,0.03125
19255,0
19256,0.0625
19257,-0.03125
19258,-0.0625
19259,0
19260,-2.375
19261,-1.21875
19262,-0.0625
19263,1.09375
19264,2.25
19265,0
19266,0.03125
19267,-0.03125
19268,3.96875
19269,-4
19270,0.03125
19271,0
19272,0.0625
19273,-0.03125
19274,-0.0625
19275,0
19276,0.125
19277,1.28125
19278,2.4375
19279,3.59375
19280,-3.25
19281,0
19282,0.03125
19283,-0.03125
19284,3.96875
19285,-4
19286,0.03125
19287,0
19288,0.0625
19289,-0.03125
19290,-0.0625
19291,0
19292,2.625
19293,3.78125
19294,-3.0625
19295,-1.90625
19296,-0.75
19297,0
19298,0.03125
19299,-0.03125
19300,3.96875
19301,-4
19302,0.03125
19303,0
19304,0.0625
19305,-0.03125
19306,-0.0625
19307,0
19308,-2.875
19309,-1.71875
19310,-0.5625
19311,0.59375
19312,1.75
19313,0
19314,0.03125
19315,-0.03125
19316,3.96875
19317,-4
19318,0.03125
19319,0
19320,0.0625
19321,-0.03125
19322,-0.0625
19323,0
19324,-0.375
19325,0.78125
19326,1.9375
19327,3.09375
19328,-3.75
19329,0
19330,0.03125
19331,-0.03125
19332,3.96875
19333,-4
19334,0.03125
19335,0
19336,0.0625
19337,-0.03125
19338,-0.0625
19339,0
19340,2.125
19341,3.28125
19342,-3.5625
19343,-2.40625
19344,-1.25
19345,0
19346,0.03125
19347,-0.03125
19348,3.96875
19349,-4
19350,0.03125
19351,0
19352,0.0625
19353,-0.03125
19354,-0.0625
19355,0
19356,-3.375
19357,-2.21875
19358,-1.0625
19359,0.09375
19360,1.25
19361,0
19362,0.03125
19363,-0.03125
19364,3.96875
19365,-4
19366,0.03125
19367,0
19368,0.0625
19369,-0.03125
19370,-0.0625
19371,0
19372,-0.875
19373,0.28125
19374,1.4375
19375,2.59375
19376,3.75
19377,0
19378,0.03125
19379,-0.03125
19380,3.96875
19381,-4
19382,0.03125
19383,0
19384,0.0625
19385,-0.03125
19386,-0.0625
19387,0
19388,1.625
19389,2.78125
19390,3.9375
19391,-2.90625
19392,-1.75
19393,0
19394,0.03125
19395,-0.03125
19396,3.96875
19397,-4
19398,0.03125
19399,0
19400,0.0625
19401,-0.03125
19402,-0.0625
19403,0
19404,-3.875
19405,-2.71875
19406,-1.5625
19407,-0.40625
19408,0.75
19409,0
19410,0.03125
19411,-0.03125
19412,3.96875
19413,-4
19414,0.03125
19415,0
19416,0.0625
19417,-0.03125
19418,-0.0625
19419,0
19420,-1.375
19421,-0.21875
19422,0.9375
19423,2.09375
19424,3.25
19425,0
19426,0.03125
19427,-0.03125
19428,3.96875
19429,-4
19430,0.03125
19431,0
19432,0.0625
19433,-0.03125
19434,-0.0625
19435,0
19436,1.125
19437,2.28125
19438,3.4375
19439,-3.40625
19440,-2.25
19441,0
19442,0.03125
19443,-0.03125
19444,3.96875
19445,-4
19446,0.03125
19447,0
19448,0.0625
19449,-0.03125
19450,-0.0625
19451,0
19452,3.625
19453,-3.21875
19454,-2.0625
19455,-0.90625
19456,0.25
19457,0
19458,0.03125
19459,-0.03125
19460,3.96875
19461,-4
19462,0.03125
19463,0
19464,0.0625
19465,-0.03125
19466,-0.0625
19467,0
19468,-1.875
19469,-0.71875
19470,0.4375
19471,1.59375
19472,2.75
19473,0
19474,0.03125
19475,-0.03125
19476,3.96875
19477,-4
19478,0.03125
19479,0
19480,0.0625
19481,-0.03125
19482,-0.0625
19483,0
19484,0.625
19485,1.78125
19486,2.9375
19487,-3.90625
19488,-2.75
19489,0
19490,0.03125
19491,-0.03125
19492,3.96875
19493,-4
19494,0.03125
19495,0
19496,0.0625
19497,-0.03125
19498,-0.0625
19499,0
19500,3.125
19501,-3.71875
19502,-2.5625
19503,-1.40625
19504,-0.25
19505,0
19506,0.03125
19507,-0.03125
19508,3.96875
19509,-4
19510,0.03125
19511,0
19512,0.0625
19513,-0.03125
19514,-0.0625
19515,0
19516,-2.375
19517,-1.21875
19518,-0.0625
19519,1.09375
19520,2.25
19521,0
19522,0.03125
19523,-0.03125
19524,3.96875
19525,-4
19526,0.03125
19527,0
19528,0.0625
19529,-0.03125
19530,-0.0625
19531,0
19532,0.125
19533,1.28125
19534,2.4375
19535,3.59375
19536,-3.25
19537,0
19538,0.03125
19539,-0.03125
19540,3.96875
19541,-4
19542,0.03125
19543,0
19544,0.0625
19545,-0.03125
19546,-0.0625
19547,0
19548,2.625
19549,3.78125
19550,-3.0625
19551,-1.90625
19552,-0.75
19553,0
19554,0.03125
19555,-0.03125
19556,3.96875
19557,-4
19558,0.03125
19559,0
19560,0.0625
19561,-0.03125
19562,-0.0625
19563,0
19564,-2.875
19565,-1.71875
19566,-0.5625
19567,0.59375
19568,1.75
19569,0
19570,0.03125
19571,-0.03125
19572,3.96875
19573,-4
19574,0.03125
19575,0
19576,0.0625
19577,-0.03125
19578,-0.0625
19579,0
19580,-0.375
19581,0.78125
19582,1.9375
19583,3.09375
19584,-3.75
19585,0
19586,0.03125
19587,-0.03125
19588,3.96875
19589,-4
19590,0.03125
19591,0
19592,0.0625
19593,-0.03125
19594,-0.0625
19595,0
19596,2.125
19597,3.28125
19598,-3.5625
19599,-2.40625
19600,-1.25
19601,0
19602,0.03125
19603,-0.03125
19604,3.96875
19605,-4
19606,0.03125
19607,0
19608,0.0625
19609,-0.03125
19610,-0.0625
19611,0
19612,-3.375
19613,-2.21875
19614,-1.0625
19615,0.09375
19616,1.25
19617,0
19618,0.03125
19619,-0.03125
19620,3.96875
19621,-4
19622,0.03125
19623,0
19624,0.0625
19625,-0.03125
19626,-0.0625
19627,0
19628,-0.875
19629,0.28125
19630,1.4375
19631,2.59375
19632,3.75
19633,0
19634,0.03125
19635,-0.03125
19636,3.96875
19637,-4
19638,0.03125
19639,0
19640,0.0625
19641,-0.03125
19642,-0.0625
19643,0
19644,1.625
19645,2.78125
19646,3.9375
19647,-2.90625
19648,-1.75
19649,0
19650,0.03125
19651,-0.03125
19652,3.96875
19653,-4
19654,0.03125
19655,0
19656,0.0625
19657,-0.03125
19658,-0.0625
19659,0
19660,-3.875
19661,-2.71875
19662,-1.5625
19663,-0.40625
19664,0.75
19665,0
19666,0.03125
19667,-0.03125
19668,3.96875
19669,-4
19670,0.03125
19671,0
19672,0.0625
19673,-0.03125
19674,-0.0625
19675,0
19676,-1.375
19677,-0.21875
19678,0.9375
19679,2.09375
19680,3.25
19681,0
19682,0.03125
19683,-0.03125
19684,3.96875
19685,-4
19686,0.03125
19687,0
19688,0.0625
19689,-0.03125
19690,-0.0625
19691,0
19692,1.125
19693,2.28125
19694,3.4375
19695,-3.40625
19696,-2.25
19697,0
19698,0.03125
19699,-0.03125
19700,3.96875
19701,-4
19702,0.03125
19703,0
19704,0.0625
19705,-0.03125
19706,-0.0625
19707,0
19708,3.625
19709,-3.21875
19710,-2.0625
19711,-0.90625
19712,0.25
19713,0
19714,0.03125
19715,-0.03125
19716,3.96875
19717,-4
19718,0.03125
19719,0
19720,0.0625
19721,-0.03125
19722,-0.0625
19723,0
19724,-1.875
19725,-0.71875
19726,0.4375
19727,1.59375
19728,2.75
19729,0
19730,0.03125
19731,-0.03125
19732,3.96875
19733,-4
19734,0.03125
19735,0
19736,0.0625
19737,-0.03125
19738,-0.0625
19739,0
19740,0.625
19741,1.78125
19742,2.9375
19743,-3.90625
19744,-2.75
19745,0
19746,0.03125
19747,-0.03125
19748,3.96875
19749,-4
19750,0.03125
19751,0
19752,0.0625
19753,-0.03125
19754,-0.0625
19755,0
19756,3.125
19757,-3.71875
19758,-2.5625
19759,-1.40625
19760,-0.25
19761,0
19762,0.03125
19763,-0.03125
19764,3.96875
19765,-4
19766,0.03125
19767,0
19768,0.0625
19769,-0.03125
19770,-0.0625
19771,0
19772,-2.375
19773,-1.21875
19774,-0.0625
19775,1.09375
19776,2.25
19777,0
19778,0.03125
19779,-0.03125
19780,3.96875
19781,-4
19782,0.03125
19783,0
19784,0.0625
19785,-0.03125
19786,-0.0625
19787,0
19788,0.125
19789,1.28125
19790,2.4375
19791,3.59375
19792,-3.25
19793,0
19794,0.03125
19795,-0.03125
19796,3.96875
19797,-4
19798,0.03125
19799,0
19800,0.0625
19801,-0.03125
19802,-0.0625
19803,0
19804,2.625
19805,3.78125
19806,-3.0625
19807,-1.90625
19808,-0.75
19809,0
19810,0.03125
19811,-0.03125
19812,3.96875
19813,-4
19814,0.03125
19815,0
19816,0.0625
19817,-0.03125
19818,-0.0625
19819,0
19820,-2.875
19821,-1.71875
19822,-0.5625
19823,0.59375
19824,1.75
19825,0
19826,0.03125
19827,-0.03125
19828,3.96875
19829,-4
19830,0.03125
19831,0
19832,0.0625
19833,-0.03125
19834,-0.0625
19835,0
19836,-0.375
19837,0.78125
19838,1.9375
19839,3.09375
19840,-3.75
19841,0
19842,0.03125
19843,-0.03125
19844,3.96875
19845,-4
19846,0.03125
19847,0
19848,0.0625
19849,-0.03125
19850,-0.0625
19851,0
19852,2.125
19853,3.28125
19854,-3.5625
19855,-2.40625
19856,-1.25
19857,0
19858,0.03125
19859,-0.03125
19860,3.96875
19861,-4
19862,0.03125
19863,0
19864,0.0625
19865,-0.03125
19866,-0.0625
19867,0
19868,-3.375
19869,-2.21875
19870,-1.0625
19871,0.09375
19872,1.25
19873,0
19874,0.03125
19875,-0.03125
19876,3.96875
19877,-4
19878,0.03125
19879,0
19880,0.0625
19881,-0.03125
19882,-0.0625
19883,0
19884,-0.875
19885,0.28125
19886,1.4375
19887,2.59375
19888,3.75
19889,0
19890,0.03125
19891,-0.03125
19892,3.96875
19893,-4
19894,0.03125
19895,0
19896,0.0625
19897,-0.03125
19898,-0.0625
19899,0
19900,1.625
19901,2.78125
19902,3.9375
19903,-2.90625
19904,-1.75
19905,0
19906,0.03125
19907,-0.03125
19908,3.96875
19909,-4
19910,0.03125
19911,0
19912,0.0625
19913,-0.03125
19914,-0.0625
19915,0
19916,-3.875
19917,-2.71875
19918,-1.5625
19919,-0.40625
19920,0.75
19921,0
19922,0.03125
19923,-0.03125
19924,3.96875
19925,-4
19926,0.03125
19927,0
19928,0.0625
19929,-0.03125
19930,-0.0625
19931,0
19932,-1.375
19933,-0.21875
19934,0.9375
19935,2.09375
19936,3.25
19937,0
19938,0.03125
19939,-0.03125
19940,3.96875
19941,-4
19942,0.03125
19943,0
19944,0.0625
19945,-0.03125
19946,-0.0625
19947,0
19948,1.125
19949,2.28125
19950,3.4375
19951,-3.40625
19952,-2.25
19953,0
19954,0.03125
19955,-0.03125
19956,3.96875
19957,-4
19958,0.03125
19959,0
19960,0.0625
19961,-0.03125
19962,-0.0625
19963,0
19964,3.625
19965,-3.21875
19966,-2.0625
19967,-0.90625
19968,0.25
19969,0
19970,0.03125
19971,-0.03125
19972,3.96875
19973,-4
19974,0.03125
19975,0
19976,0.0625
19977,-0.03125
19978,-0.0625
19979,0
19980,-1.875
19981,-0.71875
19982,0.4375
19983,1.59375
19984,2.75
19985,0
19986,0.03125
19987,-0.03125
19988,3.96875
19989,-4
19990,0.03125
19991,0
19992,0.0625
19993,-0.03125
19994,-0.0625
19995,0
19996,0.625
19997,1.78125
19998,2.9375
19999,-3.90625
20000,-2.75
