cycle,o_word
1,0
2,0.015625
3,-0.015625
4,1.984375
5,-2
6,0
7,-0.015625
8,0.015625
9,0
10,-0.015625
11,0.015625
12,1.984375
13,1.984375
14,1.984375
15,1.984375
16,1.984375
17,0
18,0.015625
19,-0.015625
20,1.984375
21,-2
22,0
23,-0.015625
24,0.015625
25,0
26,-0.015625
27,0.015625
28,-2
29,-2
30,-2
31,-1.953125
32,-1.375
33,0
34,0.015625
35,-0.015625
36,1.984375
37,-2
38,0
39,-0.015625
40,0.015625
41,0
42,-0.015625
43,0.015625
44,1.984375
45,1.984375
46,1.984375
47,1.984375
48,1.984375
49,0
50,0.015625
51,-0.015625
52,1.984375
53,-2
54,0
55,-0.015625
56,0.015625
57,0
58,-0.015625
59,0.015625
60,-1.1875
61,-0.609375
62,-0.03125
63,0.546875
64,1.125
65,0
66,0.015625
67,-0.015625
68,1.984375
69,-2
70,0
71,-0.015625
72,0.015625
73,0
74,-0.015625
75,0.015625
76,-2
77,-2
78,-2
79,-2
80,-2
81,0
82,0.015625
83,-0.015625
84,1.984375
85,-2
86,0
87,-0.015625
88,0.015625
89,0
90,-0.015625
91,0.015625
92,1.3125
93,1.890625
94,1.984375
95,1.984375
96,1.984375
97,0
98,0.015625
99,-0.015625
100,1.984375
101,-2
102,0
103,-0.015625
104,0.015625
105,0
106,-0.015625
107,0.015625
108,-2
109,-2
110,-2
111,-2
112,-2
113,0
114,0.015625
115,-0.015625
116,1.984375
117,-2
118,0
119,-0.015625
120,0.015625
121,0
122,-0.015625
123,0.015625
124,1.984375
125,1.984375
126,1.984375
127,1.984375
128,1.984375
129,0
130,0.015625
131,-0.015625
132,1.984375
133,-2
134,0
135,-0.015625
136,0.015625
137,0
138,-0.015625
139,0.015625
140,-2
141,-2
142,-1.78125
143,-1.203125
144,-0.625
145,0
146,0.015625
147,-0.015625
148,1.984375
149,-2
150,0
151,-0.015625
152,0.015625
153,0
154,-0.015625
155,0.015625
156,1.984375
157,1.984375
158,1.984375
159,-2
160,-2
161,0
162,0.015625
163,-0.015625
164,1.984375
165,-2
166,0
167,-0.015625
168,0.015625
169,0
170,-0.015625
171,0.015625
172,-0.4375
173,0.140625
174,0.71875
175,1.296875
176,1.875
177,0
178,0.015625
179,-0.015625
180,1.984375
181,-2
182,0
183,-0.015625
184,0.015625
185,0
186,-0.015625
187,0.015625
188,-2
189,-2
190,-2
191,-2
192,-2
193,0
194,0.015625
195,-0.015625
196,1.984375
197,-2
198,0
199,-0.015625
200,0.015625
201,0
202,-0.015625
203,0.015625
204,1.984375
205,1.984375
206,1.984375
207,1.984375
208,1.984375
209,0
210,0.015625
211,-0.015625
212,1.984375
213,-2
214,0
215,-0.015625
216,0.015625
217,0
218,-0.015625
219,0.015625
220,-2
221,-2
222,-2
223,-2
224,-2
225,0
226,0.015625
227,-0.015625
228,1.984375
229,-2
230,0
231,-0.015625
232,0.015625
233,0
234,-0.015625
235,0.015625
236,1.984375
237,1.984375
238,1.984375
239,1.984375
240,1.984375
241,0
242,0.015625
243,-0.015625
244,1.984375
245,-2
246,0
247,-0.015625
248,0.015625
249,0
250,-0.015625
251,0.015625
252,-2
253,-1.609375
254,-1.03125
255,-0.453125
256,0.125
257,0
258,0.015625
259,-0.015625
260,1.984375
261,-2
262,0
263,-0.015625
264,0.015625
265,0
266,-0.015625
267,0.015625
268,1.984375
269,1.984375
270,-2
271,-2
272,-2
273,0
274,0.015625
275,-0.015625
276,1.984375
277,-2
278,0
279,-0.015625
280,0.015625
281,0
282,-0.015625
283,0.015625
284,0.3125
285,0.890625
286,1.46875
287,1.984375
288,1.984375
289,0
290,0.015625
291,-0.015625
292,1.984375
293,-2
294,0
295,-0.015625
296,0.015625
297,0
298,-0.015625
299,0.015625
300,-2
301,-2
302,-2
303,-2
304,-2
305,0
306,0.015625
307,-0.015625
308,1.984375
309,-2
310,0
311,-0.015625
312,0.015625
313,0
314,-0.015625
315,0.015625
316,1.984375
317,1.984375
318,1.984375
319,1.984375
320,1.984375
321,0
322,0.015625
323,-0.015625
324,1.984375
325,-2
326,0
327,-0.015625
328,0.015625
329,0
330,-0.015625
331,0.015625
332,-2
333,-2
334,-2
335,-2
336,-1.625
337,0
338,0.015625
339,-0.015625
340,1.984375
341,-2
342,0
343,-0.015625
344,0.015625
345,0
346,-0.015625
347,0.015625
348,1.984375
349,1.984375
350,1.984375
351,1.984375
352,1.984375
353,0
354,0.015625
355,-0.015625
356,1.984375
357,-2
358,0
359,-0.015625
360,0.015625
361,0
362,-0.015625
363,0.015625
364,-1.4375
365,-0.859375
366,-0.28125
367,0.296875
368,0.875
369,0
370,0.015625
371,-0.015625
372,1.984375
373,-2
374,0
375,-0.015625
376,0.015625
377,0
378,-0.015625
379,0.015625
380,1.984375
381,-2
382,-2
383,-2
384,-2
385,0
386,0.015625
387,-0.015625
388,1.984375
389,-2
390,0
391,-0.015625
392,0.015625
393,0
394,-0.015625
395,0.015625
396,1.0625
397,1.640625
398,1.984375
399,1.984375
400,1.984375
401,0
402,0.015625
403,-0.015625
404,1.984375
405,-2
406,0
407,-0.015625
408,0.015625
409,0
410,-0.015625
411,0.015625
412,-2
413,-2
414,-2
415,-2
416,-2
417,0
418,0.015625
419,-0.015625
420,1.984375
421,-2
422,0
423,-0.015625
424,0.015625
425,0
426,-0.015625
427,0.015625
428,1.984375
429,1.984375
430,1.984375
431,1.984375
432,1.984375
433,0
434,0.015625
435,-0.015625
436,1.984375
437,-2
438,0
439,-0.015625
440,0.015625
441,0
442,-0.015625
443,0.015625
444,-2
445,-2
446,-2
447,-1.453125
448,-0.875
449,0
450,0.015625
451,-0.015625
452,1.984375
453,-2
454,0
455,-0.015625
456,0.015625
457,0
458,-0.015625
459,0.015625
460,1.984375
461,1.984375
462,1.984375
463,1.984375
464,-2
465,0
466,0.015625
467,-0.015625
468,1.984375
469,-2
470,0
471,-0.015625
472,0.015625
473,0
474,-0.015625
475,0.015625
476,-0.6875
477,-0.109375
478,0.46875
479,1.046875
480,1.625
481,0
482,0.015625
483,-0.015625
484,1.984375
485,-2
486,0
487,-0.015625
488,0.015625
489,0
490,-0.015625
491,0.015625
492,-2
493,-2
494,-2
495,-2
496,-2
497,0
498,0.015625
499,-0.015625
500,1.984375
501,-2
502,0
503,-0.015625
504,0.015625
505,0
506,-0.015625
507,0.015625
508,1.8125
509,1.984375
510,1.984375
511,1.984375
512,1.984375
513,0
514,0.015625
515,-0.015625
516,1.984375
517,-2
518,0
519,-0.015625
520,0.015625
521,0
522,-0.015625
523,0.015625
524,-2
525,-2
526,-2
527,-2
528,-2
529,0
530,0.015625
531,-0.015625
532,1.984375
533,-2
534,0
535,-0.015625
536,0.015625
537,0
538,-0.015625
539,0.015625
540,1.984375
541,1.984375
542,1.984375
543,1.984375
544,1.984375
545,0
546,0.015625
547,-0.015625
548,1.984375
549,-2
550,0
551,-0.015625
552,0.015625
553,0
554,-0.015625
555,0.015625
556,-2
557,-1.859375
558,-1.28125
559,-0.703125
560,-0.125
561,0
562,0.015625
563,-0.015625
564,1.984375
565,-2
566,0
567,-0.015625
568,0.015625
569,0
570,-0.015625
571,0.015625
572,1.984375
573,1.984375
574,1.984375
575,-2
576,-2
577,0
578,0.015625
579,-0.015625
580,1.984375
581,-2
582,0
583,-0.015625
584,0.015625
585,0
586,-0.015625
587,0.015625
588,0.0625
589,0.640625
590,1.21875
591,1.796875
592,1.984375
593,0
594,0.015625
595,-0.015625
596,1.984375
597,-2
598,0
599,-0.015625
600,0.015625
601,0
602,-0.015625
603,0.015625
604,-2
605,-2
606,-2
607,-2
608,-2
609,0
610,0.015625
611,-0.015625
612,1.984375
613,-2
614,0
615,-0.015625
616,0.015625
617,0
618,-0.015625
619,0.015625
620,1.984375
621,1.984375
622,1.984375
623,1.984375
624,1.984375
625,0
626,0.015625
627,-0.015625
628,1.984375
629,-2
630,0
631,-0.015625
632,0.015625
633,0
634,-0.015625
635,0.015625
636,-2
637,-2
638,-2
639,-2
640,-1.875
641,0
642,0.015625
643,-0.015625
644,1.984375
645,-2
646,0
647,-0.015625
648,0.015625
649,0
650,-0.015625
651,0.015625
652,1.984375
653,1.984375
654,1.984375
655,1.984375
656,1.984375
657,0
658,0.015625
659,-0.015625
660,1.984375
661,-2
662,0
663,-0.015625
664,0.015625
665,0
666,-0.015625
667,0.015625
668,-1.6875
669,-1.109375
670,-0.53125
671,0.046875
672,0.625
673,0
674,0.015625
675,-0.015625
676,1.984375
677,-2
678,0
679,-0.015625
680,0.015625
681,0
682,-0.015625
683,0.015625
684,1.984375
685,-2
686,-2
687,-2
688,-2
689,0
690,0.015625
691,-0.015625
692,1.984375
693,-2
694,0
695,-0.015625
696,0.015625
697,0
698,-0.015625
699,0.015625
700,0.8125
701,1.390625
702,1.96875
703,1.984375
704,1.984375
705,0
706,0.015625
707,-0.015625
708,1.984375
709,-2
710,0
711,-0.015625
712,0.015625
713,0
714,-0.015625
715,0.015625
716,-2
717,-2
718,-2
719,-2
720,-2
721,0
722,0.015625
723,-0.015625
724,1.984375
725,-2
726,0
727,-0.015625
728,0.015625
729,0
730,-0.015625
731,0.015625
732,1.984375
733,1.984375
734,1.984375
735,1.984375
736,1.984375
737,0
738,0.015625
739,-0.015625
740,1.984375
741,-2
742,0
743,-0.015625
744,0.015625
745,0
746,-0.015625
747,0.015625
748,-2
749,-2
750,-2
751,-1.703125
752,-1.125
753,0
754,0.015625
755,-0.015625
756,1.984375
757,-2
758,0
759,-0.015625
760,0.015625
761,0
762,-0.015625
763,0.015625
764,1.984375
765,1.984375
766,1.984375
767,1.984375
768,-2
769,0
770,0.015625
771,-0.015625
772,1.984375
773,-2
774,0
775,-0.015625
776,0.015625
777,0
778,-0.015625
779,0.015625
780,-0.9375
781,-0.359375
782,0.21875
783,0.796875
784,1.375
785,0
786,0.015625
787,-0.015625
788,1.984375
789,-2
790,0
791,-0.015625
792,0.015625
793,0
794,-0.015625
795,0.015625
796,-2
797,-2
798,-2
799,-2
800,-2
801,0
802,0.015625
803,-0.015625
804,1.984375
805,-2
806,0
807,-0.015625
808,0.015625
809,0
810,-0.015625
811,0.015625
812,1.5625
813,1.984375
814,1.984375
815,1.984375
816,1.984375
817,0
818,0.015625
819,-0.015625
820,1.984375
821,-2
822,0
823,-0.015625
824,0.015625
825,0
826,-0.015625
827,0.015625
828,-2
829,-2
830,-2
831,-2
832,-2
833,0
834,0.015625
835,-0.015625
836,1.984375
837,-2
838,0
839,-0.015625
840,0.015625
841,0
842,-0.015625
843,0.015625
844,1.984375
845,1.984375
846,1.984375
847,1.984375
848,1.984375
849,0
850,0.015625
851,-0.015625
852,1.984375
853,-2
854,0
855,-0.015625
856,0.015625
857,0
858,-0.015625
859,0.015625
860,-2
861,-2
862,-1.53125
863,-0.953125
864,-0.375
865,0
866,0.015625
867,-0.015625
868,1.984375
869,-2
870,0
871,-0.015625
872,0.015625
873,0
874,-0.015625
875,0.015625
876,1.984375
877,1.984375
878,1.984375
879,-2
880,-2
881,0
882,0.015625
883,-0.015625
884,1.984375
885,-2
886,0
887,-0.015625
888,0.015625
889,0
890,-0.015625
891,0.015625
892,-0.1875
893,0.390625
894,0.96875
895,1.546875
896,1.984375
897,0
898,0.015625
899,-0.015625
900,1.984375
901,-2
902,0
903,-0.015625
904,0.015625
905,0
906,-0.015625
907,0.015625
908,-2
909,-2
910,-2
911,-2
912,-2
913,0
914,0.015625
915,-0.015625
916,1.984375
917,-2
918,0
919,-0.015625
920,0.015625
921,0
922,-0.015625
923,0.015625
924,1.984375
925,1.984375
926,1.984375
927,1.984375
928,1.984375
929,0
930,0.015625
931,-0.015625
932,1.984375
933,-2
934,0
935,-0.015625
936,0.015625
937,0
938,-0.015625
939,0.015625
940,-2
941,-2
942,-2
943,-2
944,-2
945,0
946,0.015625
947,-0.015625
948,1.984375
949,-2
950,0
951,-0.015625
952,0.015625
953,0
954,-0.015625
955,0.015625
956,1.984375
957,1.984375
958,1.984375
959,1.984375
960,1.984375
961,0
962,0.015625
963,-0.015625
964,1.984375
965,-2
966,0
967,-0.015625
968,0.015625
969,0
970,-0.015625
971,0.015625
972,-1.9375
973,-1.359375
974,-0.78125
975,-0.203125
976,0.375
977,0
978,0.015625
979,-0.015625
980,1.984375
981,-2
982,0
983,-0.015625
984,0.015625
985,0
986,-0.015625
987,0.015625
988,1.984375
989,1.984375
990,-2
991,-2
992,-2
993,0
994,0.015625
995,-0.015625
996,1.984375
997,-2
998,0
999,-0.015625
1000,0.015625
1001,0
1002,-0.015625
1003,0.015625
1004,0.5625
1005,1.140625
1006,1.71875
1007,1.984375
1008,1.984375
1009,0
1010,0.015625
1011,-0.015625
1012,1.984375
1013,-2
1014,0
1015,-0.015625
1016,0.015625
1017,0
1018,-0.015625
1019,0.015625
1020,-2
1021,-2
1022,-2
1023,-2
1024,-2
1025,0
1026,0.015625
1027,-0.015625
1028,1.984375
1029,-2
1030,0
1031,-0.015625
1032,0.015625
1033,0
1034,-0.015625
1035,0.015625
1036,1.984375
1037,1.984375
1038,1.984375
1039,1.984375
1040,1.984375
1041,0
1042,0.015625
1043,-0.015625
1044,1.984375
1045,-2
1046,0
1047,-0.015625
1048,0.015625
1049,0
1050,-0.015625
1051,0.015625
1052,-2
1053,-2
1054,-2
1055,-1.953125
1056,-1.375
1057,0
1058,0.015625
1059,-0.015625
1060,1.984375
1061,-2
1062,0
1063,-0.015625
1064,0.015625
1065,0
1066,-0.015625
1067,0.015625
1068,1.984375
1069,1.984375
1070,1.984375
1071,1.984375
1072,1.984375
1073,0
1074,0.015625
1075,-0.015625
1076,1.984375
1077,-2
1078,0
1079,-0.015625
1080,0.015625
1081,0
1082,-0.015625
1083,0.015625
1084,-1.1875
1085,-0.609375
1086,-0.03125
1087,0.546875
1088,1.125
1089,0
1090,0.015625
1091,-0.015625
1092,1.984375
1093,-2
1094,0
1095,-0.015625
1096,0.015625
1097,0
1098,-0.015625
1099,0.015625
1100,-2
1101,-2
1102,-2
1103,-2
1104,-2
1105,0
1106,0.015625
1107,-0.015625
1108,1.984375
1109,-2
1110,0
1111,-0.015625
1112,0.015625
1113,0
1114,-0.015625
1115,0.015625
1116,1.3125
1117,1.890625
1118,1.984375
1119,1.984375
1120,1.984375
1121,0
1122,0.015625
1123,-0.015625
1124,1.984375
1125,-2
1126,0
1127,-0.015625
1128,0.015625
1129,0
1130,-0.015625
1131,0.015625
1132,-2
1133,-2
1134,-2
1135,-2
1136,-2
1137,0
1138,0.015625
1139,-0.015625
1140,1.984375
1141,-2
1142,0
1143,-0.015625
1144,0.015625
1145,0
1146,-0.015625
1147,0.015625
1148,1.984375
1149,1.984375
1150,1.984375
1151,1.984375
1152,1.984375
1153,0
1154,0.015625
1155,-0.015625
1156,1.984375
1157,-2
1158,0
1159,-0.015625
1160,0.015625
1161,0
1162,-0.015625
1163,0.015625
1164,-2
1165,-2
1166,-1.78125
1167,-1.203125
1168,-0.625
1169,0
1170,0.015625
1171,-0.015625
1172,1.984375
1173,-2
1174,0
1175,-0.015625
1176,0.015625
1177,0
1178,-0.015625
1179,0.015625
1180,1.984375
1181,1.984375
1182,1.984375
1183,-2
1184,-2
1185,0
1186,0.015625
1187,-0.015625
1188,1.984375
1189,-2
1190,0
1191,-0.015625
1192,0.015625
1193,0
1194,-0.015625
1195,0.015625
1196,-0.4375
1197,0.140625
1198,0.71875
1199,1.296875
1200,1.875
1201,0
1202,0.015625
1203,-0.015625
1204,1.984375
1205,-2
1206,0
1207,-0.015625
1208,0.015625
1209,0
1210,-0.015625
1211,0.015625
1212,-2
1213,-2
1214,-2
1215,-2
1216,-2
1217,0
1218,0.015625
1219,-0.015625
1220,1.984375
1221,-2
1222,0
1223,-0.015625
1224,0.015625
1225,0
1226,-0.015625
1227,0.015625
1228,1.984375
1229,1.984375
1230,1.984375
1231,1.984375
1232,1.984375
1233,0
1234,0.015625
1235,-0.015625
1236,1.984375
1237,-2
1238,0
1239,-0.015625
1240,0.015625
1241,0
1242,-0.015625
1243,0.015625
1244,-2
1245,-2
1246,-2
1247,-2
1248,-2
1249,0
1250,0.015625
1251,-0.015625
1252,1.984375
1253,-2
1254,0
1255,-0.015625
1256,0.015625
1257,0
1258,-0.015625
1259,0.015625
1260,1.984375
1261,1.984375
1262,1.984375
1263,1.984375
1264,1.984375
1265,0
1266,0.015625
1267,-0.015625
1268,1.984375
1269,-2
1270,0
1271,-0.015625
1272,0.015625
1273,0
1274,-0.015625
1275,0.015625
1276,-2
1277,-1.609375
1278,-1.03125
1279,-0.453125
1280,0.125
1281,0
1282,0.015625
1283,-0.015625
1284,1.984375
1285,-2
1286,0
1287,-0.015625
1288,0.015625
1289,0
1290,-0.015625
1291,0.015625
1292,1.984375
1293,1.984375
1294,-2
1295,-2
1296,-2
1297,0
1298,0.015625
1299,-0.015625
1300,1.984375
1301,-2
1302,0
1303,-0.015625
1304,0.015625
1305,0
1306,-0.015625
1307,0.015625
1308,0.3125
1309,0.890625
1310,1.46875
1311,1.984375
1312,1.984375
1313,0
1314,0.015625
1315,-0.015625
1316,1.984375
1317,-2
1318,0
1319,-0.015625
1320,0.015625
1321,0
1322,-0.015625
1323,0.015625
1324,-2
1325,-2
1326,-2
1327,-2
1328,-2
1329,0
1330,0.015625
1331,-0.015625
1332,1.984375
1333,-2
1334,0
1335,-0.015625
1336,0.015625
1337,0
1338,-0.015625
1339,0.015625
1340,1.984375
1341,1.984375
1342,1.984375
1343,1.984375
1344,1.984375
1345,0
1346,0.015625
1347,-0.015625
1348,1.984375
1349,-2
1350,0
1351,-0.015625
1352,0.015625
1353,0
1354,-0.015625
1355,0.015625
1356,-2
1357,-2
1358,-2
1359,-2
1360,-1.625
1361,0
1362,0.015625
1363,-0.015625
1364,1.984375
1365,-2
1366,0
1367,-0.015625
1368,0.015625
1369,0
1370,-0.015625
1371,0.015625
1372,1.984375
1373,1.984375
1374,1.984375
1375,1.984375
1376,1.984375
1377,0
1378,0.015625
1379,-0.015625
1380,1.984375
1381,-2
1382,0
1383,-0.015625
1384,0.015625
1385,0
1386,-0.015625
1387,0.015625
1388,-1.4375
1389,-0.859375
1390,-0.28125
1391,0.296875
1392,0.875
1393,0
1394,0.015625
1395,-0.015625
1396,1.984375
1397,-2
1398,0
1399,-0.015625
1400,0.015625
1401,0
1402,-0.015625
1403,0.015625
1404,1.984375
1405,-2
1406,-2
1407,-2
1408,-2
1409,0
1410,0.015625
1411,-0.015625
1412,1.984375
1413,-2
1414,0
1415,-0.015625
1416,0.015625
1417,0
1418,-0.015625
1419,0.015625
1420,1.0625
1421,1.640625
1422,1.984375
1423,1.984375
1424,1.984375
1425,0
1426,0.015625
1427,-0.015625
1428,1.984375
1429,-2
1430,0
1431,-0.015625
1432,0.015625
1433,0
1434,-0.015625
1435,0.015625
1436,-2
1437,-2
1438,-2
1439,-2
1440,-2
1441,0
1442,0.015625
1443,-0.015625
1444,1.984375
1445,-2
1446,0
1447,-0.015625
1448,0.015625
1449,0
1450,-0.015625
1451,0.015625
1452,1.984375
1453,1.984375
1454,1.984375
1455,1.984375
1456,1.984375
1457,0
1458,0.015625
1459,-0.015625
1460,1.984375
1461,-2
1462,0
1463,-0.015625
1464,0.015625
1465,0
1466,-0.015625
1467,0.015625
1468,-2
1469,-2
1470,-2
1471,-1.453125
1472,-0.875
1473,0
1474,0.015625
1475,-0.015625
1476,1.984375
1477,-2
1478,0
1479,-0.015625
1480,0.015625
1481,0
1482,-0.015625
1483,0.015625
1484,1.984375
1485,1.984375
1486,1.984375
1487,1.984375
1488,-2
1489,0
1490,0.015625
1491,-0.015625
1492,1.984375
1493,-2
1494,0
1495,-0.015625
1496,0.015625
1497,0
1498,-0.015625
1499,0.015625
1500,-0.6875
1501,-0.109375
1502,0.46875
1503,1.046875
1504,1.625
1505,0
1506,0.015625
1507,-0.015625
1508,1.984375
1509,-2
1510,0
1511,-0.015625
1512,0.015625
1513,0
1514,-0.015625
1515,0.015625
1516,-2
1517,-2
1518,-2
1519,-2
1520,-2
1521,0
1522,0.015625
1523,-0.015625
1524,1.984375
1525,-2
1526,0
1527,-0.015625
1528,0.015625
1529,0
1530,-0.015625
1531,0.015625
1532,1.8125
1533,1.984375
1534,1.984375
1535,1.984375
1536,1.984375
1537,0
1538,0.015625
1539,-0.015625
1540,1.984375
1541,-2
1542,0
1543,-0.015625
1544,0.015625
1545,0
1546,-0.015625
1547,0.015625
1548,-2
1549,-2
1550,-2
1551,-2
1552,-2
1553,0
1554,0.015625
1555,-0.015625
1556,1.984375
1557,-2
1558,0
1559,-0.015625
1560,0.015625
1561,0
1562,-0.015625
1563,0.015625
1564,1.984375
1565,1.984375
1566,1.984375
1567,1.984375
1568,1.984375
1569,0
1570,0.015625
1571,-0.015625
1572,1.984375
1573,-2
1574,0
1575,-0.015625
1576,0.015625
1577,0
1578,-0.015625
1579,0.015625
1580,-2
1581,-1.859375
1582,-1.28125
1583,-0.703125
1584,-0.125
1585,0
1586,0.015625
1587,-0.015625
1588,1.984375
1589,-2
1590,0
1591,-0.015625
1592,0.015625
1593,0
1594,-0.015625
1595,0.015625
1596,1.984375
1597,1.984375
1598,1.984375
1599,-2
1600,-2
1601,0
1602,0.015625
1603,-0.015625
1604,1.984375
1605,-2
1606,0
1607,-0.015625
1608,0.015625
1609,0
1610,-0.015625
1611,0.015625
1612,0.0625
1613,0.640625
1614,1.21875
1615,1.796875
1616,1.984375
1617,0
1618,0.015625
1619,-0.015625
1620,1.984375
1621,-2
1622,0
1623,-0.015625
1624,0.015625
1625,0
1626,-0.015625
1627,0.015625
1628,-2
1629,-2
1630,-2
1631,-2
1632,-2
1633,0
1634,0.015625
1635,-0.015625
1636,1.984375
1637,-2
1638,0
1639,-0.015625
1640,0.015625
1641,0
1642,-0.015625
1643,0.015625
1644,1.984375
1645,1.984375
1646,1.984375
1647,1.984375
1648,1.984375
1649,0
1650,0.015625
1651,-0.015625
1652,1.984375
1653,-2
1654,0
1655,-0.015625
1656,0.015625
1657,0
1658,-0.015625
1659,0.015625
1660,-2
1661,-2
1662,-2
1663,-2
1664,-1.875
1665,0
1666,0.015625
1667,-0.015625
1668,1.984375
1669,-2
1670,0
1671,-0.015625
1672,0.015625
1673,0
1674,-0.015625
1675,0.015625
1676,1.984375
1677,1.984375
1678,1.984375
1679,1.984375
1680,1.984375
1681,0
1682,0.015625
1683,-0.015625
1684,1.984375
1685,-2
1686,0
1687,-0.015625
1688,0.015625
1689,0
1690,-0.015625
1691,0.015625
1692,-1.6875
1693,-1.109375
1694,-0.53125
1695,0.046875
1696,0.625
1697,0
1698,0.015625
1699,-0.015625
1700,1.984375
1701,-2
1702,0
1703,-0.015625
1704,0.015625
1705,0
1706,-0.015625
1707,0.015625
1708,1.984375
1709,-2
1710,-2
1711,-2
1712,-2
1713,0
1714,0.015625
1715,-0.015625
1716,1.984375
1717,-2
1718,0
1719,-0.015625
1720,0.015625
1721,0
1722,-0.015625
1723,0.015625
1724,0.8125
1725,1.390625
1726,1.96875
1727,1.984375
1728,1.984375
1729,0
1730,0.015625
1731,-0.015625
1732,1.984375
1733,-2
1734,0
1735,-0.015625
1736,0.015625
1737,0
1738,-0.015625
1739,0.015625
1740,-2
1741,-2
1742,-2
1743,-2
1744,-2
1745,0
1746,0.015625
1747,-0.015625
1748,1.984375
1749,-2
1750,0
1751,-0.015625
1752,0.015625
1753,0
1754,-0.015625
1755,0.015625
1756,1.984375
1757,1.984375
1758,1.984375
1759,1.984375
1760,1.984375
1761,0
1762,0.015625
1763,-0.015625
1764,1.984375
1765,-2
1766,0
1767,-0.015625
1768,0.015625
1769,0
1770,-0.015625
1771,0.015625
1772,-2
1773,-2
1774,-2
1775,-1.703125
1776,-1.125
1777,0
1778,0.015625
1779,-0.015625
1780,1.984375
1781,-2
1782,0
1783,-0.015625
1784,0.015625
1785,0
1786,-0.015625
1787,0.015625
1788,1.984375
1789,1.984375
1790,1.984375
1791,1.984375
1792,-2
1793,0
1794,0.015625
1795,-0.015625
1796,1.984375
1797,-2
1798,0
1799,-0.015625
1800,0.015625
1801,0
1802,-0.015625
1803,0.015625
1804,-0.9375
1805,-0.359375
1806,0.21875
1807,0.796875
1808,1.375
1809,0
1810,0.015625
1811,-0.015625
1812,1.984375
1813,-2
1814,0
1815,-0.015625
1816,0.015625
1817,0
1818,-0.015625
1819,0.015625
1820,-2
1821,-2
1822,-2
1823,-2
1824,-2
1825,0
1826,0.015625
1827,-0.015625
1828,1.984375
1829,-2
1830,0
1831,-0.015625
1832,0.015625
1833,0
1834,-0.015625
1835,0.015625
1836,1.5625
1837,1.984375
1838,1.984375
1839,1.984375
1840,1.984375
1841,0
1842,0.015625
1843,-0.015625
1844,1.984375
1845,-2
1846,0
1847,-0.015625
1848,0.015625
1849,0
1850,-0.015625
1851,0.015625
1852,-2
1853,-2
1854,-2
1855,-2
1856,-2
1857,0
1858,0.015625
1859,-0.015625
1860,1.984375
1861,-2
1862,0
1863,-0.015625
1864,0.015625
1865,0
1866,-0.015625
1867,0.015625
1868,1.984375
1869,1.984375
1870,1.984375
1871,1.984375
1872,1.984375
1873,0
1874,0.015625
1875,-0.015625
1876,1.984375
1877,-2
1878,0
1879,-0.015625
1880,0.015625
1881,0
1882,-0.015625
1883,0.015625
1884,-2
1885,-2
1886,-1.53125
1887,-0.953125
1888,-0.375
1889,0
1890,0.015625
1891,-0.015625
1892,1.984375
1893,-2
1894,0
1895,-0.015625
1896,0.015625
1897,0
1898,-0.015625
1899,0.015625
1900,1.984375
1901,1.984375
1902,1.984375
1903,-2
1904,-2
1905,0
1906,0.015625
1907,-0.015625
1908,1.984375
1909,-2
1910,0
1911,-0.015625
1912,0.015625
1913,0
1914,-0.015625
1915,0.015625
1916,-0.1875
1917,0.390625
1918,0.96875
1919,1.546875
1920,1.984375
1921,0
1922,0.015625
1923,-0.015625
1924,1.984375
1925,-2
1926,0
1927,-0.015625
1928,0.015625
1929,0
1930,-0.015625
1931,0.015625
1932,-2
1933,-2
1934,-2
1935,-2
1936,-2
1937,0
1938,0.015625
1939,-0.015625
1940,1.984375
1941,-2
1942,0
1943,-0.015625
1944,0.015625
1945,0
1946,-0.015625
1947,0.015625
1948,1.984375
1949,1.984375
1950,1.984375
1951,1.984375
1952,1.984375
1953,0
1954,0.015625
1955,-0.015625
1956,1.984375
1957,-2
1958,0
1959,-0.015625
1960,0.015625
1961,0
1962,-0.015625
1963,0.015625
1964,-2
1965,-2
1966,-2
1967,-2
1968,-2
1969,0
1970,0.015625
1971,-0.015625
1972,1.984375
1973,-2
1974,0
1975,-0.015625
1976,0.015625
1977,0
1978,-0.015625
1979,0.015625
1980,1.984375
1981,1.984375
1982,1.984375
1983,1.984375
1984,1.984375
1985,0
1986,0.015625
1987,-0.015625
1988,1.984375
1989,-2
1990,0
1991,-0.015625
1992,0.015625
1993,0
1994,-0.015625
1995,0.015625
1996,-1.9375
1997,-1.359375
1998,-0.78125
1999,-0.203125
2000,0.375
2001,0
2002,0.015625
2003,-0.015625
2004,1.984375
2005,-2
2006,0
2007,-0.015625
2008,0.015625
2009,0
2010,-0.015625
2011,0.015625
2012,1.984375
2013,1.984375
2014,-2
2015,-2
2016,-2
2017,0
2018,0.015625
2019,-0.015625
2020,1.984375
2021,-2
2022,0
2023,-0.015625
2024,0.015625
2025,0
2026,-0.015625
2027,0.015625
2028,0.5625
2029,1.140625
2030,1.71875
2031,1.984375
2032,1.984375
2033,0
2034,0.015625
2035,-0.015625
2036,1.984375
2037,-2
2038,0
2039,-0.015625
2040,0.015625
2041,0
2042,-0.015625
2043,0.015625
2044,-2
2045,-2
2046,-2
2047,-2
2048,-2
2049,0
2050,0.015625
2051,-0.015625
2052,1.984375
2053,-2
2054,0
2055,-0.015625
2056,0.015625
2057,0
2058,-0.015625
2059,0.015625
2060,1.984375
2061,1.984375
2062,1.984375
2063,1.984375
2064,1.984375
2065,0
2066,0.015625
2067,-0.015625
2068,1.984375
2069,-2
2070,0
2071,-0.015625
2072,0.015625
2073,0
2074,-0.015625
2075,0.015625
2076,-2
2077,-2
2078,-2
2079,-1.953125
2080,-1.375
2081,0
2082,0.015625
2083,-0.015625
2084,1.984375
2085,-2
2086,0
2087,-0.015625
2088,0.015625
2089,0
2090,-0.015625
2091,0.015625
2092,1.984375
2093,1.984375
2094,1.984375
2095,1.984375
2096,1.984375
2097,0
2098,0.015625
2099,-0.015625
2100,1.984375
2101,-2
2102,0
2103,-0.015625
2104,0.015625
2105,0
2106,-0.015625
2107,0.015625
2108,-1.1875
2109,-0.609375
2110,-0.03125
2111,0.546875
2112,1.125
2113,0
2114,0.015625
2115,-0.015625
2116,1.984375
2117,-2
2118,0
2119,-0.015625
2120,0.015625
2121,0
2122,-0.015625
2123,0.015625
2124,-2
2125,-2
2126,-2
2127,-2
2128,-2
2129,0
2130,0.015625
2131,-0.015625
2132,1.984375
2133,-2
2134,0
2135,-0.015625
2136,0.015625
2137,0
2138,-0.015625
2139,0.015625
2140,1.3125
2141,1.890625
2142,1.984375
2143,1.984375
2144,1.984375
2145,0
2146,0.015625
2147,-0.015625
2148,1.984375
2149,-2
2150,0
2151,-0.015625
2152,0.015625
2153,0
2154,-0.015625
2155,0.015625
2156,-2
2157,-2
2158,-2
2159,-2
2160,-2
2161,0
2162,0.015625
2163,-0.015625
2164,1.984375
2165,-2
2166,0
2167,-0.015625
2168,0.015625
2169,0
2170,-0.015625
2171,0.015625
2172,1.984375
2173,1.984375
2174,1.984375
2175,1.984375
2176,1.984375
2177,0
2178,0.015625
2179,-0.015625
2180,1.984375
2181,-2
2182,0
2183,-0.015625
2184,0.015625
2185,0
2186,-0.015625
2187,0.015625
2188,-2
2189,-2
2190,-1.78125
2191,-1.203125
2192,-0.625
2193,0
2194,0.015625
2195,-0.015625
2196,1.984375
2197,-2
2198,0
2199,-0.015625
2200,0.015625
2201,0
2202,-0.015625
2203,0.015625
2204,1.984375
2205,1.984375
2206,1.984375
2207,-2
2208,-2
2209,0
2210,0.015625
2211,-0.015625
2212,1.984375
2213,-2
2214,0
2215,-0.015625
2216,0.015625
2217,0
2218,-0.015625
2219,0.015625
2220,-0.4375
2221,0.140625
2222,0.71875
2223,1.296875
2224,1.875
2225,0
2226,0.015625
2227,-0.015625
2228,1.984375
2229,-2
2230,0
2231,-0.015625
2232,0.015625
2233,0
2234,-0.015625
2235,0.015625
2236,-2
2237,-2
2238,-2
2239,-2
2240,-2
2241,0
2242,0.015625
2243,-0.015625
2244,1.984375
2245,-2
2246,0
2247,-0.015625
2248,0.015625
2249,0
2250,-0.015625
2251,0.015625
2252,1.984375
2253,1.984375
2254,1.984375
2255,1.984375
2256,1.984375
2257,0
2258,0.015625
2259,-0.015625
2260,1.984375
2261,-2
2262,0
2263,-0.015625
2264,0.015625
2265,0
2266,-0.015625
2267,0.015625
2268,-2
2269,-2
2270,-2
2271,-2
2272,-2
2273,0
2274,0.015625
2275,-0.015625
2276,1.984375
2277,-2
2278,0
2279,-0.015625
2280,0.015625
2281,0
2282,-0.015625
2283,0.015625
2284,1.984375
2285,1.984375
2286,1.984375
2287,1.984375
2288,1.984375
2289,0
2290,0.015625
2291,-0.015625
2292,1.984375
2293,-2
2294,0
2295,-0.015625
2296,0.015625
2297,0
2298,-0.015625
2299,0.015625
2300,-2
2301,-1.609375
2302,-1.03125
2303,-0.453125
2304,0.125
2305,0
2306,0.015625
2307,-0.015625
2308,1.984375
2309,-2
2310,0
2311,-0.015625
2312,0.015625
2313,0
2314,-0.015625
2315,0.015625
2316,1.984375
2317,1.984375
2318,-2
2319,-2
2320,-2
2321,0
2322,0.015625
2323,-0.015625
2324,1.984375
2325,-2
2326,0
2327,-0.015625
2328,0.015625
2329,0
2330,-0.015625
2331,0.015625
2332,0.3125
2333,0.890625
2334,1.46875
2335,1.984375
2336,1.984375
2337,0
2338,0.015625
2339,-0.015625
2340,1.984375
2341,-2
2342,0
2343,-0.015625
2344,0.015625
2345,0
2346,-0.015625
2347,0.015625
2348,-2
2349,-2
2350,-2
2351,-2
2352,-2
2353,0
2354,0.015625
2355,-0.015625
2356,1.984375
2357,-2
2358,0
2359,-0.015625
2360,0.015625
2361,0
2362,-0.015625
2363,0.015625
2364,1.984375
2365,1.984375
2366,1.984375
2367,1.984375
2368,1.984375
2369,0
2370,0.015625
2371,-0.015625
2372,1.984375
2373,-2
2374,0
2375,-0.015625
2376,0.015625
2377,0
2378,-0.015625
2379,0.015625
2380,-2
2381,-2
2382,-2
2383,-2
2384,-1.625
2385,0
2386,0.015625
2387,-0.015625
2388,1.984375
2389,-2
2390,0
2391,-0.015625
2392,0.015625
2393,0
2394,-0.015625
2395,0.015625
2396,1.984375
2397,1.984375
2398,1.984375
2399,1.984375
2400,1.984375
2401,0
2402,0.015625
2403,-0.015625
2404,1.984375
2405,-2
2406,0
2407,-0.015625
2408,0.015625
2409,0
2410,-0.015625
2411,0.015625
2412,-1.4375
2413,-0.859375
2414,-0.28125
2415,0.296875
2416,0.875
2417,0
2418,0.015625
2419,-0.015625
2420,1.984375
2421,-2
2422,0
2423,-0.015625
2424,0.015625
2425,0
2426,-0.015625
2427,0.015625
2428,1.984375
2429,-2
2430,-2
2431,-2
2432,-2
2433,0
2434,0.015625
2435,-0.015625
2436,1.984375
2437,-2
2438,0
2439,-0.015625
2440,0.015625
2441,0
2442,-0.015625
2443,0.015625
2444,1.0625
2445,1.640625
2446,1.984375
2447,1.984375
2448,1.984375
2449,0
2450,0.015625
2451,-0.015625
2452,1.984375
2453,-2
2454,0
2455,-0.015625
2456,0.015625
2457,0
2458,-0.015625
2459,0.015625
2460,-2
2461,-2
2462,-2
2463,-2
2464,-2
2465,0
2466,0.015625
2467,-0.015625
2468,1.984375
2469,-2
2470,0
2471,-0.015625
2472,0.015625
2473,0
2474,-0.015625
2475,0.015625
2476,1.984375
2477,1.984375
2478,1.984375
2479,1.984375
2480,1.984375
2481,0
2482,0.015625
2483,-0.015625
2484,1.984375
2485,-2
2486,0
2487,-0.015625
2488,0.015625
2489,0
2490,-0.015625
2491,0.015625
2492,-2
2493,-2
2494,-2
2495,-1.453125
2496,-0.875
2497,0
2498,0.015625
2499,-0.015625
2500,1.984375
2501,-2
2502,0
2503,-0.015625
2504,0.015625
2505,0
2506,-0.015625
2507,0.015625
2508,1.984375
2509,1.984375
2510,1.984375
2511,1.984375
2512,-2
2513,0
2514,0.015625
2515,-0.015625
2516,1.984375
2517,-2
2518,0
2519,-0.015625
2520,0.015625
2521,0
2522,-0.015625
2523,0.015625
2524,-0.6875
2525,-0.109375
2526,0.46875
2527,1.046875
2528,1.625
2529,0
2530,0.015625
2531,-0.015625
2532,1.984375
2533,-2
2534,0
2535,-0.015625
2536,0.015625
2537,0
2538,-0.015625
2539,0.015625
2540,-2
2541,-2
2542,-2
2543,-2
2544,-2
2545,0
2546,0.015625
2547,-0.015625
2548,1.984375
2549,-2
2550,0
2551,-0.015625
2552,0.015625
2553,0
2554,-0.015625
2555,0.015625
2556,1.8125
2557,1.984375
2558,1.984375
2559,1.984375
2560,1.984375
2561,0
2562,0.015625
2563,-0.015625
2564,1.984375
2565,-2
2566,0
2567,-0.015625
2568,0.015625
2569,0
2570,-0.015625
2571,0.015625
2572,-2
2573,-2
2574,-2
2575,-2
2576,-2
2577,0
2578,0.015625
2579,-0.015625
2580,1.984375
2581,-2
2582,0
2583,-0.015625
2584,0.015625
2585,0
2586,-0.015625
2587,0.015625
2588,1.984375
2589,1.984375
2590,1.984375
2591,1.984375
2592,1.984375
2593,0
2594,0.015625
2595,-0.015625
2596,1.984375
2597,-2
2598,0
2599,-0.015625
2600,0.015625
2601,0
2602,-0.015625
2603,0.015625
2604,-2
2605,-1.859375
2606,-1.28125
2607,-0.703125
2608,-0.125
2609,0
2610,0.015625
2611,-0.015625
2612,1.984375
2613,-2
2614,0
2615,-0.015625
2616,0.015625
2617,0
2618,-0.015625
2619,0.015625
2620,1.984375
2621,1.984375
2622,1.984375
2623,-2
2624,-2
2625,0
2626,0.015625
2627,-0.015625
2628,1.984375
2629,-2
2630,0
2631,-0.015625
2632,0.015625
2633,0
2634,-0.015625
2635,0.015625
2636,0.0625
2637,0.640625
2638,1.21875
2639,1.796875
2640,1.984375
2641,0
2642,0.015625
2643,-0.015625
2644,1.984375
2645,-2
2646,0
2647,-0.015625
2648,0.015625
2649,0
2650,-0.015625
2651,0.015625
2652,-2
2653,-2
2654,-2
2655,-2
2656,-2
2657,0
2658,0.015625
2659,-0.015625
2660,1.984375
2661,-2
2662,0
2663,-0.015625
2664,0.015625
2665,0
2666,-0.015625
2667,0.015625
2668,1.984375
2669,1.984375
2670,1.984375
2671,1.984375
2672,1.984375
2673,0
2674,0.015625
2675,-0.015625
2676,1.984375
2677,-2
2678,0
2679,-0.015625
2680,0.015625
2681,0
2682,-0.015625
2683,0.015625
2684,-2
2685,-2
2686,-2
2687,-2
2688,-1.875
2689,0
2690,0.015625
2691,-0.015625
2692,1.984375
2693,-2
2694,0
2695,-0.015625
2696,0.015625
2697,0
2698,-0.015625
2699,0.015625
2700,1.984375
2701,1.984375
2702,1.984375
2703,1.984375
2704,1.984375
2705,0
2706,0.015625
2707,-0.015625
2708,1.984375
2709,-2
2710,0
2711,-0.015625
2712,0.015625
2713,0
2714,-0.015625
2715,0.015625
2716,-1.6875
2717,-1.109375
2718,-0.53125
2719,0.046875
2720,0.625
2721,0
2722,0.015625
2723,-0.015625
2724,1.984375
2725,-2
2726,0
2727,-0.015625
2728,0.015625
2729,0
2730,-0.015625
2731,0.015625
2732,1.984375
2733,-2
2734,-2
2735,-2
2736,-2
2737,0
2738,0.015625
2739,-0.015625
2740,1.984375
2741,-2
2742,0
2743,-0.015625
2744,0.015625
2745,0
2746,-0.015625
2747,0.015625
2748,0.8125
2749,1.390625
2750,1.96875
2751,1.984375
2752,1.984375
2753,0
2754,0.015625
2755,-0.015625
2756,1.984375
2757,-2
2758,0
2759,-0.015625
2760,0.015625
2761,0
2762,-0.015625
2763,0.015625
2764,-2
2765,-2
2766,-2
2767,-2
2768,-2
2769,0
2770,0.015625
2771,-0.015625
2772,1.984375
2773,-2
2774,0
2775,-0.015625
2776,0.015625
2777,0
2778,-0.015625
2779,0.015625
2780,1.984375
2781,1.984375
2782,1.984375
2783,1.984375
2784,1.984375
2785,0
2786,0.015625
2787,-0.015625
2788,1.984375
2789,-2
2790,0
2791,-0.015625
2792,0.015625
2793,0
2794,-0.015625
2795,0.015625
2796,-2
2797,-2
2798,-2
2799,-1.703125
2800,-1.125
2801,0
2802,0.015625
2803,-0.015625
2804,1.984375
2805,-2
2806,0
2807,-0.015625
2808,0.015625
2809,0
2810,-0.015625
2811,0.015625
2812,1.984375
2813,1.984375
2814,1.984375
2815,1.984375
2816,-2
2817,0
2818,0.015625
2819,-0.015625
2820,1.984375
2821,-2
2822,0
2823,-0.015625
2824,0.015625
2825,0
2826,-0.015625
2827,0.015625
2828,-0.9375
2829,-0.359375
2830,0.21875
2831,0.796875
2832,1.375
2833,0
2834,0.015625
2835,-0.015625
2836,1.984375
2837,-2
2838,0
2839,-0.015625
2840,0.015625
2841,0
2842,-0.015625
2843,0.015625
2844,-2
2845,-2
2846,-2
2847,-2
2848,-2
2849,0
2850,0.015625
2851,-0.015625
2852,1.984375
2853,-2
2854,0
2855,-0.015625
2856,0.015625
2857,0
2858,-0.015625
2859,0.015625
2860,1.5625
2861,1.984375
2862,1.984375
2863,1.984375
2864,1.984375
2865,0
2866,0.015625
2867,-0.015625
2868,1.984375
2869,-2
2870,0
2871,-0.015625
2872,0.015625
2873,0
2874,-0.015625
2875,0.015625
2876,-2
2877,-2
2878,-2
2879,-2
2880,-2
2881,0
2882,0.015625
2883,-0.015625
2884,1.984375
2885,-2
2886,0
2887,-0.015625
2888,0.015625
2889,0
2890,-0.015625
2891,0.015625
2892,1.984375
2893,1.984375
2894,1.984375
2895,1.984375
2896,1.984375
2897,0
2898,0.015625
2899,-0.015625
2900,1.984375
2901,-2
2902,0
2903,-0.015625
2904,0.015625
2905,0
2906,-0.015625
2907,0.015625
2908,-2
2909,-2
2910,-1.53125
2911,-0.953125
2912,-0.375
2913,0
2914,0.015625
2915,-0.015625
2916,1.984375
2917,-2
2918,0
2919,-0.015625
2920,0.015625
2921,0
2922,-0.015625
2923,0.015625
2924,1.984375
2925,1.984375
2926,1.984375
2927,-2
2928,-2
2929,0
2930,0.015625
2931,-0.015625
2932,1.984375
2933,-2
2934,0
2935,-0.015625
2936,0.015625
2937,0
2938,-0.015625
2939,0.015625
2940,-0.1875
2941,0.390625
2942,0.96875
2943,1.546875
2944,1.984375
2945,0
2946,0.015625
2947,-0.015625
2948,1.984375
2949,-2
2950,0
2951,-0.015625
2952,0.015625
2953,0
2954,-0.015625
2955,0.015625
2956,-2
2957,-2
2958,-2
2959,-2
2960,-2
2961,0
2962,0.015625
2963,-0.015625
2964,1.984375
2965,-2
2966,0
2967,-0.015625
2968,0.015625
2969,0
2970,-0.015625
2971,0.015625
2972,1.984375
2973,1.984375
2974,1.984375
2975,1.984375
2976,1.984375
2977,0
2978,0.015625
2979,-0.015625
2980,1.984375
2981,-2
2982,0
2983,-0.015625
2984,0.015625
2985,0
2986,-0.015625
2987,0.015625
2988,-2
2989,-2
2990,-2
2991,-2
2992,-2
2993,0
2994,0.015625
2995,-0.015625
2996,1.984375
2997,-2
2998,0
2999,-0.015625
3000,0.015625
3001,0
3002,-0.015625
3003,0.015625
3004,1.984375
3005,1.984375
3006,1.984375
3007,1.984375
3008,1.984375
3009,0
3010,0.015625
3011,-0.015625
3012,1.984375
3013,-2
3014,0
3015,-0.015625
3016,0.015625
3017,0
3018,-0.015625
3019,0.015625
3020,-1.9375
3021,-1.359375
3022,-0.78125
3023,-0.203125
3024,0.375
3025,0
3026,0.015625
3027,-0.015625
3028,1.984375
3029,-2
3030,0
3031,-0.015625
3032,0.015625
3033,0
3034,-0.015625
3035,0.015625
3036,1.984375
3037,1.984375
3038,-2
3039,-2
3040,-2
3041,0
3042,0.015625
3043,-0.015625
3044,1.984375
3045,-2
3046,0
3047,-0.015625
3048,0.015625
3049,0
3050,-0.015625
3051,0.015625
3052,0.5625
3053,1.140625
3054,1.71875
3055,1.984375
3056,1.984375
3057,0
3058,0.015625
3059,-0.015625
3060,1.984375
3061,-2
3062,0
3063,-0.015625
3064,0.015625
3065,0
3066,-0.015625
3067,0.015625
3068,-2
3069,-2
3070,-2
3071,-2
3072,-2
3073,0
3074,0.015625
3075,-0.015625
3076,1.984375
3077,-2
3078,0
3079,-0.015625
3080,0.015625
3081,0
3082,-0.015625
3083,0.015625
3084,1.984375
3085,1.984375
3086,1.984375
3087,1.984375
3088,1.984375
3089,0
3090,0.015625
3091,-0.015625
3092,1.984375
3093,-2
3094,0
3095,-0.015625
3096,0.015625
3097,0
3098,-0.015625
3099,0.015625
3100,-2
3101,-2
3102,-2
3103,-1.953125
3104,-1.375
3105,0
3106,0.015625
3107,-0.015625
3108,1.984375
3109,-2
3110,0
3111,-0.015625
3112,0.015625
3113,0
3114,-0.015625
3115,0.015625
3116,1.984375
3117,1.984375
3118,1.984375
3119,1.984375
3120,1.984375
3121,0
3122,0.015625
3123,-0.015625
3124,1.984375
3125,-2
3126,0
3127,-0.015625
3128,0.015625
3129,0
3130,-0.015625
3131,0.015625
3132,-1.1875
3133,-0.609375
3134,-0.03125
3135,0.546875
3136,1.125
3137,0
3138,0.015625
3139,-0.015625
3140,1.984375
3141,-2
3142,0
3143,-0.015625
3144,0.015625
3145,0
3146,-0.015625
3147,0.015625
3148,-2
3149,-2
3150,-2
3151,-2
3152,-2
3153,0
3154,0.015625
3155,-0.015625
3156,1.984375
3157,-2
3158,0
3159,-0.015625
3160,0.015625
3161,0
3162,-0.015625
3163,0.015625
3164,1.3125
3165,1.890625
3166,1.984375
3167,1.984375
3168,1.984375
3169,0
3170,0.015625
3171,-0.015625
3172,1.984375
3173,-2
3174,0
3175,-0.015625
3176,0.015625
3177,0
3178,-0.015625
3179,0.015625
3180,-2
3181,-2
3182,-2
3183,-2
3184,-2
3185,0
3186,0.015625
3187,-0.015625
3188,1.984375
3189,-2
3190,0
3191,-0.015625
3192,0.015625
3193,0
3194,-0.015625
3195,0.015625
3196,1.984375
3197,1.984375
3198,1.984375
3199,1.984375
3200,1.984375
3201,0
3202,0.015625
3203,-0.015625
3204,1.984375
3205,-2
3206,0
3207,-0.015625
3208,0.015625
3209,0
3210,-0.015625
3211,0.015625
3212,-2
3213,-2
3214,-1.78125
3215,-1.203125
3216,-0.625
3217,0
3218,0.015625
3219,-0.015625
3220,1.984375
3221,-2
3222,0
3223,-0.015625
3224,0.015625
3225,0
3226,-0.015625
3227,0.015625
3228,1.984375
3229,1.984375
3230,1.984375
3231,-2
3232,-2
3233,0
3234,0.015625
3235,-0.015625
3236,1.984375
3237,-2
3238,0
3239,-0.015625
3240,0.015625
3241,0
3242,-0.015625
3243,0.015625
3244,-0.4375
3245,0.140625
3246,0.71875
3247,1.296875
3248,1.875
3249,0
3250,0.015625
3251,-0.015625
3252,1.984375
3253,-2
3254,0
3255,-0.015625
3256,0.015625
3257,0
3258,-0.015625
3259,0.015625
3260,-2
3261,-2
3262,-2
3263,-2
3264,-2
3265,0
3266,0.015625
3267,-0.015625
3268,1.984375
3269,-2
3270,0
3271,-0.015625
3272,0.015625
3273,0
3274,-0.015625
3275,0.015625
3276,1.984375
3277,1.984375
3278,1.984375
3279,1.984375
3280,1.984375
3281,0
3282,0.015625
3283,-0.015625
3284,1.984375
3285,-2
3286,0
3287,-0.015625
3288,0.015625
3289,0
3290,-0.015625
3291,0.015625
3292,-2
3293,-2
3294,-2
3295,-2
3296,-2
3297,0
3298,0.015625
3299,-0.015625
3300,1.984375
3301,-2
3302,0
3303,-0.015625
3304,0.015625
3305,0
3306,-0.015625
3307,0.015625
3308,1.984375
3309,1.984375
3310,1.984375
3311,1.984375
3312,1.984375
3313,0
3314,0.015625
3315,-0.015625
3316,1.984375
3317,-2
3318,0
3319,-0.015625
3320,0.015625
3321,0
3322,-0.015625
3323,0.015625
3324,-2
3325,-1.609375
3326,-1.03125
3327,-0.453125
3328,0.125
3329,0
3330,0.015625
3331,-0.015625
3332,1.984375
3333,-2
3334,0
3335,-0.015625
3336,0.015625
3337,0
3338,-0.015625
3339,0.015625
3340,1.984375
3341,1.984375
3342,-2
3343,-2
3344,-2
3345,0
3346,0.015625
3347,-0.015625
3348,1.984375
3349,-2
3350,0
3351,-0.015625
3352,0.015625
3353,0
3354,-0.015625
3355,0.015625
3356,0.3125
3357,0.890625
3358,1.46875
3359,1.984375
3360,1.984375
3361,0
3362,0.015625
3363,-0.015625
3364,1.984375
3365,-2
3366,0
3367,-0.015625
3368,0.015625
3369,0
3370,-0.015625
3371,0.015625
3372,-2
3373,-2
3374,-2
3375,-2
3376,-2
3377,0
3378,0.015625
3379,-0.015625
3380,1.984375
3381,-2
3382,0
3383,-0.015625
3384,0.015625
3385,0
3386,-0.015625
3387,0.015625
3388,1.984375
3389,1.984375
3390,1.984375
3391,1.984375
3392,1.984375
3393,0
3394,0.015625
3395,-0.015625
3396,1.984375
3397,-2
3398,0
3399,-0.015625
3400,0.015625
3401,0
3402,-0.015625
3403,0.015625
3404,-2
3405,-2
3406,-2
3407,-2
3408,-1.625
3409,0
3410,0.015625
3411,-0.015625
3412,1.984375
3413,-2
3414,0
3415,-0.015625
3416,0.015625
3417,0
3418,-0.015625
3419,0.015625
3420,1.984375
3421,1.984375
3422,1.984375
3423,1.984375
3424,1.984375
3425,0
3426,0.015625
3427,-0.015625
3428,1.984375
3429,-2
3430,0
3431,-0.015625
3432,0.015625
3433,0
3434,-0.015625
3435,0.015625
3436,-1.4375
3437,-0.859375
3438,-0.28125
3439,0.296875
3440,0.875
3441,0
3442,0.015625
3443,-0.015625
3444,1.984375
3445,-2
3446,0
3447,-0.015625
3448,0.015625
3449,0
3450,-0.015625
3451,0.015625
3452,1.984375
3453,-2
3454,-2
3455,-2
3456,-2
3457,0
3458,0.015625
3459,-0.015625
3460,1.984375
3461,-2
3462,0
3463,-0.015625
3464,0.015625
3465,0
3466,-0.015625
3467,0.015625
3468,1.0625
3469,1.640625
3470,1.984375
3471,1.984375
3472,1.984375
3473,0
3474,0.015625
3475,-0.015625
3476,1.984375
3477,-2
3478,0
3479,-0.015625
3480,0.015625
3481,0
3482,-0.015625
3483,0.015625
3484,-2
3485,-2
3486,-2
3487,-2
3488,-2
3489,0
3490,0.015625
3491,-0.015625
3492,1.984375
3493,-2
3494,0
3495,-0.015625
3496,0.015625
3497,0
3498,-0.015625
3499,0.015625
3500,1.984375
3501,1.984375
3502,1.984375
3503,1.984375
3504,1.984375
3505,0
3506,0.015625
3507,-0.015625
3508,1.984375
3509,-2
3510,0
3511,-0.015625
3512,0.015625
3513,0
3514,-0.015625
3515,0.015625
3516,-2
3517,-2
3518,-2
3519,-1.453125
3520,-0.875
3521,0
3522,0.015625
3523,-0.015625
3524,1.984375
3525,-2
3526,0
3527,-0.015625
3528,0.015625
3529,0
3530,-0.015625
3531,0.015625
3532,1.984375
3533,1.984375
3534,1.984375
3535,1.984375
3536,-2
3537,0
3538,0.015625
3539,-0.015625
3540,1.984375
3541,-2
3542,0
3543,-0.015625
3544,0.015625
3545,0
3546,-0.015625
3547,0.015625
3548,-0.6875
3549,-0.109375
3550,0.46875
3551,1.046875
3552,1.625
3553,0
3554,0.015625
3555,-0.015625
3556,1.984375
3557,-2
3558,0
3559,-0.015625
3560,0.015625
3561,0
3562,-0.015625
3563,0.015625
3564,-2
3565,-2
3566,-2
3567,-2
3568,-2
3569,0
3570,0.015625
3571,-0.015625
3572,1.984375
3573,-2
3574,0
3575,-0.015625
3576,0.015625
3577,0
3578,-0.015625
3579,0.015625
3580,1.8125
3581,1.984375
3582,1.984375
3583,1.984375
3584,1.984375
3585,0
3586,0.015625
3587,-0.015625
3588,1.984375
3589,-2
3590,0
3591,-0.015625
3592,0.015625
3593,0
3594,-0.015625
3595,0.015625
3596,-2
3597,-2
3598,-2
3599,-2
3600,-2
3601,0
3602,0.015625
3603,-0.015625
3604,1.984375
3605,-2
3606,0
3607,-0.015625
3608,0.015625
3609,0
3610,-0.015625
3611,0.015625
3612,1.984375
3613,1.984375
3614,1.984375
3615,1.984375
3616,1.984375
3617,0
3618,0.015625
3619,-0.015625
3620,1.984375
3621,-2
3622,0
3623,-0.015625
3624,0.015625
3625,0
3626,-0.015625
3627,0.015625
3628,-2
3629,-1.859375
3630,-1.28125
3631,-0.703125
3632,-0.125
3633,0
3634,0.015625
3635,-0.015625
3636,1.984375
3637,-2
3638,0
3639,-0.015625
3640,0.015625
3641,0
3642,-0.015625
3643,0.015625
3644,1.984375
3645,1.984375
3646,1.984375
3647,-2
3648,-2
3649,0
3650,0.015625
3651,-0.015625
3652,1.984375
3653,-2
3654,0
3655,-0.015625
3656,0.015625
3657,0
3658,-0.015625
3659,0.015625
3660,0.0625
3661,0.640625
3662,1.21875
3663,1.796875
3664,1.984375
3665,0
3666,0.015625
3667,-0.015625
3668,1.984375
3669,-2
3670,0
3671,-0.015625
3672,0.015625
3673,0
3674,-0.015625
3675,0.015625
3676,-2
3677,-2
3678,-2
3679,-2
3680,-2
3681,0
3682,0.015625
3683,-0.015625
3684,1.984375
3685,-2
3686,0
3687,-0.015625
3688,0.015625
3689,0
3690,-0.015625
3691,0.015625
3692,1.984375
3693,1.984375
3694,1.984375
3695,1.984375
3696,1.984375
3697,0
3698,0.015625
3699,-0.015625
3700,1.984375
3701,-2
3702,0
3703,-0.015625
3704,0.015625
3705,0
3706,-0.015625
3707,0.015625
3708,-2
3709,-2
3710,-2
3711,-2
3712,-1.875
3713,0
3714,0.015625
3715,-0.015625
3716,1.984375
3717,-2
3718,0
3719,-0.015625
3720,0.015625
3721,0
3722,-0.015625
3723,0.015625
3724,1.984375
3725,1.984375
3726,1.984375
3727,1.984375
3728,1.984375
3729,0
3730,0.015625
3731,-0.015625
3732,1.984375
3733,-2
3734,0
3735,-0.015625
3736,0.015625
3737,0
3738,-0.015625
3739,0.015625
3740,-1.6875
3741,-1.109375
3742,-0.53125
3743,0.046875
3744,0.625
3745,0
3746,0.015625
3747,-0.015625
3748,1.984375
3749,-2
3750,0
3751,-0.015625
3752,0.015625
3753,0
3754,-0.015625
3755,0.015625
3756,1.984375
3757,-2
3758,-2
3759,-2
3760,-2
3761,0
3762,0.015625
3763,-0.015625
3764,1.984375
3765,-2
3766,0
3767,-0.015625
3768,0.015625
3769,0
3770,-0.015625
3771,0.015625
3772,0.8125
3773,1.390625
3774,1.96875
3775,1.984375
3776,1.984375
3777,0
3778,0.015625
3779,-0.015625
3780,1.984375
3781,-2
3782,0
3783,-0.015625
3784,0.015625
3785,0
3786,-0.015625
3787,0.015625
3788,-2
3789,-2
3790,-2
3791,-2
3792,-2
3793,0
3794,0.015625
3795,-0.015625
3796,1.984375
3797,-2
3798,0
3799,-0.015625
3800,0.015625
3801,0
3802,-0.015625
3803,0.015625
3804,1.984375
3805,1.984375
3806,1.984375
3807,1.984375
3808,1.984375
3809,0
3810,0.015625
3811,-0.015625
3812,1.984375
3813,-2
3814,0
3815,-0.015625
3816,0.015625
3817,0
3818,-0.015625
3819,0.015625
3820,-2
3821,-2
3822,-2
3823,-1.703125
3824,-1.125
3825,0
3826,0.015625
3827,-0.015625
3828,1.984375
3829,-2
3830,0
3831,-0.015625
3832,0.015625
3833,0
3834,-0.015625
3835,0.015625
3836,1.984375
3837,1.984375
3838,1.984375
3839,1.984375
3840,-2
3841,0
3842,0.015625
3843,-0.015625
3844,1.984375
3845,-2
3846,0
3847,-0.015625
3848,0.015625
3849,0
3850,-0.015625
3851,0.015625
3852,-0.9375
3853,-0.359375
3854,0.21875
3855,0.796875
3856,1.375
3857,0
3858,0.015625
3859,-0.015625
3860,1.984375
3861,-2
3862,0
3863,-0.015625
3864,0.015625
3865,0
3866,-0.015625
3867,0.015625
3868,-2
3869,-2
3870,-2
3871,-2
3872,-2
3873,0
3874,0.015625
3875,-0.015625
3876,1.984375
3877,-2
3878,0
3879,-0.015625
3880,0.015625
3881,0
3882,-0.015625
3883,0.015625
3884,1.5625
3885,1.984375
3886,1.984375
3887,1.984375
3888,1.984375
3889,0
3890,0.015625
3891,-0.015625
3892,1.984375
3893,-2
3894,0
3895,-0.015625
3896,0.015625
3897,0
3898,-0.015625
3899,0.015625
3900,-2
3901,-2
3902,-2
3903,-2
3904,-2
3905,0
3906,0.015625
3907,-0.015625
3908,1.984375
3909,-2
3910,0
3911,-0.015625
3912,0.015625
3913,0
3914,-0.015625
3915,0.015625
3916,1.984375
3917,1.984375
3918,1.984375
3919,1.984375
3920,1.984375
3921,0
3922,0.015625
3923,-0.015625
3924,1.984375
3925,-2
3926,0
3927,-0.015625
3928,0.015625
3929,0
3930,-0.015625
3931,0.015625
3932,-2
3933,-2
3934,-1.53125
3935,-0.953125
3936,-0.375
3937,0
3938,0.015625
3939,-0.015625
3940,1.984375
3941,-2
3942,0
3943,-0.015625
3944,0.015625
3945,0
3946,-0.015625
3947,0.015625
3948,1.984375
3949,1.984375
3950,1.984375
3951,-2
3952,-2
3953,0
3954,0.015625
3955,-0.015625
3956,1.984375
3957,-2
3958,0
3959,-0.015625
3960,0.015625
3961,0
3962,-0.015625
3963,0.015625
3964,-0.1875
3965,0.390625
3966,0.96875
3967,1.546875
3968,1.984375
3969,0
3970,0.015625
3971,-0.015625
3972,1.984375
3973,-2
3974,0
3975,-0.015625
3976,0.015625
3977,0
3978,-0.015625
3979,0.015625
3980,-2
3981,-2
3982,-2
3983,-2
3984,-2
3985,0
3986,0.015625
3987,-0.015625
3988,1.984375
3989,-2
3990,0
3991,-0.015625
3992,0.015625
3993,0
3994,-0.015625
3995,0.015625
3996,1.984375
3997,1.984375
3998,1.984375
3999,1.984375
4000,1.984375
4001,0
4002,0.015625
4003,-0.015625
4004,1.984375
4005,-2
4006,0
4007,-0.015625
4008,0.015625
4009,0
4010,-0.015625
4011,0.015625
4012,-2
4013,-2
4014,-2
4015,-2
4016,-2
4017,0
4018,0.015625
4019,-0.015625
4020,1.984375
4021,-2
4022,0
4023,-0.015625
4024,0.015625
4025,0
4026,-0.015625
4027,0.015625
4028,1.984375
4029,1.984375
4030,1.984375
4031,1.984375
4032,1.984375
4033,0
4034,0.015625
4035,-0.015625
4036,1.984375
4037,-2
4038,0
4039,-0.015625
4040,0.015625
4041,0
4042,-0.015625
4043,0.015625
4044,-1.9375
4045,-1.359375
4046,-0.78125
4047,-0.203125
4048,0.375
4049,0
4050,0.015625
4051,-0.015625
4052,1.984375
4053,-2
4054,0
4055,-0.015625
4056,0.015625
4057,0
4058,-0.015625
4059,0.015625
4060,1.984375
4061,1.984375
4062,-2
4063,-2
4064,-2
4065,0
4066,0.015625
4067,-0.015625
4068,1.984375
4069,-2
4070,0
4071,-0.015625
4072,0.015625
4073,0
4074,-0.015625
4075,0.015625
4076,0.5625
4077,1.140625
4078,1.71875
4079,1.984375
4080,1.984375
4081,0
4082,0.015625
4083,-0.015625
4084,1.984375
4085,-2
4086,0
4087,-0.015625
4088,0.015625
4089,0
4090,-0.015625
4091,0.015625
4092,-2
4093,-2
4094,-2
4095,-2
4096,-2
4097,0
4098,0.015625
4099,-0.015625
4100,1.984375
4101,-2
4102,0
4103,-0.015625
4104,0.015625
4105,0
4106,-0.015625
4107,0.015625
4108,1.984375
4109,1.984375
4110,1.984375
4111,1.984375
4112,1.984375
4113,0
4114,0.015625
4115,-0.015625
4116,1.984375
4117,-2
4118,0
4119,-0.015625
4120,0.015625
4121,0
4122,-0.015625
4123,0.015625
4124,-2
4125,-2
4126,-2
4127,-1.953125
4128,-1.375
4129,0
4130,0.015625
4131,-0.015625
4132,1.984375
4133,-2
4134,0
4135,-0.015625
4136,0.015625
4137,0
4138,-0.015625
4139,0.015625
4140,1.984375
4141,1.984375
4142,1.984375
4143,1.984375
4144,1.984375
4145,0
4146,0.015625
4147,-0.015625
4148,1.984375
4149,-2
4150,0
4151,-0.015625
4152,0.015625
4153,0
4154,-0.015625
4155,0.015625
4156,-1.1875
4157,-0.609375
4158,-0.03125
4159,0.546875
4160,1.125
4161,0
4162,0.015625
4163,-0.015625
4164,1.984375
4165,-2
4166,0
4167,-0.015625
4168,0.015625
4169,0
4170,-0.015625
4171,0.015625
4172,-2
4173,-2
4174,-2
4175,-2
4176,-2
4177,0
4178,0.015625
4179,-0.015625
4180,1.984375
4181,-2
4182,0
4183,-0.015625
4184,0.015625
4185,0
4186,-0.015625
4187,0.015625
4188,1.3125
4189,1.890625
4190,1.984375
4191,1.984375
4192,1.984375
4193,0
4194,0.015625
4195,-0.015625
4196,1.984375
4197,-2
4198,0
4199,-0.015625
4200,0.015625
4201,0
4202,-0.015625
4203,0.015625
4204,-2
4205,-2
4206,-2
4207,-2
4208,-2
4209,0
4210,0.015625
4211,-0.015625
4212,1.984375
4213,-2
4214,0
4215,-0.015625
4216,0.015625
4217,0
4218,-0.015625
4219,0.015625
4220,1.984375
4221,1.984375
4222,1.984375
4223,1.984375
4224,1.984375
4225,0
4226,0.015625
4227,-0.015625
4228,1.984375
4229,-2
4230,0
4231,-0.015625
4232,0.015625
4233,0
4234,-0.015625
4235,0.015625
4236,-2
4237,-2
4238,-1.78125
4239,-1.203125
4240,-0.625
4241,0
4242,0.015625
4243,-0.015625
4244,1.984375
4245,-2
4246,0
4247,-0.015625
4248,0.015625
4249,0
4250,-0.015625
4251,0.015625
4252,1.984375
4253,1.984375
4254,1.984375
4255,-2
4256,-2
4257,0
4258,0.015625
4259,-0.015625
4260,1.984375
4261,-2
4262,0
4263,-0.015625
4264,0.015625
4265,0
4266,-0.015625
4267,0.015625
4268,-0.4375
4269,0.140625
4270,0.71875
4271,1.296875
4272,1.875
4273,0
4274,0.015625
4275,-0.015625
4276,1.984375
4277,-2
4278,0
4279,-0.015625
4280,0.015625
4281,0
4282,-0.015625
4283,0.015625
4284,-2
4285,-2
4286,-2
4287,-2
4288,-2
4289,0
4290,0.015625
4291,-0.015625
4292,1.984375
4293,-2
4294,0
4295,-0.015625
4296,0.015625
4297,0
4298,-0.015625
4299,0.015625
4300,1.984375
4301,1.984375
4302,1.984375
4303,1.984375
4304,1.984375
4305,0
4306,0.015625
4307,-0.015625
4308,1.984375
4309,-2
4310,0
4311,-0.015625
4312,0.015625
4313,0
4314,-0.015625
4315,0.015625
4316,-2
4317,-2
4318,-2
4319,-2
4320,-2
4321,0
4322,0.015625
4323,-0.015625
4324,1.984375
4325,-2
4326,0
4327,-0.015625
4328,0.015625
4329,0
4330,-0.015625
4331,0.015625
4332,1.984375
4333,1.984375
4334,1.984375
4335,1.984375
4336,1.984375
4337,0
4338,0.015625
4339,-0.015625
4340,1.984375
4341,-2
4342,0
4343,-0.015625
4344,0.015625
4345,0
4346,-0.015625
4347,0.015625
4348,-2
4349,-1.609375
4350,-1.03125
4351,-0.453125
4352,0.125
4353,0
4354,0.015625
4355,-0.015625
4356,1.984375
4357,-2
4358,0
4359,-0.015625
4360,0.015625
4361,0
4362,-0.015625
4363,0.015625
4364,1.984375
4365,1.984375
4366,-2
4367,-2
4368,-2
4369,0
4370,0.015625
4371,-0.015625
4372,1.984375
4373,-2
4374,0
4375,-0.015625
4376,0.015625
4377,0
4378,-0.015625
4379,0.015625
4380,0.3125
4381,0.890625
4382,1.46875
4383,1.984375
4384,1.984375
4385,0
4386,0.015625
4387,-0.015625
4388,1.984375
4389,-2
4390,0
4391,-0.015625
4392,0.015625
4393,0
4394,-0.015625
4395,0.015625
4396,-2
4397,-2
4398,-2
4399,-2
4400,-2
4401,0
4402,0.015625
4403,-0.015625
4404,1.984375
4405,-2
4406,0
4407,-0.015625
4408,0.015625
4409,0
4410,-0.015625
4411,0.015625
4412,1.984375
4413,1.984375
4414,1.984375
4415,1.984375
4416,1.984375
4417,0
4418,0.015625
4419,-0.015625
4420,1.984375
4421,-2
4422,0
4423,-0.015625
4424,0.015625
4425,0
4426,-0.015625
4427,0.015625
4428,-2
4429,-2
4430,-2
4431,-2
4432,-1.625
4433,0
4434,0.015625
4435,-0.015625
4436,1.984375
4437,-2
4438,0
4439,-0.015625
4440,0.015625
4441,0
4442,-0.015625
4443,0.015625
4444,1.984375
4445,1.984375
4446,1.984375
4447,1.984375
4448,1.984375
4449,0
4450,0.015625
4451,-0.015625
4452,1.984375
4453,-2
4454,0
4455,-0.015625
4456,0.015625
4457,0
4458,-0.015625
4459,0.015625
4460,-1.4375
4461,-0.859375
4462,-0.28125
4463,0.296875
4464,0.875
4465,0
4466,0.015625
4467,-0.015625
4468,1.984375
4469,-2
4470,0
4471,-0.015625
4472,0.015625
4473,0
4474,-0.015625
4475,0.015625
4476,1.984375
4477,-2
4478,-2
4479,-2
4480,-2
4481,0
4482,0.015625
4483,-0.015625
4484,1.984375
4485,-2
4486,0
4487,-0.015625
4488,0.015625
4489,0
4490,-0.015625
4491,0.015625
4492,1.0625
4493,1.640625
4494,1.984375
4495,1.984375
4496,1.984375
4497,0
4498,0.015625
4499,-0.015625
4500,1.984375
4501,-2
4502,0
4503,-0.015625
4504,0.015625
4505,0
4506,-0.015625
4507,0.015625
4508,-2
4509,-2
4510,-2
4511,-2
4512,-2
4513,0
4514,0.015625
4515,-0.015625
4516,1.984375
4517,-2
4518,0
4519,-0.015625
4520,0.015625
4521,0
4522,-0.015625
4523,0.015625
4524,1.984375
4525,1.984375
4526,1.984375
4527,1.984375
4528,1.984375
4529,0
4530,0.015625
4531,-0.015625
4532,1.984375
4533,-2
4534,0
4535,-0.015625
4536,0.015625
4537,0
4538,-0.015625
4539,0.015625
4540,-2
4541,-2
4542,-2
4543,-1.453125
4544,-0.875
4545,0
4546,0.015625
4547,-0.015625
4548,1.984375
4549,-2
4550,0
4551,-0.015625
4552,0.015625
4553,0
4554,-0.015625
4555,0.015625
4556,1.984375
4557,1.984375
4558,1.984375
4559,1.984375
4560,-2
4561,0
4562,0.015625
4563,-0.015625
4564,1.984375
4565,-2
4566,0
4567,-0.015625
4568,0.015625
4569,0
4570,-0.015625
4571,0.015625
4572,-0.6875
4573,-0.109375
4574,0.46875
4575,1.046875
4576,1.625
4577,0
4578,0.015625
4579,-0.015625
4580,1.984375
4581,-2
4582,0
4583,-0.015625
4584,0.015625
4585,0
4586,-0.015625
4587,0.015625
4588,-2
4589,-2
4590,-2
4591,-2
4592,-2
4593,0
4594,0.015625
4595,-0.015625
4596,1.984375
4597,-2
4598,0
4599,-0.015625
4600,0.015625
4601,0
4602,-0.015625
4603,0.015625
4604,1.8125
4605,1.984375
4606,1.984375
4607,1.984375
4608,1.984375
4609,0
4610,0.015625
4611,-0.015625
4612,1.984375
4613,-2
4614,0
4615,-0.015625
4616,0.015625
4617,0
4618,-0.015625
4619,0.015625
4620,-2
4621,-2
4622,-2
4623,-2
4624,-2
4625,0
4626,0.015625
4627,-0.015625
4628,1.984375
4629,-2
4630,0
4631,-0.015625
4632,0.015625
4633,0
4634,-0.015625
4635,0.015625
4636,1.984375
4637,1.984375
4638,1.984375
4639,1.984375
4640,1.984375
4641,0
4642,0.015625
4643,-0.015625
4644,1.984375
4645,-2
4646,0
4647,-0.015625
4648,0.015625
4649,0
4650,-0.015625
4651,0.015625
4652,-2
4653,-1.859375
4654,-1.28125
4655,-0.703125
4656,-0.125
4657,0
4658,0.015625
4659,-0.015625
4660,1.984375
4661,-2
4662,0
4663,-0.015625
4664,0.015625
4665,0
4666,-0.015625
4667,0.015625
4668,1.984375
4669,1.984375
4670,1.984375
4671,-2
4672,-2
4673,0
4674,0.015625
4675,-0.015625
4676,1.984375
4677,-2
4678,0
4679,-0.015625
4680,0.015625
4681,0
4682,-0.015625
4683,0.015625
4684,0.0625
4685,0.640625
4686,1.21875
4687,1.796875
4688,1.984375
4689,0
4690,0.015625
4691,-0.015625
4692,1.984375
4693,-2
4694,0
4695,-0.015625
4696,0.015625
4697,0
4698,-0.015625
4699,0.015625
4700,-2
4701,-2
4702,-2
4703,-2
4704,-2
4705,0
4706,0.015625
4707,-0.015625
4708,1.984375
4709,-2
4710,0
4711,-0.015625
4712,0.015625
4713,0
4714,-0.015625
4715,0.015625
4716,1.984375
4717,1.984375
4718,1.984375
4719,1.984375
4720,1.984375
4721,0
4722,0.015625
4723,-0.015625
4724,1.984375
4725,-2
4726,0
4727,-0.015625
4728,0.015625
4729,0
4730,-0.015625
4731,0.015625
4732,-2
4733,-2
4734,-2
4735,-2
4736,-1.875
4737,0
4738,0.015625
4739,-0.015625
4740,1.984375
4741,-2
4742,0
4743,-0.015625
4744,0.015625
4745,0
4746,-0.015625
4747,0.015625
4748,1.984375
4749,1.984375
4750,1.984375
4751,1.984375
4752,1.984375
4753,0
4754,0.015625
4755,-0.015625
4756,1.984375
4757,-2
4758,0
4759,-0.015625
4760,0.015625
4761,0
4762,-0.015625
4763,0.015625
4764,-1.6875
4765,-1.109375
4766,-0.53125
4767,0.046875
4768,0.625
4769,0
4770,0.015625
4771,-0.015625
4772,1.984375
4773,-2
4774,0
4775,-0.015625
4776,0.015625
4777,0
4778,-0.015625
4779,0.015625
4780,1.984375
4781,-2
4782,-2
4783,-2
4784,-2
4785,0
4786,0.015625
4787,-0.015625
4788,1.984375
4789,-2
4790,0
4791,-0.015625
4792,0.015625
4793,0
4794,-0.015625
4795,0.015625
4796,0.8125
4797,1.390625
4798,1.96875
4799,1.984375
4800,1.984375
4801,0
4802,0.015625
4803,-0.015625
4804,1.984375
4805,-2
4806,0
4807,-0.015625
4808,0.015625
4809,0
4810,-0.015625
4811,0.015625
4812,-2
4813,-2
4814,-2
4815,-2
4816,-2
4817,0
4818,0.015625
4819,-0.015625
4820,1.984375
4821,-2
4822,0
4823,-0.015625
4824,0.015625
4825,0
4826,-0.015625
4827,0.015625
4828,1.984375
4829,1.984375
4830,1.984375
4831,1.984375
4832,1.984375
4833,0
4834,0.015625
4835,-0.015625
4836,1.984375
4837,-2
4838,0
4839,-0.015625
4840,0.015625
4841,0
4842,-0.015625
4843,0.015625
4844,-2
4845,-2
4846,-2
4847,-1.703125
4848,-1.125
4849,0
4850,0.015625
4851,-0.015625
4852,1.984375
4853,-2
4854,0
4855,-0.015625
4856,0.015625
4857,0
4858,-0.015625
4859,0.015625
4860,1.984375
4861,1.984375
4862,1.984375
4863,1.984375
4864,-2
4865,0
4866,0.015625
4867,-0.015625
4868,1.984375
4869,-2
4870,0
4871,-0.015625
4872,0.015625
4873,0
4874,-0.015625
4875,0.015625
4876,-0.9375
4877,-0.359375
4878,0.21875
4879,0.796875
4880,1.375
4881,0
4882,0.015625
4883,-0.015625
4884,1.984375
4885,-2
4886,0
4887,-0.015625
4888,0.015625
4889,0
4890,-0.015625
4891,0.015625
4892,-2
4893,-2
4894,-2
4895,-2
4896,-2
4897,0
4898,0.015625
4899,-0.015625
4900,1.984375
4901,-2
4902,0
4903,-0.015625
4904,0.015625
4905,0
4906,-0.015625
4907,0.015625
4908,1.5625
4909,1.984375
4910,1.984375
4911,1.984375
4912,1.984375
4913,0
4914,0.015625
4915,-0.015625
4916,1.984375
4917,-2
4918,0
4919,-0.015625
4920,0.015625
4921,0
4922,-0.015625
4923,0.015625
4924,-2
4925,-2
4926,-2
4927,-2
4928,-2
4929,0
4930,0.015625
4931,-0.015625
4932,1.984375
4933,-2
4934,0
4935,-0.015625
4936,0.015625
4937,0
4938,-0.015625
4939,0.015625
4940,1.984375
4941,1.984375
4942,1.984375
4943,1.984375
4944,1.984375
4945,0
4946,0.015625
4947,-0.015625
4948,1.984375
4949,-2
4950,0
4951,-0.015625
4952,0.015625
4953,0
4954,-0.015625
4955,0.015625
4956,-2
4957,-2
4958,-1.53125
4959,-0.953125
4960,-0.375
4961,0
4962,0.015625
4963,-0.015625
4964,1.984375
4965,-2
4966,0
4967,-0.015625
4968,0.015625
4969,0
4970,-0.015625
4971,0.015625
4972,1.984375
4973,1.984375
4974,1.984375
4975,-2
4976,-2
4977,0
4978,0.015625
4979,-0.015625
4980,1.984375
4981,-2
4982,0
4983,-0.015625
4984,0.015625
4985,0
4986,-0.015625
4987,0.015625
4988,-0.1875
4989,0.390625
4990,0.96875
4991,1.546875
4992,1.984375
4993,0
4994,0.015625
4995,-0.015625
4996,1.984375
4997,-2
4998,0
4999,-0.015625
5000,0.015625
5001,0
5002,-0.015625
5003,0.015625
5004,-2
5005,-2
5006,-2
5007,-2
5008,-2
5009,0
5010,0.015625
5011,-0.015625
5012,1.984375
5013,-2
5014,0
5015,-0.015625
5016,0.015625
5017,0
5018,-0.015625
5019,0.015625
5020,1.984375
5021,1.984375
5022,1.984375
5023,1.984375
5024,1.984375
5025,0
5026,0.015625
5027,-0.015625
5028,1.984375
5029,-2
5030,0
5031,-0.015625
5032,0.015625
5033,0
5034,-0.015625
5035,0.015625
5036,-2
5037,-2
5038,-2
5039,-2
5040,-2
5041,0
5042,0.015625
5043,-0.015625
5044,1.984375
5045,-2
5046,0
5047,-0.015625
5048,0.015625
5049,0
5050,-0.015625
5051,0.015625
5052,1.984375
5053,1.984375
5054,1.984375
5055,1.984375
5056,1.984375
5057,0
5058,0.015625
5059,-0.015625
5060,1.984375
5061,-2
5062,0
5063,-0.015625
5064,0.015625
5065,0
5066,-0.015625
5067,0.015625
5068,-1.9375
5069,-1.359375
5070,-0.78125
5071,-0.203125
5072,0.375
5073,0
5074,0.015625
5075,-0.015625
5076,1.984375
5077,-2
5078,0
5079,-0.015625
5080,0.015625
5081,0
5082,-0.015625
5083,0.015625
5084,1.984375
5085,1.984375
5086,-2
5087,-2
5088,-2
5089,0
5090,0.015625
5091,-0.015625
5092,1.984375
5093,-2
5094,0
5095,-0.015625
5096,0.015625
5097,0
5098,-0.015625
5099,0.015625
5100,0.5625
5101,1.140625
5102,1.71875
5103,1.984375
5104,1.984375
5105,0
5106,0.015625
5107,-0.015625
5108,1.984375
5109,-2
5110,0
5111,-0.015625
5112,0.015625
5113,0
5114,-0.015625
5115,0.015625
5116,-2
5117,-2
5118,-2
5119,-2
5120,-2
5121,0
5122,0.015625
5123,-0.015625
5124,1.984375
5125,-2
5126,0
5127,-0.015625
5128,0.015625
5129,0
5130,-0.015625
5131,0.015625
5132,1.984375
5133,1.984375
5134,1.984375
5135,1.984375
5136,1.984375
5137,0
5138,0.015625
5139,-0.015625
5140,1.984375
5141,-2
5142,0
5143,-0.015625
5144,0.015625
5145,0
5146,-0.015625
5147,0.015625
5148,-2
5149,-2
5150,-2
5151,-1.953125
5152,-1.375
5153,0
5154,0.015625
5155,-0.015625
5156,1.984375
5157,-2
5158,0
5159,-0.015625
5160,0.015625
5161,0
5162,-0.015625
5163,0.015625
5164,1.984375
5165,1.984375
5166,1.984375
5167,1.984375
5168,1.984375
5169,0
5170,0.015625
5171,-0.015625
5172,1.984375
5173,-2
5174,0
5175,-0.015625
5176,0.015625
5177,0
5178,-0.015625
5179,0.015625
5180,-1.1875
5181,-0.609375
5182,-0.03125
5183,0.546875
5184,1.125
5185,0
5186,0.015625
5187,-0.015625
5188,1.984375
5189,-2
5190,0
5191,-0.015625
5192,0.015625
5193,0
5194,-0.015625
5195,0.015625
5196,-2
5197,-2
5198,-2
5199,-2
5200,-2
5201,0
5202,0.015625
5203,-0.015625
5204,1.984375
5205,-2
5206,0
5207,-0.015625
5208,0.015625
5209,0
5210,-0.015625
5211,0.015625
5212,1.3125
5213,1.890625
5214,1.984375
5215,1.984375
5216,1.984375
5217,0
5218,0.015625
5219,-0.015625
5220,1.984375
5221,-2
5222,0
5223,-0.015625
5224,0.015625
5225,0
5226,-0.015625
5227,0.015625
5228,-2
5229,-2
5230,-2
5231,-2
5232,-2
5233,0
5234,0.015625
5235,-0.015625
5236,1.984375
5237,-2
5238,0
5239,-0.015625
5240,0.015625
5241,0
5242,-0.015625
5243,0.015625
5244,1.984375
5245,1.984375
5246,1.984375
5247,1.984375
5248,1.984375
5249,0
5250,0.015625
5251,-0.015625
5252,1.984375
5253,-2
5254,0
5255,-0.015625
5256,0.015625
5257,0
5258,-0.015625
5259,0.015625
5260,-2
5261,-2
5262,-1.78125
5263,-1.203125
5264,-0.625
5265,0
5266,0.015625
5267,-0.015625
5268,1.984375
5269,-2
5270,0
5271,-0.015625
5272,0.015625
5273,0
5274,-0.015625
5275,0.015625
5276,1.984375
5277,1.984375
5278,1.984375
5279,-2
5280,-2
5281,0
5282,0.015625
5283,-0.015625
5284,1.984375
5285,-2
5286,0
5287,-0.015625
5288,0.015625
5289,0
5290,-0.015625
5291,0.015625
5292,-0.4375
5293,0.140625
5294,0.71875
5295,1.296875
5296,1.875
5297,0
5298,0.015625
5299,-0.015625
5300,1.984375
5301,-2
5302,0
5303,-0.015625
5304,0.015625
5305,0
5306,-0.015625
5307,0.015625
5308,-2
5309,-2
5310,-2
5311,-2
5312,-2
5313,0
5314,0.015625
5315,-0.015625
5316,1.984375
5317,-2
5318,0
5319,-0.015625
5320,0.015625
5321,0
5322,-0.015625
5323,0.015625
5324,1.984375
5325,1.984375
5326,1.984375
5327,1.984375
5328,1.984375
5329,0
5330,0.015625
5331,-0.015625
5332,1.984375
5333,-2
5334,0
5335,-0.015625
5336,0.015625
5337,0
5338,-0.015625
5339,0.015625
5340,-2
5341,-2
5342,-2
5343,-2
5344,-2
5345,0
5346,0.015625
5347,-0.015625
5348,1.984375
5349,-2
5350,0
5351,-0.015625
5352,0.015625
5353,0
5354,-0.015625
5355,0.015625
5356,1.984375
5357,1.984375
5358,1.984375
5359,1.984375
5360,1.984375
5361,0
5362,0.015625
5363,-0.015625
5364,1.984375
5365,-2
5366,0
5367,-0.015625
5368,0.015625
5369,0
5370,-0.015625
5371,0.015625
5372,-2
5373,-1.609375
5374,-1.03125
5375,-0.453125
5376,0.125
5377,0
5378,0.015625
5379,-0.015625
5380,1.984375
5381,-2
5382,0
5383,-0.015625
5384,0.015625
5385,0
5386,-0.015625
5387,0.015625
5388,1.984375
5389,1.984375
5390,-2
5391,-2
5392,-2
5393,0
5394,0.015625
5395,-0.015625
5396,1.984375
5397,-2
5398,0
5399,-0.015625
5400,0.015625
5401,0
5402,-0.015625
5403,0.015625
5404,0.3125
5405,0.890625
5406,1.46875
5407,1.984375
5408,1.984375
5409,0
5410,0.015625
5411,-0.015625
5412,1.984375
5413,-2
5414,0
5415,-0.015625
5416,0.015625
5417,0
5418,-0.015625
5419,0.015625
5420,-2
5421,-2
5422,-2
5423,-2
5424,-2
5425,0
5426,0.015625
5427,-0.015625
5428,1.984375
5429,-2
5430,0
5431,-0.015625
5432,0.015625
5433,0
5434,-0.015625
5435,0.015625
5436,1.984375
5437,1.984375
5438,1.984375
5439,1.984375
5440,1.984375
5441,0
5442,0.015625
5443,-0.015625
5444,1.984375
5445,-2
5446,0
5447,-0.015625
5448,0.015625
5449,0
5450,-0.015625
5451,0.015625
5452,-2
5453,-2
5454,-2
5455,-2
5456,-1.625
5457,0
5458,0.015625
5459,-0.015625
5460,1.984375
5461,-2
5462,0
5463,-0.015625
5464,0.015625
5465,0
5466,-0.015625
5467,0.015625
5468,1.984375
5469,1.984375
5470,1.984375
5471,1.984375
5472,1.984375
5473,0
5474,0.015625
5475,-0.015625
5476,1.984375
5477,-2
5478,0
5479,-0.015625
5480,0.015625
5481,0
5482,-0.015625
5483,0.015625
5484,-1.4375
5485,-0.859375
5486,-0.28125
5487,0.296875
5488,0.875
5489,0
5490,0.015625
5491,-0.015625
5492,1.984375
5493,-2
5494,0
5495,-0.015625
5496,0.015625
5497,0
5498,-0.015625
5499,0.015625
5500,1.984375
5501,-2
5502,-2
5503,-2
5504,-2
5505,0
5506,0.015625
5507,-0.015625
5508,1.984375
5509,-2
5510,0
5511,-0.015625
5512,0.015625
5513,0
5514,-0.015625
5515,0.015625
5516,1.0625
5517,1.640625
5518,1.984375
5519,1.984375
5520,1.984375
5521,0
5522,0.015625
5523,-0.015625
5524,1.984375
5525,-2
5526,0
5527,-0.015625
5528,0.015625
5529,0
5530,-0.015625
5531,0.015625
5532,-2
5533,-2
5534,-2
5535,-2
5536,-2
5537,0
5538,0.015625
5539,-0.015625
5540,1.984375
5541,-2
5542,0
5543,-0.015625
5544,0.015625
5545,0
5546,-0.015625
5547,0.015625
5548,1.984375
5549,1.984375
5550,1.984375
5551,1.984375
5552,1.984375
5553,0
5554,0.015625
5555,-0.015625
5556,1.984375
5557,-2
5558,0
5559,-0.015625
5560,0.015625
5561,0
5562,-0.015625
5563,0.015625
5564,-2
5565,-2
5566,-2
5567,-1.453125
5568,-0.875
5569,0
5570,0.015625
5571,-0.015625
5572,1.984375
5573,-2
5574,0
5575,-0.015625
5576,0.015625
5577,0
5578,-0.015625
5579,0.015625
5580,1.984375
5581,1.984375
5582,1.984375
5583,1.984375
5584,-2
5585,0
5586,0.015625
5587,-0.015625
5588,1.984375
5589,-2
5590,0
5591,-0.015625
5592,0.015625
5593,0
5594,-0.015625
5595,0.015625
5596,-0.6875
5597,-0.109375
5598,0.46875
5599,1.046875
5600,1.625
5601,0
5602,0.015625
5603,-0.015625
5604,1.984375
5605,-2
5606,0
5607,-0.015625
5608,0.015625
5609,0
5610,-0.015625
5611,0.015625
5612,-2
5613,-2
5614,-2
5615,-2
5616,-2
5617,0
5618,0.015625
5619,-0.015625
5620,1.984375
5621,-2
5622,0
5623,-0.015625
5624,0.015625
5625,0
5626,-0.015625
5627,0.015625
5628,1.8125
5629,1.984375
5630,1.984375
5631,1.984375
5632,1.984375
5633,0
5634,0.015625
5635,-0.015625
5636,1.984375
5637,-2
5638,0
5639,-0.015625
5640,0.015625
5641,0
5642,-0.015625
5643,0.015625
5644,-2
5645,-2
5646,-2
5647,-2
5648,-2
5649,0
5650,0.015625
5651,-0.015625
5652,1.984375
5653,-2
5654,0
5655,-0.015625
5656,0.015625
5657,0
5658,-0.015625
5659,0.015625
5660,1.984375
5661,1.984375
5662,1.984375
5663,1.984375
5664,1.984375
5665,0
5666,0.015625
5667,-0.015625
5668,1.984375
5669,-2
5670,0
5671,-0.015625
5672,0.015625
5673,0
5674,-0.015625
5675,0.015625
5676,-2
5677,-1.859375
5678,-1.28125
5679,-0.703125
5680,-0.125
5681,0
5682,0.015625
5683,-0.015625
5684,1.984375
5685,-2
5686,0
5687,-0.015625
5688,0.015625
5689,0
5690,-0.015625
5691,0.015625
5692,1.984375
5693,1.984375
5694,1.984375
5695,-2
5696,-2
5697,0
5698,0.015625
5699,-0.015625
5700,1.984375
5701,-2
5702,0
5703,-0.015625
5704,0.015625
5705,0
5706,-0.015625
5707,0.015625
5708,0.0625
5709,0.640625
5710,1.21875
5711,1.796875
5712,1.984375
5713,0
5714,0.015625
5715,-0.015625
5716,1.984375
5717,-2
5718,0
5719,-0.015625
5720,0.015625
5721,0
5722,-0.015625
5723,0.015625
5724,-2
5725,-2
5726,-2
5727,-2
5728,-2
5729,0
5730,0.015625
5731,-0.015625
5732,1.984375
5733,-2
5734,0
5735,-0.015625
5736,0.015625
5737,0
5738,-0.015625
5739,0.015625
5740,1.984375
5741,1.984375
5742,1.984375
5743,1.984375
5744,1.984375
5745,0
5746,0.015625
5747,-0.015625
5748,1.984375
5749,-2
5750,0
5751,-0.015625
5752,0.015625
5753,0
5754,-0.015625
5755,0.015625
5756,-2
5757,-2
5758,-2
5759,-2
5760,-1.875
5761,0
5762,0.015625
5763,-0.015625
5764,1.984375
5765,-2
5766,0
5767,-0.015625
5768,0.015625
5769,0
5770,-0.015625
5771,0.015625
5772,1.984375
5773,1.984375
5774,1.984375
5775,1.984375
5776,1.984375
5777,0
5778,0.015625
5779,-0.015625
5780,1.984375
5781,-2
5782,0
5783,-0.015625
5784,0.015625
5785,0
5786,-0.015625
5787,0.015625
5788,-1.6875
5789,-1.109375
5790,-0.53125
5791,0.046875
5792,0.625
5793,0
5794,0.015625
5795,-0.015625
5796,1.984375
5797,-2
5798,0
5799,-0.015625
5800,0.015625
5801,0
5802,-0.015625
5803,0.015625
5804,1.984375
5805,-2
5806,-2
5807,-2
5808,-2
5809,0
5810,0.015625
5811,-0.015625
5812,1.984375
5813,-2
5814,0
5815,-0.015625
5816,0.015625
5817,0
5818,-0.015625
5819,0.015625
5820,0.8125
5821,1.390625
5822,1.96875
5823,1.984375
5824,1.984375
5825,0
5826,0.015625
5827,-0.015625
5828,1.984375
5829,-2
5830,0
5831,-0.015625
5832,0.015625
5833,0
5834,-0.015625
5835,0.015625
5836,-2
5837,-2
5838,-2
5839,-2
5840,-2
5841,0
5842,0.015625
5843,-0.015625
5844,1.984375
5845,-2
5846,0
5847,-0.015625
5848,0.015625
5849,0
5850,-0.015625
5851,0.015625
5852,1.984375
5853,1.984375
5854,1.984375
5855,1.984375
5856,1.984375
5857,0
5858,0.015625
5859,-0.015625
5860,1.984375
5861,-2
5862,0
5863,-0.015625
5864,0.015625
5865,0
5866,-0.015625
5867,0.015625
5868,-2
5869,-2
5870,-2
5871,-1.703125
5872,-1.125
5873,0
5874,0.015625
5875,-0.015625
5876,1.984375
5877,-2
5878,0
5879,-0.015625
5880,0.015625
5881,0
5882,-0.015625
5883,0.015625
5884,1.984375
5885,1.984375
5886,1.984375
5887,1.984375
5888,-2
5889,0
5890,0.015625
5891,-0.015625
5892,1.984375
5893,-2
5894,0
5895,-0.015625
5896,0.015625
5897,0
5898,-0.015625
5899,0.015625
5900,-0.9375
5901,-0.359375
5902,0.21875
5903,0.796875
5904,1.375
5905,0
5906,0.015625
5907,-0.015625
5908,1.984375
5909,-2
5910,0
5911,-0.015625
5912,0.015625
5913,0
5914,-0.015625
5915,0.015625
5916,-2
5917,-2
5918,-2
5919,-2
5920,-2
5921,0
5922,0.015625
5923,-0.015625
5924,1.984375
5925,-2
5926,0
5927,-0.015625
5928,0.015625
5929,0
5930,-0.015625
5931,0.015625
5932,1.5625
5933,1.984375
5934,1.984375
5935,1.984375
5936,1.984375
5937,0
5938,0.015625
5939,-0.015625
5940,1.984375
5941,-2
5942,0
5943,-0.015625
5944,0.015625
5945,0
5946,-0.015625
5947,0.015625
5948,-2
5949,-2
5950,-2
5951,-2
5952,-2
5953,0
5954,0.015625
5955,-0.015625
5956,1.984375
5957,-2
5958,0
5959,-0.015625
5960,0.015625
5961,0
5962,-0.015625
5963,0.015625
5964,1.984375
5965,1.984375
5966,1.984375
5967,1.984375
5968,1.984375
5969,0
5970,0.015625
5971,-0.015625
5972,1.984375
5973,-2
5974,0
5975,-0.015625
5976,0.015625
5977,0
5978,-0.015625
5979,0.015625
5980,-2
5981,-2
5982,-1.53125
5983,-0.953125
5984,-0.375
5985,0
5986,0.015625
5987,-0.015625
5988,1.984375
5989,-2
5990,0
5991,-0.015625
5992,0.015625
5993,0
5994,-0.015625
5995,0.015625
5996,1.984375
5997,1.984375
5998,1.984375
5999,-2
6000,-2
6001,0
6002,0.015625
6003,-0.015625
6004,1.984375
6005,-2
6006,0
6007,-0.015625
6008,0.015625
6009,0
6010,-0.015625
6011,0.015625
6012,-0.1875
6013,0.390625
6014,0.96875
6015,1.546875
6016,1.984375
6017,0
6018,0.015625
6019,-0.015625
6020,1.984375
6021,-2
6022,0
6023,-0.015625
6024,0.015625
6025,0
6026,-0.015625
6027,0.015625
6028,-2
6029,-2
6030,-2
6031,-2
6032,-2
6033,0
6034,0.015625
6035,-0.015625
6036,1.984375
6037,-2
6038,0
6039,-0.015625
6040,0.015625
6041,0
6042,-0.015625
6043,0.015625
6044,1.984375
6045,1.984375
6046,1.984375
6047,1.984375
6048,1.984375
6049,0
6050,0.015625
6051,-0.015625
6052,1.984375
6053,-2
6054,0
6055,-0.015625
6056,0.015625
6057,0
6058,-0.015625
6059,0.015625
6060,-2
6061,-2
6062,-2
6063,-2
6064,-2
6065,0
6066,0.015625
6067,-0.015625
6068,1.984375
6069,-2
6070,0
6071,-0.015625
6072,0.015625
6073,0
6074,-0.015625
6075,0.015625
6076,1.984375
6077,1.984375
6078,1.984375
6079,1.984375
6080,1.984375
6081,0
6082,0.015625
6083,-0.015625
6084,1.984375
6085,-2
6086,0
6087,-0.015625
6088,0.015625
6089,0
6090,-0.015625
6091,0.015625
6092,-1.9375
6093,-1.359375
6094,-0.78125
6095,-0.203125
6096,0.375
6097,0
6098,0.015625
6099,-0.015625
6100,1.984375
6101,-2
6102,0
6103,-0.015625
6104,0.015625
6105,0
6106,-0.015625
6107,0.015625
6108,1.984375
6109,1.984375
6110,-2
6111,-2
6112,-2
6113,0
6114,0.015625
6115,-0.015625
6116,1.984375
6117,-2
6118,0
6119,-0.015625
6120,0.015625
6121,0
6122,-0.015625
6123,0.015625
6124,0.5625
6125,1.140625
6126,1.71875
6127,1.984375
6128,1.984375
6129,0
6130,0.015625
6131,-0.015625
6132,1.984375
6133,-2
6134,0
6135,-0.015625
6136,0.015625
6137,0
6138,-0.015625
6139,0.015625
6140,-2
6141,-2
6142,-2
6143,-2
6144,-2
6145,0
6146,0.015625
6147,-0.015625
6148,1.984375
6149,-2
6150,0
6151,-0.015625
6152,0.015625
6153,0
6154,-0.015625
6155,0.015625
6156,1.984375
6157,1.984375
6158,1.984375
6159,1.984375
6160,1.984375
6161,0
6162,0.015625
6163,-0.015625
6164,1.984375
6165,-2
6166,0
6167,-0.015625
6168,0.015625
6169,0
6170,-0.015625
6171,0.015625
6172,-2
6173,-2
6174,-2
6175,-1.953125
6176,-1.375
6177,0
6178,0.015625
6179,-0.015625
6180,1.984375
6181,-2
6182,0
6183,-0.015625
6184,0.015625
6185,0
6186,-0.015625
6187,0.015625
6188,1.984375
6189,1.984375
6190,1.984375
6191,1.984375
6192,1.984375
6193,0
6194,0.015625
6195,-0.015625
6196,1.984375
6197,-2
6198,0
6199,-0.015625
6200,0.015625
6201,0
6202,-0.015625
6203,0.015625
6204,-1.1875
6205,-0.609375
6206,-0.03125
6207,0.546875
6208,1.125
6209,0
6210,0.015625
6211,-0.015625
6212,1.984375
6213,-2
6214,0
6215,-0.015625
6216,0.015625
6217,0
6218,-0.015625
6219,0.015625
6220,-2
6221,-2
6222,-2
6223,-2
6224,-2
6225,0
6226,0.015625
6227,-0.015625
6228,1.984375
6229,-2
6230,0
6231,-0.015625
6232,0.015625
6233,0
6234,-0.015625
6235,0.015625
6236,1.3125
6237,1.890625
6238,1.984375
6239,1.984375
6240,1.984375
6241,0
6242,0.015625
6243,-0.015625
6244,1.984375
6245,-2
6246,0
6247,-0.015625
6248,0.015625
6249,0
6250,-0.015625
6251,0.015625
6252,-2
6253,-2
6254,-2
6255,-2
6256,-2
6257,0
6258,0.015625
6259,-0.015625
6260,1.984375
6261,-2
6262,0
6263,-0.015625
6264,0.015625
6265,0
6266,-0.015625
6267,0.015625
6268,1.984375
6269,1.984375
6270,1.984375
6271,1.984375
6272,1.984375
6273,0
6274,0.015625
6275,-0.015625
6276,1.984375
6277,-2
6278,0
6279,-0.015625
6280,0.015625
6281,0
6282,-0.015625
6283,0.015625
6284,-2
6285,-2
6286,-1.78125
6287,-1.203125
6288,-0.625
6289,0
6290,0.015625
6291,-0.015625
6292,1.984375
6293,-2
6294,0
6295,-0.015625
6296,0.015625
6297,0
6298,-0.015625
6299,0.015625
6300,1.984375
6301,1.984375
6302,1.984375
6303,-2
6304,-2
6305,0
6306,0.015625
6307,-0.015625
6308,1.984375
6309,-2
6310,0
6311,-0.015625
6312,0.015625
6313,0
6314,-0.015625
6315,0.015625
6316,-0.4375
6317,0.140625
6318,0.71875
6319,1.296875
6320,1.875
6321,0
6322,0.015625
6323,-0.015625
6324,1.984375
6325,-2
6326,0
6327,-0.015625
6328,0.015625
6329,0
6330,-0.015625
6331,0.015625
6332,-2
6333,-2
6334,-2
6335,-2
6336,-2
6337,0
6338,0.015625
6339,-0.015625
6340,1.984375
6341,-2
6342,0
6343,-0.015625
6344,0.015625
6345,0
6346,-0.015625
6347,0.015625
6348,1.984375
6349,1.984375
6350,1.984375
6351,1.984375
6352,1.984375
6353,0
6354,0.015625
6355,-0.015625
6356,1.984375
6357,-2
6358,0
6359,-0.015625
6360,0.015625
6361,0
6362,-0.015625
6363,0.015625
6364,-2
6365,-2
6366,-2
6367,-2
6368,-2
6369,0
6370,0.015625
6371,-0.015625
6372,1.984375
6373,-2
6374,0
6375,-0.015625
6376,0.015625
6377,0
6378,-0.015625
6379,0.015625
6380,1.984375
6381,1.984375
6382,1.984375
6383,1.984375
6384,1.984375
6385,0
6386,0.015625
6387,-0.015625
6388,1.984375
6389,-2
6390,0
6391,-0.015625
6392,0.015625
6393,0
6394,-0.015625
6395,0.015625
6396,-2
6397,-1.609375
6398,-1.03125
6399,-0.453125
6400,0.125
6401,0
6402,0.015625
6403,-0.015625
6404,1.984375
6405,-2
6406,0
6407,-0.015625
6408,0.015625
6409,0
6410,-0.015625
6411,0.015625
6412,1.984375
6413,1.984375
6414,-2
6415,-2
6416,-2
6417,0
6418,0.015625
6419,-0.015625
6420,1.984375
6421,-2
6422,0
6423,-0.015625
6424,0.015625
6425,0
6426,-0.015625
6427,0.015625
6428,0.3125
6429,0.890625
6430,1.46875
6431,1.984375
6432,1.984375
6433,0
6434,0.015625
6435,-0.015625
6436,1.984375
6437,-2
6438,0
6439,-0.015625
6440,0.015625
6441,0
6442,-0.015625
6443,0.015625
6444,-2
6445,-2
6446,-2
6447,-2
6448,-2
6449,0
6450,0.015625
6451,-0.015625
6452,1.984375
6453,-2
6454,0
6455,-0.015625
6456,0.015625
6457,0
6458,-0.015625
6459,0.015625
6460,1.984375
6461,1.984375
6462,1.984375
6463,1.984375
6464,1.984375
6465,0
6466,0.015625
6467,-0.015625
6468,1.984375
6469,-2
6470,0
6471,-0.015625
6472,0.015625
6473,0
6474,-0.015625
6475,0.015625
6476,-2
6477,-2
6478,-2
6479,-2
6480,-1.625
6481,0
6482,0.015625
6483,-0.015625
6484,1.984375
6485,-2
6486,0
6487,-0.015625
6488,0.015625
6489,0
6490,-0.015625
6491,0.015625
6492,1.984375
6493,1.984375
6494,1.984375
6495,1.984375
6496,1.984375
6497,0
6498,0.015625
6499,-0.015625
6500,1.984375
6501,-2
6502,0
6503,-0.015625
6504,0.015625
6505,0
6506,-0.015625
6507,0.015625
6508,-1.4375
6509,-0.859375
6510,-0.28125
6511,0.296875
6512,0.875
6513,0
6514,0.015625
6515,-0.015625
6516,1.984375
6517,-2
6518,0
6519,-0.015625
6520,0.015625
6521,0
6522,-0.015625
6523,0.015625
6524,1.984375
6525,-2
6526,-2
6527,-2
6528,-2
6529,0
6530,0.015625
6531,-0.015625
6532,1.984375
6533,-2
6534,0
6535,-0.015625
6536,0.015625
6537,0
6538,-0.015625
6539,0.015625
6540,1.0625
6541,1.640625
6542,1.984375
6543,1.984375
6544,1.984375
6545,0
6546,0.015625
6547,-0.015625
6548,1.984375
6549,-2
6550,0
6551,-0.015625
6552,0.015625
6553,0
6554,-0.015625
6555,0.015625
6556,-2
6557,-2
6558,-2
6559,-2
6560,-2
6561,0
6562,0.015625
6563,-0.015625
6564,1.984375
6565,-2
6566,0
6567,-0.015625
6568,0.015625
6569,0
6570,-0.015625
6571,0.015625
6572,1.984375
6573,1.984375
6574,1.984375
6575,1.984375
6576,1.984375
6577,0
6578,0.015625
6579,-0.015625
6580,1.984375
6581,-2
6582,0
6583,-0.015625
6584,0.015625
6585,0
6586,-0.015625
6587,0.015625
6588,-2
6589,-2
6590,-2
6591,-1.453125
6592,-0.875
6593,0
6594,0.015625
6595,-0.015625
6596,1.984375
6597,-2
6598,0
6599,-0.015625
6600,0.015625
6601,0
6602,-0.015625
6603,0.015625
6604,1.984375
6605,1.984375
6606,1.984375
6607,1.984375
6608,-2
6609,0
6610,0.015625
6611,-0.015625
6612,1.984375
6613,-2
6614,0
6615,-0.015625
6616,0.015625
6617,0
6618,-0.015625
6619,0.015625
6620,-0.6875
6621,-0.109375
6622,0.46875
6623,1.046875
6624,1.625
6625,0
6626,0.015625
6627,-0.015625
6628,1.984375
6629,-2
6630,0
6631,-0.015625
6632,0.015625
6633,0
6634,-0.015625
6635,0.015625
6636,-2
6637,-2
6638,-2
6639,-2
6640,-2
6641,0
6642,0.015625
6643,-0.015625
6644,1.984375
6645,-2
6646,0
6647,-0.015625
6648,0.015625
6649,0
6650,-0.015625
6651,0.015625
6652,1.8125
6653,1.984375
6654,1.984375
6655,1.984375
6656,1.984375
6657,0
6658,0.015625
6659,-0.015625
6660,1.984375
6661,-2
6662,0
6663,-0.015625
6664,0.015625
6665,0
6666,-0.015625
6667,0.015625
6668,-2
6669,-2
6670,-2
6671,-2
6672,-2
6673,0
6674,0.015625
6675,-0.015625
6676,1.984375
6677,-2
6678,0
6679,-0.015625
6680,0.015625
6681,0
6682,-0.015625
6683,0.015625
6684,1.984375
6685,1.984375
6686,1.984375
6687,1.984375
6688,1.984375
6689,0
6690,0.015625
6691,-0.015625
6692,1.984375
6693,-2
6694,0
6695,-0.015625
6696,0.015625
6697,0
6698,-0.015625
6699,0.015625
6700,-2
6701,-1.859375
6702,-1.28125
6703,-0.703125
6704,-0.125
6705,0
6706,0.015625
6707,-0.015625
6708,1.984375
6709,-2
6710,0
6711,-0.015625
6712,0.015625
6713,0
6714,-0.015625
6715,0.015625
6716,1.984375
6717,1.984375
6718,1.984375
6719,-2
6720,-2
6721,0
6722,0.015625
6723,-0.015625
6724,1.984375
6725,-2
6726,0
6727,-0.015625
6728,0.015625
6729,0
6730,-0.015625
6731,0.015625
6732,0.0625
6733,0.640625
6734,1.21875
6735,1.796875
6736,1.984375
6737,0
6738,0.015625
6739,-0.015625
6740,1.984375
6741,-2
6742,0
6743,-0.015625
6744,0.015625
6745,0
6746,-0.015625
6747,0.015625
6748,-2
6749,-2
6750,-2
6751,-2
6752,-2
6753,0
6754,0.015625
6755,-0.015625
6756,1.984375
6757,-2
6758,0
6759,-0.015625
6760,0.015625
6761,0
6762,-0.015625
6763,0.015625
6764,1.984375
6765,1.984375
6766,1.984375
6767,1.984375
6768,1.984375
6769,0
6770,0.015625
6771,-0.015625
6772,1.984375
6773,-2
6774,0
6775,-0.015625
6776,0.015625
6777,0
6778,-0.015625
6779,0.015625
6780,-2
6781,-2
6782,-2
6783,-2
6784,-1.875
6785,0
6786,0.015625
6787,-0.015625
6788,1.984375
6789,-2
6790,0
6791,-0.015625
6792,0.015625
6793,0
6794,-0.015625
6795,0.015625
6796,1.984375
6797,1.984375
6798,1.984375
6799,1.984375
6800,1.984375
6801,0
6802,0.015625
6803,-0.015625
6804,1.984375
6805,-2
6806,0
6807,-0.015625
6808,0.015625
6809,0
6810,-0.015625
6811,0.015625
6812,-1.6875
6813,-1.109375
6814,-0.53125
6815,0.046875
6816,0.625
6817,0
6818,0.015625
6819,-0.015625
6820,1.984375
6821,-2
6822,0
6823,-0.015625
6824,0.015625
6825,0
6826,-0.015625
6827,0.015625
6828,1.984375
6829,-2
6830,-2
6831,-2
6832,-2
6833,0
6834,0.015625
6835,-0.015625
6836,1.984375
6837,-2
6838,0
6839,-0.015625
6840,0.015625
6841,0
6842,-0.015625
6843,0.015625
6844,0.8125
6845,1.390625
6846,1.96875
6847,1.984375
6848,1.984375
6849,0
6850,0.015625
6851,-0.015625
6852,1.984375
6853,-2
6854,0
6855,-0.015625
6856,0.015625
6857,0
6858,-0.015625
6859,0.015625
6860,-2
6861,-2
6862,-2
6863,-2
6864,-2
6865,0
6866,0.015625
6867,-0.015625
6868,1.984375
6869,-2
6870,0
6871,-0.015625
6872,0.015625
6873,0
6874,-0.015625
6875,0.015625
6876,1.984375
6877,1.984375
6878,1.984375
6879,1.984375
6880,1.984375
6881,0
6882,0.015625
6883,-0.015625
6884,1.984375
6885,-2
6886,0
6887,-0.015625
6888,0.015625
6889,0
6890,-0.015625
6891,0.015625
6892,-2
6893,-2
6894,-2
6895,-1.703125
6896,-1.125
6897,0
6898,0.015625
6899,-0.015625
6900,1.984375
6901,-2
6902,0
6903,-0.015625
6904,0.015625
6905,0
6906,-0.015625
6907,0.015625
6908,1.984375
6909,1.984375
6910,1.984375
6911,1.984375
6912,-2
6913,0
6914,0.015625
6915,-0.015625
6916,1.984375
6917,-2
6918,0
6919,-0.015625
6920,0.015625
6921,0
6922,-0.015625
6923,0.015625
6924,-0.9375
6925,-0.359375
6926,0.21875
6927,0.796875
6928,1.375
6929,0
6930,0.015625
6931,-0.015625
6932,1.984375
6933,-2
6934,0
6935,-0.015625
6936,0.015625
6937,0
6938,-0.015625
6939,0.015625
6940,-2
6941,-2
6942,-2
6943,-2
6944,-2
6945,0
6946,0.015625
6947,-0.015625
6948,1.984375
6949,-2
6950,0
6951,-0.015625
6952,0.015625
6953,0
6954,-0.015625
6955,0.015625
6956,1.5625
6957,1.984375
6958,1.984375
6959,1.984375
6960,1.984375
6961,0
6962,0.015625
6963,-0.015625
6964,1.984375
6965,-2
6966,0
6967,-0.015625
6968,0.015625
6969,0
6970,-0.015625
6971,0.015625
6972,-2
6973,-2
6974,-2
6975,-2
6976,-2
6977,0
6978,0.015625
6979,-0.015625
6980,1.984375
6981,-2
6982,0
6983,-0.015625
6984,0.015625
6985,0
6986,-0.015625
6987,0.015625
6988,1.984375
6989,1.984375
6990,1.984375
6991,1.984375
6992,1.984375
6993,0
6994,0.015625
6995,-0.015625
6996,1.984375
6997,-2
6998,0
6999,-0.015625
7000,0.015625
7001,0
7002,-0.015625
7003,0.015625
7004,-2
7005,-2
7006,-1.53125
7007,-0.953125
7008,-0.375
7009,0
7010,0.015625
7011,-0.015625
7012,1.984375
7013,-2
7014,0
7015,-0.015625
7016,0.015625
7017,0
7018,-0.015625
7019,0.015625
7020,1.984375
7021,1.984375
7022,1.984375
7023,-2
7024,-2
7025,0
7026,0.015625
7027,-0.015625
7028,1.984375
7029,-2
7030,0
7031,-0.015625
7032,0.015625
7033,0
7034,-0.015625
7035,0.015625
7036,-0.1875
7037,0.390625
7038,0.96875
7039,1.546875
7040,1.984375
7041,0
7042,0.015625
7043,-0.015625
7044,1.984375
7045,-2
7046,0
7047,-0.015625
7048,0.015625
7049,0
7050,-0.015625
7051,0.015625
7052,-2
7053,-2
7054,-2
7055,-2
7056,-2
7057,0
7058,0.015625
7059,-0.015625
7060,1.984375
7061,-2
7062,0
7063,-0.015625
7064,0.015625
7065,0
7066,-0.015625
7067,0.015625
7068,1.984375
7069,1.984375
7070,1.984375
7071,1.984375
7072,1.984375
7073,0
7074,0.015625
7075,-0.015625
7076,1.984375
7077,-2
7078,0
7079,-0.015625
7080,0.015625
7081,0
7082,-0.015625
7083,0.015625
7084,-2
7085,-2
7086,-2
7087,-2
7088,-2
7089,0
7090,0.015625
7091,-0.015625
7092,1.984375
7093,-2
7094,0
7095,-0.015625
7096,0.015625
7097,0
7098,-0.015625
7099,0.015625
7100,1.984375
7101,1.984375
7102,1.984375
7103,1.984375
7104,1.984375
7105,0
7106,0.015625
7107,-0.015625
7108,1.984375
7109,-2
7110,0
7111,-0.015625
7112,0.015625
7113,0
7114,-0.015625
7115,0.015625
7116,-1.9375
7117,-1.359375
7118,-0.78125
7119,-0.203125
7120,0.375
7121,0
7122,0.015625
7123,-0.015625
7124,1.984375
7125,-2
7126,0
7127,-0.015625
7128,0.015625
7129,0
7130,-0.015625
7131,0.015625
7132,1.984375
7133,1.984375
7134,-2
7135,-2
7136,-2
7137,0
7138,0.015625
7139,-0.015625
7140,1.984375
7141,-2
7142,0
7143,-0.015625
7144,0.015625
7145,0
7146,-0.015625
7147,0.015625
7148,0.5625
7149,1.140625
7150,1.71875
7151,1.984375
7152,1.984375
7153,0
7154,0.015625
7155,-0.015625
7156,1.984375
7157,-2
7158,0
7159,-0.015625
7160,0.015625
7161,0
7162,-0.015625
7163,0.015625
7164,-2
7165,-2
7166,-2
7167,-2
7168,-2
7169,0
7170,0.015625
7171,-0.015625
7172,1.984375
7173,-2
7174,0
7175,-0.015625
7176,0.015625
7177,0
7178,-0.015625
7179,0.015625
7180,1.984375
7181,1.984375
7182,1.984375
7183,1.984375
7184,1.984375
7185,0
7186,0.015625
7187,-0.015625
7188,1.984375
7189,-2
7190,0
7191,-0.015625
7192,0.015625
7193,0
7194,-0.015625
7195,0.015625
7196,-2
7197,-2
7198,-2
7199,-1.953125
7200,-1.375
7201,0
7202,0.015625
7203,-0.015625
7204,1.984375
7205,-2
7206,0
7207,-0.015625
7208,0.015625
7209,0
7210,-0.015625
7211,0.015625
7212,1.984375
7213,1.984375
7214,1.984375
7215,1.984375
7216,1.984375
7217,0
7218,0.015625
7219,-0.015625
7220,1.984375
7221,-2
7222,0
7223,-0.015625
7224,0.015625
7225,0
7226,-0.015625
7227,0.015625
7228,-1.1875
7229,-0.609375
7230,-0.03125
7231,0.546875
7232,1.125
7233,0
7234,0.015625
7235,-0.015625
7236,1.984375
7237,-2
7238,0
7239,-0.015625
7240,0.015625
7241,0
7242,-0.015625
7243,0.015625
7244,-2
7245,-2
7246,-2
7247,-2
7248,-2
7249,0
7250,0.015625
7251,-0.015625
7252,1.984375
7253,-2
7254,0
7255,-0.015625
7256,0.015625
7257,0
7258,-0.015625
7259,0.015625
7260,1.3125
7261,1.890625
7262,1.984375
7263,1.984375
7264,1.984375
7265,0
7266,0.015625
7267,-0.015625
7268,1.984375
7269,-2
7270,0
7271,-0.015625
7272,0.015625
7273,0
7274,-0.015625
7275,0.015625
7276,-2
7277,-2
7278,-2
7279,-2
7280,-2
7281,0
7282,0.015625
7283,-0.015625
7284,1.984375
7285,-2
7286,0
7287,-0.015625
7288,0.015625
7289,0
7290,-0.015625
7291,0.015625
7292,1.984375
7293,1.984375
7294,1.984375
7295,1.984375
7296,1.984375
7297,0
7298,0.015625
7299,-0.015625
7300,1.984375
7301,-2
7302,0
7303,-0.015625
7304,0.015625
7305,0
7306,-0.015625
7307,0.015625
7308,-2
7309,-2
7310,-1.78125
7311,-1.203125
7312,-0.625
7313,0
7314,0.015625
7315,-0.015625
7316,1.984375
7317,-2
7318,0
7319,-0.015625
7320,0.015625
7321,0
7322,-0.015625
7323,0.015625
7324,1.984375
7325,1.984375
7326,1.984375
7327,-2
7328,-2
7329,0
7330,0.015625
7331,-0.015625
7332,1.984375
7333,-2
7334,0
7335,-0.015625
7336,0.015625
7337,0
7338,-0.015625
7339,0.015625
7340,-0.4375
7341,0.140625
7342,0.71875
7343,1.296875
7344,1.875
7345,0
7346,0.015625
7347,-0.015625
7348,1.984375
7349,-2
7350,0
7351,-0.015625
7352,0.015625
7353,0
7354,-0.015625
7355,0.015625
7356,-2
7357,-2
7358,-2
7359,-2
7360,-2
7361,0
7362,0.015625
7363,-0.015625
7364,1.984375
7365,-2
7366,0
7367,-0.015625
7368,0.015625
7369,0
7370,-0.015625
7371,0.015625
7372,1.984375
7373,1.984375
7374,1.984375
7375,1.984375
7376,1.984375
7377,0
7378,0.015625
7379,-0.015625
7380,1.984375
7381,-2
7382,0
7383,-0.015625
7384,0.015625
7385,0
7386,-0.015625
7387,0.015625
7388,-2
7389,-2
7390,-2
7391,-2
7392,-2
7393,0
7394,0.015625
7395,-0.015625
7396,1.984375
7397,-2
7398,0
7399,-0.015625
7400,0.015625
7401,0
7402,-0.015625
7403,0.015625
7404,1.984375
7405,1.984375
7406,1.984375
7407,1.984375
7408,1.984375
7409,0
7410,0.015625
7411,-0.015625
7412,1.984375
7413,-2
7414,0
7415,-0.015625
7416,0.015625
7417,0
7418,-0.015625
7419,0.015625
7420,-2
7421,-1.609375
7422,-1.03125
7423,-0.453125
7424,0.125
7425,0
7426,0.015625
7427,-0.015625
7428,1.984375
7429,-2
7430,0
7431,-0.015625
7432,0.015625
7433,0
7434,-0.015625
7435,0.015625
7436,1.984375
7437,1.984375
7438,-2
7439,-2
7440,-2
7441,0
7442,0.015625
7443,-0.015625
7444,1.984375
7445,-2
7446,0
7447,-0.015625
7448,0.015625
7449,0
7450,-0.015625
7451,0.015625
7452,0.3125
7453,0.890625
7454,1.46875
7455,1.984375
7456,1.984375
7457,0
7458,0.015625
7459,-0.015625
7460,1.984375
7461,-2
7462,0
7463,-0.015625
7464,0.015625
7465,0
7466,-0.015625
7467,0.015625
7468,-2
7469,-2
7470,-2
7471,-2
7472,-2
7473,0
7474,0.015625
7475,-0.015625
7476,1.984375
7477,-2
7478,0
7479,-0.015625
7480,0.015625
7481,0
7482,-0.015625
7483,0.015625
7484,1.984375
7485,1.984375
7486,1.984375
7487,1.984375
7488,1.984375
7489,0
7490,0.015625
7491,-0.015625
7492,1.984375
7493,-2
7494,0
7495,-0.015625
7496,0.015625
7497,0
7498,-0.015625
7499,0.015625
7500,-2
7501,-2
7502,-2
7503,-2
7504,-1.625
7505,0
7506,0.015625
7507,-0.015625
7508,1.984375
7509,-2
7510,0
7511,-0.015625
7512,0.015625
7513,0
7514,-0.015625
7515,0.015625
7516,1.984375
7517,1.984375
7518,1.984375
7519,1.984375
7520,1.984375
7521,0
7522,0.015625
7523,-0.015625
7524,1.984375
7525,-2
7526,0
7527,-0.015625
7528,0.015625
7529,0
7530,-0.015625
7531,0.015625
7532,-1.4375
7533,-0.859375
7534,-0.28125
7535,0.296875
7536,0.875
7537,0
7538,0.015625
7539,-0.015625
7540,1.984375
7541,-2
7542,0
7543,-0.015625
7544,0.015625
7545,0
7546,-0.015625
7547,0.015625
7548,1.984375
7549,-2
7550,-2
7551,-2
7552,-2
7553,0
7554,0.015625
7555,-0.015625
7556,1.984375
7557,-2
7558,0
7559,-0.015625
7560,0.015625
7561,0
7562,-0.015625
7563,0.015625
7564,1.0625
7565,1.640625
7566,1.984375
7567,1.984375
7568,1.984375
7569,0
7570,0.015625
7571,-0.015625
7572,1.984375
7573,-2
7574,0
7575,-0.015625
7576,0.015625
7577,0
7578,-0.015625
7579,0.015625
7580,-2
7581,-2
7582,-2
7583,-2
7584,-2
7585,0
7586,0.015625
7587,-0.015625
7588,1.984375
7589,-2
7590,0
7591,-0.015625
7592,0.015625
7593,0
7594,-0.015625
7595,0.015625
7596,1.984375
7597,1.984375
7598,1.984375
7599,1.984375
7600,1.984375
7601,0
7602,0.015625
7603,-0.015625
7604,1.984375
7605,-2
7606,0
7607,-0.015625
7608,0.015625
7609,0
7610,-0.015625
7611,0.015625
7612,-2
7613,-2
7614,-2
7615,-1.453125
7616,-0.875
7617,0
7618,0.015625
7619,-0.015625
7620,1.984375
7621,-2
7622,0
7623,-0.015625
7624,0.015625
7625,0
7626,-0.015625
7627,0.015625
7628,1.984375
7629,1.984375
7630,1.984375
7631,1.984375
7632,-2
7633,0
7634,0.015625
7635,-0.015625
7636,1.984375
7637,-2
7638,0
7639,-0.015625
7640,0.015625
7641,0
7642,-0.015625
7643,0.015625
7644,-0.6875
7645,-0.109375
7646,0.46875
7647,1.046875
7648,1.625
7649,0
7650,0.015625
7651,-0.015625
7652,1.984375
7653,-2
7654,0
7655,-0.015625
7656,0.015625
7657,0
7658,-0.015625
7659,0.015625
7660,-2
7661,-2
7662,-2
7663,-2
7664,-2
7665,0
7666,0.015625
7667,-0.015625
7668,1.984375
7669,-2
7670,0
7671,-0.015625
7672,0.015625
7673,0
7674,-0.015625
7675,0.015625
7676,1.8125
7677,1.984375
7678,1.984375
7679,1.984375
7680,1.984375
7681,0
7682,0.015625
7683,-0.015625
7684,1.984375
7685,-2
7686,0
7687,-0.015625
7688,0.015625
7689,0
7690,-0.015625
7691,0.015625
7692,-2
7693,-2
7694,-2
7695,-2
7696,-2
7697,0
7698,0.015625
7699,-0.015625
7700,1.984375
7701,-2
7702,0
7703,-0.015625
7704,0.015625
7705,0
7706,-0.015625
7707,0.015625
7708,1.984375
7709,1.984375
7710,1.984375
7711,1.984375
7712,1.984375
7713,0
7714,0.015625
7715,-0.015625
7716,1.984375
7717,-2
7718,0
7719,-0.015625
7720,0.015625
7721,0
7722,-0.015625
7723,0.015625
7724,-2
7725,-1.859375
7726,-1.28125
7727,-0.703125
7728,-0.125
7729,0
7730,0.015625
7731,-0.015625
7732,1.984375
7733,-2
7734,0
7735,-0.015625
7736,0.015625
7737,0
7738,-0.015625
7739,0.015625
7740,1.984375
7741,1.984375
7742,1.984375
7743,-2
7744,-2
7745,0
7746,0.015625
7747,-0.015625
7748,1.984375
7749,-2
7750,0
7751,-0.015625
7752,0.015625
7753,0
7754,-0.015625
7755,0.015625
7756,0.0625
7757,0.640625
7758,1.21875
7759,1.796875
7760,1.984375
7761,0
7762,0.015625
7763,-0.015625
7764,1.984375
7765,-2
7766,0
7767,-0.015625
7768,0.015625
7769,0
7770,-0.015625
7771,0.015625
7772,-2
7773,-2
7774,-2
7775,-2
7776,-2
7777,0
7778,0.015625
7779,-0.015625
7780,1.984375
7781,-2
7782,0
7783,-0.015625
7784,0.015625
7785,0
7786,-0.015625
7787,0.015625
7788,1.984375
7789,1.984375
7790,1.984375
7791,1.984375
7792,1.984375
7793,0
7794,0.015625
7795,-0.015625
7796,1.984375
7797,-2
7798,0
7799,-0.015625
7800,0.015625
7801,0
7802,-0.015625
7803,0.015625
7804,-2
7805,-2
7806,-2
7807,-2
7808,-1.875
7809,0
7810,0.015625
7811,-0.015625
7812,1.984375
7813,-2
7814,0
7815,-0.015625
7816,0.015625
7817,0
7818,-0.015625
7819,0.015625
7820,1.984375
7821,1.984375
7822,1.984375
7823,1.984375
7824,1.984375
7825,0
7826,0.015625
7827,-0.015625
7828,1.984375
7829,-2
7830,0
7831,-0.015625
7832,0.015625
7833,0
7834,-0.015625
7835,0.015625
7836,-1.6875
7837,-1.109375
7838,-0.53125
7839,0.046875
7840,0.625
7841,0
7842,0.015625
7843,-0.015625
7844,1.984375
7845,-2
7846,0
7847,-0.015625
7848,0.015625
7849,0
7850,-0.015625
7851,0.015625
7852,1.984375
7853,-2
7854,-2
7855,-2
7856,-2
7857,0
7858,0.015625
7859,-0.015625
7860,1.984375
7861,-2
7862,0
7863,-0.015625
7864,0.015625
7865,0
7866,-0.015625
7867,0.015625
7868,0.8125
7869,1.390625
7870,1.96875
7871,1.984375
7872,1.984375
7873,0
7874,0.015625
7875,-0.015625
7876,1.984375
7877,-2
7878,0
7879,-0.015625
7880,0.015625
7881,0
7882,-0.015625
7883,0.015625
7884,-2
7885,-2
7886,-2
7887,-2
7888,-2
7889,0
7890,0.015625
7891,-0.015625
7892,1.984375
7893,-2
7894,0
7895,-0.015625
7896,0.015625
7897,0
7898,-0.015625
7899,0.015625
7900,1.984375
7901,1.984375
7902,1.984375
7903,1.984375
7904,1.984375
7905,0
7906,0.015625
7907,-0.015625
7908,1.984375
7909,-2
7910,0
7911,-0.015625
7912,0.015625
7913,0
7914,-0.015625
7915,0.015625
7916,-2
7917,-2
7918,-2
7919,-1.703125
7920,-1.125
7921,0
7922,0.015625
7923,-0.015625
7924,1.984375
7925,-2
7926,0
7927,-0.015625
7928,0.015625
7929,0
7930,-0.015625
7931,0.015625
7932,1.984375
7933,1.984375
7934,1.984375
7935,1.984375
7936,-2
7937,0
7938,0.015625
7939,-0.015625
7940,1.984375
7941,-2
7942,0
7943,-0.015625
7944,0.015625
7945,0
7946,-0.015625
7947,0.015625
7948,-0.9375
7949,-0.359375
7950,0.21875
7951,0.796875
7952,1.375
7953,0
7954,0.015625
7955,-0.015625
7956,1.984375
7957,-2
7958,0
7959,-0.015625
7960,0.015625
7961,0
7962,-0.015625
7963,0.015625
7964,-2
7965,-2
7966,-2
7967,-2
7968,-2
7969,0
7970,0.015625
7971,-0.015625
7972,1.984375
7973,-2
7974,0
7975,-0.015625
7976,0.015625
7977,0
7978,-0.015625
7979,0.015625
7980,1.5625
7981,1.984375
7982,1.984375
7983,1.984375
7984,1.984375
7985,0
7986,0.015625
7987,-0.015625
7988,1.984375
7989,-2
7990,0
7991,-0.015625
7992,0.015625
7993,0
7994,-0.015625
7995,0.015625
7996,-2
7997,-2
7998,-2
7999,-2
8000,-2
8001,0
8002,0.015625
8003,-0.015625
8004,1.984375
8005,-2
8006,0
8007,-0.015625
8008,0.015625
8009,0
8010,-0.015625
8011,0.015625
8012,1.984375
8013,1.984375
8014,1.984375
8015,1.984375
8016,1.984375
8017,0
8018,0.015625
8019,-0.015625
8020,1.984375
8021,-2
8022,0
8023,-0.015625
8024,0.015625
8025,0
8026,-0.015625
8027,0.015625
8028,-2
8029,-2
8030,-1.53125
8031,-0.953125
8032,-0.375
8033,0
8034,0.015625
8035,-0.015625
8036,1.984375
8037,-2
8038,0
8039,-0.015625
8040,0.015625
8041,0
8042,-0.015625
8043,0.015625
8044,1.984375
8045,1.984375
8046,1.984375
8047,-2
8048,-2
8049,0
8050,0.015625
8051,-0.015625
8052,1.984375
8053,-2
8054,0
8055,-0.015625
8056,0.015625
8057,0
8058,-0.015625
8059,0.015625
8060,-0.1875
8061,0.390625
8062,0.96875
8063,1.546875
8064,1.984375
8065,0
8066,0.015625
8067,-0.015625
8068,1.984375
8069,-2
8070,0
8071,-0.015625
8072,0.015625
8073,0
8074,-0.015625
8075,0.015625
8076,-2
8077,-2
8078,-2
8079,-2
8080,-2
8081,0
8082,0.015625
8083,-0.015625
8084,1.984375
8085,-2
8086,0
8087,-0.015625
8088,0.015625
8089,0
8090,-0.015625
8091,0.015625
8092,1.984375
8093,1.984375
8094,1.984375
8095,1.984375
8096,1.984375
8097,0
8098,0.015625
8099,-0.015625
8100,1.984375
8101,-2
8102,0
8103,-0.015625
8104,0.015625
8105,0
8106,-0.015625
8107,0.015625
8108,-2
8109,-2
8110,-2
8111,-2
8112,-2
8113,0
8114,0.015625
8115,-0.015625
8116,1.984375
8117,-2
8118,0
8119,-0.015625
8120,0.015625
8121,0
8122,-0.015625
8123,0.015625
8124,1.984375
8125,1.984375
8126,1.984375
8127,1.984375
8128,1.984375
8129,0
8130,0.015625
8131,-0.015625
8132,1.984375
8133,-2
8134,0
8135,-0.015625
8136,0.015625
8137,0
8138,-0.015625
8139,0.015625
8140,-1.9375
8141,-1.359375
8142,-0.78125
8143,-0.203125
8144,0.375
8145,0
8146,0.015625
8147,-0.015625
8148,1.984375
8149,-2
8150,0
8151,-0.015625
8152,0.015625
8153,0
8154,-0.015625
8155,0.015625
8156,1.984375
8157,1.984375
8158,-2
8159,-2
8160,-2
8161,0
8162,0.015625
8163,-0.015625
8164,1.984375
8165,-2
8166,0
8167,-0.015625
8168,0.015625
8169,0
8170,-0.015625
8171,0.015625
8172,0.5625
8173,1.140625
8174,1.71875
8175,1.984375
8176,1.984375
8177,0
8178,0.015625
8179,-0.015625
8180,1.984375
8181,-2
8182,0
8183,-0.015625
8184,0.015625
8185,0
8186,-0.015625
8187,0.015625
8188,-2
8189,-2
8190,-2
8191,-2
8192,-2
8193,0
8194,0.015625
8195,-0.015625
8196,1.984375
8197,-2
8198,0
8199,-0.015625
8200,0.015625
8201,0
8202,-0.015625
8203,0.015625
8204,1.984375
8205,1.984375
8206,1.984375
8207,1.984375
8208,1.984375
8209,0
8210,0.015625
8211,-0.015625
8212,1.984375
8213,-2
8214,0
8215,-0.015625
8216,0.015625
8217,0
8218,-0.015625
8219,0.015625
8220,-2
8221,-2
8222,-2
8223,-1.953125
8224,-1.375
8225,0
8226,0.015625
8227,-0.015625
8228,1.984375
8229,-2
8230,0
8231,-0.015625
8232,0.015625
8233,0
8234,-0.015625
8235,0.015625
8236,1.984375
8237,1.984375
8238,1.984375
8239,1.984375
8240,1.984375
8241,0
8242,0.015625
8243,-0.015625
8244,1.984375
8245,-2
8246,0
8247,-0.015625
8248,0.015625
8249,0
8250,-0.015625
8251,0.015625
8252,-1.1875
8253,-0.609375
8254,-0.03125
8255,0.546875
8256,1.125
8257,0
8258,0.015625
8259,-0.015625
8260,1.984375
8261,-2
8262,0
8263,-0.015625
8264,0.015625
8265,0
8266,-0.015625
8267,0.015625
8268,-2
8269,-2
8270,-2
8271,-2
8272,-2
8273,0
8274,0.015625
8275,-0.015625
8276,1.984375
8277,-2
8278,0
8279,-0.015625
8280,0.015625
8281,0
8282,-0.015625
8283,0.015625
8284,1.3125
8285,1.890625
8286,1.984375
8287,1.984375
8288,1.984375
8289,0
8290,0.015625
8291,-0.015625
8292,1.984375
8293,-2
8294,0
8295,-0.015625
8296,0.015625
8297,0
8298,-0.015625
8299,0.015625
8300,-2
8301,-2
8302,-2
8303,-2
8304,-2
8305,0
8306,0.015625
8307,-0.015625
8308,1.984375
8309,-2
8310,0
8311,-0.015625
8312,0.015625
8313,0
8314,-0.015625
8315,0.015625
8316,1.984375
8317,1.984375
8318,1.984375
8319,1.984375
8320,1.984375
8321,0
8322,0.015625
8323,-0.015625
8324,1.984375
8325,-2
8326,0
8327,-0.015625
8328,0.015625
8329,0
8330,-0.015625
8331,0.015625
8332,-2
8333,-2
8334,-1.78125
8335,-1.203125
8336,-0.625
8337,0
8338,0.015625
8339,-0.015625
8340,1.984375
8341,-2
8342,0
8343,-0.015625
8344,0.015625
8345,0
8346,-0.015625
8347,0.015625
8348,1.984375
8349,1.984375
8350,1.984375
8351,-2
8352,-2
8353,0
8354,0.015625
8355,-0.015625
8356,1.984375
8357,-2
8358,0
8359,-0.015625
8360,0.015625
8361,0
8362,-0.015625
8363,0.015625
8364,-0.4375
8365,0.140625
8366,0.71875
8367,1.296875
8368,1.875
8369,0
8370,0.015625
8371,-0.015625
8372,1.984375
8373,-2
8374,0
8375,-0.015625
8376,0.015625
8377,0
8378,-0.015625
8379,0.015625
8380,-2
8381,-2
8382,-2
8383,-2
8384,-2
8385,0
8386,0.015625
8387,-0.015625
8388,1.984375
8389,-2
8390,0
8391,-0.015625
8392,0.015625
8393,0
8394,-0.015625
8395,0.015625
8396,1.984375
8397,1.984375
8398,1.984375
8399,1.984375
8400,1.984375
8401,0
8402,0.015625
8403,-0.015625
8404,1.984375
8405,-2
8406,0
8407,-0.015625
8408,0.015625
8409,0
8410,-0.015625
8411,0.015625
8412,-2
8413,-2
8414,-2
8415,-2
8416,-2
8417,0
8418,0.015625
8419,-0.015625
8420,1.984375
8421,-2
8422,0
8423,-0.015625
8424,0.015625
8425,0
8426,-0.015625
8427,0.015625
8428,1.984375
8429,1.984375
8430,1.984375
8431,1.984375
8432,1.984375
8433,0
8434,0.015625
8435,-0.015625
8436,1.984375
8437,-2
8438,0
8439,-0.015625
8440,0.015625
8441,0
8442,-0.015625
8443,0.015625
8444,-2
8445,-1.609375
8446,-1.03125
8447,-0.453125
8448,0.125
8449,0
8450,0.015625
8451,-0.015625
8452,1.984375
8453,-2
8454,0
8455,-0.015625
8456,0.015625
8457,0
8458,-0.015625
8459,0.015625
8460,1.984375
8461,1.984375
8462,-2
8463,-2
8464,-2
8465,0
8466,0.015625
8467,-0.015625
8468,1.984375
8469,-2
8470,0
8471,-0.015625
8472,0.015625
8473,0
8474,-0.015625
8475,0.015625
8476,0.3125
8477,0.890625
8478,1.46875
8479,1.984375
8480,1.984375
8481,0
8482,0.015625
8483,-0.015625
8484,1.984375
8485,-2
8486,0
8487,-0.015625
8488,0.015625
8489,0
8490,-0.015625
8491,0.015625
8492,-2
8493,-2
8494,-2
8495,-2
8496,-2
8497,0
8498,0.015625
8499,-0.015625
8500,1.984375
8501,-2
8502,0
8503,-0.015625
8504,0.015625
8505,0
8506,-0.015625
8507,0.015625
8508,1.984375
8509,1.984375
8510,1.984375
8511,1.984375
8512,1.984375
8513,0
8514,0.015625
8515,-0.015625
8516,1.984375
8517,-2
8518,0
8519,-0.015625
8520,0.015625
8521,0
8522,-0.015625
8523,0.015625
8524,-2
8525,-2
8526,-2
8527,-2
8528,-1.625
8529,0
8530,0.015625
8531,-0.015625
8532,1.984375
8533,-2
8534,0
8535,-0.015625
8536,0.015625
8537,0
8538,-0.015625
8539,0.015625
8540,1.984375
8541,1.984375
8542,1.984375
8543,1.984375
8544,1.984375
8545,0
8546,0.015625
8547,-0.015625
8548,1.984375
8549,-2
8550,0
8551,-0.015625
8552,0.015625
8553,0
8554,-0.015625
8555,0.015625
8556,-1.4375
8557,-0.859375
8558,-0.28125
8559,0.296875
8560,0.875
8561,0
8562,0.015625
8563,-0.015625
8564,1.984375
8565,-2
8566,0
8567,-0.015625
8568,0.015625
8569,0
8570,-0.015625
8571,0.015625
8572,1.984375
8573,-2
8574,-2
8575,-2
8576,-2
8577,0
8578,0.015625
8579,-0.015625
8580,1.984375
8581,-2
8582,0
8583,-0.015625
8584,0.015625
8585,0
8586,-0.015625
8587,0.015625
8588,1.0625
8589,1.640625
8590,1.984375
8591,1.984375
8592,1.984375
8593,0
8594,0.015625
8595,-0.015625
8596,1.984375
8597,-2
8598,0
8599,-0.015625
8600,0.015625
8601,0
8602,-0.015625
8603,0.015625
8604,-2
8605,-2
8606,-2
8607,-2
8608,-2
8609,0
8610,0.015625
8611,-0.015625
8612,1.984375
8613,-2
8614,0
8615,-0.015625
8616,0.015625
8617,0
8618,-0.015625
8619,0.015625
8620,1.984375
8621,1.984375
8622,1.984375
8623,1.984375
8624,1.984375
8625,0
8626,0.015625
8627,-0.015625
8628,1.984375
8629,-2
8630,0
8631,-0.015625
8632,0.015625
8633,0
8634,-0.015625
8635,0.015625
8636,-2
8637,-2
8638,-2
8639,-1.453125
8640,-0.875
8641,0
8642,0.015625
8643,-0.015625
8644,1.984375
8645,-2
8646,0
8647,-0.015625
8648,0.015625
8649,0
8650,-0.015625
8651,0.015625
8652,1.984375
8653,1.984375
8654,1.984375
8655,1.984375
8656,-2
8657,0
8658,0.015625
8659,-0.015625
8660,1.984375
8661,-2
8662,0
8663,-0.015625
8664,0.015625
8665,0
8666,-0.015625
8667,0.015625
8668,-0.6875
8669,-0.109375
8670,0.46875
8671,1.046875
8672,1.625
8673,0
8674,0.015625
8675,-0.015625
8676,1.984375
8677,-2
8678,0
8679,-0.015625
8680,0.015625
8681,0
8682,-0.015625
8683,0.015625
8684,-2
8685,-2
8686,-2
8687,-2
8688,-2
8689,0
8690,0.015625
8691,-0.015625
8692,1.984375
8693,-2
8694,0
8695,-0.015625
8696,0.015625
8697,0
8698,-0.015625
8699,0.015625
8700,1.8125
8701,1.984375
8702,1.984375
8703,1.984375
8704,1.984375
8705,0
8706,0.015625
8707,-0.015625
8708,1.984375
8709,-2
8710,0
8711,-0.015625
8712,0.015625
8713,0
8714,-0.015625
8715,0.015625
8716,-2
8717,-2
8718,-2
8719,-2
8720,-2
8721,0
8722,0.015625
8723,-0.015625
8724,1.984375
8725,-2
8726,0
8727,-0.015625
8728,0.015625
8729,0
8730,-0.015625
8731,0.015625
8732,1.984375
8733,1.984375
8734,1.984375
8735,1.984375
8736,1.984375
8737,0
8738,0.015625
8739,-0.015625
8740,1.984375
8741,-2
8742,0
8743,-0.015625
8744,0.015625
8745,0
8746,-0.015625
8747,0.015625
8748,-2
8749,-1.859375
8750,-1.28125
8751,-0.703125
8752,-0.125
8753,0
8754,0.015625
8755,-0.015625
8756,1.984375
8757,-2
8758,0
8759,-0.015625
8760,0.015625
8761,0
8762,-0.015625
8763,0.015625
8764,1.984375
8765,1.984375
8766,1.984375
8767,-2
8768,-2
8769,0
8770,0.015625
8771,-0.015625
8772,1.984375
8773,-2
8774,0
8775,-0.015625
8776,0.015625
8777,0
8778,-0.015625
8779,0.015625
8780,0.0625
8781,0.640625
8782,1.21875
8783,1.796875
8784,1.984375
8785,0
8786,0.015625
8787,-0.015625
8788,1.984375
8789,-2
8790,0
8791,-0.015625
8792,0.015625
8793,0
8794,-0.015625
8795,0.015625
8796,-2
8797,-2
8798,-2
8799,-2
8800,-2
8801,0
8802,0.015625
8803,-0.015625
8804,1.984375
8805,-2
8806,0
8807,-0.015625
8808,0.015625
8809,0
8810,-0.015625
8811,0.015625
8812,1.984375
8813,1.984375
8814,1.984375
8815,1.984375
8816,1.984375
8817,0
8818,0.015625
8819,-0.015625
8820,1.984375
8821,-2
8822,0
8823,-0.015625
8824,0.015625
8825,0
8826,-0.015625
8827,0.015625
8828,-2
8829,-2
8830,-2
8831,-2
8832,-1.875
8833,0
8834,0.015625
8835,-0.015625
8836,1.984375
8837,-2
8838,0
8839,-0.015625
8840,0.015625
8841,0
8842,-0.015625
8843,0.015625
8844,1.984375
8845,1.984375
8846,1.984375
8847,1.984375
8848,1.984375
8849,0
8850,0.015625
8851,-0.015625
8852,1.984375
8853,-2
8854,0
8855,-0.015625
8856,0.015625
8857,0
8858,-0.015625
8859,0.015625
8860,-1.6875
8861,-1.109375
8862,-0.53125
8863,0.046875
8864,0.625
8865,0
8866,0.015625
8867,-0.015625
8868,1.984375
8869,-2
8870,0
8871,-0.015625
8872,0.015625
8873,0
8874,-0.015625
8875,0.015625
8876,1.984375
8877,-2
8878,-2
8879,-2
8880,-2
8881,0
8882,0.015625
8883,-0.015625
8884,1.984375
8885,-2
8886,0
8887,-0.015625
8888,0.015625
8889,0
8890,-0.015625
8891,0.015625
8892,0.8125
8893,1.390625
8894,1.96875
8895,1.984375
8896,1.984375
8897,0
8898,0.015625
8899,-0.015625
8900,1.984375
8901,-2
8902,0
8903,-0.015625
8904,0.015625
8905,0
8906,-0.015625
8907,0.015625
8908,-2
8909,-2
8910,-2
8911,-2
8912,-2
8913,0
8914,0.015625
8915,-0.015625
8916,1.984375
8917,-2
8918,0
8919,-0.015625
8920,0.015625
8921,0
8922,-0.015625
8923,0.015625
8924,1.984375
8925,1.984375
8926,1.984375
8927,1.984375
8928,1.984375
8929,0
8930,0.015625
8931,-0.015625
8932,1.984375
8933,-2
8934,0
8935,-0.015625
8936,0.015625
8937,0
8938,-0.015625
8939,0.015625
8940,-2
8941,-2
8942,-2
8943,-1.703125
8944,-1.125
8945,0
8946,0.015625
8947,-0.015625
8948,1.984375
8949,-2
8950,0
8951,-0.015625
8952,0.015625
8953,0
8954,-0.015625
8955,0.015625
8956,1.984375
8957,1.984375
8958,1.984375
8959,1.984375
8960,-2
8961,0
8962,0.015625
8963,-0.015625
8964,1.984375
8965,-2
8966,0
8967,-0.015625
8968,0.015625
8969,0
8970,-0.015625
8971,0.015625
8972,-0.9375
8973,-0.359375
8974,0.21875
8975,0.796875
8976,1.375
8977,0
8978,0.015625
8979,-0.015625
8980,1.984375
8981,-2
8982,0
8983,-0.015625
8984,0.015625
8985,0
8986,-0.015625
8987,0.015625
8988,-2
8989,-2
8990,-2
8991,-2
8992,-2
8993,0
8994,0.015625
8995,-0.015625
8996,1.984375
8997,-2
8998,0
8999,-0.015625
9000,0.015625
9001,0
9002,-0.015625
9003,0.015625
9004,1.5625
9005,1.984375
9006,1.984375
9007,1.984375
9008,1.984375
9009,0
9010,0.015625
9011,-0.015625
9012,1.984375
9013,-2
9014,0
9015,-0.015625
9016,0.015625
9017,0
9018,-0.015625
9019,0.015625
9020,-2
9021,-2
9022,-2
9023,-2
9024,-2
9025,0
9026,0.015625
9027,-0.015625
9028,1.984375
9029,-2
9030,0
9031,-0.015625
9032,0.015625
9033,0
9034,-0.015625
9035,0.015625
9036,1.984375
9037,1.984375
9038,1.984375
9039,1.984375
9040,1.984375
9041,0
9042,0.015625
9043,-0.015625
9044,1.984375
9045,-2
9046,0
9047,-0.015625
9048,0.015625
9049,0
9050,-0.015625
9051,0.015625
9052,-2
9053,-2
9054,-1.53125
9055,-0.953125
9056,-0.375
9057,0
9058,0.015625
9059,-0.015625
9060,1.984375
9061,-2
9062,0
9063,-0.015625
9064,0.015625
9065,0
9066,-0.015625
9067,0.015625
9068,1.984375
9069,1.984375
9070,1.984375
9071,-2
9072,-2
9073,0
9074,0.015625
9075,-0.015625
9076,1.984375
9077,-2
9078,0
9079,-0.015625
9080,0.015625
9081,0
9082,-0.015625
9083,0.015625
9084,-0.1875
9085,0.390625
9086,0.96875
9087,1.546875
9088,1.984375
9089,0
9090,0.015625
9091,-0.015625
9092,1.984375
9093,-2
9094,0
9095,-0.015625
9096,0.015625
9097,0
9098,-0.015625
9099,0.015625
9100,-2
9101,-2
9102,-2
9103,-2
9104,-2
9105,0
9106,0.015625
9107,-0.015625
9108,1.984375
9109,-2
9110,0
9111,-0.015625
9112,0.015625
9113,0
9114,-0.015625
9115,0.015625
9116,1.984375
9117,1.984375
9118,1.984375
9119,1.984375
9120,1.984375
9121,0
9122,0.015625
9123,-0.015625
9124,1.984375
9125,-2
9126,0
9127,-0.015625
9128,0.015625
9129,0
9130,-0.015625
9131,0.015625
9132,-2
9133,-2
9134,-2
9135,-2
9136,-2
9137,0
9138,0.015625
9139,-0.015625
9140,1.984375
9141,-2
9142,0
9143,-0.015625
9144,0.015625
9145,0
9146,-0.015625
9147,0.015625
9148,1.984375
9149,1.984375
9150,1.984375
9151,1.984375
9152,1.984375
9153,0
9154,0.015625
9155,-0.015625
9156,1.984375
9157,-2
9158,0
9159,-0.015625
9160,0.015625
9161,0
9162,-0.015625
9163,0.015625
9164,-1.9375
9165,-1.359375
9166,-0.78125
9167,-0.203125
9168,0.375
9169,0
9170,0.015625
9171,-0.015625
9172,1.984375
9173,-2
9174,0
9175,-0.015625
9176,0.015625
9177,0
9178,-0.015625
9179,0.015625
9180,1.984375
9181,1.984375
9182,-2
9183,-2
9184,-2
9185,0
9186,0.015625
9187,-0.015625
9188,1.984375
9189,-2
9190,0
9191,-0.015625
9192,0.015625
9193,0
9194,-0.015625
9195,0.015625
9196,0.5625
9197,1.140625
9198,1.71875
9199,1.984375
9200,1.984375
9201,0
9202,0.015625
9203,-0.015625
9204,1.984375
9205,-2
9206,0
9207,-0.015625
9208,0.015625
9209,0
9210,-0.015625
9211,0.015625
9212,-2
9213,-2
9214,-2
9215,-2
9216,-2
9217,0
9218,0.015625
9219,-0.015625
9220,1.984375
9221,-2
9222,0
9223,-0.015625
9224,0.015625
9225,0
9226,-0.015625
9227,0.015625
9228,1.984375
9229,1.984375
9230,1.984375
9231,1.984375
9232,1.984375
9233,0
9234,0.015625
9235,-0.015625
9236,1.984375
9237,-2
9238,0
9239,-0.015625
9240,0.015625
9241,0
9242,-0.015625
9243,0.015625
9244,-2
9245,-2
9246,-2
9247,-1.953125
9248,-1.375
9249,0
9250,0.015625
9251,-0.015625
9252,1.984375
9253,-2
9254,0
9255,-0.015625
9256,0.015625
9257,0
9258,-0.015625
9259,0.015625
9260,1.984375
9261,1.984375
9262,1.984375
9263,1.984375
9264,1.984375
9265,0
9266,0.015625
9267,-0.015625
9268,1.984375
9269,-2
9270,0
9271,-0.015625
9272,0.015625
9273,0
9274,-0.015625
9275,0.015625
9276,-1.1875
9277,-0.609375
9278,-0.03125
9279,0.546875
9280,1.125
9281,0
9282,0.015625
9283,-0.015625
9284,1.984375
9285,-2
9286,0
9287,-0.015625
9288,0.015625
9289,0
9290,-0.015625
9291,0.015625
9292,-2
9293,-2
9294,-2
9295,-2
9296,-2
9297,0
9298,0.015625
9299,-0.015625
9300,1.984375
9301,-2
9302,0
9303,-0.015625
9304,0.015625
9305,0
9306,-0.015625
9307,0.015625
9308,1.3125
9309,1.890625
9310,1.984375
9311,1.984375
9312,1.984375
9313,0
9314,0.015625
9315,-0.015625
9316,1.984375
9317,-2
9318,0
9319,-0.015625
9320,0.015625
9321,0
9322,-0.015625
9323,0.015625
9324,-2
9325,-2
9326,-2
9327,-2
9328,-2
9329,0
9330,0.015625
9331,-0.015625
9332,1.984375
9333,-2
9334,0
9335,-0.015625
9336,0.015625
9337,0
9338,-0.015625
9339,0.015625
9340,1.984375
9341,1.984375
9342,1.984375
9343,1.984375
9344,1.984375
9345,0
9346,0.015625
9347,-0.015625
9348,1.984375
9349,-2
9350,0
9351,-0.015625
9352,0.015625
9353,0
9354,-0.015625
9355,0.015625
9356,-2
9357,-2
9358,-1.78125
9359,-1.203125
9360,-0.625
9361,0
9362,0.015625
9363,-0.015625
9364,1.984375
9365,-2
9366,0
9367,-0.015625
9368,0.015625
9369,0
9370,-0.015625
9371,0.015625
9372,1.984375
9373,1.984375
9374,1.984375
9375,-2
9376,-2
9377,0
9378,0.015625
9379,-0.015625
9380,1.984375
9381,-2
9382,0
9383,-0.015625
9384,0.015625
9385,0
9386,-0.015625
9387,0.015625
9388,-0.4375
9389,0.140625
9390,0.71875
9391,1.296875
9392,1.875
9393,0
9394,0.015625
9395,-0.015625
9396,1.984375
9397,-2
9398,0
9399,-0.015625
9400,0.015625
9401,0
9402,-0.015625
9403,0.015625
9404,-2
9405,-2
9406,-2
9407,-2
9408,-2
9409,0
9410,0.015625
9411,-0.015625
9412,1.984375
9413,-2
9414,0
9415,-0.015625
9416,0.015625
9417,0
9418,-0.015625
9419,0.015625
9420,1.984375
9421,1.984375
9422,1.984375
9423,1.984375
9424,1.984375
9425,0
9426,0.015625
9427,-0.015625
9428,1.984375
9429,-2
9430,0
9431,-0.015625
9432,0.015625
9433,0
9434,-0.015625
9435,0.015625
9436,-2
9437,-2
9438,-2
9439,-2
9440,-2
9441,0
9442,0.015625
9443,-0.015625
9444,1.984375
9445,-2
9446,0
9447,-0.015625
9448,0.015625
9449,0
9450,-0.015625
9451,0.015625
9452,1.984375
9453,1.984375
9454,1.984375
9455,1.984375
9456,1.984375
9457,0
9458,0.015625
9459,-0.015625
9460,1.984375
9461,-2
9462,0
9463,-0.015625
9464,0.015625
9465,0
9466,-0.015625
9467,0.015625
9468,-2
9469,-1.609375
9470,-1.03125
9471,-0.453125
9472,0.125
9473,0
9474,0.015625
9475,-0.015625
9476,1.984375
9477,-2
9478,0
9479,-0.015625
9480,0.015625
9481,0
9482,-0.015625
9483,0.015625
9484,1.984375
9485,1.984375
9486,-2
9487,-2
9488,-2
9489,0
9490,0.015625
9491,-0.015625
9492,1.984375
9493,-2
9494,0
9495,-0.015625
9496,0.015625
9497,0
9498,-0.015625
9499,0.015625
9500,0.3125
9501,0.890625
9502,1.46875
9503,1.984375
9504,1.984375
9505,0
9506,0.015625
9507,-0.015625
9508,1.984375
9509,-2
9510,0
9511,-0.015625
9512,0.015625
9513,0
9514,-0.015625
9515,0.015625
9516,-2
9517,-2
9518,-2
9519,-2
9520,-2
9521,0
9522,0.015625
9523,-0.015625
9524,1.984375
9525,-2
9526,0
9527,-0.015625
9528,0.015625
9529,0
9530,-0.015625
9531,0.015625
9532,1.984375
9533,1.984375
9534,1.984375
9535,1.984375
9536,1.984375
9537,0
9538,0.015625
9539,-0.015625
9540,1.984375
9541,-2
9542,0
9543,-0.015625
9544,0.015625
9545,0
9546,-0.015625
9547,0.015625
9548,-2
9549,-2
9550,-2
9551,-2
9552,-1.625
9553,0
9554,0.015625
9555,-0.015625
9556,1.984375
9557,-2
9558,0
9559,-0.015625
9560,0.015625
9561,0
9562,-0.015625
9563,0.015625
9564,1.984375
9565,1.984375
9566,1.984375
9567,1.984375
9568,1.984375
9569,0
9570,0.015625
9571,-0.015625
9572,1.984375
9573,-2
9574,0
9575,-0.015625
9576,0.015625
9577,0
9578,-0.015625
9579,0.015625
9580,-1.4375
9581,-0.859375
9582,-0.28125
9583,0.296875
9584,0.875
9585,0
9586,0.015625
9587,-0.015625
9588,1.984375
9589,-2
9590,0
9591,-0.015625
9592,0.015625
9593,0
9594,-0.015625
9595,0.015625
9596,1.984375
9597,-2
9598,-2
9599,-2
9600,-2
9601,0
9602,0.015625
9603,-0.015625
9604,1.984375
9605,-2
9606,0
9607,-0.015625
9608,0.015625
9609,0
9610,-0.015625
9611,0.015625
9612,1.0625
9613,1.640625
9614,1.984375
9615,1.984375
9616,1.984375
9617,0
9618,0.015625
9619,-0.015625
9620,1.984375
9621,-2
9622,0
9623,-0.015625
9624,0.015625
9625,0
9626,-0.015625
9627,0.015625
9628,-2
9629,-2
9630,-2
9631,-2
9632,-2
9633,0
9634,0.015625
9635,-0.015625
9636,1.984375
9637,-2
9638,0
9639,-0.015625
9640,0.015625
9641,0
9642,-0.015625
9643,0.015625
9644,1.984375
9645,1.984375
9646,1.984375
9647,1.984375
9648,1.984375
9649,0
9650,0.015625
9651,-0.015625
9652,1.984375
9653,-2
9654,0
9655,-0.015625
9656,0.015625
9657,0
9658,-0.015625
9659,0.015625
9660,-2
9661,-2
9662,-2
9663,-1.453125
9664,-0.875
9665,0
9666,0.015625
9667,-0.015625
9668,1.984375
9669,-2
9670,0
9671,-0.015625
9672,0.015625
9673,0
9674,-0.015625
9675,0.015625
9676,1.984375
9677,1.984375
9678,1.984375
9679,1.984375
9680,-2
9681,0
9682,0.015625
9683,-0.015625
9684,1.984375
9685,-2
9686,0
9687,-0.015625
9688,0.015625
9689,0
9690,-0.015625
9691,0.015625
9692,-0.6875
9693,-0.109375
9694,0.46875
9695,1.046875
9696,1.625
9697,0
9698,0.015625
9699,-0.015625
9700,1.984375
9701,-2
9702,0
9703,-0.015625
9704,0.015625
9705,0
9706,-0.015625
9707,0.015625
9708,-2
9709,-2
9710,-2
9711,-2
9712,-2
9713,0
9714,0.015625
9715,-0.015625
9716,1.984375
9717,-2
9718,0
9719,-0.015625
9720,0.015625
9721,0
9722,-0.015625
9723,0.015625
9724,1.8125
9725,1.984375
9726,1.984375
9727,1.984375
9728,1.984375
9729,0
9730,0.015625
9731,-0.015625
9732,1.984375
9733,-2
9734,0
9735,-0.015625
9736,0.015625
9737,0
9738,-0.015625
9739,0.015625
9740,-2
9741,-2
9742,-2
9743,-2
9744,-2
9745,0
9746,0.015625
9747,-0.015625
9748,1.984375
9749,-2
9750,0
9751,-0.015625
9752,0.015625
9753,0
9754,-0.015625
9755,0.015625
9756,1.984375
9757,1.984375
9758,1.984375
9759,1.984375
9760,1.984375
9761,0
9762,0.015625
9763,-0.015625
9764,1.984375
9765,-2
9766,0
9767,-0.015625
9768,0.015625
9769,0
9770,-0.015625
9771,0.015625
9772,-2
9773,-1.859375
9774,-1.28125
9775,-0.703125
9776,-0.125
9777,0
9778,0.015625
9779,-0.015625
9780,1.984375
9781,-2
9782,0
9783,-0.015625
9784,0.015625
9785,0
9786,-0.015625
9787,0.015625
9788,1.984375
9789,1.984375
9790,1.984375
9791,-2
9792,-2
9793,0
9794,0.015625
9795,-0.015625
9796,1.984375
9797,-2
9798,0
9799,-0.015625
9800,0.015625
9801,0
9802,-0.015625
9803,0.015625
9804,0.0625
9805,0.640625
9806,1.21875
9807,1.796875
9808,1.984375
9809,0
9810,0.015625
9811,-0.015625
9812,1.984375
9813,-2
9814,0
9815,-0.015625
9816,0.015625
9817,0
9818,-0.015625
9819,0.015625
9820,-2
9821,-2
9822,-2
9823,-2
9824,-2
9825,0
9826,0.015625
9827,-0.015625
9828,1.984375
9829,-2
9830,0
9831,-0.015625
9832,0.015625
9833,0
9834,-0.015625
9835,0.015625
9836,1.984375
9837,1.984375
9838,1.984375
9839,1.984375
9840,1.984375
9841,0
9842,0.015625
9843,-0.015625
9844,1.984375
9845,-2
9846,0
9847,-0.015625
9848,0.015625
9849,0
9850,-0.015625
9851,0.015625
9852,-2
9853,-2
9854,-2
9855,-2
9856,-1.875
9857,0
9858,0.015625
9859,-0.015625
9860,1.984375
9861,-2
9862,0
9863,-0.015625
9864,0.015625
9865,0
9866,-0.015625
9867,0.015625
9868,1.984375
9869,1.984375
9870,1.984375
9871,1.984375
9872,1.984375
9873,0
9874,0.015625
9875,-0.015625
9876,1.984375
9877,-2
9878,0
9879,-0.015625
9880,0.015625
9881,0
9882,-0.015625
9883,0.015625
9884,-1.6875
9885,-1.109375
9886,-0.53125
9887,0.046875
9888,0.625
9889,0
9890,0.015625
9891,-0.015625
9892,1.984375
9893,-2
9894,0
9895,-0.015625
9896,0.015625
9897,0
9898,-0.015625
9899,0.015625
9900,1.984375
9901,-2
9902,-2
9903,-2
9904,-2
9905,0
9906,0.015625
9907,-0.015625
9908,1.984375
9909,-2
9910,0
9911,-0.015625
9912,0.015625
9913,0
9914,-0.015625
9915,0.015625
9916,0.8125
9917,1.390625
9918,1.96875
9919,1.984375
9920,1.984375
9921,0
9922,0.015625
9923,-0.015625
9924,1.984375
9925,-2
9926,0
9927,-0.015625
9928,0.015625
9929,0
9930,-0.015625
9931,0.015625
9932,-2
9933,-2
9934,-2
9935,-2
9936,-2
9937,0
9938,0.015625
9939,-0.015625
9940,1.984375
9941,-2
9942,0
9943,-0.015625
9944,0.015625
9945,0
9946,-0.015625
9947,0.015625
9948,1.984375
9949,1.984375
9950,1.984375
9951,1.984375
9952,1.984375
9953,0
9954,0.015625
9955,-0.015625
9956,1.984375
9957,-2
9958,0
9959,-0.015625
9960,0.015625
9961,0
9962,-0.015625
9963,0.015625
9964,-2
9965,-2
9966,-2
9967,-1.703125
9968,-1.125
9969,0
9970,0.015625
9971,-0.015625
9972,1.984375
9973,-2
9974,0
9975,-0.015625
9976,0.015625
9977,0
9978,-0.015625
9979,0.015625
9980,1.984375
9981,1.984375
9982,1.984375
9983,1.984375
9984,-2
9985,0
9986,0.015625
9987,-0.015625
9988,1.984375
9989,-2
9990,0
9991,-0.015625
9992,0.015625
9993,0
9994,-0.015625
9995,0.015625
9996,-0.9375
9997,-0.359375
9998,0.21875
9999,0.796875
10000,1.375
10001,0
10002,0.015625
10003,-0.015625
10004,1.984375
10005,-2
10006,0
10007,-0.015625
10008,0.015625
10009,0
10010,-0.015625
10011,0.015625
10012,-2
10013,-2
10014,-2
10015,-2
10016,-2
10017,0
10018,0.015625
10019,-0.015625
10020,1.984375
10021,-2
10022,0
10023,-0.015625
10024,0.015625
10025,0
10026,-0.015625
10027,0.015625
10028,1.5625
10029,1.984375
10030,1.984375
10031,1.984375
10032,1.984375
10033,0
10034,0.015625
10035,-0.015625
10036,1.984375
10037,-2
10038,0
10039,-0.015625
10040,0.015625
10041,0
10042,-0.015625
10043,0.015625
10044,-2
10045,-2
10046,-2
10047,-2
10048,-2
10049,0
10050,0.015625
10051,-0.015625
10052,1.984375
10053,-2
10054,0
10055,-0.015625
10056,0.015625
10057,0
10058,-0.015625
10059,0.015625
10060,1.984375
10061,1.984375
10062,1.984375
10063,1.984375
10064,1.984375
10065,0
10066,0.015625
10067,-0.015625
10068,1.984375
10069,-2
10070,0
10071,-0.015625
10072,0.015625
10073,0
10074,-0.015625
10075,0.015625
10076,-2
10077,-2
10078,-1.53125
10079,-0.953125
10080,-0.375
10081,0
10082,0.015625
10083,-0.015625
10084,1.984375
10085,-2
10086,0
10087,-0.015625
10088,0.015625
10089,0
10090,-0.015625
10091,0.015625
10092,1.984375
10093,1.984375
10094,1.984375
10095,-2
10096,-2
10097,0
10098,0.015625
10099,-0.015625
10100,1.984375
10101,-2
10102,0
10103,-0.015625
10104,0.015625
10105,0
10106,-0.015625
10107,0.015625
10108,-0.1875
10109,0.390625
10110,0.96875
10111,1.546875
10112,1.984375
10113,0
10114,0.015625
10115,-0.015625
10116,1.984375
10117,-2
10118,0
10119,-0.015625
10120,0.015625
10121,0
10122,-0.015625
10123,0.015625
10124,-2
10125,-2
10126,-2
10127,-2
10128,-2
10129,0
10130,0.015625
10131,-0.015625
10132,1.984375
10133,-2
10134,0
10135,-0.015625
10136,0.015625
10137,0
10138,-0.015625
10139,0.015625
10140,1.984375
10141,1.984375
10142,1.984375
10143,1.984375
10144,1.984375
10145,0
10146,0.015625
10147,-0.015625
10148,1.984375
10149,-2
10150,0
10151,-0.015625
10152,0.015625
10153,0
10154,-0.015625
10155,0.015625
10156,-2
10157,-2
10158,-2
10159,-2
10160,-2
10161,0
10162,0.015625
10163,-0.015625
10164,1.984375
10165,-2
10166,0
10167,-0.015625
10168,0.015625
10169,0
10170,-0.015625
10171,0.015625
10172,1.984375
10173,1.984375
10174,1.984375
10175,1.984375
10176,1.984375
10177,0
10178,0.015625
10179,-0.015625
10180,1.984375
10181,-2
10182,0
10183,-0.015625
10184,0.015625
10185,0
10186,-0.015625
10187,0.015625
10188,-1.9375
10189,-1.359375
10190,-0.78125
10191,-0.203125
10192,0.375
10193,0
10194,0.015625
10195,-0.015625
10196,1.984375
10197,-2
10198,0
10199,-0.015625
10200,0.015625
10201,0
10202,-0.015625
10203,0.015625
10204,1.984375
10205,1.984375
10206,-2
10207,-2
10208,-2
10209,0
10210,0.015625
10211,-0.015625
10212,1.984375
10213,-2
10214,0
10215,-0.015625
10216,0.015625
10217,0
10218,-0.015625
10219,0.015625
10220,0.5625
10221,1.140625
10222,1.71875
10223,1.984375
10224,1.984375
10225,0
10226,0.015625
10227,-0.015625
10228,1.984375
10229,-2
10230,0
10231,-0.015625
10232,0.015625
10233,0
10234,-0.015625
10235,0.015625
10236,-2
10237,-2
10238,-2
10239,-2
10240,-2
10241,0
10242,0.015625
10243,-0.015625
10244,1.984375
10245,-2
10246,0
10247,-0.015625
10248,0.015625
10249,0
10250,-0.015625
10251,0.015625
10252,1.984375
10253,1.984375
10254,1.984375
10255,1.984375
10256,1.984375
10257,0
10258,0.015625
10259,-0.015625
10260,1.984375
10261,-2
10262,0
10263,-0.015625
10264,0.015625
10265,0
10266,-0.015625
10267,0.015625
10268,-2
10269,-2
10270,-2
10271,-1.953125
10272,-1.375
10273,0
10274,0.015625
10275,-0.015625
10276,1.984375
10277,-2
10278,0
10279,-0.015625
10280,0.015625
10281,0
10282,-0.015625
10283,0.015625
10284,1.984375
10285,1.984375
10286,1.984375
10287,1.984375
10288,1.984375
10289,0
10290,0.015625
10291,-0.015625
10292,1.984375
10293,-2
10294,0
10295,-0.015625
10296,0.015625
10297,0
10298,-0.015625
10299,0.015625
10300,-1.1875
10301,-0.609375
10302,-0.03125
10303,0.546875
10304,1.125
10305,0
10306,0.015625
10307,-0.015625
10308,1.984375
10309,-2
10310,0
10311,-0.015625
10312,0.015625
10313,0
10314,-0.015625
10315,0.015625
10316,-2
10317,-2
10318,-2
10319,-2
10320,-2
10321,0
10322,0.015625
10323,-0.015625
10324,1.984375
10325,-2
10326,0
10327,-0.015625
10328,0.015625
10329,0
10330,-0.015625
10331,0.015625
10332,1.3125
10333,1.890625
10334,1.984375
10335,1.984375
10336,1.984375
10337,0
10338,0.015625
10339,-0.015625
10340,1.984375
10341,-2
10342,0
10343,-0.015625
10344,0.015625
10345,0
10346,-0.015625
10347,0.015625
10348,-2
10349,-2
10350,-2
10351,-2
10352,-2
10353,0
10354,0.015625
10355,-0.015625
10356,1.984375
10357,-2
10358,0
10359,-0.015625
10360,0.015625
10361,0
10362,-0.015625
10363,0.015625
10364,1.984375
10365,1.984375
10366,1.984375
10367,1.984375
10368,1.984375
10369,0
10370,0.015625
10371,-0.015625
10372,1.984375
10373,-2
10374,0
10375,-0.015625
10376,0.015625
10377,0
10378,-0.015625
10379,0.015625
10380,-2
10381,-2
10382,-1.78125
10383,-1.203125
10384,-0.625
10385,0
10386,0.015625
10387,-0.015625
10388,1.984375
10389,-2
10390,0
10391,-0.015625
10392,0.015625
10393,0
10394,-0.015625
10395,0.015625
10396,1.984375
10397,1.984375
10398,1.984375
10399,-2
10400,-2
10401,0
10402,0.015625
10403,-0.015625
10404,1.984375
10405,-2
10406,0
10407,-0.015625
10408,0.015625
10409,0
10410,-0.015625
10411,0.015625
10412,-0.4375
10413,0.140625
10414,0.71875
10415,1.296875
10416,1.875
10417,0
10418,0.015625
10419,-0.015625
10420,1.984375
10421,-2
10422,0
10423,-0.015625
10424,0.015625
10425,0
10426,-0.015625
10427,0.015625
10428,-2
10429,-2
10430,-2
10431,-2
10432,-2
10433,0
10434,0.015625
10435,-0.015625
10436,1.984375
10437,-2
10438,0
10439,-0.015625
10440,0.015625
10441,0
10442,-0.015625
10443,0.015625
10444,1.984375
10445,1.984375
10446,1.984375
10447,1.984375
10448,1.984375
10449,0
10450,0.015625
10451,-0.015625
10452,1.984375
10453,-2
10454,0
10455,-0.015625
10456,0.015625
10457,0
10458,-0.015625
10459,0.015625
10460,-2
10461,-2
10462,-2
10463,-2
10464,-2
10465,0
10466,0.015625
10467,-0.015625
10468,1.984375
10469,-2
10470,0
10471,-0.015625
10472,0.015625
10473,0
10474,-0.015625
10475,0.015625
10476,1.984375
10477,1.984375
10478,1.984375
10479,1.984375
10480,1.984375
10481,0
10482,0.015625
10483,-0.015625
10484,1.984375
10485,-2
10486,0
10487,-0.015625
10488,0.015625
10489,0
10490,-0.015625
10491,0.015625
10492,-2
10493,-1.609375
10494,-1.03125
10495,-0.453125
10496,0.125
10497,0
10498,0.015625
10499,-0.015625
10500,1.984375
10501,-2
10502,0
10503,-0.015625
10504,0.015625
10505,0
10506,-0.015625
10507,0.015625
10508,1.984375
10509,1.984375
10510,-2
10511,-2
10512,-2
10513,0
10514,0.015625
10515,-0.015625
10516,1.984375
10517,-2
10518,0
10519,-0.015625
10520,0.015625
10521,0
10522,-0.015625
10523,0.015625
10524,0.3125
10525,0.890625
10526,1.46875
10527,1.984375
10528,1.984375
10529,0
10530,0.015625
10531,-0.015625
10532,1.984375
10533,-2
10534,0
10535,-0.015625
10536,0.015625
10537,0
10538,-0.015625
10539,0.015625
10540,-2
10541,-2
10542,-2
10543,-2
10544,-2
10545,0
10546,0.015625
10547,-0.015625
10548,1.984375
10549,-2
10550,0
10551,-0.015625
10552,0.015625
10553,0
10554,-0.015625
10555,0.015625
10556,1.984375
10557,1.984375
10558,1.984375
10559,1.984375
10560,1.984375
10561,0
10562,0.015625
10563,-0.015625
10564,1.984375
10565,-2
10566,0
10567,-0.015625
10568,0.015625
10569,0
10570,-0.015625
10571,0.015625
10572,-2
10573,-2
10574,-2
10575,-2
10576,-1.625
10577,0
10578,0.015625
10579,-0.015625
10580,1.984375
10581,-2
10582,0
10583,-0.015625
10584,0.015625
10585,0
10586,-0.015625
10587,0.015625
10588,1.984375
10589,1.984375
10590,1.984375
10591,1.984375
10592,1.984375
10593,0
10594,0.015625
10595,-0.015625
10596,1.984375
10597,-2
10598,0
10599,-0.015625
10600,0.015625
10601,0
10602,-0.015625
10603,0.015625
10604,-1.4375
10605,-0.859375
10606,-0.28125
10607,0.296875
10608,0.875
10609,0
10610,0.015625
10611,-0.015625
10612,1.984375
10613,-2
10614,0
10615,-0.015625
10616,0.015625
10617,0
10618,-0.015625
10619,0.015625
10620,1.984375
10621,-2
10622,-2
10623,-2
10624,-2
10625,0
10626,0.015625
10627,-0.015625
10628,1.984375
10629,-2
10630,0
10631,-0.015625
10632,0.015625
10633,0
10634,-0.015625
10635,0.015625
10636,1.0625
10637,1.640625
10638,1.984375
10639,1.984375
10640,1.984375
10641,0
10642,0.015625
10643,-0.015625
10644,1.984375
10645,-2
10646,0
10647,-0.015625
10648,0.015625
10649,0
10650,-0.015625
10651,0.015625
10652,-2
10653,-2
10654,-2
10655,-2
10656,-2
10657,0
10658,0.015625
10659,-0.015625
10660,1.984375
10661,-2
10662,0
10663,-0.015625
10664,0.015625
10665,0
10666,-0.015625
10667,0.015625
10668,1.984375
10669,1.984375
10670,1.984375
10671,1.984375
10672,1.984375
10673,0
10674,0.015625
10675,-0.015625
10676,1.984375
10677,-2
10678,0
10679,-0.015625
10680,0.015625
10681,0
10682,-0.015625
10683,0.015625
10684,-2
10685,-2
10686,-2
10687,-1.453125
10688,-0.875
10689,0
10690,0.015625
10691,-0.015625
10692,1.984375
10693,-2
10694,0
10695,-0.015625
10696,0.015625
10697,0
10698,-0.015625
10699,0.015625
10700,1.984375
10701,1.984375
10702,1.984375
10703,1.984375
10704,-2
10705,0
10706,0.015625
10707,-0.015625
10708,1.984375
10709,-2
10710,0
10711,-0.015625
10712,0.015625
10713,0
10714,-0.015625
10715,0.015625
10716,-0.6875
10717,-0.109375
10718,0.46875
10719,1.046875
10720,1.625
10721,0
10722,0.015625
10723,-0.015625
10724,1.984375
10725,-2
10726,0
10727,-0.015625
10728,0.015625
10729,0
10730,-0.015625
10731,0.015625
10732,-2
10733,-2
10734,-2
10735,-2
10736,-2
10737,0
10738,0.015625
10739,-0.015625
10740,1.984375
10741,-2
10742,0
10743,-0.015625
10744,0.015625
10745,0
10746,-0.015625
10747,0.015625
10748,1.8125
10749,1.984375
10750,1.984375
10751,1.984375
10752,1.984375
10753,0
10754,0.015625
10755,-0.015625
10756,1.984375
10757,-2
10758,0
10759,-0.015625
10760,0.015625
10761,0
10762,-0.015625
10763,0.015625
10764,-2
10765,-2
10766,-2
10767,-2
10768,-2
10769,0
10770,0.015625
10771,-0.015625
10772,1.984375
10773,-2
10774,0
10775,-0.015625
10776,0.015625
10777,0
10778,-0.015625
10779,0.015625
10780,1.984375
10781,1.984375
10782,1.984375
10783,1.984375
10784,1.984375
10785,0
10786,0.015625
10787,-0.015625
10788,1.984375
10789,-2
10790,0
10791,-0.015625
10792,0.015625
10793,0
10794,-0.015625
10795,0.015625
10796,-2
10797,-1.859375
10798,-1.28125
10799,-0.703125
10800,-0.125
10801,0
10802,0.015625
10803,-0.015625
10804,1.984375
10805,-2
10806,0
10807,-0.015625
10808,0.015625
10809,0
10810,-0.015625
10811,0.015625
10812,1.984375
10813,1.984375
10814,1.984375
10815,-2
10816,-2
10817,0
10818,0.015625
10819,-0.015625
10820,1.984375
10821,-2
10822,0
10823,-0.015625
10824,0.015625
10825,0
10826,-0.015625
10827,0.015625
10828,0.0625
10829,0.640625
10830,1.21875
10831,1.796875
10832,1.984375
10833,0
10834,0.015625
10835,-0.015625
10836,1.984375
10837,-2
10838,0
10839,-0.015625
10840,0.015625
10841,0
10842,-0.015625
10843,0.015625
10844,-2
10845,-2
10846,-2
10847,-2
10848,-2
10849,0
10850,0.015625
10851,-0.015625
10852,1.984375
10853,-2
10854,0
10855,-0.015625
10856,0.015625
10857,0
10858,-0.015625
10859,0.015625
10860,1.984375
10861,1.984375
10862,1.984375
10863,1.984375
10864,1.984375
10865,0
10866,0.015625
10867,-0.015625
10868,1.984375
10869,-2
10870,0
10871,-0.015625
10872,0.015625
10873,0
10874,-0.015625
10875,0.015625
10876,-2
10877,-2
10878,-2
10879,-2
10880,-1.875
10881,0
10882,0.015625
10883,-0.015625
10884,1.984375
10885,-2
10886,0
10887,-0.015625
10888,0.015625
10889,0
10890,-0.015625
10891,0.015625
10892,1.984375
10893,1.984375
10894,1.984375
10895,1.984375
10896,1.984375
10897,0
10898,0.015625
10899,-0.015625
10900,1.984375
10901,-2
10902,0
10903,-0.015625
10904,0.015625
10905,0
10906,-0.015625
10907,0.015625
10908,-1.6875
10909,-1.109375
10910,-0.53125
10911,0.046875
10912,0.625
10913,0
10914,0.015625
10915,-0.015625
10916,1.984375
10917,-2
10918,0
10919,-0.015625
10920,0.015625
10921,0
10922,-0.015625
10923,0.015625
10924,1.984375
10925,-2
10926,-2
10927,-2
10928,-2
10929,0
10930,0.015625
10931,-0.015625
10932,1.984375
10933,-2
10934,0
10935,-0.015625
10936,0.015625
10937,0
10938,-0.015625
10939,0.015625
10940,0.8125
10941,1.390625
10942,1.96875
10943,1.984375
10944,1.984375
10945,0
10946,0.015625
10947,-0.015625
10948,1.984375
10949,-2
10950,0
10951,-0.015625
10952,0.015625
10953,0
10954,-0.015625
10955,0.015625
10956,-2
10957,-2
10958,-2
10959,-2
10960,-2
10961,0
10962,0.015625
10963,-0.015625
10964,1.984375
10965,-2
10966,0
10967,-0.015625
10968,0.015625
10969,0
10970,-0.015625
10971,0.015625
10972,1.984375
10973,1.984375
10974,1.984375
10975,1.984375
10976,1.984375
10977,0
10978,0.015625
10979,-0.015625
10980,1.984375
10981,-2
10982,0
10983,-0.015625
10984,0.015625
10985,0
10986,-0.015625
10987,0.015625
10988,-2
10989,-2
10990,-2
10991,-1.703125
10992,-1.125
10993,0
10994,0.015625
10995,-0.015625
10996,1.984375
10997,-2
10998,0
10999,-0.015625
11000,0.015625
11001,0
11002,-0.015625
11003,0.015625
11004,1.984375
11005,1.984375
11006,1.984375
11007,1.984375
11008,-2
11009,0
11010,0.015625
11011,-0.015625
11012,1.984375
11013,-2
11014,0
11015,-0.015625
11016,0.015625
11017,0
11018,-0.015625
11019,0.015625
11020,-0.9375
11021,-0.359375
11022,0.21875
11023,0.796875
11024,1.375
11025,0
11026,0.015625
11027,-0.015625
11028,1.984375
11029,-2
11030,0
11031,-0.015625
11032,0.015625
11033,0
11034,-0.015625
11035,0.015625
11036,-2
11037,-2
11038,-2
11039,-2
11040,-2
11041,0
11042,0.015625
11043,-0.015625
11044,1.984375
11045,-2
11046,0
11047,-0.015625
11048,0.015625
11049,0
11050,-0.015625
11051,0.015625
11052,1.5625
11053,1.984375
11054,1.984375
11055,1.984375
11056,1.984375
11057,0
11058,0.015625
11059,-0.015625
11060,1.984375
11061,-2
11062,0
11063,-0.015625
11064,0.015625
11065,0
11066,-0.015625
11067,0.015625
11068,-2
11069,-2
11070,-2
11071,-2
11072,-2
11073,0
11074,0.015625
11075,-0.015625
11076,1.984375
11077,-2
11078,0
11079,-0.015625
11080,0.015625
11081,0
11082,-0.015625
11083,0.015625
11084,1.984375
11085,1.984375
11086,1.984375
11087,1.984375
11088,1.984375
11089,0
11090,0.015625
11091,-0.015625
11092,1.984375
11093,-2
11094,0
11095,-0.015625
11096,0.015625
11097,0
11098,-0.015625
11099,0.015625
11100,-2
11101,-2
11102,-1.53125
11103,-0.953125
11104,-0.375
11105,0
11106,0.015625
11107,-0.015625
11108,1.984375
11109,-2
11110,0
11111,-0.015625
11112,0.015625
11113,0
11114,-0.015625
11115,0.015625
11116,1.984375
11117,1.984375
11118,1.984375
11119,-2
11120,-2
11121,0
11122,0.015625
11123,-0.015625
11124,1.984375
11125,-2
11126,0
11127,-0.015625
11128,0.015625
11129,0
11130,-0.015625
11131,0.015625
11132,-0.1875
11133,0.390625
11134,0.96875
11135,1.546875
11136,1.984375
11137,0
11138,0.015625
11139,-0.015625
11140,1.984375
11141,-2
11142,0
11143,-0.015625
11144,0.015625
11145,0
11146,-0.015625
11147,0.015625
11148,-2
11149,-2
11150,-2
11151,-2
11152,-2
11153,0
11154,0.015625
11155,-0.015625
11156,1.984375
11157,-2
11158,0
11159,-0.015625
11160,0.015625
11161,0
11162,-0.015625
11163,0.015625
11164,1.984375
11165,1.984375
11166,1.984375
11167,1.984375
11168,1.984375
11169,0
11170,0.015625
11171,-0.015625
11172,1.984375
11173,-2
11174,0
11175,-0.015625
11176,0.015625
11177,0
11178,-0.015625
11179,0.015625
11180,-2
11181,-2
11182,-2
11183,-2
11184,-2
11185,0
11186,0.015625
11187,-0.015625
11188,1.984375
11189,-2
11190,0
11191,-0.015625
11192,0.015625
11193,0
11194,-0.015625
11195,0.015625
11196,1.984375
11197,1.984375
11198,1.984375
11199,1.984375
11200,1.984375
11201,0
11202,0.015625
11203,-0.015625
11204,1.984375
11205,-2
11206,0
11207,-0.015625
11208,0.015625
11209,0
11210,-0.015625
11211,0.015625
11212,-1.9375
11213,-1.359375
11214,-0.78125
11215,-0.203125
11216,0.375
11217,0
11218,0.015625
11219,-0.015625
11220,1.984375
11221,-2
11222,0
11223,-0.015625
11224,0.015625
11225,0
11226,-0.015625
11227,0.015625
11228,1.984375
11229,1.984375
11230,-2
11231,-2
11232,-2
11233,0
11234,0.015625
11235,-0.015625
11236,1.984375
11237,-2
11238,0
11239,-0.015625
11240,0.015625
11241,0
11242,-0.015625
11243,0.015625
11244,0.5625
11245,1.140625
11246,1.71875
11247,1.984375
11248,1.984375
11249,0
11250,0.015625
11251,-0.015625
11252,1.984375
11253,-2
11254,0
11255,-0.015625
11256,0.015625
11257,0
11258,-0.015625
11259,0.015625
11260,-2
11261,-2
11262,-2
11263,-2
11264,-2
11265,0
11266,0.015625
11267,-0.015625
11268,1.984375
11269,-2
11270,0
11271,-0.015625
11272,0.015625
11273,0
11274,-0.015625
11275,0.015625
11276,1.984375
11277,1.984375
11278,1.984375
11279,1.984375
11280,1.984375
11281,0
11282,0.015625
11283,-0.015625
11284,1.984375
11285,-2
11286,0
11287,-0.015625
11288,0.015625
11289,0
11290,-0.015625
11291,0.015625
11292,-2
11293,-2
11294,-2
11295,-1.953125
11296,-1.375
11297,0
11298,0.015625
11299,-0.015625
11300,1.984375
11301,-2
11302,0
11303,-0.015625
11304,0.015625
11305,0
11306,-0.015625
11307,0.015625
11308,1.984375
11309,1.984375
11310,1.984375
11311,1.984375
11312,1.984375
11313,0
11314,0.015625
11315,-0.015625
11316,1.984375
11317,-2
11318,0
11319,-0.015625
11320,0.015625
11321,0
11322,-0.015625
11323,0.015625
11324,-1.1875
11325,-0.609375
11326,-0.03125
11327,0.546875
11328,1.125
11329,0
11330,0.015625
11331,-0.015625
11332,1.984375
11333,-2
11334,0
11335,-0.015625
11336,0.015625
11337,0
11338,-0.015625
11339,0.015625
11340,-2
11341,-2
11342,-2
11343,-2
11344,-2
11345,0
11346,0.015625
11347,-0.015625
11348,1.984375
11349,-2
11350,0
11351,-0.015625
11352,0.015625
11353,0
11354,-0.015625
11355,0.015625
11356,1.3125
11357,1.890625
11358,1.984375
11359,1.984375
11360,1.984375
11361,0
11362,0.015625
11363,-0.015625
11364,1.984375
11365,-2
11366,0
11367,-0.015625
11368,0.015625
11369,0
11370,-0.015625
11371,0.015625
11372,-2
11373,-2
11374,-2
11375,-2
11376,-2
11377,0
11378,0.015625
11379,-0.015625
11380,1.984375
11381,-2
11382,0
11383,-0.015625
11384,0.015625
11385,0
11386,-0.015625
11387,0.015625
11388,1.984375
11389,1.984375
11390,1.984375
11391,1.984375
11392,1.984375
11393,0
11394,0.015625
11395,-0.015625
11396,1.984375
11397,-2
11398,0
11399,-0.015625
11400,0.015625
11401,0
11402,-0.015625
11403,0.015625
11404,-2
11405,-2
11406,-1.78125
11407,-1.203125
11408,-0.625
11409,0
11410,0.015625
11411,-0.015625
11412,1.984375
11413,-2
11414,0
11415,-0.015625
11416,0.015625
11417,0
11418,-0.015625
11419,0.015625
11420,1.984375
11421,1.984375
11422,1.984375
11423,-2
11424,-2
11425,0
11426,0.015625
11427,-0.015625
11428,1.984375
11429,-2
11430,0
11431,-0.015625
11432,0.015625
11433,0
11434,-0.015625
11435,0.015625
11436,-0.4375
11437,0.140625
11438,0.71875
11439,1.296875
11440,1.875
11441,0
11442,0.015625
11443,-0.015625
11444,1.984375
11445,-2
11446,0
11447,-0.015625
11448,0.015625
11449,0
11450,-0.015625
11451,0.015625
11452,-2
11453,-2
11454,-2
11455,-2
11456,-2
11457,0
11458,0.015625
11459,-0.015625
11460,1.984375
11461,-2
11462,0
11463,-0.015625
11464,0.015625
11465,0
11466,-0.015625
11467,0.015625
11468,1.984375
11469,1.984375
11470,1.984375
11471,1.984375
11472,1.984375
11473,0
11474,0.015625
11475,-0.015625
11476,1.984375
11477,-2
11478,0
11479,-0.015625
11480,0.015625
11481,0
11482,-0.015625
11483,0.015625
11484,-2
11485,-2
11486,-2
11487,-2
11488,-2
11489,0
11490,0.015625
11491,-0.015625
11492,1.984375
11493,-2
11494,0
11495,-0.015625
11496,0.015625
11497,0
11498,-0.015625
11499,0.015625
11500,1.984375
11501,1.984375
11502,1.984375
11503,1.984375
11504,1.984375
11505,0
11506,0.015625
11507,-0.015625
11508,1.984375
11509,-2
11510,0
11511,-0.015625
11512,0.015625
11513,0
11514,-0.015625
11515,0.015625
11516,-2
11517,-1.609375
11518,-1.03125
11519,-0.453125
11520,0.125
11521,0
11522,0.015625
11523,-0.015625
11524,1.984375
11525,-2
11526,0
11527,-0.015625
11528,0.015625
11529,0
11530,-0.015625
11531,0.015625
11532,1.984375
11533,1.984375
11534,-2
11535,-2
11536,-2
11537,0
11538,0.015625
11539,-0.015625
11540,1.984375
11541,-2
11542,0
11543,-0.015625
11544,0.015625
11545,0
11546,-0.015625
11547,0.015625
11548,0.3125
11549,0.890625
11550,1.46875
11551,1.984375
11552,1.984375
11553,0
11554,0.015625
11555,-0.015625
11556,1.984375
11557,-2
11558,0
11559,-0.015625
11560,0.015625
11561,0
11562,-0.015625
11563,0.015625
11564,-2
11565,-2
11566,-2
11567,-2
11568,-2
11569,0
11570,0.015625
11571,-0.015625
11572,1.984375
11573,-2
11574,0
11575,-0.015625
11576,0.015625
11577,0
11578,-0.015625
11579,0.015625
11580,1.984375
11581,1.984375
11582,1.984375
11583,1.984375
11584,1.984375
11585,0
11586,0.015625
11587,-0.015625
11588,1.984375
11589,-2
11590,0
11591,-0.015625
11592,0.015625
11593,0
11594,-0.015625
11595,0.015625
11596,-2
11597,-2
11598,-2
11599,-2
11600,-1.625
11601,0
11602,0.015625
11603,-0.015625
11604,1.984375
11605,-2
11606,0
11607,-0.015625
11608,0.015625
11609,0
11610,-0.015625
11611,0.015625
11612,1.984375
11613,1.984375
11614,1.984375
11615,1.984375
11616,1.984375
11617,0
11618,0.015625
11619,-0.015625
11620,1.984375
11621,-2
11622,0
11623,-0.015625
11624,0.015625
11625,0
11626,-0.015625
11627,0.015625
11628,-1.4375
11629,-0.859375
11630,-0.28125
11631,0.296875
11632,0.875
11633,0
11634,0.015625
11635,-0.015625
11636,1.984375
11637,-2
11638,0
11639,-0.015625
11640,0.015625
11641,0
11642,-0.015625
11643,0.015625
11644,1.984375
11645,-2
11646,-2
11647,-2
11648,-2
11649,0
11650,0.015625
11651,-0.015625
11652,1.984375
11653,-2
11654,0
11655,-0.015625
11656,0.015625
11657,0
11658,-0.015625
11659,0.015625
11660,1.0625
11661,1.640625
11662,1.984375
11663,1.984375
11664,1.984375
11665,0
11666,0.015625
11667,-0.015625
11668,1.984375
11669,-2
11670,0
11671,-0.015625
11672,0.015625
11673,0
11674,-0.015625
11675,0.015625
11676,-2
11677,-2
11678,-2
11679,-2
11680,-2
11681,0
11682,0.015625
11683,-0.015625
11684,1.984375
11685,-2
11686,0
11687,-0.015625
11688,0.015625
11689,0
11690,-0.015625
11691,0.015625
11692,1.984375
11693,1.984375
11694,1.984375
11695,1.984375
11696,1.984375
11697,0
11698,0.015625
11699,-0.015625
11700,1.984375
11701,-2
11702,0
11703,-0.015625
11704,0.015625
11705,0
11706,-0.015625
11707,0.015625
11708,-2
11709,-2
11710,-2
11711,-1.453125
11712,-0.875
11713,0
11714,0.015625
11715,-0.015625
11716,1.984375
11717,-2
11718,0
11719,-0.015625
11720,0.015625
11721,0
11722,-0.015625
11723,0.015625
11724,1.984375
11725,1.984375
11726,1.984375
11727,1.984375
11728,-2
11729,0
11730,0.015625
11731,-0.015625
11732,1.984375
11733,-2
11734,0
11735,-0.015625
11736,0.015625
11737,0
11738,-0.015625
11739,0.015625
11740,-0.6875
11741,-0.109375
11742,0.46875
11743,1.046875
11744,1.625
11745,0
11746,0.015625
11747,-0.015625
11748,1.984375
11749,-2
11750,0
11751,-0.015625
11752,0.015625
11753,0
11754,-0.015625
11755,0.015625
11756,-2
11757,-2
11758,-2
11759,-2
11760,-2
11761,0
11762,0.015625
11763,-0.015625
11764,1.984375
11765,-2
11766,0
11767,-0.015625
11768,0.015625
11769,0
11770,-0.015625
11771,0.015625
11772,1.8125
11773,1.984375
11774,1.984375
11775,1.984375
11776,1.984375
11777,0
11778,0.015625
11779,-0.015625
11780,1.984375
11781,-2
11782,0
11783,-0.015625
11784,0.015625
11785,0
11786,-0.015625
11787,0.015625
11788,-2
11789,-2
11790,-2
11791,-2
11792,-2
11793,0
11794,0.015625
11795,-0.015625
11796,1.984375
11797,-2
11798,0
11799,-0.015625
11800,0.015625
11801,0
11802,-0.015625
11803,0.015625
11804,1.984375
11805,1.984375
11806,1.984375
11807,1.984375
11808,1.984375
11809,0
11810,0.015625
11811,-0.015625
11812,1.984375
11813,-2
11814,0
11815,-0.015625
11816,0.015625
11817,0
11818,-0.015625
11819,0.015625
11820,-2
11821,-1.859375
11822,-1.28125
11823,-0.703125
11824,-0.125
11825,0
11826,0.015625
11827,-0.015625
11828,1.984375
11829,-2
11830,0
11831,-0.015625
11832,0.015625
11833,0
11834,-0.015625
11835,0.015625
11836,1.984375
11837,1.984375
11838,1.984375
11839,-2
11840,-2
11841,0
11842,0.015625
11843,-0.015625
11844,1.984375
11845,-2
11846,0
11847,-0.015625
11848,0.015625
11849,0
11850,-0.015625
11851,0.015625
11852,0.0625
11853,0.640625
11854,1.21875
11855,1.796875
11856,1.984375
11857,0
11858,0.015625
11859,-0.015625
11860,1.984375
11861,-2
11862,0
11863,-0.015625
11864,0.015625
11865,0
11866,-0.015625
11867,0.015625
11868,-2
11869,-2
11870,-2
11871,-2
11872,-2
11873,0
11874,0.015625
11875,-0.015625
11876,1.984375
11877,-2
11878,0
11879,-0.015625
11880,0.015625
11881,0
11882,-0.015625
11883,0.015625
11884,1.984375
11885,1.984375
11886,1.984375
11887,1.984375
11888,1.984375
11889,0
11890,0.015625
11891,-0.015625
11892,1.984375
11893,-2
11894,0
11895,-0.015625
11896,0.015625
11897,0
11898,-0.015625
11899,0.015625
11900,-2
11901,-2
11902,-2
11903,-2
11904,-1.875
11905,0
11906,0.015625
11907,-0.015625
11908,1.984375
11909,-2
11910,0
11911,-0.015625
11912,0.015625
11913,0
11914,-0.015625
11915,0.015625
11916,1.984375
11917,1.984375
11918,1.984375
11919,1.984375
11920,1.984375
11921,0
11922,0.015625
11923,-0.015625
11924,1.984375
11925,-2
11926,0
11927,-0.015625
11928,0.015625
11929,0
11930,-0.015625
11931,0.015625
11932,-1.6875
11933,-1.109375
11934,-0.53125
11935,0.046875
11936,0.625
11937,0
11938,0.015625
11939,-0.015625
11940,1.984375
11941,-2
11942,0
11943,-0.015625
11944,0.015625
11945,0
11946,-0.015625
11947,0.015625
11948,1.984375
11949,-2
11950,-2
11951,-2
11952,-2
11953,0
11954,0.015625
11955,-0.015625
11956,1.984375
11957,-2
11958,0
11959,-0.015625
11960,0.015625
11961,0
11962,-0.015625
11963,0.015625
11964,0.8125
11965,1.390625
11966,1.96875
11967,1.984375
11968,1.984375
11969,0
11970,0.015625
11971,-0.015625
11972,1.984375
11973,-2
11974,0
11975,-0.015625
11976,0.015625
11977,0
11978,-0.015625
11979,0.015625
11980,-2
11981,-2
11982,-2
11983,-2
11984,-2
11985,0
11986,0.015625
11987,-0.015625
11988,1.984375
11989,-2
11990,0
11991,-0.015625
11992,0.015625
11993,0
11994,-0.015625
11995,0.015625
11996,1.984375
11997,1.984375
11998,1.984375
11999,1.984375
12000,1.984375
12001,0
12002,0.015625
12003,-0.015625
12004,1.984375
12005,-2
12006,0
12007,-0.015625
12008,0.015625
12009,0
12010,-0.015625
12011,0.015625
12012,-2
12013,-2
12014,-2
12015,-1.703125
12016,-1.125
12017,0
12018,0.015625
12019,-0.015625
12020,1.984375
12021,-2
12022,0
12023,-0.015625
12024,0.015625
12025,0
12026,-0.015625
12027,0.015625
12028,1.984375
12029,1.984375
12030,1.984375
12031,1.984375
12032,-2
12033,0
12034,0.015625
12035,-0.015625
12036,1.984375
12037,-2
12038,0
12039,-0.015625
12040,0.015625
12041,0
12042,-0.015625
12043,0.015625
12044,-0.9375
12045,-0.359375
12046,0.21875
12047,0.796875
12048,1.375
12049,0
12050,0.015625
12051,-0.015625
12052,1.984375
12053,-2
12054,0
12055,-0.015625
12056,0.015625
12057,0
12058,-0.015625
12059,0.015625
12060,-2
12061,-2
12062,-2
12063,-2
12064,-2
12065,0
12066,0.015625
12067,-0.015625
12068,1.984375
12069,-2
12070,0
12071,-0.015625
12072,0.015625
12073,0
12074,-0.015625
12075,0.015625
12076,1.5625
12077,1.984375
12078,1.984375
12079,1.984375
12080,1.984375
12081,0
12082,0.015625
12083,-0.015625
12084,1.984375
12085,-2
12086,0
12087,-0.015625
12088,0.015625
12089,0
12090,-0.015625
12091,0.015625
12092,-2
12093,-2
12094,-2
12095,-2
12096,-2
12097,0
12098,0.015625
12099,-0.015625
12100,1.984375
12101,-2
12102,0
12103,-0.015625
12104,0.015625
12105,0
12106,-0.015625
12107,0.015625
12108,1.984375
12109,1.984375
12110,1.984375
12111,1.984375
12112,1.984375
12113,0
12114,0.015625
12115,-0.015625
12116,1.984375
12117,-2
12118,0
12119,-0.015625
12120,0.015625
12121,0
12122,-0.015625
12123,0.015625
12124,-2
12125,-2
12126,-1.53125
12127,-0.953125
12128,-0.375
12129,0
12130,0.015625
12131,-0.015625
12132,1.984375
12133,-2
12134,0
12135,-0.015625
12136,0.015625
12137,0
12138,-0.015625
12139,0.015625
12140,1.984375
12141,1.984375
12142,1.984375
12143,-2
12144,-2
12145,0
12146,0.015625
12147,-0.015625
12148,1.984375
12149,-2
12150,0
12151,-0.015625
12152,0.015625
12153,0
12154,-0.015625
12155,0.015625
12156,-0.1875
12157,0.390625
12158,0.96875
12159,1.546875
12160,1.984375
12161,0
12162,0.015625
12163,-0.015625
12164,1.984375
12165,-2
12166,0
12167,-0.015625
12168,0.015625
12169,0
12170,-0.015625
12171,0.015625
12172,-2
12173,-2
12174,-2
12175,-2
12176,-2
12177,0
12178,0.015625
12179,-0.015625
12180,1.984375
12181,-2
12182,0
12183,-0.015625
12184,0.015625
12185,0
12186,-0.015625
12187,0.015625
12188,1.984375
12189,1.984375
12190,1.984375
12191,1.984375
12192,1.984375
12193,0
12194,0.015625
12195,-0.015625
12196,1.984375
12197,-2
12198,0
12199,-0.015625
12200,0.015625
12201,0
12202,-0.015625
12203,0.015625
12204,-2
12205,-2
12206,-2
12207,-2
12208,-2
12209,0
12210,0.015625
12211,-0.015625
12212,1.984375
12213,-2
12214,0
12215,-0.015625
12216,0.015625
12217,0
12218,-0.015625
12219,0.015625
12220,1.984375
12221,1.984375
12222,1.984375
12223,1.984375
12224,1.984375
12225,0
12226,0.015625
12227,-0.015625
12228,1.984375
12229,-2
12230,0
12231,-0.015625
12232,0.015625
12233,0
12234,-0.015625
12235,0.015625
12236,-1.9375
12237,-1.359375
12238,-0.78125
12239,-0.203125
12240,0.375
12241,0
12242,0.015625
12243,-0.015625
12244,1.984375
12245,-2
12246,0
12247,-0.015625
12248,0.015625
12249,0
12250,-0.015625
12251,0.015625
12252,1.984375
12253,1.984375
12254,-2
12255,-2
12256,-2
12257,0
12258,0.015625
12259,-0.015625
12260,1.984375
12261,-2
12262,0
12263,-0.015625
12264,0.015625
12265,0
12266,-0.015625
12267,0.015625
12268,0.5625
12269,1.140625
12270,1.71875
12271,1.984375
12272,1.984375
12273,0
12274,0.015625
12275,-0.015625
12276,1.984375
12277,-2
12278,0
12279,-0.015625
12280,0.015625
12281,0
12282,-0.015625
12283,0.015625
12284,-2
12285,-2
12286,-2
12287,-2
12288,-2
12289,0
12290,0.015625
12291,-0.015625
12292,1.984375
12293,-2
12294,0
12295,-0.015625
12296,0.015625
12297,0
12298,-0.015625
12299,0.015625
12300,1.984375
12301,1.984375
12302,1.984375
12303,1.984375
12304,1.984375
12305,0
12306,0.015625
12307,-0.015625
12308,1.984375
12309,-2
12310,0
12311,-0.015625
12312,0.015625
12313,0
12314,-0.015625
12315,0.015625
12316,-2
12317,-2
12318,-2
12319,-1.953125
12320,-1.375
12321,0
12322,0.015625
12323,-0.015625
12324,1.984375
12325,-2
12326,0
12327,-0.015625
12328,0.015625
12329,0
12330,-0.015625
12331,0.015625
12332,1.984375
12333,1.984375
12334,1.984375
12335,1.984375
12336,1.984375
12337,0
12338,0.015625
12339,-0.015625
12340,1.984375
12341,-2
12342,0
12343,-0.015625
12344,0.015625
12345,0
12346,-0.015625
12347,0.015625
12348,-1.1875
12349,-0.609375
12350,-0.03125
12351,0.546875
12352,1.125
12353,0
12354,0.015625
12355,-0.015625
12356,1.984375
12357,-2
12358,0
12359,-0.015625
12360,0.015625
12361,0
12362,-0.015625
12363,0.015625
12364,-2
12365,-2
12366,-2
12367,-2
12368,-2
12369,0
12370,0.015625
12371,-0.015625
12372,1.984375
12373,-2
12374,0
12375,-0.015625
12376,0.015625
12377,0
12378,-0.015625
12379,0.015625
12380,1.3125
12381,1.890625
12382,1.984375
12383,1.984375
12384,1.984375
12385,0
12386,0.015625
12387,-0.015625
12388,1.984375
12389,-2
12390,0
12391,-0.015625
12392,0.015625
12393,0
12394,-0.015625
12395,0.015625
12396,-2
12397,-2
12398,-2
12399,-2
12400,-2
12401,0
12402,0.015625
12403,-0.015625
12404,1.984375
12405,-2
12406,0
12407,-0.015625
12408,0.015625
12409,0
12410,-0.015625
12411,0.015625
12412,1.984375
12413,1.984375
12414,1.984375
12415,1.984375
12416,1.984375
12417,0
12418,0.015625
12419,-0.015625
12420,1.984375
12421,-2
12422,0
12423,-0.015625
12424,0.015625
12425,0
12426,-0.015625
12427,0.015625
12428,-2
12429,-2
12430,-1.78125
12431,-1.203125
12432,-0.625
12433,0
12434,0.015625
12435,-0.015625
12436,1.984375
12437,-2
12438,0
12439,-0.015625
12440,0.015625
12441,0
12442,-0.015625
12443,0.015625
12444,1.984375
12445,1.984375
12446,1.984375
12447,-2
12448,-2
12449,0
12450,0.015625
12451,-0.015625
12452,1.984375
12453,-2
12454,0
12455,-0.015625
12456,0.015625
12457,0
12458,-0.015625
12459,0.015625
12460,-0.4375
12461,0.140625
12462,0.71875
12463,1.296875
12464,1.875
12465,0
12466,0.015625
12467,-0.015625
12468,1.984375
12469,-2
12470,0
12471,-0.015625
12472,0.015625
12473,0
12474,-0.015625
12475,0.015625
12476,-2
12477,-2
12478,-2
12479,-2
12480,-2
12481,0
12482,0.015625
12483,-0.015625
12484,1.984375
12485,-2
12486,0
12487,-0.015625
12488,0.015625
12489,0
12490,-0.015625
12491,0.015625
12492,1.984375
12493,1.984375
12494,1.984375
12495,1.984375
12496,1.984375
12497,0
12498,0.015625
12499,-0.015625
12500,1.984375
12501,-2
12502,0
12503,-0.015625
12504,0.015625
12505,0
12506,-0.015625
12507,0.015625
12508,-2
12509,-2
12510,-2
12511,-2
12512,-2
12513,0
12514,0.015625
12515,-0.015625
12516,1.984375
12517,-2
12518,0
12519,-0.015625
12520,0.015625
12521,0
12522,-0.015625
12523,0.015625
12524,1.984375
12525,1.984375
12526,1.984375
12527,1.984375
12528,1.984375
12529,0
12530,0.015625
12531,-0.015625
12532,1.984375
12533,-2
12534,0
12535,-0.015625
12536,0.015625
12537,0
12538,-0.015625
12539,0.015625
12540,-2
12541,-1.609375
12542,-1.03125
12543,-0.453125
12544,0.125
12545,0
12546,0.015625
12547,-0.015625
12548,1.984375
12549,-2
12550,0
12551,-0.015625
12552,0.015625
12553,0
12554,-0.015625
12555,0.015625
12556,1.984375
12557,1.984375
12558,-2
12559,-2
12560,-2
12561,0
12562,0.015625
12563,-0.015625
12564,1.984375
12565,-2
12566,0
12567,-0.015625
12568,0.015625
12569,0
12570,-0.015625
12571,0.015625
12572,0.3125
12573,0.890625
12574,1.46875
12575,1.984375
12576,1.984375
12577,0
12578,0.015625
12579,-0.015625
12580,1.984375
12581,-2
12582,0
12583,-0.015625
12584,0.015625
12585,0
12586,-0.015625
12587,0.015625
12588,-2
12589,-2
12590,-2
12591,-2
12592,-2
12593,0
12594,0.015625
12595,-0.015625
12596,1.984375
12597,-2
12598,0
12599,-0.015625
12600,0.015625
12601,0
12602,-0.015625
12603,0.015625
12604,1.984375
12605,1.984375
12606,1.984375
12607,1.984375
12608,1.984375
12609,0
12610,0.015625
12611,-0.015625
12612,1.984375
12613,-2
12614,0
12615,-0.015625
12616,0.015625
12617,0
12618,-0.015625
12619,0.015625
12620,-2
12621,-2
12622,-2
12623,-2
12624,-1.625
12625,0
12626,0.015625
12627,-0.015625
12628,1.984375
12629,-2
12630,0
12631,-0.015625
12632,0.015625
12633,0
12634,-0.015625
12635,0.015625
12636,1.984375
12637,1.984375
12638,1.984375
12639,1.984375
12640,1.984375
12641,0
12642,0.015625
12643,-0.015625
12644,1.984375
12645,-2
12646,0
12647,-0.015625
12648,0.015625
12649,0
12650,-0.015625
12651,0.015625
12652,-1.4375
12653,-0.859375
12654,-0.28125
12655,0.296875
12656,0.875
12657,0
12658,0.015625
12659,-0.015625
12660,1.984375
12661,-2
12662,0
12663,-0.015625
12664,0.015625
12665,0
12666,-0.015625
12667,0.015625
12668,1.984375
12669,-2
12670,-2
12671,-2
12672,-2
12673,0
12674,0.015625
12675,-0.015625
12676,1.984375
12677,-2
12678,0
12679,-0.015625
12680,0.015625
12681,0
12682,-0.015625
12683,0.015625
12684,1.0625
12685,1.640625
12686,1.984375
12687,1.984375
12688,1.984375
12689,0
12690,0.015625
12691,-0.015625
12692,1.984375
12693,-2
12694,0
12695,-0.015625
12696,0.015625
12697,0
12698,-0.015625
12699,0.015625
12700,-2
12701,-2
12702,-2
12703,-2
12704,-2
12705,0
12706,0.015625
12707,-0.015625
12708,1.984375
12709,-2
12710,0
12711,-0.015625
12712,0.015625
12713,0
12714,-0.015625
12715,0.015625
12716,1.984375
12717,1.984375
12718,1.984375
12719,1.984375
12720,1.984375
12721,0
12722,0.015625
12723,-0.015625
12724,1.984375
12725,-2
12726,0
12727,-0.015625
12728,0.015625
12729,0
12730,-0.015625
12731,0.015625
12732,-2
12733,-2
12734,-2
12735,-1.453125
12736,-0.875
12737,0
12738,0.015625
12739,-0.015625
12740,1.984375
12741,-2
12742,0
12743,-0.015625
12744,0.015625
12745,0
12746,-0.015625
12747,0.015625
12748,1.984375
12749,1.984375
12750,1.984375
12751,1.984375
12752,-2
12753,0
12754,0.015625
12755,-0.015625
12756,1.984375
12757,-2
12758,0
12759,-0.015625
12760,0.015625
12761,0
12762,-0.015625
12763,0.015625
12764,-0.6875
12765,-0.109375
12766,0.46875
12767,1.046875
12768,1.625
12769,0
12770,0.015625
12771,-0.015625
12772,1.984375
12773,-2
12774,0
12775,-0.015625
12776,0.015625
12777,0
12778,-0.015625
12779,0.015625
12780,-2
12781,-2
12782,-2
12783,-2
12784,-2
12785,0
12786,0.015625
12787,-0.015625
12788,1.984375
12789,-2
12790,0
12791,-0.015625
12792,0.015625
12793,0
12794,-0.015625
12795,0.015625
12796,1.8125
12797,1.984375
12798,1.984375
12799,1.984375
12800,1.984375
12801,0
12802,0.015625
12803,-0.015625
12804,1.984375
12805,-2
12806,0
12807,-0.015625
12808,0.015625
12809,0
12810,-0.015625
12811,0.015625
12812,-2
12813,-2
12814,-2
12815,-2
12816,-2
12817,0
12818,0.015625
12819,-0.015625
12820,1.984375
12821,-2
12822,0
12823,-0.015625
12824,0.015625
12825,0
12826,-0.015625
12827,0.015625
12828,1.984375
12829,1.984375
12830,1.984375
12831,1.984375
12832,1.984375
12833,0
12834,0.015625
12835,-0.015625
12836,1.984375
12837,-2
12838,0
12839,-0.015625
12840,0.015625
12841,0
12842,-0.015625
12843,0.015625
12844,-2
12845,-1.859375
12846,-1.28125
12847,-0.703125
12848,-0.125
12849,0
12850,0.015625
12851,-0.015625
12852,1.984375
12853,-2
12854,0
12855,-0.015625
12856,0.015625
12857,0
12858,-0.015625
12859,0.015625
12860,1.984375
12861,1.984375
12862,1.984375
12863,-2
12864,-2
12865,0
12866,0.015625
12867,-0.015625
12868,1.984375
12869,-2
12870,0
12871,-0.015625
12872,0.015625
12873,0
12874,-0.015625
12875,0.015625
12876,0.0625
12877,0.640625
12878,1.21875
12879,1.796875
12880,1.984375
12881,0
12882,0.015625
12883,-0.015625
12884,1.984375
12885,-2
12886,0
12887,-0.015625
12888,0.015625
12889,0
12890,-0.015625
12891,0.015625
12892,-2
12893,-2
12894,-2
12895,-2
12896,-2
12897,0
12898,0.015625
12899,-0.015625
12900,1.984375
12901,-2
12902,0
12903,-0.015625
12904,0.015625
12905,0
12906,-0.015625
12907,0.015625
12908,1.984375
12909,1.984375
12910,1.984375
12911,1.984375
12912,1.984375
12913,0
12914,0.015625
12915,-0.015625
12916,1.984375
12917,-2
12918,0
12919,-0.015625
12920,0.015625
12921,0
12922,-0.015625
12923,0.015625
12924,-2
12925,-2
12926,-2
12927,-2
12928,-1.875
12929,0
12930,0.015625
12931,-0.015625
12932,1.984375
12933,-2
12934,0
12935,-0.015625
12936,0.015625
12937,0
12938,-0.015625
12939,0.015625
12940,1.984375
12941,1.984375
12942,1.984375
12943,1.984375
12944,1.984375
12945,0
12946,0.015625
12947,-0.015625
12948,1.984375
12949,-2
12950,0
12951,-0.015625
12952,0.015625
12953,0
12954,-0.015625
12955,0.015625
12956,-1.6875
12957,-1.109375
12958,-0.53125
12959,0.046875
12960,0.625
12961,0
12962,0.015625
12963,-0.015625
12964,1.984375
12965,-2
12966,0
12967,-0.015625
12968,0.015625
12969,0
12970,-0.015625
12971,0.015625
12972,1.984375
12973,-2
12974,-2
12975,-2
12976,-2
12977,0
12978,0.015625
12979,-0.015625
12980,1.984375
12981,-2
12982,0
12983,-0.015625
12984,0.015625
12985,0
12986,-0.015625
12987,0.015625
12988,0.8125
12989,1.390625
12990,1.96875
12991,1.984375
12992,1.984375
12993,0
12994,0.015625
12995,-0.015625
12996,1.984375
12997,-2
12998,0
12999,-0.015625
13000,0.015625
13001,0
13002,-0.015625
13003,0.015625
13004,-2
13005,-2
13006,-2
13007,-2
13008,-2
13009,0
13010,0.015625
13011,-0.015625
13012,1.984375
13013,-2
13014,0
13015,-0.015625
13016,0.015625
13017,0
13018,-0.015625
13019,0.015625
13020,1.984375
13021,1.984375
13022,1.984375
13023,1.984375
13024,1.984375
13025,0
13026,0.015625
13027,-0.015625
13028,1.984375
13029,-2
13030,0
13031,-0.015625
13032,0.015625
13033,0
13034,-0.015625
13035,0.015625
13036,-2
13037,-2
13038,-2
13039,-1.703125
13040,-1.125
13041,0
13042,0.015625
13043,-0.015625
13044,1.984375
13045,-2
13046,0
13047,-0.015625
13048,0.015625
13049,0
13050,-0.015625
13051,0.015625
13052,1.984375
13053,1.984375
13054,1.984375
13055,1.984375
13056,-2
13057,0
13058,0.015625
13059,-0.015625
13060,1.984375
13061,-2
13062,0
13063,-0.015625
13064,0.015625
13065,0
13066,-0.015625
13067,0.015625
13068,-0.9375
13069,-0.359375
13070,0.21875
13071,0.796875
13072,1.375
13073,0
13074,0.015625
13075,-0.015625
13076,1.984375
13077,-2
13078,0
13079,-0.015625
13080,0.015625
13081,0
13082,-0.015625
13083,0.015625
13084,-2
13085,-2
13086,-2
13087,-2
13088,-2
13089,0
13090,0.015625
13091,-0.015625
13092,1.984375
13093,-2
13094,0
13095,-0.015625
13096,0.015625
13097,0
13098,-0.015625
13099,0.015625
13100,1.5625
13101,1.984375
13102,1.984375
13103,1.984375
13104,1.984375
13105,0
13106,0.015625
13107,-0.015625
13108,1.984375
13109,-2
13110,0
13111,-0.015625
13112,0.015625
13113,0
13114,-0.015625
13115,0.015625
13116,-2
13117,-2
13118,-2
13119,-2
13120,-2
13121,0
13122,0.015625
13123,-0.015625
13124,1.984375
13125,-2
13126,0
13127,-0.015625
13128,0.015625
13129,0
13130,-0.015625
13131,0.015625
13132,1.984375
13133,1.984375
13134,1.984375
13135,1.984375
13136,1.984375
13137,0
13138,0.015625
13139,-0.015625
13140,1.984375
13141,-2
13142,0
13143,-0.015625
13144,0.015625
13145,0
13146,-0.015625
13147,0.015625
13148,-2
13149,-2
13150,-1.53125
13151,-0.953125
13152,-0.375
13153,0
13154,0.015625
13155,-0.015625
13156,1.984375
13157,-2
13158,0
13159,-0.015625
13160,0.015625
13161,0
13162,-0.015625
13163,0.015625
13164,1.984375
13165,1.984375
13166,1.984375
13167,-2
13168,-2
13169,0
13170,0.015625
13171,-0.015625
13172,1.984375
13173,-2
13174,0
13175,-0.015625
13176,0.015625
13177,0
13178,-0.015625
13179,0.015625
13180,-0.1875
13181,0.390625
13182,0.96875
13183,1.546875
13184,1.984375
13185,0
13186,0.015625
13187,-0.015625
13188,1.984375
13189,-2
13190,0
13191,-0.015625
13192,0.015625
13193,0
13194,-0.015625
13195,0.015625
13196,-2
13197,-2
13198,-2
13199,-2
13200,-2
13201,0
13202,0.015625
13203,-0.015625
13204,1.984375
13205,-2
13206,0
13207,-0.015625
13208,0.015625
13209,0
13210,-0.015625
13211,0.015625
13212,1.984375
13213,1.984375
13214,1.984375
13215,1.984375
13216,1.984375
13217,0
13218,0.015625
13219,-0.015625
13220,1.984375
13221,-2
13222,0
13223,-0.015625
13224,0.015625
13225,0
13226,-0.015625
13227,0.015625
13228,-2
13229,-2
13230,-2
13231,-2
13232,-2
13233,0
13234,0.015625
13235,-0.015625
13236,1.984375
13237,-2
13238,0
13239,-0.015625
13240,0.015625
13241,0
13242,-0.015625
13243,0.015625
13244,1.984375
13245,1.984375
13246,1.984375
13247,1.984375
13248,1.984375
13249,0
13250,0.015625
13251,-0.015625
13252,1.984375
13253,-2
13254,0
13255,-0.015625
13256,0.015625
13257,0
13258,-0.015625
13259,0.015625
13260,-1.9375
13261,-1.359375
13262,-0.78125
13263,-0.203125
13264,0.375
13265,0
13266,0.015625
13267,-0.015625
13268,1.984375
13269,-2
13270,0
13271,-0.015625
13272,0.015625
13273,0
13274,-0.015625
13275,0.015625
13276,1.984375
13277,1.984375
13278,-2
13279,-2
13280,-2
13281,0
13282,0.015625
13283,-0.015625
13284,1.984375
13285,-2
13286,0
13287,-0.015625
13288,0.015625
13289,0
13290,-0.015625
13291,0.015625
13292,0.5625
13293,1.140625
13294,1.71875
13295,1.984375
13296,1.984375
13297,0
13298,0.015625
13299,-0.015625
13300,1.984375
13301,-2
13302,0
13303,-0.015625
13304,0.015625
13305,0
13306,-0.015625
13307,0.015625
13308,-2
13309,-2
13310,-2
13311,-2
13312,-2
13313,0
13314,0.015625
13315,-0.015625
13316,1.984375
13317,-2
13318,0
13319,-0.015625
13320,0.015625
13321,0
13322,-0.015625
13323,0.015625
13324,1.984375
13325,1.984375
13326,1.984375
13327,1.984375
13328,1.984375
13329,0
13330,0.015625
13331,-0.015625
13332,1.984375
13333,-2
13334,0
13335,-0.015625
13336,0.015625
13337,0
13338,-0.015625
13339,0.015625
13340,-2
13341,-2
13342,-2
13343,-1.953125
13344,-1.375
13345,0
13346,0.015625
13347,-0.015625
13348,1.984375
13349,-2
13350,0
13351,-0.015625
13352,0.015625
13353,0
13354,-0.015625
13355,0.015625
13356,1.984375
13357,1.984375
13358,1.984375
13359,1.984375
13360,1.984375
13361,0
13362,0.015625
13363,-0.015625
13364,1.984375
13365,-2
13366,0
13367,-0.015625
13368,0.015625
13369,0
13370,-0.015625
13371,0.015625
13372,-1.1875
13373,-0.609375
13374,-0.03125
13375,0.546875
13376,1.125
13377,0
13378,0.015625
13379,-0.015625
13380,1.984375
13381,-2
13382,0
13383,-0.015625
13384,0.015625
13385,0
13386,-0.015625
13387,0.015625
13388,-2
13389,-2
13390,-2
13391,-2
13392,-2
13393,0
13394,0.015625
13395,-0.015625
13396,1.984375
13397,-2
13398,0
13399,-0.015625
13400,0.015625
13401,0
13402,-0.015625
13403,0.015625
13404,1.3125
13405,1.890625
13406,1.984375
13407,1.984375
13408,1.984375
13409,0
13410,0.015625
13411,-0.015625
13412,1.984375
13413,-2
13414,0
13415,-0.015625
13416,0.015625
13417,0
13418,-0.015625
13419,0.015625
13420,-2
13421,-2
13422,-2
13423,-2
13424,-2
13425,0
13426,0.015625
13427,-0.015625
13428,1.984375
13429,-2
13430,0
13431,-0.015625
13432,0.015625
13433,0
13434,-0.015625
13435,0.015625
13436,1.984375
13437,1.984375
13438,1.984375
13439,1.984375
13440,1.984375
13441,0
13442,0.015625
13443,-0.015625
13444,1.984375
13445,-2
13446,0
13447,-0.015625
13448,0.015625
13449,0
13450,-0.015625
13451,0.015625
13452,-2
13453,-2
13454,-1.78125
13455,-1.203125
13456,-0.625
13457,0
13458,0.015625
13459,-0.015625
13460,1.984375
13461,-2
13462,0
13463,-0.015625
13464,0.015625
13465,0
13466,-0.015625
13467,0.015625
13468,1.984375
13469,1.984375
13470,1.984375
13471,-2
13472,-2
13473,0
13474,0.015625
13475,-0.015625
13476,1.984375
13477,-2
13478,0
13479,-0.015625
13480,0.015625
13481,0
13482,-0.015625
13483,0.015625
13484,-0.4375
13485,0.140625
13486,0.71875
13487,1.296875
13488,1.875
13489,0
13490,0.015625
13491,-0.015625
13492,1.984375
13493,-2
13494,0
13495,-0.015625
13496,0.015625
13497,0
13498,-0.015625
13499,0.015625
13500,-2
13501,-2
13502,-2
13503,-2
13504,-2
13505,0
13506,0.015625
13507,-0.015625
13508,1.984375
13509,-2
13510,0
13511,-0.015625
13512,0.015625
13513,0
13514,-0.015625
13515,0.015625
13516,1.984375
13517,1.984375
13518,1.984375
13519,1.984375
13520,1.984375
13521,0
13522,0.015625
13523,-0.015625
13524,1.984375
13525,-2
13526,0
13527,-0.015625
13528,0.015625
13529,0
13530,-0.015625
13531,0.015625
13532,-2
13533,-2
13534,-2
13535,-2
13536,-2
13537,0
13538,0.015625
13539,-0.015625
13540,1.984375
13541,-2
13542,0
13543,-0.015625
13544,0.015625
13545,0
13546,-0.015625
13547,0.015625
13548,1.984375
13549,1.984375
13550,1.984375
13551,1.984375
13552,1.984375
13553,0
13554,0.015625
13555,-0.015625
13556,1.984375
13557,-2
13558,0
13559,-0.015625
13560,0.015625
13561,0
13562,-0.015625
13563,0.015625
13564,-2
13565,-1.609375
13566,-1.03125
13567,-0.453125
13568,0.125
13569,0
13570,0.015625
13571,-0.015625
13572,1.984375
13573,-2
13574,0
13575,-0.015625
13576,0.015625
13577,0
13578,-0.015625
13579,0.015625
13580,1.984375
13581,1.984375
13582,-2
13583,-2
13584,-2
13585,0
13586,0.015625
13587,-0.015625
13588,1.984375
13589,-2
13590,0
13591,-0.015625
13592,0.015625
13593,0
13594,-0.015625
13595,0.015625
13596,0.3125
13597,0.890625
13598,1.46875
13599,1.984375
13600,1.984375
13601,0
13602,0.015625
13603,-0.015625
13604,1.984375
13605,-2
13606,0
13607,-0.015625
13608,0.015625
13609,0
13610,-0.015625
13611,0.015625
13612,-2
13613,-2
13614,-2
13615,-2
13616,-2
13617,0
13618,0.015625
13619,-0.015625
13620,1.984375
13621,-2
13622,0
13623,-0.015625
13624,0.015625
13625,0
13626,-0.015625
13627,0.015625
13628,1.984375
13629,1.984375
13630,1.984375
13631,1.984375
13632,1.984375
13633,0
13634,0.015625
13635,-0.015625
13636,1.984375
13637,-2
13638,0
13639,-0.015625
13640,0.015625
13641,0
13642,-0.015625
13643,0.015625
13644,-2
13645,-2
13646,-2
13647,-2
13648,-1.625
13649,0
13650,0.015625
13651,-0.015625
13652,1.984375
13653,-2
13654,0
13655,-0.015625
13656,0.015625
13657,0
13658,-0.015625
13659,0.015625
13660,1.984375
13661,1.984375
13662,1.984375
13663,1.984375
13664,1.984375
13665,0
13666,0.015625
13667,-0.015625
13668,1.984375
13669,-2
13670,0
13671,-0.015625
13672,0.015625
13673,0
13674,-0.015625
13675,0.015625
13676,-1.4375
13677,-0.859375
13678,-0.28125
13679,0.296875
13680,0.875
13681,0
13682,0.015625
13683,-0.015625
13684,1.984375
13685,-2
13686,0
13687,-0.015625
13688,0.015625
13689,0
13690,-0.015625
13691,0.015625
13692,1.984375
13693,-2
13694,-2
13695,-2
13696,-2
13697,0
13698,0.015625
13699,-0.015625
13700,1.984375
13701,-2
13702,0
13703,-0.015625
13704,0.015625
13705,0
13706,-0.015625
13707,0.015625
13708,1.0625
13709,1.640625
13710,1.984375
13711,1.984375
13712,1.984375
13713,0
13714,0.015625
13715,-0.015625
13716,1.984375
13717,-2
13718,0
13719,-0.015625
13720,0.015625
13721,0
13722,-0.015625
13723,0.015625
13724,-2
13725,-2
13726,-2
13727,-2
13728,-2
13729,0
13730,0.015625
13731,-0.015625
13732,1.984375
13733,-2
13734,0
13735,-0.015625
13736,0.015625
13737,0
13738,-0.015625
13739,0.015625
13740,1.984375
13741,1.984375
13742,1.984375
13743,1.984375
13744,1.984375
13745,0
13746,0.015625
13747,-0.015625
13748,1.984375
13749,-2
13750,0
13751,-0.015625
13752,0.015625
13753,0
13754,-0.015625
13755,0.015625
13756,-2
13757,-2
13758,-2
13759,-1.453125
13760,-0.875
13761,0
13762,0.015625
13763,-0.015625
13764,1.984375
13765,-2
13766,0
13767,-0.015625
13768,0.015625
13769,0
13770,-0.015625
13771,0.015625
13772,1.984375
13773,1.984375
13774,1.984375
13775,1.984375
13776,-2
13777,0
13778,0.015625
13779,-0.015625
13780,1.984375
13781,-2
13782,0
13783,-0.015625
13784,0.015625
13785,0
13786,-0.015625
13787,0.015625
13788,-0.6875
13789,-0.109375
13790,0.46875
13791,1.046875
13792,1.625
13793,0
13794,0.015625
13795,-0.015625
13796,1.984375
13797,-2
13798,0
13799,-0.015625
13800,0.015625
13801,0
13802,-0.015625
13803,0.015625
13804,-2
13805,-2
13806,-2
13807,-2
13808,-2
13809,0
13810,0.015625
13811,-0.015625
13812,1.984375
13813,-2
13814,0
13815,-0.015625
13816,0.015625
13817,0
13818,-0.015625
13819,0.015625
13820,1.8125
13821,1.984375
13822,1.984375
13823,1.984375
13824,1.984375
13825,0
13826,0.015625
13827,-0.015625
13828,1.984375
13829,-2
13830,0
13831,-0.015625
13832,0.015625
13833,0
13834,-0.015625
13835,0.015625
13836,-2
13837,-2
13838,-2
13839,-2
13840,-2
13841,0
13842,0.015625
13843,-0.015625
13844,1.984375
13845,-2
13846,0
13847,-0.015625
13848,0.015625
13849,0
13850,-0.015625
13851,0.015625
13852,1.984375
13853,1.984375
13854,1.984375
13855,1.984375
13856,1.984375
13857,0
13858,0.015625
13859,-0.015625
13860,1.984375
13861,-2
13862,0
13863,-0.015625
13864,0.015625
13865,0
13866,-0.015625
13867,0.015625
13868,-2
13869,-1.859375
13870,-1.28125
13871,-0.703125
13872,-0.125
13873,0
13874,0.015625
13875,-0.015625
13876,1.984375
13877,-2
13878,0
13879,-0.015625
13880,0.015625
13881,0
13882,-0.015625
13883,0.015625
13884,1.984375
13885,1.984375
13886,1.984375
13887,-2
13888,-2
13889,0
13890,0.015625
13891,-0.015625
13892,1.984375
13893,-2
13894,0
13895,-0.015625
13896,0.015625
13897,0
13898,-0.015625
13899,0.015625
13900,0.0625
13901,0.640625
13902,1.21875
13903,1.796875
13904,1.984375
13905,0
13906,0.015625
13907,-0.015625
13908,1.984375
13909,-2
13910,0
13911,-0.015625
13912,0.015625
13913,0
13914,-0.015625
13915,0.015625
13916,-2
13917,-2
13918,-2
13919,-2
13920,-2
13921,0
13922,0.015625
13923,-0.015625
13924,1.984375
13925,-2
13926,0
13927,-0.015625
13928,0.015625
13929,0
13930,-0.015625
13931,0.015625
13932,1.984375
13933,1.984375
13934,1.984375
13935,1.984375
13936,1.984375
13937,0
13938,0.015625
13939,-0.015625
13940,1.984375
13941,-2
13942,0
13943,-0.015625
13944,0.015625
13945,0
13946,-0.015625
13947,0.015625
13948,-2
13949,-2
13950,-2
13951,-2
13952,-1.875
13953,0
13954,0.015625
13955,-0.015625
13956,1.984375
13957,-2
13958,0
13959,-0.015625
13960,0.015625
13961,0
13962,-0.015625
13963,0.015625
13964,1.984375
13965,1.984375
13966,1.984375
13967,1.984375
13968,1.984375
13969,0
13970,0.015625
13971,-0.015625
13972,1.984375
13973,-2
13974,0
13975,-0.015625
13976,0.015625
13977,0
13978,-0.015625
13979,0.015625
13980,-1.6875
13981,-1.109375
13982,-0.53125
13983,0.046875
13984,0.625
13985,0
13986,0.015625
13987,-0.015625
13988,1.984375
13989,-2
13990,0
13991,-0.015625
13992,0.015625
13993,0
13994,-0.015625
13995,0.015625
13996,1.984375
13997,-2
13998,-2
13999,-2
14000,-2
14001,0
14002,0.015625
14003,-0.015625
14004,1.984375
14005,-2
14006,0
14007,-0.015625
14008,0.015625
14009,0
14010,-0.015625
14011,0.015625
14012,0.8125
14013,1.390625
14014,1.96875
14015,1.984375
14016,1.984375
14017,0
14018,0.015625
14019,-0.015625
14020,1.984375
14021,-2
14022,0
14023,-0.015625
14024,0.015625
14025,0
14026,-0.015625
14027,0.015625
14028,-2
14029,-2
14030,-2
14031,-2
14032,-2
14033,0
14034,0.015625
14035,-0.015625
14036,1.984375
14037,-2
14038,0
14039,-0.015625
14040,0.015625
14041,0
14042,-0.015625
14043,0.015625
14044,1.984375
14045,1.984375
14046,1.984375
14047,1.984375
14048,1.984375
14049,0
14050,0.015625
14051,-0.015625
14052,1.984375
14053,-2
14054,0
14055,-0.015625
14056,0.015625
14057,0
14058,-0.015625
14059,0.015625
14060,-2
14061,-2
14062,-2
14063,-1.703125
14064,-1.125
14065,0
14066,0.015625
14067,-0.015625
14068,1.984375
14069,-2
14070,0
14071,-0.015625
14072,0.015625
14073,0
14074,-0.015625
14075,0.015625
14076,1.984375
14077,1.984375
14078,1.984375
14079,1.984375
14080,-2
14081,0
14082,0.015625
14083,-0.015625
14084,1.984375
14085,-2
14086,0
14087,-0.015625
14088,0.015625
14089,0
14090,-0.015625
14091,0.015625
14092,-0.9375
14093,-0.359375
14094,0.21875
14095,0.796875
14096,1.375
14097,0
14098,0.015625
14099,-0.015625
14100,1.984375
14101,-2
14102,0
14103,-0.015625
14104,0.015625
14105,0
14106,-0.015625
14107,0.015625
14108,-2
14109,-2
14110,-2
14111,-2
14112,-2
14113,0
14114,0.015625
14115,-0.015625
14116,1.984375
14117,-2
14118,0
14119,-0.015625
14120,0.015625
14121,0
14122,-0.015625
14123,0.015625
14124,1.5625
14125,1.984375
14126,1.984375
14127,1.984375
14128,1.984375
14129,0
14130,0.015625
14131,-0.015625
14132,1.984375
14133,-2
14134,0
14135,-0.015625
14136,0.015625
14137,0
14138,-0.015625
14139,0.015625
14140,-2
14141,-2
14142,-2
14143,-2
14144,-2
14145,0
14146,0.015625
14147,-0.015625
14148,1.984375
14149,-2
14150,0
14151,-0.015625
14152,0.015625
14153,0
14154,-0.015625
14155,0.015625
14156,1.984375
14157,1.984375
14158,1.984375
14159,1.984375
14160,1.984375
14161,0
14162,0.015625
14163,-0.015625
14164,1.984375
14165,-2
14166,0
14167,-0.015625
14168,0.015625
14169,0
14170,-0.015625
14171,0.015625
14172,-2
14173,-2
14174,-1.53125
14175,-0.953125
14176,-0.375
14177,0
14178,0.015625
14179,-0.015625
14180,1.984375
14181,-2
14182,0
14183,-0.015625
14184,0.015625
14185,0
14186,-0.015625
14187,0.015625
14188,1.984375
14189,1.984375
14190,1.984375
14191,-2
14192,-2
14193,0
14194,0.015625
14195,-0.015625
14196,1.984375
14197,-2
14198,0
14199,-0.015625
14200,0.015625
14201,0
14202,-0.015625
14203,0.015625
14204,-0.1875
14205,0.390625
14206,0.96875
14207,1.546875
14208,1.984375
14209,0
14210,0.015625
14211,-0.015625
14212,1.984375
14213,-2
14214,0
14215,-0.015625
14216,0.015625
14217,0
14218,-0.015625
14219,0.015625
14220,-2
14221,-2
14222,-2
14223,-2
14224,-2
14225,0
14226,0.015625
14227,-0.015625
14228,1.984375
14229,-2
14230,0
14231,-0.015625
14232,0.015625
14233,0
14234,-0.015625
14235,0.015625
14236,1.984375
14237,1.984375
14238,1.984375
14239,1.984375
14240,1.984375
14241,0
14242,0.015625
14243,-0.015625
14244,1.984375
14245,-2
14246,0
14247,-0.015625
14248,0.015625
14249,0
14250,-0.015625
14251,0.015625
14252,-2
14253,-2
14254,-2
14255,-2
14256,-2
14257,0
14258,0.015625
14259,-0.015625
14260,1.984375
14261,-2
14262,0
14263,-0.015625
14264,0.015625
14265,0
14266,-0.015625
14267,0.015625
14268,1.984375
14269,1.984375
14270,1.984375
14271,1.984375
14272,1.984375
14273,0
14274,0.015625
14275,-0.015625
14276,1.984375
14277,-2
14278,0
14279,-0.015625
14280,0.015625
14281,0
14282,-0.015625
14283,0.015625
14284,-1.9375
14285,-1.359375
14286,-0.78125
14287,-0.203125
14288,0.375
14289,0
14290,0.015625
14291,-0.015625
14292,1.984375
14293,-2
14294,0
14295,-0.015625
14296,0.015625
14297,0
14298,-0.015625
14299,0.015625
14300,1.984375
14301,1.984375
14302,-2
14303,-2
14304,-2
14305,0
14306,0.015625
14307,-0.015625
14308,1.984375
14309,-2
14310,0
14311,-0.015625
14312,0.015625
14313,0
14314,-0.015625
14315,0.015625
14316,0.5625
14317,1.140625
14318,1.71875
14319,1.984375
14320,1.984375
14321,0
14322,0.015625
14323,-0.015625
14324,1.984375
14325,-2
14326,0
14327,-0.015625
14328,0.015625
14329,0
14330,-0.015625
14331,0.015625
14332,-2
14333,-2
14334,-2
14335,-2
14336,-2
14337,0
14338,0.015625
14339,-0.015625
14340,1.984375
14341,-2
14342,0
14343,-0.015625
14344,0.015625
14345,0
14346,-0.015625
14347,0.015625
14348,1.984375
14349,1.984375
14350,1.984375
14351,1.984375
14352,1.984375
14353,0
14354,0.015625
14355,-0.015625
14356,1.984375
14357,-2
14358,0
14359,-0.015625
14360,0.015625
14361,0
14362,-0.015625
14363,0.015625
14364,-2
14365,-2
14366,-2
14367,-1.953125
14368,-1.375
14369,0
14370,0.015625
14371,-0.015625
14372,1.984375
14373,-2
14374,0
14375,-0.015625
14376,0.015625
14377,0
14378,-0.015625
14379,0.015625
14380,1.984375
14381,1.984375
14382,1.984375
14383,1.984375
14384,1.984375
14385,0
14386,0.015625
14387,-0.015625
14388,1.984375
14389,-2
14390,0
14391,-0.015625
14392,0.015625
14393,0
14394,-0.015625
14395,0.015625
14396,-1.1875
14397,-0.609375
14398,-0.03125
14399,0.546875
14400,1.125
14401,0
14402,0.015625
14403,-0.015625
14404,1.984375
14405,-2
14406,0
14407,-0.015625
14408,0.015625
14409,0
14410,-0.015625
14411,0.015625
14412,-2
14413,-2
14414,-2
14415,-2
14416,-2
14417,0
14418,0.015625
14419,-0.015625
14420,1.984375
14421,-2
14422,0
14423,-0.015625
14424,0.015625
14425,0
14426,-0.015625
14427,0.015625
14428,1.3125
14429,1.890625
14430,1.984375
14431,1.984375
14432,1.984375
14433,0
14434,0.015625
14435,-0.015625
14436,1.984375
14437,-2
14438,0
14439,-0.015625
14440,0.015625
14441,0
14442,-0.015625
14443,0.015625
14444,-2
14445,-2
14446,-2
14447,-2
14448,-2
14449,0
14450,0.015625
14451,-0.015625
14452,1.984375
14453,-2
14454,0
14455,-0.015625
14456,0.015625
14457,0
14458,-0.015625
14459,0.015625
14460,1.984375
14461,1.984375
14462,1.984375
14463,1.984375
14464,1.984375
14465,0
14466,0.015625
14467,-0.015625
14468,1.984375
14469,-2
14470,0
14471,-0.015625
14472,0.015625
14473,0
14474,-0.015625
14475,0.015625
14476,-2
14477,-2
14478,-1.78125
14479,-1.203125
14480,-0.625
14481,0
14482,0.015625
14483,-0.015625
14484,1.984375
14485,-2
14486,0
14487,-0.015625
14488,0.015625
14489,0
14490,-0.015625
14491,0.015625
14492,1.984375
14493,1.984375
14494,1.984375
14495,-2
14496,-2
14497,0
14498,0.015625
14499,-0.015625
14500,1.984375
14501,-2
14502,0
14503,-0.015625
14504,0.015625
14505,0
14506,-0.015625
14507,0.015625
14508,-0.4375
14509,0.140625
14510,0.71875
14511,1.296875
14512,1.875
14513,0
14514,0.015625
14515,-0.015625
14516,1.984375
14517,-2
14518,0
14519,-0.015625
14520,0.015625
14521,0
14522,-0.015625
14523,0.015625
14524,-2
14525,-2
14526,-2
14527,-2
14528,-2
14529,0
14530,0.015625
14531,-0.015625
14532,1.984375
14533,-2
14534,0
14535,-0.015625
14536,0.015625
14537,0
14538,-0.015625
14539,0.015625
14540,1.984375
14541,1.984375
14542,1.984375
14543,1.984375
14544,1.984375
14545,0
14546,0.015625
14547,-0.015625
14548,1.984375
14549,-2
14550,0
14551,-0.015625
14552,0.015625
14553,0
14554,-0.015625
14555,0.015625
14556,-2
14557,-2
14558,-2
14559,-2
14560,-2
14561,0
14562,0.015625
14563,-0.015625
14564,1.984375
14565,-2
14566,0
14567,-0.015625
14568,0.015625
14569,0
14570,-0.015625
14571,0.015625
14572,1.984375
14573,1.984375
14574,1.984375
14575,1.984375
14576,1.984375
14577,0
14578,0.015625
14579,-0.015625
14580,1.984375
14581,-2
14582,0
14583,-0.015625
14584,0.015625
14585,0
14586,-0.015625
14587,0.015625
14588,-2
14589,-1.609375
14590,-1.03125
14591,-0.453125
14592,0.125
14593,0
14594,0.015625
14595,-0.015625
14596,1.984375
14597,-2
14598,0
14599,-0.015625
14600,0.015625
14601,0
14602,-0.015625
14603,0.015625
14604,1.984375
14605,1.984375
14606,-2
14607,-2
14608,-2
14609,0
14610,0.015625
14611,-0.015625
14612,1.984375
14613,-2
14614,0
14615,-0.015625
14616,0.015625
14617,0
14618,-0.015625
14619,0.015625
14620,0.3125
14621,0.890625
14622,1.46875
14623,1.984375
14624,1.984375
14625,0
14626,0.015625
14627,-0.015625
14628,1.984375
14629,-2
14630,0
14631,-0.015625
14632,0.015625
14633,0
14634,-0.015625
14635,0.015625
14636,-2
14637,-2
14638,-2
14639,-2
14640,-2
14641,0
14642,0.015625
14643,-0.015625
14644,1.984375
14645,-2
14646,0
14647,-0.015625
14648,0.015625
14649,0
14650,-0.015625
14651,0.015625
14652,1.984375
14653,1.984375
14654,1.984375
14655,1.984375
14656,1.984375
14657,0
14658,0.015625
14659,-0.015625
14660,1.984375
14661,-2
14662,0
14663,-0.015625
14664,0.015625
14665,0
14666,-0.015625
14667,0.015625
14668,-2
14669,-2
14670,-2
14671,-2
14672,-1.625
14673,0
14674,0.015625
14675,-0.015625
14676,1.984375
14677,-2
14678,0
14679,-0.015625
14680,0.015625
14681,0
14682,-0.015625
14683,0.015625
14684,1.984375
14685,1.984375
14686,1.984375
14687,1.984375
14688,1.984375
14689,0
14690,0.015625
14691,-0.015625
14692,1.984375
14693,-2
14694,0
14695,-0.015625
14696,0.015625
14697,0
14698,-0.015625
14699,0.015625
14700,-1.4375
14701,-0.859375
14702,-0.28125
14703,0.296875
14704,0.875
14705,0
14706,0.015625
14707,-0.015625
14708,1.984375
14709,-2
14710,0
14711,-0.015625
14712,0.015625
14713,0
14714,-0.015625
14715,0.015625
14716,1.984375
14717,-2
14718,-2
14719,-2
14720,-2
14721,0
14722,0.015625
14723,-0.015625
14724,1.984375
14725,-2
14726,0
14727,-0.015625
14728,0.015625
14729,0
14730,-0.015625
14731,0.015625
14732,1.0625
14733,1.640625
14734,1.984375
14735,1.984375
14736,1.984375
14737,0
14738,0.015625
14739,-0.015625
14740,1.984375
14741,-2
14742,0
14743,-0.015625
14744,0.015625
14745,0
14746,-0.015625
14747,0.015625
14748,-2
14749,-2
14750,-2
14751,-2
14752,-2
14753,0
14754,0.015625
14755,-0.015625
14756,1.984375
14757,-2
14758,0
14759,-0.015625
14760,0.015625
14761,0
14762,-0.015625
14763,0.015625
14764,1.984375
14765,1.984375
14766,1.984375
14767,1.984375
14768,1.984375
14769,0
14770,0.015625
14771,-0.015625
14772,1.984375
14773,-2
14774,0
14775,-0.015625
14776,0.015625
14777,0
14778,-0.015625
14779,0.015625
14780,-2
14781,-2
14782,-2
14783,-1.453125
14784,-0.875
14785,0
14786,0.015625
14787,-0.015625
14788,1.984375
14789,-2
14790,0
14791,-0.015625
14792,0.015625
14793,0
14794,-0.015625
14795,0.015625
14796,1.984375
14797,1.984375
14798,1.984375
14799,1.984375
14800,-2
14801,0
14802,0.015625
14803,-0.015625
14804,1.984375
14805,-2
14806,0
14807,-0.015625
14808,0.015625
14809,0
14810,-0.015625
14811,0.015625
14812,-0.6875
14813,-0.109375
14814,0.46875
14815,1.046875
14816,1.625
14817,0
14818,0.015625
14819,-0.015625
14820,1.984375
14821,-2
14822,0
14823,-0.015625
14824,0.015625
14825,0
14826,-0.015625
14827,0.015625
14828,-2
14829,-2
14830,-2
14831,-2
14832,-2
14833,0
14834,0.015625
14835,-0.015625
14836,1.984375
14837,-2
14838,0
14839,-0.015625
14840,0.015625
14841,0
14842,-0.015625
14843,0.015625
14844,1.8125
14845,1.984375
14846,1.984375
14847,1.984375
14848,1.984375
14849,0
14850,0.015625
14851,-0.015625
14852,1.984375
14853,-2
14854,0
14855,-0.015625
14856,0.015625
14857,0
14858,-0.015625
14859,0.015625
14860,-2
14861,-2
14862,-2
14863,-2
14864,-2
14865,0
14866,0.015625
14867,-0.015625
14868,1.984375
14869,-2
14870,0
14871,-0.015625
14872,0.015625
14873,0
14874,-0.015625
14875,0.015625
14876,1.984375
14877,1.984375
14878,1.984375
14879,1.984375
14880,1.984375
14881,0
14882,0.015625
14883,-0.015625
14884,1.984375
14885,-2
14886,0
14887,-0.015625
14888,0.015625
14889,0
14890,-0.015625
14891,0.015625
14892,-2
14893,-1.859375
14894,-1.28125
14895,-0.703125
14896,-0.125
14897,0
14898,0.015625
14899,-0.015625
14900,1.984375
14901,-2
14902,0
14903,-0.015625
14904,0.015625
14905,0
14906,-0.015625
14907,0.015625
14908,1.984375
14909,1.984375
14910,1.984375
14911,-2
14912,-2
14913,0
14914,0.015625
14915,-0.015625
14916,1.984375
14917,-2
14918,0
14919,-0.015625
14920,0.015625
14921,0
14922,-0.015625
14923,0.015625
14924,0.0625
14925,0.640625
14926,1.21875
14927,1.796875
14928,1.984375
14929,0
14930,0.015625
14931,-0.015625
14932,1.984375
14933,-2
14934,0
14935,-0.015625
14936,0.015625
14937,0
14938,-0.015625
14939,0.015625
14940,-2
14941,-2
14942,-2
14943,-2
14944,-2
14945,0
14946,0.015625
14947,-0.015625
14948,1.984375
14949,-2
14950,0
14951,-0.015625
14952,0.015625
14953,0
14954,-0.015625
14955,0.015625
14956,1.984375
14957,1.984375
14958,1.984375
14959,1.984375
14960,1.984375
14961,0
14962,0.015625
14963,-0.015625
14964,1.984375
14965,-2
14966,0
14967,-0.015625
14968,0.015625
14969,0
14970,-0.015625
14971,0.015625
14972,-2
14973,-2
14974,-2
14975,-2
14976,-1.875
14977,0
14978,0.015625
14979,-0.015625
14980,1.984375
14981,-2
14982,0
14983,-0.015625
14984,0.015625
14985,0
14986,-0.015625
14987,0.015625
14988,1.984375
14989,1.984375
14990,1.984375
14991,1.984375
14992,1.984375
14993,0
14994,0.015625
14995,-0.015625
14996,1.984375
14997,-2
14998,0
14999,-0.015625
15000,0.015625
15001,0
15002,-0.015625
15003,0.015625
15004,-1.6875
15005,-1.109375
15006,-0.53125
15007,0.046875
15008,0.625
15009,0
15010,0.015625
15011,-0.015625
15012,1.984375
15013,-2
15014,0
15015,-0.015625
15016,0.015625
15017,0
15018,-0.015625
15019,0.015625
15020,1.984375
15021,-2
15022,-2
15023,-2
15024,-2
15025,0
15026,0.015625
15027,-0.015625
15028,1.984375
15029,-2
15030,0
15031,-0.015625
15032,0.015625
15033,0
15034,-0.015625
15035,0.015625
15036,0.8125
15037,1.390625
15038,1.96875
15039,1.984375
15040,1.984375
15041,0
15042,0.015625
15043,-0.015625
15044,1.984375
15045,-2
15046,0
15047,-0.015625
15048,0.015625
15049,0
15050,-0.015625
15051,0.015625
15052,-2
15053,-2
15054,-2
15055,-2
15056,-2
15057,0
15058,0.015625
15059,-0.015625
15060,1.984375
15061,-2
15062,0
15063,-0.015625
15064,0.015625
15065,0
15066,-0.015625
15067,0.015625
15068,1.984375
15069,1.984375
15070,1.984375
15071,1.984375
15072,1.984375
15073,0
15074,0.015625
15075,-0.015625
15076,1.984375
15077,-2
15078,0
15079,-0.015625
15080,0.015625
15081,0
15082,-0.015625
15083,0.015625
15084,-2
15085,-2
15086,-2
15087,-1.703125
15088,-1.125
15089,0
15090,0.015625
15091,-0.015625
15092,1.984375
15093,-2
15094,0
15095,-0.015625
15096,0.015625
15097,0
15098,-0.015625
15099,0.015625
15100,1.984375
15101,1.984375
15102,1.984375
15103,1.984375
15104,-2
15105,0
15106,0.015625
15107,-0.015625
15108,1.984375
15109,-2
15110,0
15111,-0.015625
15112,0.015625
15113,0
15114,-0.015625
15115,0.015625
15116,-0.9375
15117,-0.359375
15118,0.21875
15119,0.796875
15120,1.375
15121,0
15122,0.015625
15123,-0.015625
15124,1.984375
15125,-2
15126,0
15127,-0.015625
15128,0.015625
15129,0
15130,-0.015625
15131,0.015625
15132,-2
15133,-2
15134,-2
15135,-2
15136,-2
15137,0
15138,0.015625
15139,-0.015625
15140,1.984375
15141,-2
15142,0
15143,-0.015625
15144,0.015625
15145,0
15146,-0.015625
15147,0.015625
15148,1.5625
15149,1.984375
15150,1.984375
15151,1.984375
15152,1.984375
15153,0
15154,0.015625
15155,-0.015625
15156,1.984375
15157,-2
15158,0
15159,-0.015625
15160,0.015625
15161,0
15162,-0.015625
15163,0.015625
15164,-2
15165,-2
15166,-2
15167,-2
15168,-2
15169,0
15170,0.015625
15171,-0.015625
15172,1.984375
15173,-2
15174,0
15175,-0.015625
15176,0.015625
15177,0
15178,-0.015625
15179,0.015625
15180,1.984375
15181,1.984375
15182,1.984375
15183,1.984375
15184,1.984375
15185,0
15186,0.015625
15187,-0.015625
15188,1.984375
15189,-2
15190,0
15191,-0.015625
15192,0.015625
15193,0
15194,-0.015625
15195,0.015625
15196,-2
15197,-2
15198,-1.53125
15199,-0.953125
15200,-0.375
15201,0
15202,0.015625
15203,-0.015625
15204,1.984375
15205,-2
15206,0
15207,-0.015625
15208,0.015625
15209,0
15210,-0.015625
15211,0.015625
15212,1.984375
15213,1.984375
15214,1.984375
15215,-2
15216,-2
15217,0
15218,0.015625
15219,-0.015625
15220,1.984375
15221,-2
15222,0
15223,-0.015625
15224,0.015625
15225,0
15226,-0.015625
15227,0.015625
15228,-0.1875
15229,0.390625
15230,0.96875
15231,1.546875
15232,1.984375
15233,0
15234,0.015625
15235,-0.015625
15236,1.984375
15237,-2
15238,0
15239,-0.015625
15240,0.015625
15241,0
15242,-0.015625
15243,0.015625
15244,-2
15245,-2
15246,-2
15247,-2
15248,-2
15249,0
15250,0.015625
15251,-0.015625
15252,1.984375
15253,-2
15254,0
15255,-0.015625
15256,0.015625
15257,0
15258,-0.015625
15259,0.015625
15260,1.984375
15261,1.984375
15262,1.984375
15263,1.984375
15264,1.984375
15265,0
15266,0.015625
15267,-0.015625
15268,1.984375
15269,-2
15270,0
15271,-0.015625
15272,0.015625
15273,0
15274,-0.015625
15275,0.015625
15276,-2
15277,-2
15278,-2
15279,-2
15280,-2
15281,0
15282,0.015625
15283,-0.015625
15284,1.984375
15285,-2
15286,0
15287,-0.015625
15288,0.015625
15289,0
15290,-0.015625
15291,0.015625
15292,1.984375
15293,1.984375
15294,1.984375
15295,1.984375
15296,1.984375
15297,0
15298,0.015625
15299,-0.015625
15300,1.984375
15301,-2
15302,0
15303,-0.015625
15304,0.015625
15305,0
15306,-0.015625
15307,0.015625
15308,-1.9375
15309,-1.359375
15310,-0.78125
15311,-0.203125
15312,0.375
15313,0
15314,0.015625
15315,-0.015625
15316,1.984375
15317,-2
15318,0
15319,-0.015625
15320,0.015625
15321,0
15322,-0.015625
15323,0.015625
15324,1.984375
15325,1.984375
15326,-2
15327,-2
15328,-2
15329,0
15330,0.015625
15331,-0.015625
15332,1.984375
15333,-2
15334,0
15335,-0.015625
15336,0.015625
15337,0
15338,-0.015625
15339,0.015625
15340,0.5625
15341,1.140625
15342,1.71875
15343,1.984375
15344,1.984375
15345,0
15346,0.015625
15347,-0.015625
15348,1.984375
15349,-2
15350,0
15351,-0.015625
15352,0.015625
15353,0
15354,-0.015625
15355,0.015625
15356,-2
15357,-2
15358,-2
15359,-2
15360,-2
15361,0
15362,0.015625
15363,-0.015625
15364,1.984375
15365,-2
15366,0
15367,-0.015625
15368,0.015625
15369,0
15370,-0.015625
15371,0.015625
15372,1.984375
15373,1.984375
15374,1.984375
15375,1.984375
15376,1.984375
15377,0
15378,0.015625
15379,-0.015625
15380,1.984375
15381,-2
15382,0
15383,-0.015625
15384,0.015625
15385,0
15386,-0.015625
15387,0.015625
15388,-2
15389,-2
15390,-2
15391,-1.953125
15392,-1.375
15393,0
15394,0.015625
15395,-0.015625
15396,1.984375
15397,-2
15398,0
15399,-0.015625
15400,0.015625
15401,0
15402,-0.015625
15403,0.015625
15404,1.984375
15405,1.984375
15406,1.984375
15407,1.984375
15408,1.984375
15409,0
15410,0.015625
15411,-0.015625
15412,1.984375
15413,-2
15414,0
15415,-0.015625
15416,0.015625
15417,0
15418,-0.015625
15419,0.015625
15420,-1.1875
15421,-0.609375
15422,-0.03125
15423,0.546875
15424,1.125
15425,0
15426,0.015625
15427,-0.015625
15428,1.984375
15429,-2
15430,0
15431,-0.015625
15432,0.015625
15433,0
15434,-0.015625
15435,0.015625
15436,-2
15437,-2
15438,-2
15439,-2
15440,-2
15441,0
15442,0.015625
15443,-0.015625
15444,1.984375
15445,-2
15446,0
15447,-0.015625
15448,0.015625
15449,0
15450,-0.015625
15451,0.015625
15452,1.3125
15453,1.890625
15454,1.984375
15455,1.984375
15456,1.984375
15457,0
15458,0.015625
15459,-0.015625
15460,1.984375
15461,-2
15462,0
15463,-0.015625
15464,0.015625
15465,0
15466,-0.015625
15467,0.015625
15468,-2
15469,-2
15470,-2
15471,-2
15472,-2
15473,0
15474,0.015625
15475,-0.015625
15476,1.984375
15477,-2
15478,0
15479,-0.015625
15480,0.015625
15481,0
15482,-0.015625
15483,0.015625
15484,1.984375
15485,1.984375
15486,1.984375
15487,1.984375
15488,1.984375
15489,0
15490,0.015625
15491,-0.015625
15492,1.984375
15493,-2
15494,0
15495,-0.015625
15496,0.015625
15497,0
15498,-0.015625
15499,0.015625
15500,-2
15501,-2
15502,-1.78125
15503,-1.203125
15504,-0.625
15505,0
15506,0.015625
15507,-0.015625
15508,1.984375
15509,-2
15510,0
15511,-0.015625
15512,0.015625
15513,0
15514,-0.015625
15515,0.015625
15516,1.984375
15517,1.984375
15518,1.984375
15519,-2
15520,-2
15521,0
15522,0.015625
15523,-0.015625
15524,1.984375
15525,-2
15526,0
15527,-0.015625
15528,0.015625
15529,0
15530,-0.015625
15531,0.015625
15532,-0.4375
15533,0.140625
15534,0.71875
15535,1.296875
15536,1.875
15537,0
15538,0.015625
15539,-0.015625
15540,1.984375
15541,-2
15542,0
15543,-0.015625
15544,0.015625
15545,0
15546,-0.015625
15547,0.015625
15548,-2
15549,-2
15550,-2
15551,-2
15552,-2
15553,0
15554,0.015625
15555,-0.015625
15556,1.984375
15557,-2
15558,0
15559,-0.015625
15560,0.015625
15561,0
15562,-0.015625
15563,0.015625
15564,1.984375
15565,1.984375
15566,1.984375
15567,1.984375
15568,1.984375
15569,0
15570,0.015625
15571,-0.015625
15572,1.984375
15573,-2
15574,0
15575,-0.015625
15576,0.015625
15577,0
15578,-0.015625
15579,0.015625
15580,-2
15581,-2
15582,-2
15583,-2
15584,-2
15585,0
15586,0.015625
15587,-0.015625
15588,1.984375
15589,-2
15590,0
15591,-0.015625
15592,0.015625
15593,0
15594,-0.015625
15595,0.015625
15596,1.984375
15597,1.984375
15598,1.984375
15599,1.984375
15600,1.984375
15601,0
15602,0.015625
15603,-0.015625
15604,1.984375
15605,-2
15606,0
15607,-0.015625
15608,0.015625
15609,0
15610,-0.015625
15611,0.015625
15612,-2
15613,-1.609375
15614,-1.03125
15615,-0.453125
15616,0.125
15617,0
15618,0.015625
15619,-0.015625
15620,1.984375
15621,-2
15622,0
15623,-0.015625
15624,0.015625
15625,0
15626,-0.015625
15627,0.015625
15628,1.984375
15629,1.984375
15630,-2
15631,-2
15632,-2
15633,0
15634,0.015625
15635,-0.015625
15636,1.984375
15637,-2
15638,0
15639,-0.015625
15640,0.015625
15641,0
15642,-0.015625
15643,0.015625
15644,0.3125
15645,0.890625
15646,1.46875
15647,1.984375
15648,1.984375
15649,0
15650,0.015625
15651,-0.015625
15652,1.984375
15653,-2
15654,0
15655,-0.015625
15656,0.015625
15657,0
15658,-0.015625
15659,0.015625
15660,-2
15661,-2
15662,-2
15663,-2
15664,-2
15665,0
15666,0.015625
15667,-0.015625
15668,1.984375
15669,-2
15670,0
15671,-0.015625
15672,0.015625
15673,0
15674,-0.015625
15675,0.015625
15676,1.984375
15677,1.984375
15678,1.984375
15679,1.984375
15680,1.984375
15681,0
15682,0.015625
15683,-0.015625
15684,1.984375
15685,-2
15686,0
15687,-0.015625
15688,0.015625
15689,0
15690,-0.015625
15691,0.015625
15692,-2
15693,-2
15694,-2
15695,-2
15696,-1.625
15697,0
15698,0.015625
15699,-0.015625
15700,1.984375
15701,-2
15702,0
15703,-0.015625
15704,0.015625
15705,0
15706,-0.015625
15707,0.015625
15708,1.984375
15709,1.984375
15710,1.984375
15711,1.984375
15712,1.984375
15713,0
15714,0.015625
15715,-0.015625
15716,1.984375
15717,-2
15718,0
15719,-0.015625
15720,0.015625
15721,0
15722,-0.015625
15723,0.015625
15724,-1.4375
15725,-0.859375
15726,-0.28125
15727,0.296875
15728,0.875
15729,0
15730,0.015625
15731,-0.015625
15732,1.984375
15733,-2
15734,0
15735,-0.015625
15736,0.015625
15737,0
15738,-0.015625
15739,0.015625
15740,1.984375
15741,-2
15742,-2
15743,-2
15744,-2
15745,0
15746,0.015625
15747,-0.015625
15748,1.984375
15749,-2
15750,0
15751,-0.015625
15752,0.015625
15753,0
15754,-0.015625
15755,0.015625
15756,1.0625
15757,1.640625
15758,1.984375
15759,1.984375
15760,1.984375
15761,0
15762,0.015625
15763,-0.015625
15764,1.984375
15765,-2
15766,0
15767,-0.015625
15768,0.015625
15769,0
15770,-0.015625
15771,0.015625
15772,-2
15773,-2
15774,-2
15775,-2
15776,-2
15777,0
15778,0.015625
15779,-0.015625
15780,1.984375
15781,-2
15782,0
15783,-0.015625
15784,0.015625
15785,0
15786,-0.015625
15787,0.015625
15788,1.984375
15789,1.984375
15790,1.984375
15791,1.984375
15792,1.984375
15793,0
15794,0.015625
15795,-0.015625
15796,1.984375
15797,-2
15798,0
15799,-0.015625
15800,0.015625
15801,0
15802,-0.015625
15803,0.015625
15804,-2
15805,-2
15806,-2
15807,-1.453125
15808,-0.875
15809,0
15810,0.015625
15811,-0.015625
15812,1.984375
15813,-2
15814,0
15815,-0.015625
15816,0.015625
15817,0
15818,-0.015625
15819,0.015625
15820,1.984375
15821,1.984375
15822,1.984375
15823,1.984375
15824,-2
15825,0
15826,0.015625
15827,-0.015625
15828,1.984375
15829,-2
15830,0
15831,-0.015625
15832,0.015625
15833,0
15834,-0.015625
15835,0.015625
15836,-0.6875
15837,-0.109375
15838,0.46875
15839,1.046875
15840,1.625
15841,0
15842,0.015625
15843,-0.015625
15844,1.984375
15845,-2
15846,0
15847,-0.015625
15848,0.015625
15849,0
15850,-0.015625
15851,0.015625
15852,-2
15853,-2
15854,-2
15855,-2
15856,-2
15857,0
15858,0.015625
15859,-0.015625
15860,1.984375
15861,-2
15862,0
15863,-0.015625
15864,0.015625
15865,0
15866,-0.015625
15867,0.015625
15868,1.8125
15869,1.984375
15870,1.984375
15871,1.984375
15872,1.984375
15873,0
15874,0.015625
15875,-0.015625
15876,1.984375
15877,-2
15878,0
15879,-0.015625
15880,0.015625
15881,0
15882,-0.015625
15883,0.015625
15884,-2
15885,-2
15886,-2
15887,-2
15888,-2
15889,0
15890,0.015625
15891,-0.015625
15892,1.984375
15893,-2
15894,0
15895,-0.015625
15896,0.015625
15897,0
15898,-0.015625
15899,0.015625
15900,1.984375
15901,1.984375
15902,1.984375
15903,1.984375
15904,1.984375
15905,0
15906,0.015625
15907,-0.015625
15908,1.984375
15909,-2
15910,0
15911,-0.015625
15912,0.015625
15913,0
15914,-0.015625
15915,0.015625
15916,-2
15917,-1.859375
15918,-1.28125
15919,-0.703125
15920,-0.125
15921,0
15922,0.015625
15923,-0.015625
15924,1.984375
15925,-2
15926,0
15927,-0.015625
15928,0.015625
15929,0
15930,-0.015625
15931,0.015625
15932,1.984375
15933,1.984375
15934,1.984375
15935,-2
15936,-2
15937,0
15938,0.015625
15939,-0.015625
15940,1.984375
15941,-2
15942,0
15943,-0.015625
15944,0.015625
15945,0
15946,-0.015625
15947,0.015625
15948,0.0625
15949,0.640625
15950,1.21875
15951,1.796875
15952,1.984375
15953,0
15954,0.015625
15955,-0.015625
15956,1.984375
15957,-2
15958,0
15959,-0.015625
15960,0.015625
15961,0
15962,-0.015625
15963,0.015625
15964,-2
15965,-2
15966,-2
15967,-2
15968,-2
15969,0
15970,0.015625
15971,-0.015625
15972,1.984375
15973,-2
15974,0
15975,-0.015625
15976,0.015625
15977,0
15978,-0.015625
15979,0.015625
15980,1.984375
15981,1.984375
15982,1.984375
15983,1.984375
15984,1.984375
15985,0
15986,0.015625
15987,-0.015625
15988,1.984375
15989,-2
15990,0
15991,-0.015625
15992,0.015625
15993,0
15994,-0.015625
15995,0.015625
15996,-2
15997,-2
15998,-2
15999,-2
16000,-1.875
16001,0
16002,0.015625
16003,-0.015625
16004,1.984375
16005,-2
16006,0
16007,-0.015625
16008,0.015625
16009,0
16010,-0.015625
16011,0.015625
16012,1.984375
16013,1.984375
16014,1.984375
16015,1.984375
16016,1.984375
16017,0
16018,0.015625
16019,-0.015625
16020,1.984375
16021,-2
16022,0
16023,-0.015625
16024,0.015625
16025,0
16026,-0.015625
16027,0.015625
16028,-1.6875
16029,-1.109375
16030,-0.53125
16031,0.046875
16032,0.625
16033,0
16034,0.015625
16035,-0.015625
16036,1.984375
16037,-2
16038,0
16039,-0.015625
16040,0.015625
16041,0
16042,-0.015625
16043,0.015625
16044,1.984375
16045,-2
16046,-2
16047,-2
16048,-2
16049,0
16050,0.015625
16051,-0.015625
16052,1.984375
16053,-2
16054,0
16055,-0.015625
16056,0.015625
16057,0
16058,-0.015625
16059,0.015625
16060,0.8125
16061,1.390625
16062,1.96875
16063,1.984375
16064,1.984375
16065,0
16066,0.015625
16067,-0.015625
16068,1.984375
16069,-2
16070,0
16071,-0.015625
16072,0.015625
16073,0
16074,-0.015625
16075,0.015625
16076,-2
16077,-2
16078,-2
16079,-2
16080,-2
16081,0
16082,0.015625
16083,-0.015625
16084,1.984375
16085,-2
16086,0
16087,-0.015625
16088,0.015625
16089,0
16090,-0.015625
16091,0.015625
16092,1.984375
16093,1.984375
16094,1.984375
16095,1.984375
16096,1.984375
16097,0
16098,0.015625
16099,-0.015625
16100,1.984375
16101,-2
16102,0
16103,-0.015625
16104,0.015625
16105,0
16106,-0.015625
16107,0.015625
16108,-2
16109,-2
16110,-2
16111,-1.703125
16112,-1.125
16113,0
16114,0.015625
16115,-0.015625
16116,1.984375
16117,-2
16118,0
16119,-0.015625
16120,0.015625
16121,0
16122,-0.015625
16123,0.015625
16124,1.984375
16125,1.984375
16126,1.984375
16127,1.984375
16128,-2
16129,0
16130,0.015625
16131,-0.015625
16132,1.984375
16133,-2
16134,0
16135,-0.015625
16136,0.015625
16137,0
16138,-0.015625
16139,0.015625
16140,-0.9375
16141,-0.359375
16142,0.21875
16143,0.796875
16144,1.375
16145,0
16146,0.015625
16147,-0.015625
16148,1.984375
16149,-2
16150,0
16151,-0.015625
16152,0.015625
16153,0
16154,-0.015625
16155,0.015625
16156,-2
16157,-2
16158,-2
16159,-2
16160,-2
16161,0
16162,0.015625
16163,-0.015625
16164,1.984375
16165,-2
16166,0
16167,-0.015625
16168,0.015625
16169,0
16170,-0.015625
16171,0.015625
16172,1.5625
16173,1.984375
16174,1.984375
16175,1.984375
16176,1.984375
16177,0
16178,0.015625
16179,-0.015625
16180,1.984375
16181,-2
16182,0
16183,-0.015625
16184,0.015625
16185,0
16186,-0.015625
16187,0.015625
16188,-2
16189,-2
16190,-2
16191,-2
16192,-2
16193,0
16194,0.015625
16195,-0.015625
16196,1.984375
16197,-2
16198,0
16199,-0.015625
16200,0.015625
16201,0
16202,-0.015625
16203,0.015625
16204,1.984375
16205,1.984375
16206,1.984375
16207,1.984375
16208,1.984375
16209,0
16210,0.015625
16211,-0.015625
16212,1.984375
16213,-2
16214,0
16215,-0.015625
16216,0.015625
16217,0
16218,-0.015625
16219,0.015625
16220,-2
16221,-2
16222,-1.53125
16223,-0.953125
16224,-0.375
16225,0
16226,0.015625
16227,-0.015625
16228,1.984375
16229,-2
16230,0
16231,-0.015625
16232,0.015625
16233,0
16234,-0.015625
16235,0.015625
16236,1.984375
16237,1.984375
16238,1.984375
16239,-2
16240,-2
16241,0
16242,0.015625
16243,-0.015625
16244,1.984375
16245,-2
16246,0
16247,-0.015625
16248,0.015625
16249,0
16250,-0.015625
16251,0.015625
16252,-0.1875
16253,0.390625
16254,0.96875
16255,1.546875
16256,1.984375
16257,0
16258,0.015625
16259,-0.015625
16260,1.984375
16261,-2
16262,0
16263,-0.015625
16264,0.015625
16265,0
16266,-0.015625
16267,0.015625
16268,-2
16269,-2
16270,-2
16271,-2
16272,-2
16273,0
16274,0.015625
16275,-0.015625
16276,1.984375
16277,-2
16278,0
16279,-0.015625
16280,0.015625
16281,0
16282,-0.015625
16283,0.015625
16284,1.984375
16285,1.984375
16286,1.984375
16287,1.984375
16288,1.984375
16289,0
16290,0.015625
16291,-0.015625
16292,1.984375
16293,-2
16294,0
16295,-0.015625
16296,0.015625
16297,0
16298,-0.015625
16299,0.015625
16300,-2
16301,-2
16302,-2
16303,-2
16304,-2
16305,0
16306,0.015625
16307,-0.015625
16308,1.984375
16309,-2
16310,0
16311,-0.015625
16312,0.015625
16313,0
16314,-0.015625
16315,0.015625
16316,1.984375
16317,1.984375
16318,1.984375
16319,1.984375
16320,1.984375
16321,0
16322,0.015625
16323,-0.015625
16324,1.984375
16325,-2
16326,0
16327,-0.015625
16328,0.015625
16329,0
16330,-0.015625
16331,0.015625
16332,-1.9375
16333,-1.359375
16334,-0.78125
16335,-0.203125
16336,0.375
16337,0
16338,0.015625
16339,-0.015625
16340,1.984375
16341,-2
16342,0
16343,-0.015625
16344,0.015625
16345,0
16346,-0.015625
16347,0.015625
16348,1.984375
16349,1.984375
16350,-2
16351,-2
16352,-2
16353,0
16354,0.015625
16355,-0.015625
16356,1.984375
16357,-2
16358,0
16359,-0.015625
16360,0.015625
16361,0
16362,-0.015625
16363,0.015625
16364,0.5625
16365,1.140625
16366,1.71875
16367,1.984375
16368,1.984375
16369,0
16370,0.015625
16371,-0.015625
16372,1.984375
16373,-2
16374,0
16375,-0.015625
16376,0.015625
16377,0
16378,-0.015625
16379,0.015625
16380,-2
16381,-2
16382,-2
16383,-2
16384,-2
16385,0
16386,0.015625
16387,-0.015625
16388,1.984375
16389,-2
16390,0
16391,-0.015625
16392,0.015625
16393,0
16394,-0.015625
16395,0.015625
16396,1.984375
16397,1.984375
16398,1.984375
16399,1.984375
16400,1.984375
16401,0
16402,0.015625
16403,-0.015625
16404,1.984375
16405,-2
16406,0
16407,-0.015625
16408,0.015625
16409,0
16410,-0.015625
16411,0.015625
16412,-2
16413,-2
16414,-2
16415,-1.953125
16416,-1.375
16417,0
16418,0.015625
16419,-0.015625
16420,1.984375
16421,-2
16422,0
16423,-0.015625
16424,0.015625
16425,0
16426,-0.015625
16427,0.015625
16428,1.984375
16429,1.984375
16430,1.984375
16431,1.984375
16432,1.984375
16433,0
16434,0.015625
16435,-0.015625
16436,1.984375
16437,-2
16438,0
16439,-0.015625
16440,0.015625
16441,0
16442,-0.015625
16443,0.015625
16444,-1.1875
16445,-0.609375
16446,-0.03125
16447,0.546875
16448,1.125
16449,0
16450,0.015625
16451,-0.015625
16452,1.984375
16453,-2
16454,0
16455,-0.015625
16456,0.015625
16457,0
16458,-0.015625
16459,0.015625
16460,-2
16461,-2
16462,-2
16463,-2
16464,-2
16465,0
16466,0.015625
16467,-0.015625
16468,1.984375
16469,-2
16470,0
16471,-0.015625
16472,0.015625
16473,0
16474,-0.015625
16475,0.015625
16476,1.3125
16477,1.890625
16478,1.984375
16479,1.984375
16480,1.984375
16481,0
16482,0.015625
16483,-0.015625
16484,1.984375
16485,-2
16486,0
16487,-0.015625
16488,0.015625
16489,0
16490,-0.015625
16491,0.015625
16492,-2
16493,-2
16494,-2
16495,-2
16496,-2
16497,0
16498,0.015625
16499,-0.015625
16500,1.984375
16501,-2
16502,0
16503,-0.015625
16504,0.015625
16505,0
16506,-0.015625
16507,0.015625
16508,1.984375
16509,1.984375
16510,1.984375
16511,1.984375
16512,1.984375
16513,0
16514,0.015625
16515,-0.015625
16516,1.984375
16517,-2
16518,0
16519,-0.015625
16520,0.015625
16521,0
16522,-0.015625
16523,0.015625
16524,-2
16525,-2
16526,-1.78125
16527,-1.203125
16528,-0.625
16529,0
16530,0.015625
16531,-0.015625
16532,1.984375
16533,-2
16534,0
16535,-0.015625
16536,0.015625
16537,0
16538,-0.015625
16539,0.015625
16540,1.984375
16541,1.984375
16542,1.984375
16543,-2
16544,-2
16545,0
16546,0.015625
16547,-0.015625
16548,1.984375
16549,-2
16550,0
16551,-0.015625
16552,0.015625
16553,0
16554,-0.015625
16555,0.015625
16556,-0.4375
16557,0.140625
16558,0.71875
16559,1.296875
16560,1.875
16561,0
16562,0.015625
16563,-0.015625
16564,1.984375
16565,-2
16566,0
16567,-0.015625
16568,0.015625
16569,0
16570,-0.015625
16571,0.015625
16572,-2
16573,-2
16574,-2
16575,-2
16576,-2
16577,0
16578,0.015625
16579,-0.015625
16580,1.984375
16581,-2
16582,0
16583,-0.015625
16584,0.015625
16585,0
16586,-0.015625
16587,0.015625
16588,1.984375
16589,1.984375
16590,1.984375
16591,1.984375
16592,1.984375
16593,0
16594,0.015625
16595,-0.015625
16596,1.984375
16597,-2
16598,0
16599,-0.015625
16600,0.015625
16601,0
16602,-0.015625
16603,0.015625
16604,-2
16605,-2
16606,-2
16607,-2
16608,-2
16609,0
16610,0.015625
16611,-0.015625
16612,1.984375
16613,-2
16614,0
16615,-0.015625
16616,0.015625
16617,0
16618,-0.015625
16619,0.015625
16620,1.984375
16621,1.984375
16622,1.984375
16623,1.984375
16624,1.984375
16625,0
16626,0.015625
16627,-0.015625
16628,1.984375
16629,-2
16630,0
16631,-0.015625
16632,0.015625
16633,0
16634,-0.015625
16635,0.015625
16636,-2
16637,-1.609375
16638,-1.03125
16639,-0.453125
16640,0.125
16641,0
16642,0.015625
16643,-0.015625
16644,1.984375
16645,-2
16646,0
16647,-0.015625
16648,0.015625
16649,0
16650,-0.015625
16651,0.015625
16652,1.984375
16653,1.984375
16654,-2
16655,-2
16656,-2
16657,0
16658,0.015625
16659,-0.015625
16660,1.984375
16661,-2
16662,0
16663,-0.015625
16664,0.015625
16665,0
16666,-0.015625
16667,0.015625
16668,0.3125
16669,0.890625
16670,1.46875
16671,1.984375
16672,1.984375
16673,0
16674,0.015625
16675,-0.015625
16676,1.984375
16677,-2
16678,0
16679,-0.015625
16680,0.015625
16681,0
16682,-0.015625
16683,0.015625
16684,-2
16685,-2
16686,-2
16687,-2
16688,-2
16689,0
16690,0.015625
16691,-0.015625
16692,1.984375
16693,-2
16694,0
16695,-0.015625
16696,0.015625
16697,0
16698,-0.015625
16699,0.015625
16700,1.984375
16701,1.984375
16702,1.984375
16703,1.984375
16704,1.984375
16705,0
16706,0.015625
16707,-0.015625
16708,1.984375
16709,-2
16710,0
16711,-0.015625
16712,0.015625
16713,0
16714,-0.015625
16715,0.015625
16716,-2
16717,-2
16718,-2
16719,-2
16720,-1.625
16721,0
16722,0.015625
16723,-0.015625
16724,1.984375
16725,-2
16726,0
16727,-0.015625
16728,0.015625
16729,0
16730,-0.015625
16731,0.015625
16732,1.984375
16733,1.984375
16734,1.984375
16735,1.984375
16736,1.984375
16737,0
16738,0.015625
16739,-0.015625
16740,1.984375
16741,-2
16742,0
16743,-0.015625
16744,0.015625
16745,0
16746,-0.015625
16747,0.015625
16748,-1.4375
16749,-0.859375
16750,-0.28125
16751,0.296875
16752,0.875
16753,0
16754,0.015625
16755,-0.015625
16756,1.984375
16757,-2
16758,0
16759,-0.015625
16760,0.015625
16761,0
16762,-0.015625
16763,0.015625
16764,1.984375
16765,-2
16766,-2
16767,-2
16768,-2
16769,0
16770,0.015625
16771,-0.015625
16772,1.984375
16773,-2
16774,0
16775,-0.015625
16776,0.015625
16777,0
16778,-0.015625
16779,0.015625
16780,1.0625
16781,1.640625
16782,1.984375
16783,1.984375
16784,1.984375
16785,0
16786,0.015625
16787,-0.015625
16788,1.984375
16789,-2
16790,0
16791,-0.015625
16792,0.015625
16793,0
16794,-0.015625
16795,0.015625
16796,-2
16797,-2
16798,-2
16799,-2
16800,-2
16801,0
16802,0.015625
16803,-0.015625
16804,1.984375
16805,-2
16806,0
16807,-0.015625
16808,0.015625
16809,0
16810,-0.015625
16811,0.015625
16812,1.984375
16813,1.984375
16814,1.984375
16815,1.984375
16816,1.984375
16817,0
16818,0.015625
16819,-0.015625
16820,1.984375
16821,-2
16822,0
16823,-0.015625
16824,0.015625
16825,0
16826,-0.015625
16827,0.015625
16828,-2
16829,-2
16830,-2
16831,-1.453125
16832,-0.875
16833,0
16834,0.015625
16835,-0.015625
16836,1.984375
16837,-2
16838,0
16839,-0.015625
16840,0.015625
16841,0
16842,-0.015625
16843,0.015625
16844,1.984375
16845,1.984375
16846,1.984375
16847,1.984375
16848,-2
16849,0
16850,0.015625
16851,-0.015625
16852,1.984375
16853,-2
16854,0
16855,-0.015625
16856,0.015625
16857,0
16858,-0.015625
16859,0.015625
16860,-0.6875
16861,-0.109375
16862,0.46875
16863,1.046875
16864,1.625
16865,0
16866,0.015625
16867,-0.015625
16868,1.984375
16869,-2
16870,0
16871,-0.015625
16872,0.015625
16873,0
16874,-0.015625
16875,0.015625
16876,-2
16877,-2
16878,-2
16879,-2
16880,-2
16881,0
16882,0.015625
16883,-0.015625
16884,1.984375
16885,-2
16886,0
16887,-0.015625
16888,0.015625
16889,0
16890,-0.015625
16891,0.015625
16892,1.8125
16893,1.984375
16894,1.984375
16895,1.984375
16896,1.984375
16897,0
16898,0.015625
16899,-0.015625
16900,1.984375
16901,-2
16902,0
16903,-0.015625
16904,0.015625
16905,0
16906,-0.015625
16907,0.015625
16908,-2
16909,-2
16910,-2
16911,-2
16912,-2
16913,0
16914,0.015625
16915,-0.015625
16916,1.984375
16917,-2
16918,0
16919,-0.015625
16920,0.015625
16921,0
16922,-0.015625
16923,0.015625
16924,1.984375
16925,1.984375
16926,1.984375
16927,1.984375
16928,1.984375
16929,0
16930,0.015625
16931,-0.015625
16932,1.984375
16933,-2
16934,0
16935,-0.015625
16936,0.015625
16937,0
16938,-0.015625
16939,0.015625
16940,-2
16941,-1.859375
16942,-1.28125
16943,-0.703125
16944,-0.125
16945,0
16946,0.015625
16947,-0.015625
16948,1.984375
16949,-2
16950,0
16951,-0.015625
16952,0.015625
16953,0
16954,-0.015625
16955,0.015625
16956,1.984375
16957,1.984375
16958,1.984375
16959,-2
16960,-2
16961,0
16962,0.015625
16963,-0.015625
16964,1.984375
16965,-2
16966,0
16967,-0.015625
16968,0.015625
16969,0
16970,-0.015625
16971,0.015625
16972,0.0625
16973,0.640625
16974,1.21875
16975,1.796875
16976,1.984375
16977,0
16978,0.015625
16979,-0.015625
16980,1.984375
16981,-2
16982,0
16983,-0.015625
16984,0.015625
16985,0
16986,-0.015625
16987,0.015625
16988,-2
16989,-2
16990,-2
16991,-2
16992,-2
16993,0
16994,0.015625
16995,-0.015625
16996,1.984375
16997,-2
16998,0
16999,-0.015625
17000,0.015625
17001,0
17002,-0.015625
17003,0.015625
17004,1.984375
17005,1.984375
17006,1.984375
17007,1.984375
17008,1.984375
17009,0
17010,0.015625
17011,-0.015625
17012,1.984375
17013,-2
17014,0
17015,-0.015625
17016,0.015625
17017,0
17018,-0.015625
17019,0.015625
17020,-2
17021,-2
17022,-2
17023,-2
17024,-1.875
17025,0
17026,0.015625
17027,-0.015625
17028,1.984375
17029,-2
17030,0
17031,-0.015625
17032,0.015625
17033,0
17034,-0.015625
17035,0.015625
17036,1.984375
17037,1.984375
17038,1.984375
17039,1.984375
17040,1.984375
17041,0
17042,0.015625
17043,-0.015625
17044,1.984375
17045,-2
17046,0
17047,-0.015625
17048,0.015625
17049,0
17050,-0.015625
17051,0.015625
17052,-1.6875
17053,-1.109375
17054,-0.53125
17055,0.046875
17056,0.625
17057,0
17058,0.015625
17059,-0.015625
17060,1.984375
17061,-2
17062,0
17063,-0.015625
17064,0.015625
17065,0
17066,-0.015625
17067,0.015625
17068,1.984375
17069,-2
17070,-2
17071,-2
17072,-2
17073,0
17074,0.015625
17075,-0.015625
17076,1.984375
17077,-2
17078,0
17079,-0.015625
17080,0.015625
17081,0
17082,-0.015625
17083,0.015625
17084,0.8125
17085,1.390625
17086,1.96875
17087,1.984375
17088,1.984375
17089,0
17090,0.015625
17091,-0.015625
17092,1.984375
17093,-2
17094,0
17095,-0.015625
17096,0.015625
17097,0
17098,-0.015625
17099,0.015625
17100,-2
17101,-2
17102,-2
17103,-2
17104,-2
17105,0
17106,0.015625
17107,-0.015625
17108,1.984375
17109,-2
17110,0
17111,-0.015625
17112,0.015625
17113,0
17114,-0.015625
17115,0.015625
17116,1.984375
17117,1.984375
17118,1.984375
17119,1.984375
17120,1.984375
17121,0
17122,0.015625
17123,-0.015625
17124,1.984375
17125,-2
17126,0
17127,-0.015625
17128,0.015625
17129,0
17130,-0.015625
17131,0.015625
17132,-2
17133,-2
17134,-2
17135,-1.703125
17136,-1.125
17137,0
17138,0.015625
17139,-0.015625
17140,1.984375
17141,-2
17142,0
17143,-0.015625
17144,0.015625
17145,0
17146,-0.015625
17147,0.015625
17148,1.984375
17149,1.984375
17150,1.984375
17151,1.984375
17152,-2
17153,0
17154,0.015625
17155,-0.015625
17156,1.984375
17157,-2
17158,0
17159,-0.015625
17160,0.015625
17161,0
17162,-0.015625
17163,0.015625
17164,-0.9375
17165,-0.359375
17166,0.21875
17167,0.796875
17168,1.375
17169,0
17170,0.015625
17171,-0.015625
17172,1.984375
17173,-2
17174,0
17175,-0.015625
17176,0.015625
17177,0
17178,-0.015625
17179,0.015625
17180,-2
17181,-2
17182,-2
17183,-2
17184,-2
17185,0
17186,0.015625
17187,-0.015625
17188,1.984375
17189,-2
17190,0
17191,-0.015625
17192,0.015625
17193,0
17194,-0.015625
17195,0.015625
17196,1.5625
17197,1.984375
17198,1.984375
17199,1.984375
17200,1.984375
17201,0
17202,0.015625
17203,-0.015625
17204,1.984375
17205,-2
17206,0
17207,-0.015625
17208,0.015625
17209,0
17210,-0.015625
17211,0.015625
17212,-2
17213,-2
17214,-2
17215,-2
17216,-2
17217,0
17218,0.015625
17219,-0.015625
17220,1.984375
17221,-2
17222,0
17223,-0.015625
17224,0.015625
17225,0
17226,-0.015625
17227,0.015625
17228,1.984375
17229,1.984375
17230,1.984375
17231,1.984375
17232,1.984375
17233,0
17234,0.015625
17235,-0.015625
17236,1.984375
17237,-2
17238,0
17239,-0.015625
17240,0.015625
17241,0
17242,-0.015625
17243,0.015625
17244,-2
17245,-2
17246,-1.53125
17247,-0.953125
17248,-0.375
17249,0
17250,0.015625
17251,-0.015625
17252,1.984375
17253,-2
17254,0
17255,-0.015625
17256,0.015625
17257,0
17258,-0.015625
17259,0.015625
17260,1.984375
17261,1.984375
17262,1.984375
17263,-2
17264,-2
17265,0
17266,0.015625
17267,-0.015625
17268,1.984375
17269,-2
17270,0
17271,-0.015625
17272,0.015625
17273,0
17274,-0.015625
17275,0.015625
17276,-0.1875
17277,0.390625
17278,0.96875
17279,1.546875
17280,1.984375
17281,0
17282,0.015625
17283,-0.015625
17284,1.984375
17285,-2
17286,0
17287,-0.015625
17288,0.015625
17289,0
17290,-0.015625
17291,0.015625
17292,-2
17293,-2
17294,-2
17295,-2
17296,-2
17297,0
17298,0.015625
17299,-0.015625
17300,1.984375
17301,-2
17302,0
17303,-0.015625
17304,0.015625
17305,0
17306,-0.015625
17307,0.015625
17308,1.984375
17309,1.984375
17310,1.984375
17311,1.984375
17312,1.984375
17313,0
17314,0.015625
17315,-0.015625
17316,1.984375
17317,-2
17318,0
17319,-0.015625
17320,0.015625
17321,0
17322,-0.015625
17323,0.015625
17324,-2
17325,-2
17326,-2
17327,-2
17328,-2
17329,0
17330,0.015625
17331,-0.015625
17332,1.984375
17333,-2
17334,0
17335,-0.015625
17336,0.015625
17337,0
17338,-0.015625
17339,0.015625
17340,1.984375
17341,1.984375
17342,1.984375
17343,1.984375
17344,1.984375
17345,0
17346,0.015625
17347,-0.015625
17348,1.984375
17349,-2
17350,0
17351,-0.015625
17352,0.015625
17353,0
17354,-0.015625
17355,0.015625
17356,-1.9375
17357,-1.359375
17358,-0.78125
17359,-0.203125
17360,0.375
17361,0
17362,0.015625
17363,-0.015625
17364,1.984375
17365,-2
17366,0
17367,-0.015625
17368,0.015625
17369,0
17370,-0.015625
17371,0.015625
17372,1.984375
17373,1.984375
17374,-2
17375,-2
17376,-2
17377,0
17378,0.015625
17379,-0.015625
17380,1.984375
17381,-2
17382,0
17383,-0.015625
17384,0.015625
17385,0
17386,-0.015625
17387,0.015625
17388,0.5625
17389,1.140625
17390,1.71875
17391,1.984375
17392,1.984375
17393,0
17394,0.015625
17395,-0.015625
17396,1.984375
17397,-2
17398,0
17399,-0.015625
17400,0.015625
17401,0
17402,-0.015625
17403,0.015625
17404,-2
17405,-2
17406,-2
17407,-2
17408,-2
17409,0
17410,0.015625
17411,-0.015625
17412,1.984375
17413,-2
17414,0
17415,-0.015625
17416,0.015625
17417,0
17418,-0.015625
17419,0.015625
17420,1.984375
17421,1.984375
17422,1.984375
17423,1.984375
17424,1.984375
17425,0
17426,0.015625
17427,-0.015625
17428,1.984375
17429,-2
17430,0
17431,-0.015625
17432,0.015625
17433,0
17434,-0.015625
17435,0.015625
17436,-2
17437,-2
17438,-2
17439,-1.953125
17440,-1.375
17441,0
17442,0.015625
17443,-0.015625
17444,1.984375
17445,-2
17446,0
17447,-0.015625
17448,0.015625
17449,0
17450,-0.015625
17451,0.015625
17452,1.984375
17453,1.984375
17454,1.984375
17455,1.984375
17456,1.984375
17457,0
17458,0.015625
17459,-0.015625
17460,1.984375
17461,-2
17462,0
17463,-0.015625
17464,0.015625
17465,0
17466,-0.015625
17467,0.015625
17468,-1.1875
17469,-0.609375
17470,-0.03125
17471,0.546875
17472,1.125
17473,0
17474,0.015625
17475,-0.015625
17476,1.984375
17477,-2
17478,0
17479,-0.015625
17480,0.015625
17481,0
17482,-0.015625
17483,0.015625
17484,-2
17485,-2
17486,-2
17487,-2
17488,-2
17489,0
17490,0.015625
17491,-0.015625
17492,1.984375
17493,-2
17494,0
17495,-0.015625
17496,0.015625
17497,0
17498,-0.015625
17499,0.015625
17500,1.3125
17501,1.890625
17502,1.984375
17503,1.984375
17504,1.984375
17505,0
17506,0.015625
17507,-0.015625
17508,1.984375
17509,-2
17510,0
17511,-0.015625
17512,0.015625
17513,0
17514,-0.015625
17515,0.015625
17516,-2
17517,-2
17518,-2
17519,-2
17520,-2
17521,0
17522,0.015625
17523,-0.015625
17524,1.984375
17525,-2
17526,0
17527,-0.015625
17528,0.015625
17529,0
17530,-0.015625
17531,0.015625
17532,1.984375
17533,1.984375
17534,1.984375
17535,1.984375
17536,1.984375
17537,0
17538,0.015625
17539,-0.015625
17540,1.984375
17541,-2
17542,0
17543,-0.015625
17544,0.015625
17545,0
17546,-0.015625
17547,0.015625
17548,-2
17549,-2
17550,-1.78125
17551,-1.203125
17552,-0.625
17553,0
17554,0.015625
17555,-0.015625
17556,1.984375
17557,-2
17558,0
17559,-0.015625
17560,0.015625
17561,0
17562,-0.015625
17563,0.015625
17564,1.984375
17565,1.984375
17566,1.984375
17567,-2
17568,-2
17569,0
17570,0.015625
17571,-0.015625
17572,1.984375
17573,-2
17574,0
17575,-0.015625
17576,0.015625
17577,0
17578,-0.015625
17579,0.015625
17580,-0.4375
17581,0.140625
17582,0.71875
17583,1.296875
17584,1.875
17585,0
17586,0.015625
17587,-0.015625
17588,1.984375
17589,-2
17590,0
17591,-0.015625
17592,0.015625
17593,0
17594,-0.015625
17595,0.015625
17596,-2
17597,-2
17598,-2
17599,-2
17600,-2
17601,0
17602,0.015625
17603,-0.015625
17604,1.984375
17605,-2
17606,0
17607,-0.015625
17608,0.015625
17609,0
17610,-0.015625
17611,0.015625
17612,1.984375
17613,1.984375
17614,1.984375
17615,1.984375
17616,1.984375
17617,0
17618,0.015625
17619,-0.015625
17620,1.984375
17621,-2
17622,0
17623,-0.015625
17624,0.015625
17625,0
17626,-0.015625
17627,0.015625
17628,-2
17629,-2
17630,-2
17631,-2
17632,-2
17633,0
17634,0.015625
17635,-0.015625
17636,1.984375
17637,-2
17638,0
17639,-0.015625
17640,0.015625
17641,0
17642,-0.015625
17643,0.015625
17644,1.984375
17645,1.984375
17646,1.984375
17647,1.984375
17648,1.984375
17649,0
17650,0.015625
17651,-0.015625
17652,1.984375
17653,-2
17654,0
17655,-0.015625
17656,0.015625
17657,0
17658,-0.015625
17659,0.015625
17660,-2
17661,-1.609375
17662,-1.03125
17663,-0.453125
17664,0.125
17665,0
17666,0.015625
17667,-0.015625
17668,1.984375
17669,-2
17670,0
17671,-0.015625
17672,0.015625
17673,0
17674,-0.015625
17675,0.015625
17676,1.984375
17677,1.984375
17678,-2
17679,-2
17680,-2
17681,0
17682,0.015625
17683,-0.015625
17684,1.984375
17685,-2
17686,0
17687,-0.015625
17688,0.015625
17689,0
17690,-0.015625
17691,0.015625
17692,0.3125
17693,0.890625
17694,1.46875
17695,1.984375
17696,1.984375
17697,0
17698,0.015625
17699,-0.015625
17700,1.984375
17701,-2
17702,0
17703,-0.015625
17704,0.015625
17705,0
17706,-0.015625
17707,0.015625
17708,-2
17709,-2
17710,-2
17711,-2
17712,-2
17713,0
17714,0.015625
17715,-0.015625
17716,1.984375
17717,-2
17718,0
17719,-0.015625
17720,0.015625
17721,0
17722,-0.015625
17723,0.015625
17724,1.984375
17725,1.984375
17726,1.984375
17727,1.984375
17728,1.984375
17729,0
17730,0.015625
17731,-0.015625
17732,1.984375
17733,-2
17734,0
17735,-0.015625
17736,0.015625
17737,0
17738,-0.015625
17739,0.015625
17740,-2
17741,-2
17742,-2
17743,-2
17744,-1.625
17745,0
17746,0.015625
17747,-0.015625
17748,1.984375
17749,-2
17750,0
17751,-0.015625
17752,0.015625
17753,0
17754,-0.015625
17755,0.015625
17756,1.984375
17757,1.984375
17758,1.984375
17759,1.984375
17760,1.984375
17761,0
17762,0.015625
17763,-0.015625
17764,1.984375
17765,-2
17766,0
17767,-0.015625
17768,0.015625
17769,0
17770,-0.015625
17771,0.015625
17772,-1.4375
17773,-0.859375
17774,-0.28125
17775,0.296875
17776,0.875
17777,0
17778,0.015625
17779,-0.015625
17780,1.984375
17781,-2
17782,0
17783,-0.015625
17784,0.015625
17785,0
17786,-0.015625
17787,0.015625
17788,1.984375
17789,-2
17790,-2
17791,-2
17792,-2
17793,0
17794,0.015625
17795,-0.015625
17796,1.984375
17797,-2
17798,0
17799,-0.015625
17800,0.015625
17801,0
17802,-0.015625
17803,0.015625
17804,1.0625
17805,1.640625
17806,1.984375
17807,1.984375
17808,1.984375
17809,0
17810,0.015625
17811,-0.015625
17812,1.984375
17813,-2
17814,0
17815,-0.015625
17816,0.015625
17817,0
17818,-0.015625
17819,0.015625
17820,-2
17821,-2
17822,-2
17823,-2
17824,-2
17825,0
17826,0.015625
17827,-0.015625
17828,1.984375
17829,-2
17830,0
17831,-0.015625
17832,0.015625
17833,0
17834,-0.015625
17835,0.015625
17836,1.984375
17837,1.984375
17838,1.984375
17839,1.984375
17840,1.984375
17841,0
17842,0.015625
17843,-0.015625
17844,1.984375
17845,-2
17846,0
17847,-0.015625
17848,0.015625
17849,0
17850,-0.015625
17851,0.015625
17852,-2
17853,-2
17854,-2
17855,-1.453125
17856,-0.875
17857,0
17858,0.015625
17859,-0.015625
17860,1.984375
17861,-2
17862,0
17863,-0.015625
17864,0.015625
17865,0
17866,-0.015625
17867,0.015625
17868,1.984375
17869,1.984375
17870,1.984375
17871,1.984375
17872,-2
17873,0
17874,0.015625
17875,-0.015625
17876,1.984375
17877,-2
17878,0
17879,-0.015625
17880,0.015625
17881,0
17882,-0.015625
17883,0.015625
17884,-0.6875
17885,-0.109375
17886,0.46875
17887,1.046875
17888,1.625
17889,0
17890,0.015625
17891,-0.015625
17892,1.984375
17893,-2
17894,0
17895,-0.015625
17896,0.015625
17897,0
17898,-0.015625
17899,0.015625
17900,-2
17901,-2
17902,-2
17903,-2
17904,-2
17905,0
17906,0.015625
17907,-0.015625
17908,1.984375
17909,-2
17910,0
17911,-0.015625
17912,0.015625
17913,0
17914,-0.015625
17915,0.015625
17916,1.8125
17917,1.984375
17918,1.984375
17919,1.984375
17920,1.984375
17921,0
17922,0.015625
17923,-0.015625
17924,1.984375
17925,-2
17926,0
17927,-0.015625
17928,0.015625
17929,0
17930,-0.015625
17931,0.015625
17932,-2
17933,-2
17934,-2
17935,-2
17936,-2
17937,0
17938,0.015625
17939,-0.015625
17940,1.984375
17941,-2
17942,0
17943,-0.015625
17944,0.015625
17945,0
17946,-0.015625
17947,0.015625
17948,1.984375
17949,1.984375
17950,1.984375
17951,1.984375
17952,1.984375
17953,0
17954,0.015625
17955,-0.015625
17956,1.984375
17957,-2
17958,0
17959,-0.015625
17960,0.015625
17961,0
17962,-0.015625
17963,0.015625
17964,-2
17965,-1.859375
17966,-1.28125
17967,-0.703125
17968,-0.125
17969,0
17970,0.015625
17971,-0.015625
17972,1.984375
17973,-2
17974,0
17975,-0.015625
17976,0.015625
17977,0
17978,-0.015625
17979,0.015625
17980,1.984375
17981,1.984375
17982,1.984375
17983,-2
17984,-2
17985,0
17986,0.015625
17987,-0.015625
17988,1.984375
17989,-2
17990,0
17991,-0.015625
17992,0.015625
17993,0
17994,-0.015625
17995,0.015625
17996,0.0625
17997,0.640625
17998,1.21875
17999,1.796875
18000,1.984375
18001,0
18002,0.015625
18003,-0.015625
18004,1.984375
18005,-2
18006,0
18007,-0.015625
18008,0.015625
18009,0
18010,-0.015625
18011,0.015625
18012,-2
18013,-2
18014,-2
18015,-2
18016,-2
18017,0
18018,0.015625
18019,-0.015625
18020,1.984375
18021,-2
18022,0
18023,-0.015625
18024,0.015625
18025,0
18026,-0.015625
18027,0.015625
18028,1.984375
18029,1.984375
18030,1.984375
18031,1.984375
18032,1.984375
18033,0
18034,0.015625
18035,-0.015625
18036,1.984375
18037,-2
18038,0
18039,-0.015625
18040,0.015625
18041,0
18042,-0.015625
18043,0.015625
18044,-2
18045,-2
18046,-2
18047,-2
18048,-1.875
18049,0
18050,0.015625
18051,-0.015625
18052,1.984375
18053,-2
18054,0
18055,-0.015625
18056,0.015625
18057,0
18058,-0.015625
18059,0.015625
18060,1.984375
18061,1.984375
18062,1.984375
18063,1.984375
18064,1.984375
18065,0
18066,0.015625
18067,-0.015625
18068,1.984375
18069,-2
18070,0
18071,-0.015625
18072,0.015625
18073,0
18074,-0.015625
18075,0.015625
18076,-1.6875
18077,-1.109375
18078,-0.53125
18079,0.046875
18080,0.625
18081,0
18082,0.015625
18083,-0.015625
18084,1.984375
18085,-2
18086,0
18087,-0.015625
18088,0.015625
18089,0
18090,-0.015625
18091,0.015625
18092,1.984375
18093,-2
18094,-2
18095,-2
18096,-2
18097,0
18098,0.015625
18099,-0.015625
18100,1.984375
18101,-2
18102,0
18103,-0.015625
18104,0.015625
18105,0
18106,-0.015625
18107,0.015625
18108,0.8125
18109,1.390625
18110,1.96875
18111,1.984375
18112,1.984375
18113,0
18114,0.015625
18115,-0.015625
18116,1.984375
18117,-2
18118,0
18119,-0.015625
18120,0.015625
18121,0
18122,-0.015625
18123,0.015625
18124,-2
18125,-2
18126,-2
18127,-2
18128,-2
18129,0
18130,0.015625
18131,-0.015625
18132,1.984375
18133,-2
18134,0
18135,-0.015625
18136,0.015625
18137,0
18138,-0.015625
18139,0.015625
18140,1.984375
18141,1.984375
18142,1.984375
18143,1.984375
18144,1.984375
18145,0
18146,0.015625
18147,-0.015625
18148,1.984375
18149,-2
18150,0
18151,-0.015625
18152,0.015625
18153,0
18154,-0.015625
18155,0.015625
18156,-2
18157,-2
18158,-2
18159,-1.703125
18160,-1.125
18161,0
18162,0.015625
18163,-0.015625
18164,1.984375
18165,-2
18166,0
18167,-0.015625
18168,0.015625
18169,0
18170,-0.015625
18171,0.015625
18172,1.984375
18173,1.984375
18174,1.984375
18175,1.984375
18176,-2
18177,0
18178,0.015625
18179,-0.015625
18180,1.984375
18181,-2
18182,0
18183,-0.015625
18184,0.015625
18185,0
18186,-0.015625
18187,0.015625
18188,-0.9375
18189,-0.359375
18190,0.21875
18191,0.796875
18192,1.375
18193,0
18194,0.015625
18195,-0.015625
18196,1.984375
18197,-2
18198,0
18199,-0.015625
18200,0.015625
18201,0
18202,-0.015625
18203,0.015625
18204,-2
18205,-2
18206,-2
18207,-2
18208,-2
18209,0
18210,0.015625
18211,-0.015625
18212,1.984375
18213,-2
18214,0
18215,-0.015625
18216,0.015625
18217,0
18218,-0.015625
18219,0.015625
18220,1.5625
18221,1.984375
18222,1.984375
18223,1.984375
18224,1.984375
18225,0
18226,0.015625
18227,-0.015625
18228,1.984375
18229,-2
18230,0
18231,-0.015625
18232,0.015625
18233,0
18234,-0.015625
18235,0.015625
18236,-2
18237,-2
18238,-2
18239,-2
18240,-2
18241,0
18242,0.015625
18243,-0.015625
18244,1.984375
18245,-2
18246,0
18247,-0.015625
18248,0.015625
18249,0
18250,-0.015625
18251,0.015625
18252,1.984375
18253,1.984375
18254,1.984375
18255,1.984375
18256,1.984375
18257,0
18258,0.015625
18259,-0.015625
18260,1.984375
18261,-2
18262,0
18263,-0.015625
18264,0.015625
18265,0
18266,-0.015625
18267,0.015625
18268,-2
18269,-2
18270,-1.53125
18271,-0.953125
18272,-0.375
18273,0
18274,0.015625
18275,-0.015625
18276,1.984375
18277,-2
18278,0
18279,-0.015625
18280,0.015625
18281,0
18282,-0.015625
18283,0.015625
18284,1.984375
18285,1.984375
18286,1.984375
18287,-2
18288,-2
18289,0
18290,0.015625
18291,-0.015625
18292,1.984375
18293,-2
18294,0
18295,-0.015625
18296,0.015625
18297,0
18298,-0.015625
18299,0.015625
18300,-0.1875
18301,0.390625
18302,0.96875
18303,1.546875
18304,1.984375
18305,0
18306,0.015625
18307,-0.015625
18308,1.984375
18309,-2
18310,0
18311,-0.015625
18312,0.015625
18313,0
18314,-0.015625
18315,0.015625
18316,-2
18317,-2
18318,-2
18319,-2
18320,-2
18321,0
18322,0.015625
18323,-0.015625
18324,1.984375
18325,-2
18326,0
18327,-0.015625
18328,0.015625
18329,0
18330,-0.015625
18331,0.015625
18332,1.984375
18333,1.984375
18334,1.984375
18335,1.984375
18336,1.984375
18337,0
18338,0.015625
18339,-0.015625
18340,1.984375
18341,-2
18342,0
18343,-0.015625
18344,0.015625
18345,0
18346,-0.015625
18347,0.015625
18348,-2
18349,-2
18350,-2
18351,-2
18352,-2
18353,0
18354,0.015625
18355,-0.015625
18356,1.984375
18357,-2
18358,0
18359,-0.015625
18360,0.015625
18361,0
18362,-0.015625
18363,0.015625
18364,1.984375
18365,1.984375
18366,1.984375
18367,1.984375
18368,1.984375
18369,0
18370,0.015625
18371,-0.015625
18372,1.984375
18373,-2
18374,0
18375,-0.015625
18376,0.015625
18377,0
18378,-0.015625
18379,0.015625
18380,-1.9375
18381,-1.359375
18382,-0.78125
18383,-0.203125
18384,0.375
18385,0
18386,0.015625
18387,-0.015625
18388,1.984375
18389,-2
18390,0
18391,-0.015625
18392,0.015625
18393,0
18394,-0.015625
18395,0.015625
18396,1.984375
18397,1.984375
18398,-2
18399,-2
18400,-2
18401,0
18402,0.015625
18403,-0.015625
18404,1.984375
18405,-2
18406,0
18407,-0.015625
18408,0.015625
18409,0
18410,-0.015625
18411,0.015625
18412,0.5625
18413,1.140625
18414,1.71875
18415,1.984375
18416,1.984375
18417,0
18418,0.015625
18419,-0.015625
18420,1.984375
18421,-2
18422,0
18423,-0.015625
18424,0.015625
18425,0
18426,-0.015625
18427,0.015625
18428,-2
18429,-2
18430,-2
18431,-2
18432,-2
18433,0
18434,0.015625
18435,-0.015625
18436,1.984375
18437,-2
18438,0
18439,-0.015625
18440,0.015625
18441,0
18442,-0.015625
18443,0.015625
18444,1.984375
18445,1.984375
18446,1.984375
18447,1.984375
18448,1.984375
18449,0
18450,0.015625
18451,-0.015625
18452,1.984375
18453,-2
18454,0
18455,-0.015625
18456,0.015625
18457,0
18458,-0.015625
18459,0.015625
18460,-2
18461,-2
18462,-2
18463,-1.953125
18464,-1.375
18465,0
18466,0.015625
18467,-0.015625
18468,1.984375
18469,-2
18470,0
18471,-0.015625
18472,0.015625
18473,0
18474,-0.015625
18475,0.015625
18476,1.984375
18477,1.984375
18478,1.984375
18479,1.984375
18480,1.984375
18481,0
18482,0.015625
18483,-0.015625
18484,1.984375
18485,-2
18486,0
18487,-0.015625
18488,0.015625
18489,0
18490,-0.015625
18491,0.015625
18492,-1.1875
18493,-0.609375
18494,-0.03125
18495,0.546875
18496,1.125
18497,0
18498,0.015625
18499,-0.015625
18500,1.984375
18501,-2
18502,0
18503,-0.015625
18504,0.015625
18505,0
18506,-0.015625
18507,0.015625
18508,-2
18509,-2
18510,-2
18511,-2
18512,-2
18513,0
18514,0.015625
18515,-0.015625
18516,1.984375
18517,-2
18518,0
18519,-0.015625
18520,0.015625
18521,0
18522,-0.015625
18523,0.015625
18524,1.3125
18525,1.890625
18526,1.984375
18527,1.984375
18528,1.984375
18529,0
18530,0.015625
18531,-0.015625
18532,1.984375
18533,-2
18534,0
18535,-0.015625
18536,0.015625
18537,0
18538,-0.015625
18539,0.015625
18540,-2
18541,-2
18542,-2
18543,-2
18544,-2
18545,0
18546,0.015625
18547,-0.015625
18548,1.984375
18549,-2
18550,0
18551,-0.015625
18552,0.015625
18553,0
18554,-0.015625
18555,0.015625
18556,1.984375
18557,1.984375
18558,1.984375
18559,1.984375
18560,1.984375
18561,0
18562,0.015625
18563,-0.015625
18564,1.984375
18565,-2
18566,0
18567,-0.015625
18568,0.015625
18569,0
18570,-0.015625
18571,0.015625
18572,-2
18573,-2
18574,-1.78125
18575,-1.203125
18576,-0.625
18577,0
18578,0.015625
18579,-0.015625
18580,1.984375
18581,-2
18582,0
18583,-0.015625
18584,0.015625
18585,0
18586,-0.015625
18587,0.015625
18588,1.984375
18589,1.984375
18590,1.984375
18591,-2
18592,-2
18593,0
18594,0.015625
18595,-0.015625
18596,1.984375
18597,-2
18598,0
18599,-0.015625
18600,0.015625
18601,0
18602,-0.015625
18603,0.015625
18604,-0.4375
18605,0.140625
18606,0.71875
18607,1.296875
18608,1.875
18609,0
18610,0.015625
18611,-0.015625
18612,1.984375
18613,-2
18614,0
18615,-0.015625
18616,0.015625
18617,0
18618,-0.015625
18619,0.015625
18620,-2
18621,-2
18622,-2
18623,-2
18624,-2
18625,0
18626,0.015625
18627,-0.015625
18628,1.984375
18629,-2
18630,0
18631,-0.015625
18632,0.015625
18633,0
18634,-0.015625
18635,0.015625
18636,1.984375
18637,1.984375
18638,1.984375
18639,1.984375
18640,1.984375
18641,0
18642,0.015625
18643,-0.015625
18644,1.984375
18645,-2
18646,0
18647,-0.015625
18648,0.015625
18649,0
18650,-0.015625
18651,0.015625
18652,-2
18653,-2
18654,-2
18655,-2
18656,-2
18657,0
18658,0.015625
18659,-0.015625
18660,1.984375
18661,-2
18662,0
18663,-0.015625
18664,0.015625
18665,0
18666,-0.015625
18667,0.015625
18668,1.984375
18669,1.984375
18670,1.984375
18671,1.984375
18672,1.984375
18673,0
18674,0.015625
18675,-0.015625
18676,1.984375
18677,-2
18678,0
18679,-0.015625
18680,0.015625
18681,0
18682,-0.015625
18683,0.015625
18684,-2
18685,-1.609375
18686,-1.03125
18687,-0.453125
18688,0.125
18689,0
18690,0.015625
18691,-0.015625
18692,1.984375
18693,-2
18694,0
18695,-0.015625
18696,0.015625
18697,0
18698,-0.015625
18699,0.015625
18700,1.984375
18701,1.984375
18702,-2
18703,-2
18704,-2
18705,0
18706,0.015625
18707,-0.015625
18708,1.984375
18709,-2
18710,0
18711,-0.015625
18712,0.015625
18713,0
18714,-0.015625
18715,0.015625
18716,0.3125
18717,0.890625
18718,1.46875
18719,1.984375
18720,1.984375
18721,0
18722,0.015625
18723,-0.015625
18724,1.984375
18725,-2
18726,0
18727,-0.015625
18728,0.015625
18729,0
18730,-0.015625
18731,0.015625
18732,-2
18733,-2
18734,-2
18735,-2
18736,-2
18737,0
18738,0.015625
18739,-0.015625
18740,1.984375
18741,-2
18742,0
18743,-0.015625
18744,0.015625
18745,0
18746,-0.015625
18747,0.015625
18748,1.984375
18749,1.984375
18750,1.984375
18751,1.984375
18752,1.984375
18753,0
18754,0.015625
18755,-0.015625
18756,1.984375
18757,-2
18758,0
18759,-0.015625
18760,0.015625
18761,0
18762,-0.015625
18763,0.015625
18764,-2
18765,-2
18766,-2
18767,-2
18768,-1.625
18769,0
18770,0.015625
18771,-0.015625
18772,1.984375
18773,-2
18774,0
18775,-0.015625
18776,0.015625
18777,0
18778,-0.015625
18779,0.015625
18780,1.984375
18781,1.984375
18782,1.984375
18783,1.984375
18784,1.984375
18785,0
18786,0.015625
18787,-0.015625
18788,1.984375
18789,-2
18790,0
18791,-0.015625
18792,0.015625
18793,0
18794,-0.015625
18795,0.015625
18796,-1.4375
18797,-0.859375
18798,-0.28125
18799,0.296875
18800,0.875
18801,0
18802,0.015625
18803,-0.015625
18804,1.984375
18805,-2
18806,0
18807,-0.015625
18808,0.015625
18809,0
18810,-0.015625
18811,0.015625
18812,1.984375
18813,-2
18814,-2
18815,-2
18816,-2
18817,0
18818,0.015625
18819,-0.015625
18820,1.984375
18821,-2
18822,0
18823,-0.015625
18824,0.015625
18825,0
18826,-0.015625
18827,0.015625
18828,1.0625
18829,1.640625
18830,1.984375
18831,1.984375
18832,1.984375
18833,0
18834,0.015625
18835,-0.015625
18836,1.984375
18837,-2
18838,0
18839,-0.015625
18840,0.015625
18841,0
18842,-0.015625
18843,0.015625
18844,-2
18845,-2
18846,-2
18847,-2
18848,-2
18849,0
18850,0.015625
18851,-0.015625
18852,1.984375
18853,-2
18854,0
18855,-0.015625
18856,0.015625
18857,0
18858,-0.015625
18859,0.015625
18860,1.984375
18861,1.984375
18862,1.984375
18863,1.984375
18864,1.984375
18865,0
18866,0.015625
18867,-0.015625
18868,1.984375
18869,-2
18870,0
18871,-0.015625
18872,0.015625
18873,0
18874,-0.015625
18875,0.015625
18876,-2
18877,-2
18878,-2
18879,-1.453125
18880,-0.875
18881,0
18882,0.015625
18883,-0.015625
18884,1.984375
18885,-2
18886,0
18887,-0.015625
18888,0.015625
18889,0
18890,-0.015625
18891,0.015625
18892,1.984375
18893,1.984375
18894,1.984375
18895,1.984375
18896,-2
18897,0
18898,0.015625
18899,-0.015625
18900,1.984375
18901,-2
18902,0
18903,-0.015625
18904,0.015625
18905,0
18906,-0.015625
18907,0.015625
18908,-0.6875
18909,-0.109375
18910,0.46875
18911,1.046875
18912,1.625
18913,0
18914,0.015625
18915,-0.015625
18916,1.984375
18917,-2
18918,0
18919,-0.015625
18920,0.015625
18921,0
18922,-0.015625
18923,0.015625
18924,-2
18925,-2
18926,-2
18927,-2
18928,-2
18929,0
18930,0.015625
18931,-0.015625
18932,1.984375
18933,-2
18934,0
18935,-0.015625
18936,0.015625
18937,0
18938,-0.015625
18939,0.015625
18940,1.8125
18941,1.984375
18942,1.984375
18943,1.984375
18944,1.984375
18945,0
18946,0.015625
18947,-0.015625
18948,1.984375
18949,-2
18950,0
18951,-0.015625
18952,0.015625
18953,0
18954,-0.015625
18955,0.015625
18956,-2
18957,-2
18958,-2
18959,-2
18960,-2
18961,0
18962,0.015625
18963,-0.015625
18964,1.984375
18965,-2
18966,0
18967,-0.015625
18968,0.015625
18969,0
18970,-0.015625
18971,0.015625
18972,1.984375
18973,1.984375
18974,1.984375
18975,1.984375
18976,1.984375
18977,0
18978,0.015625
18979,-0.015625
18980,1.984375
18981,-2
18982,0
18983,-0.015625
18984,0.015625
18985,0
18986,-0.015625
18987,0.015625
18988,-2
18989,-1.859375
18990,-1.28125
18991,-0.703125
18992,-0.125
18993,0
18994,0.015625
18995,-0.015625
18996,1.984375
18997,-2
18998,0
18999,-0.015625
19000,0.015625
19001,0
19002,-0.015625
19003,0.015625
19004,1.984375
19005,1.984375
19006,1.984375
19007,-2
19008,-2
19009,0
19010,0.015625
19011,-0.015625
19012,1.984375
19013,-2
19014,0
19015,-0.015625
19016,0.015625
19017,0
19018,-0.015625
19019,0.015625
19020,0.0625
19021,0.640625
19022,1.21875
19023,1.796875
19024,1.984375
19025,0
19026,0.015625
19027,-0.015625
19028,1.984375
19029,-2
19030,0
19031,-0.015625
19032,0.015625
19033,0
19034,-0.015625
19035,0.015625
19036,-2
19037,-2
19038,-2
19039,-2
19040,-2
19041,0
19042,0.015625
19043,-0.015625
19044,1.984375
19045,-2
19046,0
19047,-0.015625
19048,0.015625
19049,0
19050,-0.015625
19051,0.015625
19052,1.984375
19053,1.984375
19054,1.984375
19055,1.984375
19056,1.984375
19057,0
19058,0.015625
19059,-0.015625
19060,1.984375
19061,-2
19062,0
19063,-0.015625
19064,0.015625
19065,0
19066,-0.015625
19067,0.015625
19068,-2
19069,-2
19070,-2
19071,-2
19072,-1.875
19073,0
19074,0.015625
19075,-0.015625
19076,1.984375
19077,-2
19078,0
19079,-0.015625
19080,0.015625
19081,0
19082,-0.015625
19083,0.015625
19084,1.984375
19085,1.984375
19086,1.984375
19087,1.984375
19088,1.984375
19089,0
19090,0.015625
19091,-0.015625
19092,1.984375
19093,-2
19094,0
19095,-0.015625
19096,0.015625
19097,0
19098,-0.015625
19099,0.015625
19100,-1.6875
19101,-1.109375
19102,-0.53125
19103,0.046875
19104,0.625
19105,0
19106,0.015625
19107,-0.015625
19108,1.984375
19109,-2
19110,0
19111,-0.015625
19112,0.015625
19113,0
19114,-0.015625
19115,0.015625
19116,1.984375
19117,-2
19118,-2
19119,-2
19120,-2
19121,0
19122,0.015625
19123,-0.015625
19124,1.984375
19125,-2
19126,0
19127,-0.015625
19128,0.015625
19129,0
19130,-0.015625
19131,0.015625
19132,0.8125
19133,1.390625
19134,1.96875
19135,1.984375
19136,1.984375
19137,0
19138,0.015625
19139,-0.015625
19140,1.984375
19141,-2
19142,0
19143,-0.015625
19144,0.015625
19145,0
19146,-0.015625
19147,0.015625
19148,-2
19149,-2
19150,-2
19151,-2
19152,-2
19153,0
19154,0.015625
19155,-0.015625
19156,1.984375
19157,-2
19158,0
19159,-0.015625
19160,0.015625
19161,0
19162,-0.015625
19163,0.015625
19164,1.984375
19165,1.984375
19166,1.984375
19167,1.984375
19168,1.984375
19169,0
19170,0.015625
19171,-0.015625
19172,1.984375
19173,-2
19174,0
19175,-0.015625
19176,0.015625
19177,0
19178,-0.015625
19179,0.015625
19180,-2
19181,-2
19182,-2
19183,-1.703125
19184,-1.125
19185,0
19186,0.015625
19187,-0.015625
19188,1.984375
19189,-2
19190,0
19191,-0.015625
19192,0.015625
19193,0
19194,-0.015625
19195,0.015625
19196,1.984375
19197,1.984375
19198,1.984375
19199,1.984375
19200,-2
19201,0
19202,0.015625
19203,-0.015625
19204,1.984375
19205,-2
19206,0
19207,-0.015625
19208,0.015625
19209,0
19210,-0.015625
19211,0.015625
19212,-0.9375
19213,-0.359375
19214,0.21875
19215,0.796875
19216,1.375
19217,0
19218,0.015625
19219,-0.015625
19220,1.984375
19221,-2
19222,0
19223,-0.015625
19224,0.015625
19225,0
19226,-0.015625
19227,0.015625
19228,-2
19229,-2
19230,-2
19231,-2
19232,-2
19233,0
19234,0.015625
19235,-0.015625
19236,1.984375
19237,-2
19238,0
19239,-0.015625
19240,0.015625
19241,0
19242,-0.015625
19243,0.015625
19244,1.5625
19245,1.984375
19246,1.984375
19247,1.984375
19248,1.984375
19249,0
19250,0.015625
19251,-0.015625
19252,1.984375
19253,-2
19254,0
19255,-0.015625
19256,0.015625
19257,0
19258,-0.015625
19259,0.015625
19260,-2
19261,-2
19262,-2
19263,-2
19264,-2
19265,0
19266,0.015625
19267,-0.015625
19268,1.984375
19269,-2
19270,0
19271,-0.015625
19272,0.015625
19273,0
19274,-0.015625
19275,0.015625
19276,1.984375
19277,1.984375
19278,1.984375
19279,1.984375
19280,1.984375
19281,0
19282,0.015625
19283,-0.015625
19284,1.984375
19285,-2
19286,0
19287,-0.015625
19288,0.015625
19289,0
19290,-0.015625
19291,0.015625
19292,-2
19293,-2
19294,-1.53125
19295,-0.953125
19296,-0.375
19297,0
19298,0.015625
19299,-0.015625
19300,1.984375
19301,-2
19302,0
19303,-0.015625
19304,0.015625
19305,0
19306,-0.015625
19307,0.015625
19308,1.984375
19309,1.984375
19310,1.984375
19311,-2
19312,-2
19313,0
19314,0.015625
19315,-0.015625
19316,1.984375
19317,-2
19318,0
19319,-0.015625
19320,0.015625
19321,0
19322,-0.015625
19323,0.015625
19324,-0.1875
19325,0.390625
19326,0.96875
19327,1.546875
19328,1.984375
19329,0
19330,0.015625
19331,-0.015625
19332,1.984375
19333,-2
19334,0
19335,-0.015625
19336,0.015625
19337,0
19338,-0.015625
19339,0.015625
19340,-2
19341,-2
19342,-2
19343,-2
19344,-2
19345,0
19346,0.015625
19347,-0.015625
19348,1.984375
19349,-2
19350,0
19351,-0.015625
19352,0.015625
19353,0
19354,-0.015625
19355,0.015625
19356,1.984375
19357,1.984375
19358,1.984375
19359,1.984375
19360,1.984375
19361,0
19362,0.015625
19363,-0.015625
19364,1.984375
19365,-2
19366,0
19367,-0.015625
19368,0.015625
19369,0
19370,-0.015625
19371,0.015625
19372,-2
19373,-2
19374,-2
19375,-2
19376,-2
19377,0
19378,0.015625
19379,-0.015625
19380,1.984375
19381,-2
19382,0
19383,-0.015625
19384,0.015625
19385,0
19386,-0.015625
19387,0.015625
19388,1.984375
19389,1.984375
19390,1.984375
19391,1.984375
19392,1.984375
19393,0
19394,0.015625
19395,-0.015625
19396,1.984375
19397,-2
19398,0
19399,-0.015625
19400,0.015625
19401,0
19402,-0.015625
19403,0.015625
19404,-1.9375
19405,-1.359375
19406,-0.78125
19407,-0.203125
19408,0.375
19409,0
19410,0.015625
19411,-0.015625
19412,1.984375
19413,-2
19414,0
19415,-0.015625
19416,0.015625
19417,0
19418,-0.015625
19419,0.015625
19420,1.984375
19421,1.984375
19422,-2
19423,-2
19424,-2
19425,0
19426,0.015625
19427,-0.015625
19428,1.984375
19429,-2
19430,0
19431,-0.015625
19432,0.015625
19433,0
19434,-0.015625
19435,0.015625
19436,0.5625
19437,1.140625
19438,1.71875
19439,1.984375
19440,1.984375
19441,0
19442,0.015625
19443,-0.015625
19444,1.984375
19445,-2
19446,0
19447,-0.015625
19448,0.015625
19449,0
19450,-0.015625
19451,0.015625
19452,-2
19453,-2
19454,-2
19455,-2
19456,-2
19457,0
19458,0.015625
19459,-0.015625
19460,1.984375
19461,-2
19462,0
19463,-0.015625
19464,0.015625
19465,0
19466,-0.015625
19467,0.015625
19468,1.984375
19469,1.984375
19470,1.984375
19471,1.984375
19472,1.984375
19473,0
19474,0.015625
19475,-0.015625
19476,1.984375
19477,-2
19478,0
19479,-0.015625
19480,0.015625
19481,0
19482,-0.015625
19483,0.015625
19484,-2
19485,-2
19486,-2
19487,-1.953125
19488,-1.375
19489,0
19490,0.015625
19491,-0.015625
19492,1.984375
19493,-2
19494,0
19495,-0.015625
19496,0.015625
19497,0
19498,-0.015625
19499,0.015625
19500,1.984375
19501,1.984375
19502,1.984375
19503,1.984375
19504,1.984375
19505,0
19506,0.015625
19507,-0.015625
19508,1.984375
19509,-2
19510,0
19511,-0.015625
19512,0.015625
19513,0
19514,-0.015625
19515,0.015625
19516,-1.1875
19517,-0.609375
19518,-0.03125
19519,0.546875
19520,1.125
19521,0
19522,0.015625
19523,-0.015625
19524,1.984375
19525,-2
19526,0
19527,-0.015625
19528,0.015625
19529,0
19530,-0.015625
19531,0.015625
19532,-2
19533,-2
19534,-2
19535,-2
19536,-2
19537,0
19538,0.015625
19539,-0.015625
19540,1.984375
19541,-2
19542,0
19543,-0.015625
19544,0.015625
19545,0
19546,-0.015625
19547,0.015625
19548,1.3125
19549,1.890625
19550,1.984375
19551,1.984375
19552,1.984375
19553,0
19554,0.015625
19555,-0.015625
19556,1.984375
19557,-2
19558,0
19559,-0.015625
19560,0.015625
19561,0
19562,-0.015625
19563,0.015625
19564,-2
19565,-2
19566,-2
19567,-2
19568,-2
19569,0
19570,0.015625
19571,-0.015625
19572,1.984375
19573,-2
19574,0
19575,-0.015625
19576,0.015625
19577,0
19578,-0.015625
19579,0.015625
19580,1.984375
19581,1.984375
19582,1.984375
19583,1.984375
19584,1.984375
19585,0
19586,0.015625
19587,-0.015625
19588,1.984375
19589,-2
19590,0
19591,-0.015625
19592,0.015625
19593,0
19594,-0.015625
19595,0.015625
19596,-2
19597,-2
19598,-1.78125
19599,-1.203125
19600,-0.625
19601,0
19602,0.015625
19603,-0.015625
19604,1.984375
19605,-2
19606,0
19607,-0.015625
19608,0.015625
19609,0
19610,-0.015625
19611,0.015625
19612,1.984375
19613,1.984375
19614,1.984375
19615,-2
19616,-2
19617,0
19618,0.015625
19619,-0.015625
19620,1.984375
19621,-2
19622,0
19623,-0.015625
19624,0.015625
19625,0
19626,-0.015625
19627,0.015625
19628,-0.4375
19629,0.140625
19630,0.71875
19631,1.296875
19632,1.875
19633,0
19634,0.015625
19635,-0.015625
19636,1.984375
19637,-2
19638,0
19639,-0.015625
19640,0.015625
19641,0
19642,-0.015625
19643,0.015625
19644,-2
19645,-2
19646,-2
19647,-2
19648,-2
19649,0
19650,0.015625
19651,-0.015625
19652,1.984375
19653,-2
19654,0
19655,-0.015625
19656,0.015625
19657,0
19658,-0.015625
19659,0.015625
19660,1.984375
19661,1.984375
19662,1.984375
19663,1.984375
19664,1.984375
19665,0
19666,0.015625
19667,-0.015625
19668,1.984375
19669,-2
19670,0
19671,-0.015625
19672,0.015625
19673,0
19674,-0.015625
19675,0.015625
19676,-2
19677,-2
19678,-2
19679,-2
19680,-2
19681,0
19682,0.015625
19683,-0.015625
19684,1.984375
19685,-2
19686,0
19687,-0.015625
19688,0.015625
19689,0
19690,-0.015625
19691,0.015625
19692,1.984375
19693,1.984375
19694,1.984375
19695,1.984375
19696,1.984375
19697,0
19698,0.015625
19699,-0.015625
19700,1.984375
19701,-2
19702,0
19703,-0.015625
19704,0.015625
19705,0
19706,-0.015625
19707,0.015625
19708,-2
19709,-1.609375
19710,-1.03125
19711,-0.453125
19712,0.125
19713,0
19714,0.015625
19715,-0.015625
19716,1.984375
19717,-2
19718,0
19719,-0.015625
19720,0.015625
19721,0
19722,-0.015625
19723,0.015625
19724,1.984375
19725,1.984375
19726,-2
19727,-2
19728,-2
19729,0
19730,0.015625
19731,-0.015625
19732,1.984375
19733,-2
19734,0
19735,-0.015625
19736,0.015625
19737,0
19738,-0.015625
19739,0.015625
19740,0.3125
19741,0.890625
19742,1.46875
19743,1.984375
19744,1.984375
19745,0
19746,0.015625
19747,-0.015625
19748,1.984375
19749,-2
19750,0
19751,-0.015625
19752,0.015625
19753,0
19754,-0.015625
19755,0.015625
19756,-2
19757,-2
19758,-2
19759,-2
19760,-2
19761,0
19762,0.015625
19763,-0.015625
19764,1.984375
19765,-2
19766,0
19767,-0.015625
19768,0.015625
19769,0
19770,-0.015625
19771,0.015625
19772,1.984375
19773,1.984375
19774,1.984375
19775,1.984375
19776,1.984375
19777,0
19778,0.015625
19779,-0.015625
19780,1.984375
19781,-2
19782,0
19783,-0.015625
19784,0.015625
19785,0
19786,-0.015625
19787,0.015625
19788,-2
19789,-2
19790,-2
19791,-2
19792,-1.625
19793,0
19794,0.015625
19795,-0.015625
19796,1.984375
19797,-2
19798,0
19799,-0.015625
19800,0.015625
19801,0
19802,-0.015625
19803,0.015625
19804,1.984375
19805,1.984375
19806,1.984375
19807,1.984375
19808,1.984375
19809,0
19810,0.015625
19811,-0.015625
19812,1.984375
19813,-2
19814,0
19815,-0.015625
19816,0.015625
19817,0
19818,-0.015625
19819,0.015625
19820,-1.4375
19821,-0.859375
19822,-0.28125
19823,0.296875
19824,0.875
19825,0
19826,0.015625
19827,-0.015625
19828,1.984375
19829,-2
19830,0
19831,-0.015625
19832,0.015625
19833,0
19834,-0.015625
19835,0.015625
19836,1.984375
19837,-2
19838,-2
19839,-2
19840,-2
19841,0
19842,0.015625
19843,-0.015625
19844,1.984375
19845,-2
19846,0
19847,-0.015625
19848,0.015625
19849,0
19850,-0.015625
19851,0.015625
19852,1.0625
19853,1.640625
19854,1.984375
19855,1.984375
19856,1.984375
19857,0
19858,0.015625
19859,-0.015625
19860,1.984375
19861,-2
19862,0
19863,-0.015625
19864,0.015625
19865,0
19866,-0.015625
19867,0.015625
19868,-2
19869,-2
19870,-2
19871,-2
19872,-2
19873,0
19874,0.015625
19875,-0.015625
19876,1.984375
19877,-2
19878,0
19879,-0.015625
19880,0.015625
19881,0
19882,-0.015625
19883,0.015625
19884,1.984375
19885,1.984375
19886,1.984375
19887,1.984375
19888,1.984375
19889,0
19890,0.015625
19891,-0.015625
19892,1.984375
19893,-2
19894,0
19895,-0.015625
19896,0.015625
19897,0
19898,-0.015625
19899,0.015625
19900,-2
19901,-2
19902,-2
19903,-1.453125
19904,-0.875
19905,0
19906,0.015625
19907,-0.015625
19908,1.984375
19909,-2
19910,0
19911,-0.015625
19912,0.015625
19913,0
19914,-0.015625
19915,0.015625
19916,1.984375
19917,1.984375
19918,1.984375
19919,1.984375
19920,-2
19921,0
19922,0.015625
19923,-0.015625
19924,1.984375
19925,-2
19926,0
19927,-0.015625
19928,0.015625
19929,0
19930,-0.015625
19931,0.015625
19932,-0.6875
19933,-0.109375
19934,0.46875
19935,1.046875
19936,1.625
19937,0
19938,0.015625
19939,-0.015625
19940,1.984375
19941,-2
19942,0
19943,-0.015625
19944,0.015625
19945,0
19946,-0.015625
19947,0.015625
19948,-2
19949,-2
19950,-2
19951,-2
19952,-2
19953,0
19954,0.015625
19955,-0.015625
19956,1.984375
19957,-2
19958,0
19959,-0.015625
19960,0.015625
19961,0
19962,-0.015625
19963,0.015625
19964,1.8125
19965,1.984375
19966,1.984375
19967,1.984375
19968,1.984375
19969,0
19970,0.015625
19971,-0.015625
19972,1.984375
19973,-2
19974,0
19975,-0.015625
19976,0.015625
19977,0
19978,-0.015625
19979,0.015625
19980,-2
19981,-2
19982,-2
19983,-2
19984,-2
19985,0
19986,0.015625
19987,-0.015625
19988,1.984375
19989,-2
19990,0
19991,-0.015625
19992,0.015625
19993,0
19994,-0.015625
19995,0.015625
19996,1.984375
19997,1.984375
19998,1.984375
19999,1.984375
20000,1.984375
