cycle,i_word
1,0
2,0.00390625
3,-0.00390625
4,7.99609
5,-8
6,0.03125
7,0.0273438
8,0.0351563
9,-0.03125
10,-0.0351563
11,-0.0273438
12,0.765625
13,0.910156
14,1.05469
15,1.19922
16,1.34375
17,0
18,0.00390625
19,-0.00390625
20,7.99609
21,-8
22,0.03125
23,0.0273438
24,0.0351563
25,-0.03125
26,-0.0351563
27,-0.0273438
28,3.07813
29,3.22266
30,3.36719
31,3.51172
32,3.65625
33,0
34,0.00390625
35,-0.00390625
36,7.99609
37,-8
38,0.03125
39,0.0273438
40,0.0351563
41,-0.03125
42,-0.0351563
43,-0.0273438
44,5.39063
45,5.53516
46,5.67969
47,5.82422
48,5.96875
49,0
50,0.00390625
51,-0.00390625
52,7.99609
53,-8
54,0.03125
55,0.0273438
56,0.0351563
57,-0.03125
58,-0.0351563
59,-0.0273438
60,7.70313
61,7.84766
62,7.99219
63,-7.86328
64,-7.71875
65,0
66,0.00390625
67,-0.00390625
68,7.99609
69,-8
70,0.03125
71,0.0273438
72,0.0351563
73,-0.03125
74,-0.0351563
75,-0.0273438
76,-5.98438
77,-5.83984
78,-5.69531
79,-5.55078
80,-5.40625
81,0
82,0.00390625
83,-0.00390625
84,7.99609
85,-8
86,0.03125
87,0.0273438
88,0.0351563
89,-0.03125
90,-0.0351563
91,-0.0273438
92,-3.67188
93,-3.52734
94,-3.38281
95,-3.23828
96,-3.09375
97,0
98,0.00390625
99,-0.00390625
100,7.99609
101,-8
102,0.03125
103,0.0273438
104,0.0351563
105,-0.03125
106,-0.0351563
107,-0.0273438
108,-1.35938
109,-1.21484
110,-1.07031
111,-0.925781
112,-0.78125
113,0
114,0.00390625
115,-0.00390625
116,7.99609
117,-8
118,0.03125
119,0.0273438
120,0.0351563
121,-0.03125
122,-0.0351563
123,-0.0273438
124,0.953125
125,1.09766
126,1.24219
127,1.38672
128,1.53125
129,0
130,0.00390625
131,-0.00390625
132,7.99609
133,-8
134,0.03125
135,0.0273438
136,0.0351563
137,-0.03125
138,-0.0351563
139,-0.0273438
140,3.26563
141,3.41016
142,3.55469
143,3.69922
144,3.84375
145,0
146,0.00390625
147,-0.00390625
148,7.99609
149,-8
150,0.03125
151,0.0273438
152,0.0351563
153,-0.03125
154,-0.0351563
155,-0.0273438
156,5.57813
157,5.72266
158,5.86719
159,6.01172
160,6.15625
161,0
162,0.00390625
163,-0.00390625
164,7.99609
165,-8
166,0.03125
167,0.0273438
168,0.0351563
169,-0.03125
170,-0.0351563
171,-0.0273438
172,7.89063
173,-7.96484
174,-7.82031
175,-7.67578
176,-7.53125
177,0
178,0.00390625
179,-0.00390625
180,7.99609
181,-8
182,0.03125
183,0.0273438
184,0.0351563
185,-0.03125
186,-0.0351563
187,-0.0273438
188,-5.79688
189,-5.65234
190,-5.50781
191,-5.36328
192,-5.21875
193,0
194,0.00390625
195,-0.00390625
196,7.99609
197,-8
198,0.03125
199,0.0273438
200,0.0351563
201,-0.03125
202,-0.0351563
203,-0.0273438
204,-3.48438
205,-3.33984
206,-3.19531
207,-3.05078
208,-2.90625
209,0
210,0.00390625
211,-0.00390625
212,7.99609
213,-8
214,0.03125
215,0.0273438
216,0.0351563
217,-0.03125
218,-0.0351563
219,-0.0273438
220,-1.17188
221,-1.02734
222,-0.882813
223,-0.738281
224,-0.59375
225,0
226,0.00390625
227,-0.00390625
228,7.99609
229,-8
230,0.03125
231,0.0273438
232,0.0351563
233,-0.03125
234,-0.0351563
235,-0.0273438
236,1.14063
237,1.28516
238,1.42969
239,1.57422
240,1.71875
241,0
242,0.00390625
243,-0.00390625
244,7.99609
245,-8
246,0.03125
247,0.0273438
248,0.0351563
249,-0.03125
250,-0.0351563
251,-0.0273438
252,3.45313
253,3.59766
254,3.74219
255,3.88672
256,4.03125
257,0
258,0.00390625
259,-0.00390625
260,7.99609
261,-8
262,0.03125
263,0.0273438
264,0.0351563
265,-0.03125
266,-0.0351563
267,-0.0273438
268,5.76563
269,5.91016
270,6.05469
271,6.19922
272,6.34375
273,0
274,0.00390625
275,-0.00390625
276,7.99609
277,-8
278,0.03125
279,0.0273438
280,0.0351563
281,-0.03125
282,-0.0351563
283,-0.0273438
284,-7.92188
285,-7.77734
286,-7.63281
287,-7.48828
288,-7.34375
289,0
290,0.00390625
291,-0.00390625
292,7.99609
293,-8
294,0.03125
295,0.0273438
296,0.0351563
297,-0.03125
298,-0.0351563
299,-0.0273438
300,-5.60938
301,-5.46484
302,-5.32031
303,-5.17578
304,-5.03125
305,0
306,0.00390625
307,-0.00390625
308,7.99609
309,-8
310,0.03125
311,0.0273438
312,0.0351563
313,-0.03125
314,-0.0351563
315,-0.0273438
316,-3.29688
317,-3.15234
318,-3.00781
319,-2.86328
320,-2.71875
321,0
322,0.00390625
323,-0.00390625
324,7.99609
325,-8
326,0.03125
327,0.0273438
328,0.0351563
329,-0.03125
330,-0.0351563
331,-0.0273438
332,-0.984375
333,-0.839844
334,-0.695313
335,-0.550781
336,-0.40625
337,0
338,0.00390625
339,-0.00390625
340,7.99609
341,-8
342,0.03125
343,0.0273438
344,0.0351563
345,-0.03125
346,-0.0351563
347,-0.0273438
348,1.32813
349,1.47266
350,1.61719
351,1.76172
352,1.90625
353,0
354,0.00390625
355,-0.00390625
356,7.99609
357,-8
358,0.03125
359,0.0273438
360,0.0351563
361,-0.03125
362,-0.0351563
363,-0.0273438
364,3.64063
365,3.78516
366,3.92969
367,4.07422
368,4.21875
369,0
370,0.00390625
371,-0.00390625
372,7.99609
373,-8
374,0.03125
375,0.0273438
376,0.0351563
377,-0.03125
378,-0.0351563
379,-0.0273438
380,5.95313
381,6.09766
382,6.24219
383,6.38672
384,6.53125
385,0
386,0.00390625
387,-0.00390625
388,7.99609
389,-8
390,0.03125
391,0.0273438
392,0.0351563
393,-0.03125
394,-0.0351563
395,-0.0273438
396,-7.73438
397,-7.58984
398,-7.44531
399,-7.30078
400,-7.15625
401,0
402,0.00390625
403,-0.00390625
404,7.99609
405,-8
406,0.03125
407,0.0273438
408,0.0351563
409,-0.03125
410,-0.0351563
411,-0.0273438
412,-5.42188
413,-5.27734
414,-5.13281
415,-4.98828
416,-4.84375
417,0
418,0.00390625
419,-0.00390625
420,7.99609
421,-8
422,0.03125
423,0.0273438
424,0.0351563
425,-0.03125
426,-0.0351563
427,-0.0273438
428,-3.10938
429,-2.96484
430,-2.82031
431,-2.67578
432,-2.53125
433,0
434,0.00390625
435,-0.00390625
436,7.99609
437,-8
438,0.03125
439,0.0273438
440,0.0351563
441,-0.03125
442,-0.0351563
443,-0.0273438
444,-0.796875
445,-0.652344
446,-0.507813
447,-0.363281
448,-0.21875
449,0
450,0.00390625
451,-0.00390625
452,7.99609
453,-8
454,0.03125
455,0.0273438
456,0.0351563
457,-0.03125
458,-0.0351563
459,-0.0273438
460,1.51563
461,1.66016
462,1.80469
463,1.94922
464,2.09375
465,0
466,0.00390625
467,-0.00390625
468,7.99609
469,-8
470,0.03125
471,0.0273438
472,0.0351563
473,-0.03125
474,-0.0351563
475,-0.0273438
476,3.82813
477,3.97266
478,4.11719
479,4.26172
480,4.40625
481,0
482,0.00390625
483,-0.00390625
484,7.99609
485,-8
486,0.03125
487,0.0273438
488,0.0351563
489,-0.03125
490,-0.0351563
491,-0.0273438
492,6.14063
493,6.28516
494,6.42969
495,6.57422
496,6.71875
497,0
498,0.00390625
499,-0.00390625
500,7.99609
501,-8
502,0.03125
503,0.0273438
504,0.0351563
505,-0.03125
506,-0.0351563
507,-0.0273438
508,-7.54688
509,-7.40234
510,-7.25781
511,-7.11328
512,-6.96875
513,0
514,0.00390625
515,-0.00390625
516,7.99609
517,-8
518,0.03125
519,0.0273438
520,0.0351563
521,-0.03125
522,-0.0351563
523,-0.0273438
524,-5.23438
525,-5.08984
526,-4.94531
527,-4.80078
528,-4.65625
529,0
530,0.00390625
531,-0.00390625
532,7.99609
533,-8
534,0.03125
535,0.0273438
536,0.0351563
537,-0.03125
538,-0.0351563
539,-0.0273438
540,-2.92188
541,-2.77734
542,-2.63281
543,-2.48828
544,-2.34375
545,0
546,0.00390625
547,-0.00390625
548,7.99609
549,-8
550,0.03125
551,0.0273438
552,0.0351563
553,-0.03125
554,-0.0351563
555,-0.0273438
556,-0.609375
557,-0.464844
558,-0.320313
559,-0.175781
560,-0.03125
561,0
562,0.00390625
563,-0.00390625
564,7.99609
565,-8
566,0.03125
567,0.0273438
568,0.0351563
569,-0.03125
570,-0.0351563
571,-0.0273438
572,1.70313
573,1.84766
574,1.99219
575,2.13672
576,2.28125
577,0
578,0.00390625
579,-0.00390625
580,7.99609
581,-8
582,0.03125
583,0.0273438
584,0.0351563
585,-0.03125
586,-0.0351563
587,-0.0273438
588,4.01563
589,4.16016
590,4.30469
591,4.44922
592,4.59375
593,0
594,0.00390625
595,-0.00390625
596,7.99609
597,-8
598,0.03125
599,0.0273438
600,0.0351563
601,-0.03125
602,-0.0351563
603,-0.0273438
604,6.32813
605,6.47266
606,6.61719
607,6.76172
608,6.90625
609,0
610,0.00390625
611,-0.00390625
612,7.99609
613,-8
614,0.03125
615,0.0273438
616,0.0351563
617,-0.03125
618,-0.0351563
619,-0.0273438
620,-7.35938
621,-7.21484
622,-7.07031
623,-6.92578
624,-6.78125
625,0
626,0.00390625
627,-0.00390625
628,7.99609
629,-8
630,0.03125
631,0.0273438
632,0.0351563
633,-0.03125
634,-0.0351563
635,-0.0273438
636,-5.04688
637,-4.90234
638,-4.75781
639,-4.61328
640,-4.46875
641,0
642,0.00390625
643,-0.00390625
644,7.99609
645,-8
646,0.03125
647,0.0273438
648,0.0351563
649,-0.03125
650,-0.0351563
651,-0.0273438
652,-2.73438
653,-2.58984
654,-2.44531
655,-2.30078
656,-2.15625
657,0
658,0.00390625
659,-0.00390625
660,7.99609
661,-8
662,0.03125
663,0.0273438
664,0.0351563
665,-0.03125
666,-0.0351563
667,-0.0273438
668,-0.421875
669,-0.277344
670,-0.132813
671,0.0117188
672,0.15625
673,0
674,0.00390625
675,-0.00390625
676,7.99609
677,-8
678,0.03125
679,0.0273438
680,0.0351563
681,-0.03125
682,-0.0351563
683,-0.0273438
684,1.89063
685,2.03516
686,2.17969
687,2.32422
688,2.46875
689,0
690,0.00390625
691,-0.00390625
692,7.99609
693,-8
694,0.03125
695,0.0273438
696,0.0351563
697,-0.03125
698,-0.0351563
699,-0.0273438
700,4.20313
701,4.34766
702,4.49219
703,4.63672
704,4.78125
705,0
706,0.00390625
707,-0.00390625
708,7.99609
709,-8
710,0.03125
711,0.0273438
712,0.0351563
713,-0.03125
714,-0.0351563
715,-0.0273438
716,6.51563
717,6.66016
718,6.80469
719,6.94922
720,7.09375
721,0
722,0.00390625
723,-0.00390625
724,7.99609
725,-8
726,0.03125
727,0.0273438
728,0.0351563
729,-0.03125
730,-0.0351563
731,-0.0273438
732,-7.17188
733,-7.02734
734,-6.88281
735,-6.73828
736,-6.59375
737,0
738,0.00390625
739,-0.00390625
740,7.99609
741,-8
742,0.03125
743,0.0273438
744,0.0351563
745,-0.03125
746,-0.0351563
747,-0.0273438
748,-4.85938
749,-4.71484
750,-4.57031
751,-4.42578
752,-4.28125
753,0
754,0.00390625
755,-0.00390625
756,7.99609
757,-8
758,0.03125
759,0.0273438
760,0.0351563
761,-0.03125
762,-0.0351563
763,-0.0273438
764,-2.54688
765,-2.40234
766,-2.25781
767,-2.11328
768,-1.96875
769,0
770,0.00390625
771,-0.00390625
772,7.99609
773,-8
774,0.03125
775,0.0273438
776,0.0351563
777,-0.03125
778,-0.0351563
779,-0.0273438
780,-0.234375
781,-0.0898438
782,0.0546875
783,0.199219
784,0.34375
785,0
786,0.00390625
787,-0.00390625
788,7.99609
789,-8
790,0.03125
791,0.0273438
792,0.0351563
793,-0.03125
794,-0.0351563
795,-0.0273438
796,2.07813
797,2.22266
798,2.36719
799,2.51172
800,2.65625
801,0
802,0.00390625
803,-0.00390625
804,7.99609
805,-8
806,0.03125
807,0.0273438
808,0.0351563
809,-0.03125
810,-0.0351563
811,-0.0273438
812,4.39063
813,4.53516
814,4.67969
815,4.82422
816,4.96875
817,0
818,0.00390625
819,-0.00390625
820,7.99609
821,-8
822,0.03125
823,0.0273438
824,0.0351563
825,-0.03125
826,-0.0351563
827,-0.0273438
828,6.70313
829,6.84766
830,6.99219
831,7.13672
832,7.28125
833,0
834,0.00390625
835,-0.00390625
836,7.99609
837,-8
838,0.03125
839,0.0273438
840,0.0351563
841,-0.03125
842,-0.0351563
843,-0.0273438
844,-6.98438
845,-6.83984
846,-6.69531
847,-6.55078
848,-6.40625
849,0
850,0.00390625
851,-0.00390625
852,7.99609
853,-8
854,0.03125
855,0.0273438
856,0.0351563
857,-0.03125
858,-0.0351563
859,-0.0273438
860,-4.67188
861,-4.52734
862,-4.38281
863,-4.23828
864,-4.09375
865,0
866,0.00390625
867,-0.00390625
868,7.99609
869,-8
870,0.03125
871,0.0273438
872,0.0351563
873,-0.03125
874,-0.0351563
875,-0.0273438
876,-2.35938
877,-2.21484
878,-2.07031
879,-1.92578
880,-1.78125
881,0
882,0.00390625
883,-0.00390625
884,7.99609
885,-8
886,0.03125
887,0.0273438
888,0.0351563
889,-0.03125
890,-0.0351563
891,-0.0273438
892,-0.046875
893,0.0976563
894,0.242188
895,0.386719
896,0.53125
897,0
898,0.00390625
899,-0.00390625
900,7.99609
901,-8
902,0.03125
903,0.0273438
904,0.0351563
905,-0.03125
906,-0.0351563
907,-0.0273438
908,2.26563
909,2.41016
910,2.55469
911,2.69922
912,2.84375
913,0
914,0.00390625
915,-0.00390625
916,7.99609
917,-8
918,0.03125
919,0.0273438
920,0.0351563
921,-0.03125
922,-0.0351563
923,-0.0273438
924,4.57813
925,4.72266
926,4.86719
927,5.01172
928,5.15625
929,0
930,0.00390625
931,-0.00390625
932,7.99609
933,-8
934,0.03125
935,0.0273438
936,0.0351563
937,-0.03125
938,-0.0351563
939,-0.0273438
940,6.89063
941,7.03516
942,7.17969
943,7.32422
944,7.46875
945,0
946,0.00390625
947,-0.00390625
948,7.99609
949,-8
950,0.03125
951,0.0273438
952,0.0351563
953,-0.03125
954,-0.0351563
955,-0.0273438
956,-6.79688
957,-6.65234
958,-6.50781
959,-6.36328
960,-6.21875
961,0
962,0.00390625
963,-0.00390625
964,7.99609
965,-8
966,0.03125
967,0.0273438
968,0.0351563
969,-0.03125
970,-0.0351563
971,-0.0273438
972,-4.48438
973,-4.33984
974,-4.19531
975,-4.05078
976,-3.90625
977,0
978,0.00390625
979,-0.00390625
980,7.99609
981,-8
982,0.03125
983,0.0273438
984,0.0351563
985,-0.03125
986,-0.0351563
987,-0.0273438
988,-2.17188
989,-2.02734
990,-1.88281
991,-1.73828
992,-1.59375
993,0
994,0.00390625
995,-0.00390625
996,7.99609
997,-8
998,0.03125
999,0.0273438
1000,0.0351563
1001,-0.03125
1002,-0.0351563
1003,-0.0273438
1004,0.140625
1005,0.285156
1006,0.429688
1007,0.574219
1008,0.71875
1009,0
1010,0.00390625
1011,-0.00390625
1012,7.99609
1013,-8
1014,0.03125
1015,0.0273438
1016,0.0351563
1017,-0.03125
1018,-0.0351563
1019,-0.0273438
1020,2.45313
1021,2.59766
1022,2.74219
1023,2.88672
1024,3.03125
1025,0
1026,0.00390625
1027,-0.00390625
1028,7.99609
1029,-8
1030,0.03125
1031,0.0273438
1032,0.0351563
1033,-0.03125
1034,-0.0351563
1035,-0.0273438
1036,4.76563
1037,4.91016
1038,5.05469
1039,5.19922
1040,5.34375
1041,0
1042,0.00390625
1043,-0.00390625
1044,7.99609
1045,-8
1046,0.03125
1047,0.0273438
1048,0.0351563
1049,-0.03125
1050,-0.0351563
1051,-0.0273438
1052,7.07813
1053,7.22266
1054,7.36719
1055,7.51172
1056,7.65625
1057,0
1058,0.00390625
1059,-0.00390625
1060,7.99609
1061,-8
1062,0.03125
1063,0.0273438
1064,0.0351563
1065,-0.03125
1066,-0.0351563
1067,-0.0273438
1068,-6.60938
1069,-6.46484
1070,-6.32031
1071,-6.17578
1072,-6.03125
1073,0
1074,0.00390625
1075,-0.00390625
1076,7.99609
1077,-8
1078,0.03125
1079,0.0273438
1080,0.0351563
1081,-0.03125
1082,-0.0351563
1083,-0.0273438
1084,-4.29688
1085,-4.15234
1086,-4.00781
1087,-3.86328
1088,-3.71875
1089,0
1090,0.00390625
1091,-0.00390625
1092,7.99609
1093,-8
1094,0.03125
1095,0.0273438
1096,0.0351563
1097,-0.03125
1098,-0.0351563
1099,-0.0273438
1100,-1.98438
1101,-1.83984
1102,-1.69531
1103,-1.55078
1104,-1.40625
1105,0
1106,0.00390625
1107,-0.00390625
1108,7.99609
1109,-8
1110,0.03125
1111,0.0273438
1112,0.0351563
1113,-0.03125
1114,-0.0351563
1115,-0.0273438
1116,0.328125
1117,0.472656
1118,0.617188
1119,0.761719
1120,0.90625
1121,0
1122,0.00390625
1123,-0.00390625
1124,7.99609
1125,-8
1126,0.03125
1127,0.0273438
1128,0.0351563
1129,-0.03125
1130,-0.0351563
1131,-0.0273438
1132,2.64063
1133,2.78516
1134,2.92969
1135,3.07422
1136,3.21875
1137,0
1138,0.00390625
1139,-0.00390625
1140,7.99609
1141,-8
1142,0.03125
1143,0.0273438
1144,0.0351563
1145,-0.03125
1146,-0.0351563
1147,-0.0273438
1148,4.95313
1149,5.09766
1150,5.24219
1151,5.38672
1152,5.53125
1153,0
1154,0.00390625
1155,-0.00390625
1156,7.99609
1157,-8
1158,0.03125
1159,0.0273438
1160,0.0351563
1161,-0.03125
1162,-0.0351563
1163,-0.0273438
1164,7.26563
1165,7.41016
1166,7.55469
1167,7.69922
1168,7.84375
1169,0
1170,0.00390625
1171,-0.00390625
1172,7.99609
1173,-8
1174,0.03125
1175,0.0273438
1176,0.0351563
1177,-0.03125
1178,-0.0351563
1179,-0.0273438
1180,-6.42188
1181,-6.27734
1182,-6.13281
1183,-5.98828
1184,-5.84375
1185,0
1186,0.00390625
1187,-0.00390625
1188,7.99609
1189,-8
1190,0.03125
1191,0.0273438
1192,0.0351563
1193,-0.03125
1194,-0.0351563
1195,-0.0273438
1196,-4.10938
1197,-3.96484
1198,-3.82031
1199,-3.67578
1200,-3.53125
1201,0
1202,0.00390625
1203,-0.00390625
1204,7.99609
1205,-8
1206,0.03125
1207,0.0273438
1208,0.0351563
1209,-0.03125
1210,-0.0351563
1211,-0.0273438
1212,-1.79688
1213,-1.65234
1214,-1.50781
1215,-1.36328
1216,-1.21875
1217,0
1218,0.00390625
1219,-0.00390625
1220,7.99609
1221,-8
1222,0.03125
1223,0.0273438
1224,0.0351563
1225,-0.03125
1226,-0.0351563
1227,-0.0273438
1228,0.515625
1229,0.660156
1230,0.804688
1231,0.949219
1232,1.09375
1233,0
1234,0.00390625
1235,-0.00390625
1236,7.99609
1237,-8
1238,0.03125
1239,0.0273438
1240,0.0351563
1241,-0.03125
1242,-0.0351563
1243,-0.0273438
1244,2.82813
1245,2.97266
1246,3.11719
1247,3.26172
1248,3.40625
1249,0
1250,0.00390625
1251,-0.00390625
1252,7.99609
1253,-8
1254,0.03125
1255,0.0273438
1256,0.0351563
1257,-0.03125
1258,-0.0351563
1259,-0.0273438
1260,5.14063
1261,5.28516
1262,5.42969
1263,5.57422
1264,5.71875
1265,0
1266,0.00390625
1267,-0.00390625
1268,7.99609
1269,-8
1270,0.03125
1271,0.0273438
1272,0.0351563
1273,-0.03125
1274,-0.0351563
1275,-0.0273438
1276,7.45313
1277,7.59766
1278,7.74219
1279,7.88672
1280,-7.96875
1281,0
1282,0.00390625
1283,-0.00390625
1284,7.99609
1285,-8
1286,0.03125
1287,0.0273438
1288,0.0351563
1289,-0.03125
1290,-0.0351563
1291,-0.0273438
1292,-6.23438
1293,-6.08984
1294,-5.94531
1295,-5.80078
1296,-5.65625
1297,0
1298,0.00390625
1299,-0.00390625
1300,7.99609
1301,-8
1302,0.03125
1303,0.0273438
1304,0.0351563
1305,-0.03125
1306,-0.0351563
1307,-0.0273438
1308,-3.92188
1309,-3.77734
1310,-3.63281
1311,-3.48828
1312,-3.34375
1313,0
1314,0.00390625
1315,-0.00390625
1316,7.99609
1317,-8
1318,0.03125
1319,0.0273438
1320,0.0351563
1321,-0.03125
1322,-0.0351563
1323,-0.0273438
1324,-1.60938
1325,-1.46484
1326,-1.32031
1327,-1.17578
1328,-1.03125
1329,0
1330,0.00390625
1331,-0.00390625
1332,7.99609
1333,-8
1334,0.03125
1335,0.0273438
1336,0.0351563
1337,-0.03125
1338,-0.0351563
1339,-0.0273438
1340,0.703125
1341,0.847656
1342,0.992188
1343,1.13672
1344,1.28125
1345,0
1346,0.00390625
1347,-0.00390625
1348,7.99609
1349,-8
1350,0.03125
1351,0.0273438
1352,0.0351563
1353,-0.03125
1354,-0.0351563
1355,-0.0273438
1356,3.01563
1357,3.16016
1358,3.30469
1359,3.44922
1360,3.59375
1361,0
1362,0.00390625
1363,-0.00390625
1364,7.99609
1365,-8
1366,0.03125
1367,0.0273438
1368,0.0351563
1369,-0.03125
1370,-0.0351563
1371,-0.0273438
1372,5.32813
1373,5.47266
1374,5.61719
1375,5.76172
1376,5.90625
1377,0
1378,0.00390625
1379,-0.00390625
1380,7.99609
1381,-8
1382,0.03125
1383,0.0273438
1384,0.0351563
1385,-0.03125
1386,-0.0351563
1387,-0.0273438
1388,7.64063
1389,7.78516
1390,7.92969
1391,-7.92578
1392,-7.78125
1393,0
1394,0.00390625
1395,-0.00390625
1396,7.99609
1397,-8
1398,0.03125
1399,0.0273438
1400,0.0351563
1401,-0.03125
1402,-0.0351563
1403,-0.0273438
1404,-6.04688
1405,-5.90234
1406,-5.75781
1407,-5.61328
1408,-5.46875
1409,0
1410,0.00390625
1411,-0.00390625
1412,7.99609
1413,-8
1414,0.03125
1415,0.0273438
1416,0.0351563
1417,-0.03125
1418,-0.0351563
1419,-0.0273438
1420,-3.73438
1421,-3.58984
1422,-3.44531
1423,-3.30078
1424,-3.15625
1425,0
1426,0.00390625
1427,-0.00390625
1428,7.99609
1429,-8
1430,0.03125
1431,0.0273438
1432,0.0351563
1433,-0.03125
1434,-0.0351563
1435,-0.0273438
1436,-1.42188
1437,-1.27734
1438,-1.13281
1439,-0.988281
1440,-0.84375
1441,0
1442,0.00390625
1443,-0.00390625
1444,7.99609
1445,-8
1446,0.03125
1447,0.0273438
1448,0.0351563
1449,-0.03125
1450,-0.0351563
1451,-0.0273438
1452,0.890625
1453,1.03516
1454,1.17969
1455,1.32422
1456,1.46875
1457,0
1458,0.00390625
1459,-0.00390625
1460,7.99609
1461,-8
1462,0.03125
1463,0.0273438
1464,0.0351563
1465,-0.03125
1466,-0.0351563
1467,-0.0273438
1468,3.20313
1469,3.34766
1470,3.49219
1471,3.63672
1472,3.78125
1473,0
1474,0.00390625
1475,-0.00390625
1476,7.99609
1477,-8
1478,0.03125
1479,0.0273438
1480,0.0351563
1481,-0.03125
1482,-0.0351563
1483,-0.0273438
1484,5.51563
1485,5.66016
1486,5.80469
1487,5.94922
1488,6.09375
1489,0
1490,0.00390625
1491,-0.00390625
1492,7.99609
1493,-8
1494,0.03125
1495,0.0273438
1496,0.0351563
1497,-0.03125
1498,-0.0351563
1499,-0.0273438
1500,7.82813
1501,7.97266
1502,-7.88281
1503,-7.73828
1504,-7.59375
1505,0
1506,0.00390625
1507,-0.00390625
1508,7.99609
1509,-8
1510,0.03125
1511,0.0273438
1512,0.0351563
1513,-0.03125
1514,-0.0351563
1515,-0.0273438
1516,-5.85938
1517,-5.71484
1518,-5.57031
1519,-5.42578
1520,-5.28125
1521,0
1522,0.00390625
1523,-0.00390625
1524,7.99609
1525,-8
1526,0.03125
1527,0.0273438
1528,0.0351563
1529,-0.03125
1530,-0.0351563
1531,-0.0273438
1532,-3.54688
1533,-3.40234
1534,-3.25781
1535,-3.11328
1536,-2.96875
1537,0
1538,0.00390625
1539,-0.00390625
1540,7.99609
1541,-8
1542,0.03125
1543,0.0273438
1544,0.0351563
1545,-0.03125
1546,-0.0351563
1547,-0.0273438
1548,-1.23438
1549,-1.08984
1550,-0.945313
1551,-0.800781
1552,-0.65625
1553,0
1554,0.00390625
1555,-0.00390625
1556,7.99609
1557,-8
1558,0.03125
1559,0.0273438
1560,0.0351563
1561,-0.03125
1562,-0.0351563
1563,-0.0273438
1564,1.07813
1565,1.22266
1566,1.36719
1567,1.51172
1568,1.65625
1569,0
1570,0.00390625
1571,-0.00390625
1572,7.99609
1573,-8
1574,0.03125
1575,0.0273438
1576,0.0351563
1577,-0.03125
1578,-0.0351563
1579,-0.0273438
1580,3.39063
1581,3.53516
1582,3.67969
1583,3.82422
1584,3.96875
1585,0
1586,0.00390625
1587,-0.00390625
1588,7.99609
1589,-8
1590,0.03125
1591,0.0273438
1592,0.0351563
1593,-0.03125
1594,-0.0351563
1595,-0.0273438
1596,5.70313
1597,5.84766
1598,5.99219
1599,6.13672
1600,6.28125
1601,0
1602,0.00390625
1603,-0.00390625
1604,7.99609
1605,-8
1606,0.03125
1607,0.0273438
1608,0.0351563
1609,-0.03125
1610,-0.0351563
1611,-0.0273438
1612,-7.98438
1613,-7.83984
1614,-7.69531
1615,-7.55078
1616,-7.40625
1617,0
1618,0.00390625
1619,-0.00390625
1620,7.99609
1621,-8
1622,0.03125
1623,0.0273438
1624,0.0351563
1625,-0.03125
1626,-0.0351563
1627,-0.0273438
1628,-5.67188
1629,-5.52734
1630,-5.38281
1631,-5.23828
1632,-5.09375
1633,0
1634,0.00390625
1635,-0.00390625
1636,7.99609
1637,-8
1638,0.03125
1639,0.0273438
1640,0.0351563
1641,-0.03125
1642,-0.0351563
1643,-0.0273438
1644,-3.35938
1645,-3.21484
1646,-3.07031
1647,-2.92578
1648,-2.78125
1649,0
1650,0.00390625
1651,-0.00390625
1652,7.99609
1653,-8
1654,0.03125
1655,0.0273438
1656,0.0351563
1657,-0.03125
1658,-0.0351563
1659,-0.0273438
1660,-1.04688
1661,-0.902344
1662,-0.757813
1663,-0.613281
1664,-0.46875
1665,0
1666,0.00390625
1667,-0.00390625
1668,7.99609
1669,-8
1670,0.03125
1671,0.0273438
1672,0.0351563
1673,-0.03125
1674,-0.0351563
1675,-0.0273438
1676,1.26563
1677,1.41016
1678,1.55469
1679,1.69922
1680,1.84375
1681,0
1682,0.00390625
1683,-0.00390625
1684,7.99609
1685,-8
1686,0.03125
1687,0.0273438
1688,0.0351563
1689,-0.03125
1690,-0.0351563
1691,-0.0273438
1692,3.57813
1693,3.72266
1694,3.86719
1695,4.01172
1696,4.15625
1697,0
1698,0.00390625
1699,-0.00390625
1700,7.99609
1701,-8
1702,0.03125
1703,0.0273438
1704,0.0351563
1705,-0.03125
1706,-0.0351563
1707,-0.0273438
1708,5.89063
1709,6.03516
1710,6.17969
1711,6.32422
1712,6.46875
1713,0
1714,0.00390625
1715,-0.00390625
1716,7.99609
1717,-8
1718,0.03125
1719,0.0273438
1720,0.0351563
1721,-0.03125
1722,-0.0351563
1723,-0.0273438
1724,-7.79688
1725,-7.65234
1726,-7.50781
1727,-7.36328
1728,-7.21875
1729,0
1730,0.00390625
1731,-0.00390625
1732,7.99609
1733,-8
1734,0.03125
1735,0.0273438
1736,0.0351563
1737,-0.03125
1738,-0.0351563
1739,-0.0273438
1740,-5.48438
1741,-5.33984
1742,-5.19531
1743,-5.05078
1744,-4.90625
1745,0
1746,0.00390625
1747,-0.00390625
1748,7.99609
1749,-8
1750,0.03125
1751,0.0273438
1752,0.0351563
1753,-0.03125
1754,-0.0351563
1755,-0.0273438
1756,-3.17188
1757,-3.02734
1758,-2.88281
1759,-2.73828
1760,-2.59375
1761,0
1762,0.00390625
1763,-0.00390625
1764,7.99609
1765,-8
1766,0.03125
1767,0.0273438
1768,0.0351563
1769,-0.03125
1770,-0.0351563
1771,-0.0273438
1772,-0.859375
1773,-0.714844
1774,-0.570313
1775,-0.425781
1776,-0.28125
1777,0
1778,0.00390625
1779,-0.00390625
1780,7.99609
1781,-8
1782,0.03125
1783,0.0273438
1784,0.0351563
1785,-0.03125
1786,-0.0351563
1787,-0.0273438
1788,1.45313
1789,1.59766
1790,1.74219
1791,1.88672
1792,2.03125
1793,0
1794,0.00390625
1795,-0.00390625
1796,7.99609
1797,-8
1798,0.03125
1799,0.0273438
1800,0.0351563
1801,-0.03125
1802,-0.0351563
1803,-0.0273438
1804,3.76563
1805,3.91016
1806,4.05469
1807,4.19922
1808,4.34375
1809,0
1810,0.00390625
1811,-0.00390625
1812,7.99609
1813,-8
1814,0.03125
1815,0.0273438
1816,0.0351563
1817,-0.03125
1818,-0.0351563
1819,-0.0273438
1820,6.07813
1821,6.22266
1822,6.36719
1823,6.51172
1824,6.65625
1825,0
1826,0.00390625
1827,-0.00390625
1828,7.99609
1829,-8
1830,0.03125
1831,0.0273438
1832,0.0351563
1833,-0.03125
1834,-0.0351563
1835,-0.0273438
1836,-7.60938
1837,-7.46484
1838,-7.32031
1839,-7.17578
1840,-7.03125
1841,0
1842,0.00390625
1843,-0.00390625
1844,7.99609
1845,-8
1846,0.03125
1847,0.0273438
1848,0.0351563
1849,-0.03125
1850,-0.0351563
1851,-0.0273438
1852,-5.29688
1853,-5.15234
1854,-5.00781
1855,-4.86328
1856,-4.71875
1857,0
1858,0.00390625
1859,-0.00390625
1860,7.99609
1861,-8
1862,0.03125
1863,0.0273438
1864,0.0351563
1865,-0.03125
1866,-0.0351563
1867,-0.0273438
1868,-2.98438
1869,-2.83984
1870,-2.69531
1871,-2.55078
1872,-2.40625
1873,0
1874,0.00390625
1875,-0.00390625
1876,7.99609
1877,-8
1878,0.03125
1879,0.0273438
1880,0.0351563
1881,-0.03125
1882,-0.0351563
1883,-0.0273438
1884,-0.671875
1885,-0.527344
1886,-0.382813
1887,-0.238281
1888,-0.09375
1889,0
1890,0.00390625
1891,-0.00390625
1892,7.99609
1893,-8
1894,0.03125
1895,0.0273438
1896,0.0351563
1897,-0.03125
1898,-0.0351563
1899,-0.0273438
1900,1.64063
1901,1.78516
1902,1.92969
1903,2.07422
1904,2.21875
1905,0
1906,0.00390625
1907,-0.00390625
1908,7.99609
1909,-8
1910,0.03125
1911,0.0273438
1912,0.0351563
1913,-0.03125
1914,-0.0351563
1915,-0.0273438
1916,3.95313
1917,4.09766
1918,4.24219
1919,4.38672
1920,4.53125
1921,0
1922,0.00390625
1923,-0.00390625
1924,7.99609
1925,-8
1926,0.03125
1927,0.0273438
1928,0.0351563
1929,-0.03125
1930,-0.0351563
1931,-0.0273438
1932,6.26563
1933,6.41016
1934,6.55469
1935,6.69922
1936,6.84375
1937,0
1938,0.00390625
1939,-0.00390625
1940,7.99609
1941,-8
1942,0.03125
1943,0.0273438
1944,0.0351563
1945,-0.03125
1946,-0.0351563
1947,-0.0273438
1948,-7.42188
1949,-7.27734
1950,-7.13281
1951,-6.98828
1952,-6.84375
1953,0
1954,0.00390625
1955,-0.00390625
1956,7.99609
1957,-8
1958,0.03125
1959,0.0273438
1960,0.0351563
1961,-0.03125
1962,-0.0351563
1963,-0.0273438
1964,-5.10938
1965,-4.96484
1966,-4.82031
1967,-4.67578
1968,-4.53125
1969,0
1970,0.00390625
1971,-0.00390625
1972,7.99609
1973,-8
1974,0.03125
1975,0.0273438
1976,0.0351563
1977,-0.03125
1978,-0.0351563
1979,-0.0273438
1980,-2.79688
1981,-2.65234
1982,-2.50781
1983,-2.36328
1984,-2.21875
1985,0
1986,0.00390625
1987,-0.00390625
1988,7.99609
1989,-8
1990,0.03125
1991,0.0273438
1992,0.0351563
1993,-0.03125
1994,-0.0351563
1995,-0.0273438
1996,-0.484375
1997,-0.339844
1998,-0.195313
1999,-0.0507813
2000,0.09375
2001,0
2002,0.00390625
2003,-0.00390625
2004,7.99609
2005,-8
2006,0.03125
2007,0.0273438
2008,0.0351563
2009,-0.03125
2010,-0.0351563
2011,-0.0273438
2012,1.82813
2013,1.97266
2014,2.11719
2015,2.26172
2016,2.40625
2017,0
2018,0.00390625
2019,-0.00390625
2020,7.99609
2021,-8
2022,0.03125
2023,0.0273438
2024,0.0351563
2025,-0.03125
2026,-0.0351563
2027,-0.0273438
2028,4.14063
2029,4.28516
2030,4.42969
2031,4.57422
2032,4.71875
2033,0
2034,0.00390625
2035,-0.00390625
2036,7.99609
2037,-8
2038,0.03125
2039,0.0273438
2040,0.0351563
2041,-0.03125
2042,-0.0351563
2043,-0.0273438
2044,6.45313
2045,6.59766
2046,6.74219
2047,6.88672
2048,7.03125
2049,0
2050,0.00390625
2051,-0.00390625
2052,7.99609
2053,-8
2054,0.03125
2055,0.0273438
2056,0.0351563
2057,-0.03125
2058,-0.0351563
2059,-0.0273438
2060,-7.23438
2061,-7.08984
2062,-6.94531
2063,-6.80078
2064,-6.65625
2065,0
2066,0.00390625
2067,-0.00390625
2068,7.99609
2069,-8
2070,0.03125
2071,0.0273438
2072,0.0351563
2073,-0.03125
2074,-0.0351563
2075,-0.0273438
2076,-4.92188
2077,-4.77734
2078,-4.63281
2079,-4.48828
2080,-4.34375
2081,0
2082,0.00390625
2083,-0.00390625
2084,7.99609
2085,-8
2086,0.03125
2087,0.0273438
2088,0.0351563
2089,-0.03125
2090,-0.0351563
2091,-0.0273438
2092,-2.60938
2093,-2.46484
2094,-2.32031
2095,-2.17578
2096,-2.03125
2097,0
2098,0.00390625
2099,-0.00390625
2100,7.99609
2101,-8
2102,0.03125
2103,0.0273438
2104,0.0351563
2105,-0.03125
2106,-0.0351563
2107,-0.0273438
2108,-0.296875
2109,-0.152344
2110,-0.0078125
2111,0.136719
2112,0.28125
2113,0
2114,0.00390625
2115,-0.00390625
2116,7.99609
2117,-8
2118,0.03125
2119,0.0273438
2120,0.0351563
2121,-0.03125
2122,-0.0351563
2123,-0.0273438
2124,2.01563
2125,2.16016
2126,2.30469
2127,2.44922
2128,2.59375
2129,0
2130,0.00390625
2131,-0.00390625
2132,7.99609
2133,-8
2134,0.03125
2135,0.0273438
2136,0.0351563
2137,-0.03125
2138,-0.0351563
2139,-0.0273438
2140,4.32813
2141,4.47266
2142,4.61719
2143,4.76172
2144,4.90625
2145,0
2146,0.00390625
2147,-0.00390625
2148,7.99609
2149,-8
2150,0.03125
2151,0.0273438
2152,0.0351563
2153,-0.03125
2154,-0.0351563
2155,-0.0273438
2156,6.64063
2157,6.78516
2158,6.92969
2159,7.07422
2160,7.21875
2161,0
2162,0.00390625
2163,-0.00390625
2164,7.99609
2165,-8
2166,0.03125
2167,0.0273438
2168,0.0351563
2169,-0.03125
2170,-0.0351563
2171,-0.0273438
2172,-7.04688
2173,-6.90234
2174,-6.75781
2175,-6.61328
2176,-6.46875
2177,0
2178,0.00390625
2179,-0.00390625
2180,7.99609
2181,-8
2182,0.03125
2183,0.0273438
2184,0.0351563
2185,-0.03125
2186,-0.0351563
2187,-0.0273438
2188,-4.73438
2189,-4.58984
2190,-4.44531
2191,-4.30078
2192,-4.15625
2193,0
2194,0.00390625
2195,-0.00390625
2196,7.99609
2197,-8
2198,0.03125
2199,0.0273438
2200,0.0351563
2201,-0.03125
2202,-0.0351563
2203,-0.0273438
2204,-2.42188
2205,-2.27734
2206,-2.13281
2207,-1.98828
2208,-1.84375
2209,0
2210,0.00390625
2211,-0.00390625
2212,7.99609
2213,-8
2214,0.03125
2215,0.0273438
2216,0.0351563
2217,-0.03125
2218,-0.0351563
2219,-0.0273438
2220,-0.109375
2221,0.0351563
2222,0.179688
2223,0.324219
2224,0.46875
2225,0
2226,0.00390625
2227,-0.00390625
2228,7.99609
2229,-8
2230,0.03125
2231,0.0273438
2232,0.0351563
2233,-0.03125
2234,-0.0351563
2235,-0.0273438
2236,2.20313
2237,2.34766
2238,2.49219
2239,2.63672
2240,2.78125
2241,0
2242,0.00390625
2243,-0.00390625
2244,7.99609
2245,-8
2246,0.03125
2247,0.0273438
2248,0.0351563
2249,-0.03125
2250,-0.0351563
2251,-0.0273438
2252,4.51563
2253,4.66016
2254,4.80469
2255,4.94922
2256,5.09375
2257,0
2258,0.00390625
2259,-0.00390625
2260,7.99609
2261,-8
2262,0.03125
2263,0.0273438
2264,0.0351563
2265,-0.03125
2266,-0.0351563
2267,-0.0273438
2268,6.82813
2269,6.97266
2270,7.11719
2271,7.26172
2272,7.40625
2273,0
2274,0.00390625
2275,-0.00390625
2276,7.99609
2277,-8
2278,0.03125
2279,0.0273438
2280,0.0351563
2281,-0.03125
2282,-0.0351563
2283,-0.0273438
2284,-6.85938
2285,-6.71484
2286,-6.57031
2287,-6.42578
2288,-6.28125
2289,0
2290,0.00390625
2291,-0.00390625
2292,7.99609
2293,-8
2294,0.03125
2295,0.0273438
2296,0.0351563
2297,-0.03125
2298,-0.0351563
2299,-0.0273438
2300,-4.54688
2301,-4.40234
2302,-4.25781
2303,-4.11328
2304,-3.96875
2305,0
2306,0.00390625
2307,-0.00390625
2308,7.99609
2309,-8
2310,0.03125
2311,0.0273438
2312,0.0351563
2313,-0.03125
2314,-0.0351563
2315,-0.0273438
2316,-2.23438
2317,-2.08984
2318,-1.94531
2319,-1.80078
2320,-1.65625
2321,0
2322,0.00390625
2323,-0.00390625
2324,7.99609
2325,-8
2326,0.03125
2327,0.0273438
2328,0.0351563
2329,-0.03125
2330,-0.0351563
2331,-0.0273438
2332,0.078125
2333,0.222656
2334,0.367188
2335,0.511719
2336,0.65625
2337,0
2338,0.00390625
2339,-0.00390625
2340,7.99609
2341,-8
2342,0.03125
2343,0.0273438
2344,0.0351563
2345,-0.03125
2346,-0.0351563
2347,-0.0273438
2348,2.39063
2349,2.53516
2350,2.67969
2351,2.82422
2352,2.96875
2353,0
2354,0.00390625
2355,-0.00390625
2356,7.99609
2357,-8
2358,0.03125
2359,0.0273438
2360,0.0351563
2361,-0.03125
2362,-0.0351563
2363,-0.0273438
2364,4.70313
2365,4.84766
2366,4.99219
2367,5.13672
2368,5.28125
2369,0
2370,0.00390625
2371,-0.00390625
2372,7.99609
2373,-8
2374,0.03125
2375,0.0273438
2376,0.0351563
2377,-0.03125
2378,-0.0351563
2379,-0.0273438
2380,7.01563
2381,7.16016
2382,7.30469
2383,7.44922
2384,7.59375
2385,0
2386,0.00390625
2387,-0.00390625
2388,7.99609
2389,-8
2390,0.03125
2391,0.0273438
2392,0.0351563
2393,-0.03125
2394,-0.0351563
2395,-0.0273438
2396,-6.67188
2397,-6.52734
2398,-6.38281
2399,-6.23828
2400,-6.09375
2401,0
2402,0.00390625
2403,-0.00390625
2404,7.99609
2405,-8
2406,0.03125
2407,0.0273438
2408,0.0351563
2409,-0.03125
2410,-0.0351563
2411,-0.0273438
2412,-4.35938
2413,-4.21484
2414,-4.07031
2415,-3.92578
2416,-3.78125
2417,0
2418,0.00390625
2419,-0.00390625
2420,7.99609
2421,-8
2422,0.03125
2423,0.0273438
2424,0.0351563
2425,-0.03125
2426,-0.0351563
2427,-0.0273438
2428,-2.04688
2429,-1.90234
2430,-1.75781
2431,-1.61328
2432,-1.46875
2433,0
2434,0.00390625
2435,-0.00390625
2436,7.99609
2437,-8
2438,0.03125
2439,0.0273438
2440,0.0351563
2441,-0.03125
2442,-0.0351563
2443,-0.0273438
2444,0.265625
2445,0.410156
2446,0.554688
2447,0.699219
2448,0.84375
2449,0
2450,0.00390625
2451,-0.00390625
2452,7.99609
2453,-8
2454,0.03125
2455,0.0273438
2456,0.0351563
2457,-0.03125
2458,-0.0351563
2459,-0.0273438
2460,2.57813
2461,2.72266
2462,2.86719
2463,3.01172
2464,3.15625
2465,0
2466,0.00390625
2467,-0.00390625
2468,7.99609
2469,-8
2470,0.03125
2471,0.0273438
2472,0.0351563
2473,-0.03125
2474,-0.0351563
2475,-0.0273438
2476,4.89063
2477,5.03516
2478,5.17969
2479,5.32422
2480,5.46875
2481,0
2482,0.00390625
2483,-0.00390625
2484,7.99609
2485,-8
2486,0.03125
2487,0.0273438
2488,0.0351563
2489,-0.03125
2490,-0.0351563
2491,-0.0273438
2492,7.20313
2493,7.34766
2494,7.49219
2495,7.63672
2496,7.78125
2497,0
2498,0.00390625
2499,-0.00390625
2500,7.99609
2501,-8
2502,0.03125
2503,0.0273438
2504,0.0351563
2505,-0.03125
2506,-0.0351563
2507,-0.0273438
2508,-6.48438
2509,-6.33984
2510,-6.19531
2511,-6.05078
2512,-5.90625
2513,0
2514,0.00390625
2515,-0.00390625
2516,7.99609
2517,-8
2518,0.03125
2519,0.0273438
2520,0.0351563
2521,-0.03125
2522,-0.0351563
2523,-0.0273438
2524,-4.17188
2525,-4.02734
2526,-3.88281
2527,-3.73828
2528,-3.59375
2529,0
2530,0.00390625
2531,-0.00390625
2532,7.99609
2533,-8
2534,0.03125
2535,0.0273438
2536,0.0351563
2537,-0.03125
2538,-0.0351563
2539,-0.0273438
2540,-1.85938
2541,-1.71484
2542,-1.57031
2543,-1.42578
2544,-1.28125
2545,0
2546,0.00390625
2547,-0.00390625
2548,7.99609
2549,-8
2550,0.03125
2551,0.0273438
2552,0.0351563
2553,-0.03125
2554,-0.0351563
2555,-0.0273438
2556,0.453125
2557,0.597656
2558,0.742188
2559,0.886719
2560,1.03125
2561,0
2562,0.00390625
2563,-0.00390625
2564,7.99609
2565,-8
2566,0.03125
2567,0.0273438
2568,0.0351563
2569,-0.03125
2570,-0.0351563
2571,-0.0273438
2572,2.76563
2573,2.91016
2574,3.05469
2575,3.19922
2576,3.34375
2577,0
2578,0.00390625
2579,-0.00390625
2580,7.99609
2581,-8
2582,0.03125
2583,0.0273438
2584,0.0351563
2585,-0.03125
2586,-0.0351563
2587,-0.0273438
2588,5.07813
2589,5.22266
2590,5.36719
2591,5.51172
2592,5.65625
2593,0
2594,0.00390625
2595,-0.00390625
2596,7.99609
2597,-8
2598,0.03125
2599,0.0273438
2600,0.0351563
2601,-0.03125
2602,-0.0351563
2603,-0.0273438
2604,7.39063
2605,7.53516
2606,7.67969
2607,7.82422
2608,7.96875
2609,0
2610,0.00390625
2611,-0.00390625
2612,7.99609
2613,-8
2614,0.03125
2615,0.0273438
2616,0.0351563
2617,-0.03125
2618,-0.0351563
2619,-0.0273438
2620,-6.29688
2621,-6.15234
2622,-6.00781
2623,-5.86328
2624,-5.71875
2625,0
2626,0.00390625
2627,-0.00390625
2628,7.99609
2629,-8
2630,0.03125
2631,0.0273438
2632,0.0351563
2633,-0.03125
2634,-0.0351563
2635,-0.0273438
2636,-3.98438
2637,-3.83984
2638,-3.69531
2639,-3.55078
2640,-3.40625
2641,0
2642,0.00390625
2643,-0.00390625
2644,7.99609
2645,-8
2646,0.03125
2647,0.0273438
2648,0.0351563
2649,-0.03125
2650,-0.0351563
2651,-0.0273438
2652,-1.67188
2653,-1.52734
2654,-1.38281
2655,-1.23828
2656,-1.09375
2657,0
2658,0.00390625
2659,-0.00390625
2660,7.99609
2661,-8
2662,0.03125
2663,0.0273438
2664,0.0351563
2665,-0.03125
2666,-0.0351563
2667,-0.0273438
2668,0.640625
2669,0.785156
2670,0.929688
2671,1.07422
2672,1.21875
2673,0
2674,0.00390625
2675,-0.00390625
2676,7.99609
2677,-8
2678,0.03125
2679,0.0273438
2680,0.0351563
2681,-0.03125
2682,-0.0351563
2683,-0.0273438
2684,2.95313
2685,3.09766
2686,3.24219
2687,3.38672
2688,3.53125
2689,0
2690,0.00390625
2691,-0.00390625
2692,7.99609
2693,-8
2694,0.03125
2695,0.0273438
2696,0.0351563
2697,-0.03125
2698,-0.0351563
2699,-0.0273438
2700,5.26563
2701,5.41016
2702,5.55469
2703,5.69922
2704,5.84375
2705,0
2706,0.00390625
2707,-0.00390625
2708,7.99609
2709,-8
2710,0.03125
2711,0.0273438
2712,0.0351563
2713,-0.03125
2714,-0.0351563
2715,-0.0273438
2716,7.57813
2717,7.72266
2718,7.86719
2719,-7.98828
2720,-7.84375
2721,0
2722,0.00390625
2723,-0.00390625
2724,7.99609
2725,-8
2726,0.03125
2727,0.0273438
2728,0.0351563
2729,-0.03125
2730,-0.0351563
2731,-0.0273438
2732,-6.10938
2733,-5.96484
2734,-5.82031
2735,-5.67578
2736,-5.53125
2737,0
2738,0.00390625
2739,-0.00390625
2740,7.99609
2741,-8
2742,0.03125
2743,0.0273438
2744,0.0351563
2745,-0.03125
2746,-0.0351563
2747,-0.0273438
2748,-3.79688
2749,-3.65234
2750,-3.50781
2751,-3.36328
2752,-3.21875
2753,0
2754,0.00390625
2755,-0.00390625
2756,7.99609
2757,-8
2758,0.03125
2759,0.0273438
2760,0.0351563
2761,-0.03125
2762,-0.0351563
2763,-0.0273438
2764,-1.48438
2765,-1.33984
2766,-1.19531
2767,-1.05078
2768,-0.90625
2769,0
2770,0.00390625
2771,-0.00390625
2772,7.99609
2773,-8
2774,0.03125
2775,0.0273438
2776,0.0351563
2777,-0.03125
2778,-0.0351563
2779,-0.0273438
2780,0.828125
2781,0.972656
2782,1.11719
2783,1.26172
2784,1.40625
2785,0
2786,0.00390625
2787,-0.00390625
2788,7.99609
2789,-8
2790,0.03125
2791,0.0273438
2792,0.0351563
2793,-0.03125
2794,-0.0351563
2795,-0.0273438
2796,3.14063
2797,3.28516
2798,3.42969
2799,3.57422
2800,3.71875
2801,0
2802,0.00390625
2803,-0.00390625
2804,7.99609
2805,-8
2806,0.03125
2807,0.0273438
2808,0.0351563
2809,-0.03125
2810,-0.0351563
2811,-0.0273438
2812,5.45313
2813,5.59766
2814,5.74219
2815,5.88672
2816,6.03125
2817,0
2818,0.00390625
2819,-0.00390625
2820,7.99609
2821,-8
2822,0.03125
2823,0.0273438
2824,0.0351563
2825,-0.03125
2826,-0.0351563
2827,-0.0273438
2828,7.76563
2829,7.91016
2830,-7.94531
2831,-7.80078
2832,-7.65625
2833,0
2834,0.00390625
2835,-0.00390625
2836,7.99609
2837,-8
2838,0.03125
2839,0.0273438
2840,0.0351563
2841,-0.03125
2842,-0.0351563
2843,-0.0273438
2844,-5.92188
2845,-5.77734
2846,-5.63281
2847,-5.48828
2848,-5.34375
2849,0
2850,0.00390625
2851,-0.00390625
2852,7.99609
2853,-8
2854,0.03125
2855,0.0273438
2856,0.0351563
2857,-0.03125
2858,-0.0351563
2859,-0.0273438
2860,-3.60938
2861,-3.46484
2862,-3.32031
2863,-3.17578
2864,-3.03125
2865,0
2866,0.00390625
2867,-0.00390625
2868,7.99609
2869,-8
2870,0.03125
2871,0.0273438
2872,0.0351563
2873,-0.03125
2874,-0.0351563
2875,-0.0273438
2876,-1.29688
2877,-1.15234
2878,-1.00781
2879,-0.863281
2880,-0.71875
2881,0
2882,0.00390625
2883,-0.00390625
2884,7.99609
2885,-8
2886,0.03125
2887,0.0273438
2888,0.0351563
2889,-0.03125
2890,-0.0351563
2891,-0.0273438
2892,1.01563
2893,1.16016
2894,1.30469
2895,1.44922
2896,1.59375
2897,0
2898,0.00390625
2899,-0.00390625
2900,7.99609
2901,-8
2902,0.03125
2903,0.0273438
2904,0.0351563
2905,-0.03125
2906,-0.0351563
2907,-0.0273438
2908,3.32813
2909,3.47266
2910,3.61719
2911,3.76172
2912,3.90625
2913,0
2914,0.00390625
2915,-0.00390625
2916,7.99609
2917,-8
2918,0.03125
2919,0.0273438
2920,0.0351563
2921,-0.03125
2922,-0.0351563
2923,-0.0273438
2924,5.64063
2925,5.78516
2926,5.92969
2927,6.07422
2928,6.21875
2929,0
2930,0.00390625
2931,-0.00390625
2932,7.99609
2933,-8
2934,0.03125
2935,0.0273438
2936,0.0351563
2937,-0.03125
2938,-0.0351563
2939,-0.0273438
2940,7.95313
2941,-7.90234
2942,-7.75781
2943,-7.61328
2944,-7.46875
2945,0
2946,0.00390625
2947,-0.00390625
2948,7.99609
2949,-8
2950,0.03125
2951,0.0273438
2952,0.0351563
2953,-0.03125
2954,-0.0351563
2955,-0.0273438
2956,-5.73438
2957,-5.58984
2958,-5.44531
2959,-5.30078
2960,-5.15625
2961,0
2962,0.00390625
2963,-0.00390625
2964,7.99609
2965,-8
2966,0.03125
2967,0.0273438
2968,0.0351563
2969,-0.03125
2970,-0.0351563
2971,-0.0273438
2972,-3.42188
2973,-3.27734
2974,-3.13281
2975,-2.98828
2976,-2.84375
2977,0
2978,0.00390625
2979,-0.00390625
2980,7.99609
2981,-8
2982,0.03125
2983,0.0273438
2984,0.0351563
2985,-0.03125
2986,-0.0351563
2987,-0.0273438
2988,-1.10938
2989,-0.964844
2990,-0.820313
2991,-0.675781
2992,-0.53125
2993,0
2994,0.00390625
2995,-0.00390625
2996,7.99609
2997,-8
2998,0.03125
2999,0.0273438
3000,0.0351563
3001,-0.03125
3002,-0.0351563
3003,-0.0273438
3004,1.20313
3005,1.34766
3006,1.49219
3007,1.63672
3008,1.78125
3009,0
3010,0.00390625
3011,-0.00390625
3012,7.99609
3013,-8
3014,0.03125
3015,0.0273438
3016,0.0351563
3017,-0.03125
3018,-0.0351563
3019,-0.0273438
3020,3.51563
3021,3.66016
3022,3.80469
3023,3.94922
3024,4.09375
3025,0
3026,0.00390625
3027,-0.00390625
3028,7.99609
3029,-8
3030,0.03125
3031,0.0273438
3032,0.0351563
3033,-0.03125
3034,-0.0351563
3035,-0.0273438
3036,5.82813
3037,5.97266
3038,6.11719
3039,6.26172
3040,6.40625
3041,0
3042,0.00390625
3043,-0.00390625
3044,7.99609
3045,-8
3046,0.03125
3047,0.0273438
3048,0.0351563
3049,-0.03125
3050,-0.0351563
3051,-0.0273438
3052,-7.85938
3053,-7.71484
3054,-7.57031
3055,-7.42578
3056,-7.28125
3057,0
3058,0.00390625
3059,-0.00390625
3060,7.99609
3061,-8
3062,0.03125
3063,0.0273438
3064,0.0351563
3065,-0.03125
3066,-0.0351563
3067,-0.0273438
3068,-5.54688
3069,-5.40234
3070,-5.25781
3071,-5.11328
3072,-4.96875
3073,0
3074,0.00390625
3075,-0.00390625
3076,7.99609
3077,-8
3078,0.03125
3079,0.0273438
3080,0.0351563
3081,-0.03125
3082,-0.0351563
3083,-0.0273438
3084,-3.23438
3085,-3.08984
3086,-2.94531
3087,-2.80078
3088,-2.65625
3089,0
3090,0.00390625
3091,-0.00390625
3092,7.99609
3093,-8
3094,0.03125
3095,0.0273438
3096,0.0351563
3097,-0.03125
3098,-0.0351563
3099,-0.0273438
3100,-0.921875
3101,-0.777344
3102,-0.632813
3103,-0.488281
3104,-0.34375
3105,0
3106,0.00390625
3107,-0.00390625
3108,7.99609
3109,-8
3110,0.03125
3111,0.0273438
3112,0.0351563
3113,-0.03125
3114,-0.0351563
3115,-0.0273438
3116,1.39063
3117,1.53516
3118,1.67969
3119,1.82422
3120,1.96875
3121,0
3122,0.00390625
3123,-0.00390625
3124,7.99609
3125,-8
3126,0.03125
3127,0.0273438
3128,0.0351563
3129,-0.03125
3130,-0.0351563
3131,-0.0273438
3132,3.70313
3133,3.84766
3134,3.99219
3135,4.13672
3136,4.28125
3137,0
3138,0.00390625
3139,-0.00390625
3140,7.99609
3141,-8
3142,0.03125
3143,0.0273438
3144,0.0351563
3145,-0.03125
3146,-0.0351563
3147,-0.0273438
3148,6.01563
3149,6.16016
3150,6.30469
3151,6.44922
3152,6.59375
3153,0
3154,0.00390625
3155,-0.00390625
3156,7.99609
3157,-8
3158,0.03125
3159,0.0273438
3160,0.0351563
3161,-0.03125
3162,-0.0351563
3163,-0.0273438
3164,-7.67188
3165,-7.52734
3166,-7.38281
3167,-7.23828
3168,-7.09375
3169,0
3170,0.00390625
3171,-0.00390625
3172,7.99609
3173,-8
3174,0.03125
3175,0.0273438
3176,0.0351563
3177,-0.03125
3178,-0.0351563
3179,-0.0273438
3180,-5.35938
3181,-5.21484
3182,-5.07031
3183,-4.92578
3184,-4.78125
3185,0
3186,0.00390625
3187,-0.00390625
3188,7.99609
3189,-8
3190,0.03125
3191,0.0273438
3192,0.0351563
3193,-0.03125
3194,-0.0351563
3195,-0.0273438
3196,-3.04688
3197,-2.90234
3198,-2.75781
3199,-2.61328
3200,-2.46875
3201,0
3202,0.00390625
3203,-0.00390625
3204,7.99609
3205,-8
3206,0.03125
3207,0.0273438
3208,0.0351563
3209,-0.03125
3210,-0.0351563
3211,-0.0273438
3212,-0.734375
3213,-0.589844
3214,-0.445313
3215,-0.300781
3216,-0.15625
3217,0
3218,0.00390625
3219,-0.00390625
3220,7.99609
3221,-8
3222,0.03125
3223,0.0273438
3224,0.0351563
3225,-0.03125
3226,-0.0351563
3227,-0.0273438
3228,1.57813
3229,1.72266
3230,1.86719
3231,2.01172
3232,2.15625
3233,0
3234,0.00390625
3235,-0.00390625
3236,7.99609
3237,-8
3238,0.03125
3239,0.0273438
3240,0.0351563
3241,-0.03125
3242,-0.0351563
3243,-0.0273438
3244,3.89063
3245,4.03516
3246,4.17969
3247,4.32422
3248,4.46875
3249,0
3250,0.00390625
3251,-0.00390625
3252,7.99609
3253,-8
3254,0.03125
3255,0.0273438
3256,0.0351563
3257,-0.03125
3258,-0.0351563
3259,-0.0273438
3260,6.20313
3261,6.34766
3262,6.49219
3263,6.63672
3264,6.78125
3265,0
3266,0.00390625
3267,-0.00390625
3268,7.99609
3269,-8
3270,0.03125
3271,0.0273438
3272,0.0351563
3273,-0.03125
3274,-0.0351563
3275,-0.0273438
3276,-7.48438
3277,-7.33984
3278,-7.19531
3279,-7.05078
3280,-6.90625
3281,0
3282,0.00390625
3283,-0.00390625
3284,7.99609
3285,-8
3286,0.03125
3287,0.0273438
3288,0.0351563
3289,-0.03125
3290,-0.0351563
3291,-0.0273438
3292,-5.17188
3293,-5.02734
3294,-4.88281
3295,-4.73828
3296,-4.59375
3297,0
3298,0.00390625
3299,-0.00390625
3300,7.99609
3301,-8
3302,0.03125
3303,0.0273438
3304,0.0351563
3305,-0.03125
3306,-0.0351563
3307,-0.0273438
3308,-2.85938
3309,-2.71484
3310,-2.57031
3311,-2.42578
3312,-2.28125
3313,0
3314,0.00390625
3315,-0.00390625
3316,7.99609
3317,-8
3318,0.03125
3319,0.0273438
3320,0.0351563
3321,-0.03125
3322,-0.0351563
3323,-0.0273438
3324,-0.546875
3325,-0.402344
3326,-0.257813
3327,-0.113281
3328,0.03125
3329,0
3330,0.00390625
3331,-0.00390625
3332,7.99609
3333,-8
3334,0.03125
3335,0.0273438
3336,0.0351563
3337,-0.03125
3338,-0.0351563
3339,-0.0273438
3340,1.76563
3341,1.91016
3342,2.05469
3343,2.19922
3344,2.34375
3345,0
3346,0.00390625
3347,-0.00390625
3348,7.99609
3349,-8
3350,0.03125
3351,0.0273438
3352,0.0351563
3353,-0.03125
3354,-0.0351563
3355,-0.0273438
3356,4.07813
3357,4.22266
3358,4.36719
3359,4.51172
3360,4.65625
3361,0
3362,0.00390625
3363,-0.00390625
3364,7.99609
3365,-8
3366,0.03125
3367,0.0273438
3368,0.0351563
3369,-0.03125
3370,-0.0351563
3371,-0.0273438
3372,6.39063
3373,6.53516
3374,6.67969
3375,6.82422
3376,6.96875
3377,0
3378,0.00390625
3379,-0.00390625
3380,7.99609
3381,-8
3382,0.03125
3383,0.0273438
3384,0.0351563
3385,-0.03125
3386,-0.0351563
3387,-0.0273438
3388,-7.29688
3389,-7.15234
3390,-7.00781
3391,-6.86328
3392,-6.71875
3393,0
3394,0.00390625
3395,-0.00390625
3396,7.99609
3397,-8
3398,0.03125
3399,0.0273438
3400,0.0351563
3401,-0.03125
3402,-0.0351563
3403,-0.0273438
3404,-4.98438
3405,-4.83984
3406,-4.69531
3407,-4.55078
3408,-4.40625
3409,0
3410,0.00390625
3411,-0.00390625
3412,7.99609
3413,-8
3414,0.03125
3415,0.0273438
3416,0.0351563
3417,-0.03125
3418,-0.0351563
3419,-0.0273438
3420,-2.67188
3421,-2.52734
3422,-2.38281
3423,-2.23828
3424,-2.09375
3425,0
3426,0.00390625
3427,-0.00390625
3428,7.99609
3429,-8
3430,0.03125
3431,0.0273438
3432,0.0351563
3433,-0.03125
3434,-0.0351563
3435,-0.0273438
3436,-0.359375
3437,-0.214844
3438,-0.0703125
3439,0.0742188
3440,0.21875
3441,0
3442,0.00390625
3443,-0.00390625
3444,7.99609
3445,-8
3446,0.03125
3447,0.0273438
3448,0.0351563
3449,-0.03125
3450,-0.0351563
3451,-0.0273438
3452,1.95313
3453,2.09766
3454,2.24219
3455,2.38672
3456,2.53125
3457,0
3458,0.00390625
3459,-0.00390625
3460,7.99609
3461,-8
3462,0.03125
3463,0.0273438
3464,0.0351563
3465,-0.03125
3466,-0.0351563
3467,-0.0273438
3468,4.26563
3469,4.41016
3470,4.55469
3471,4.69922
3472,4.84375
3473,0
3474,0.00390625
3475,-0.00390625
3476,7.99609
3477,-8
3478,0.03125
3479,0.0273438
3480,0.0351563
3481,-0.03125
3482,-0.0351563
3483,-0.0273438
3484,6.57813
3485,6.72266
3486,6.86719
3487,7.01172
3488,7.15625
3489,0
3490,0.00390625
3491,-0.00390625
3492,7.99609
3493,-8
3494,0.03125
3495,0.0273438
3496,0.0351563
3497,-0.03125
3498,-0.0351563
3499,-0.0273438
3500,-7.10938
3501,-6.96484
3502,-6.82031
3503,-6.67578
3504,-6.53125
3505,0
3506,0.00390625
3507,-0.00390625
3508,7.99609
3509,-8
3510,0.03125
3511,0.0273438
3512,0.0351563
3513,-0.03125
3514,-0.0351563
3515,-0.0273438
3516,-4.79688
3517,-4.65234
3518,-4.50781
3519,-4.36328
3520,-4.21875
3521,0
3522,0.00390625
3523,-0.00390625
3524,7.99609
3525,-8
3526,0.03125
3527,0.0273438
3528,0.0351563
3529,-0.03125
3530,-0.0351563
3531,-0.0273438
3532,-2.48438
3533,-2.33984
3534,-2.19531
3535,-2.05078
3536,-1.90625
3537,0
3538,0.00390625
3539,-0.00390625
3540,7.99609
3541,-8
3542,0.03125
3543,0.0273438
3544,0.0351563
3545,-0.03125
3546,-0.0351563
3547,-0.0273438
3548,-0.171875
3549,-0.0273438
3550,0.117188
3551,0.261719
3552,0.40625
3553,0
3554,0.00390625
3555,-0.00390625
3556,7.99609
3557,-8
3558,0.03125
3559,0.0273438
3560,0.0351563
3561,-0.03125
3562,-0.0351563
3563,-0.0273438
3564,2.14063
3565,2.28516
3566,2.42969
3567,2.57422
3568,2.71875
3569,0
3570,0.00390625
3571,-0.00390625
3572,7.99609
3573,-8
3574,0.03125
3575,0.0273438
3576,0.0351563
3577,-0.03125
3578,-0.0351563
3579,-0.0273438
3580,4.45313
3581,4.59766
3582,4.74219
3583,4.88672
3584,5.03125
3585,0
3586,0.00390625
3587,-0.00390625
3588,7.99609
3589,-8
3590,0.03125
3591,0.0273438
3592,0.0351563
3593,-0.03125
3594,-0.0351563
3595,-0.0273438
3596,6.76563
3597,6.91016
3598,7.05469
3599,7.19922
3600,7.34375
3601,0
3602,0.00390625
3603,-0.00390625
3604,7.99609
3605,-8
3606,0.03125
3607,0.0273438
3608,0.0351563
3609,-0.03125
3610,-0.0351563
3611,-0.0273438
3612,-6.92188
3613,-6.77734
3614,-6.63281
3615,-6.48828
3616,-6.34375
3617,0
3618,0.00390625
3619,-0.00390625
3620,7.99609
3621,-8
3622,0.03125
3623,0.0273438
3624,0.0351563
3625,-0.03125
3626,-0.0351563
3627,-0.0273438
3628,-4.60938
3629,-4.46484
3630,-4.32031
3631,-4.17578
3632,-4.03125
3633,0
3634,0.00390625
3635,-0.00390625
3636,7.99609
3637,-8
3638,0.03125
3639,0.0273438
3640,0.0351563
3641,-0.03125
3642,-0.0351563
3643,-0.0273438
3644,-2.29688
3645,-2.15234
3646,-2.00781
3647,-1.86328
3648,-1.71875
3649,0
3650,0.00390625
3651,-0.00390625
3652,7.99609
3653,-8
3654,0.03125
3655,0.0273438
3656,0.0351563
3657,-0.03125
3658,-0.0351563
3659,-0.0273438
3660,0.015625
3661,0.160156
3662,0.304688
3663,0.449219
3664,0.59375
3665,0
3666,0.00390625
3667,-0.00390625
3668,7.99609
3669,-8
3670,0.03125
3671,0.0273438
3672,0.0351563
3673,-0.03125
3674,-0.0351563
3675,-0.0273438
3676,2.32813
3677,2.47266
3678,2.61719
3679,2.76172
3680,2.90625
3681,0
3682,0.00390625
3683,-0.00390625
3684,7.99609
3685,-8
3686,0.03125
3687,0.0273438
3688,0.0351563
3689,-0.03125
3690,-0.0351563
3691,-0.0273438
3692,4.64063
3693,4.78516
3694,4.92969
3695,5.07422
3696,5.21875
3697,0
3698,0.00390625
3699,-0.00390625
3700,7.99609
3701,-8
3702,0.03125
3703,0.0273438
3704,0.0351563
3705,-0.03125
3706,-0.0351563
3707,-0.0273438
3708,6.95313
3709,7.09766
3710,7.24219
3711,7.38672
3712,7.53125
3713,0
3714,0.00390625
3715,-0.00390625
3716,7.99609
3717,-8
3718,0.03125
3719,0.0273438
3720,0.0351563
3721,-0.03125
3722,-0.0351563
3723,-0.0273438
3724,-6.73438
3725,-6.58984
3726,-6.44531
3727,-6.30078
3728,-6.15625
3729,0
3730,0.00390625
3731,-0.00390625
3732,7.99609
3733,-8
3734,0.03125
3735,0.0273438
3736,0.0351563
3737,-0.03125
3738,-0.0351563
3739,-0.0273438
3740,-4.42188
3741,-4.27734
3742,-4.13281
3743,-3.98828
3744,-3.84375
3745,0
3746,0.00390625
3747,-0.00390625
3748,7.99609
3749,-8
3750,0.03125
3751,0.0273438
3752,0.0351563
3753,-0.03125
3754,-0.0351563
3755,-0.0273438
3756,-2.10938
3757,-1.96484
3758,-1.82031
3759,-1.67578
3760,-1.53125
3761,0
3762,0.00390625
3763,-0.00390625
3764,7.99609
3765,-8
3766,0.03125
3767,0.0273438
3768,0.0351563
3769,-0.03125
3770,-0.0351563
3771,-0.0273438
3772,0.203125
3773,0.347656
3774,0.492188
3775,0.636719
3776,0.78125
3777,0
3778,0.00390625
3779,-0.00390625
3780,7.99609
3781,-8
3782,0.03125
3783,0.0273438
3784,0.0351563
3785,-0.03125
3786,-0.0351563
3787,-0.0273438
3788,2.51563
3789,2.66016
3790,2.80469
3791,2.94922
3792,3.09375
3793,0
3794,0.00390625
3795,-0.00390625
3796,7.99609
3797,-8
3798,0.03125
3799,0.0273438
3800,0.0351563
3801,-0.03125
3802,-0.0351563
3803,-0.0273438
3804,4.82813
3805,4.97266
3806,5.11719
3807,5.26172
3808,5.40625
3809,0
3810,0.00390625
3811,-0.00390625
3812,7.99609
3813,-8
3814,0.03125
3815,0.0273438
3816,0.0351563
3817,-0.03125
3818,-0.0351563
3819,-0.0273438
3820,7.14063
3821,7.28516
3822,7.42969
3823,7.57422
3824,7.71875
3825,0
3826,0.00390625
3827,-0.00390625
3828,7.99609
3829,-8
3830,0.03125
3831,0.0273438
3832,0.0351563
3833,-0.03125
3834,-0.0351563
3835,-0.0273438
3836,-6.54688
3837,-6.40234
3838,-6.25781
3839,-6.11328
3840,-5.96875
3841,0
3842,0.00390625
3843,-0.00390625
3844,7.99609
3845,-8
3846,0.03125
3847,0.0273438
3848,0.0351563
3849,-0.03125
3850,-0.0351563
3851,-0.0273438
3852,-4.23438
3853,-4.08984
3854,-3.94531
3855,-3.80078
3856,-3.65625
3857,0
3858,0.00390625
3859,-0.00390625
3860,7.99609
3861,-8
3862,0.03125
3863,0.0273438
3864,0.0351563
3865,-0.03125
3866,-0.0351563
3867,-0.0273438
3868,-1.92188
3869,-1.77734
3870,-1.63281
3871,-1.48828
3872,-1.34375
3873,0
3874,0.00390625
3875,-0.00390625
3876,7.99609
3877,-8
3878,0.03125
3879,0.0273438
3880,0.0351563
3881,-0.03125
3882,-0.0351563
3883,-0.0273438
3884,0.390625
3885,0.535156
3886,0.679688
3887,0.824219
3888,0.96875
3889,0
3890,0.00390625
3891,-0.00390625
3892,7.99609
3893,-8
3894,0.03125
3895,0.0273438
3896,0.0351563
3897,-0.03125
3898,-0.0351563
3899,-0.0273438
3900,2.70313
3901,2.84766
3902,2.99219
3903,3.13672
3904,3.28125
3905,0
3906,0.00390625
3907,-0.00390625
3908,7.99609
3909,-8
3910,0.03125
3911,0.0273438
3912,0.0351563
3913,-0.03125
3914,-0.0351563
3915,-0.0273438
3916,5.01563
3917,5.16016
3918,5.30469
3919,5.44922
3920,5.59375
3921,0
3922,0.00390625
3923,-0.00390625
3924,7.99609
3925,-8
3926,0.03125
3927,0.0273438
3928,0.0351563
3929,-0.03125
3930,-0.0351563
3931,-0.0273438
3932,7.32813
3933,7.47266
3934,7.61719
3935,7.76172
3936,7.90625
3937,0
3938,0.00390625
3939,-0.00390625
3940,7.99609
3941,-8
3942,0.03125
3943,0.0273438
3944,0.0351563
3945,-0.03125
3946,-0.0351563
3947,-0.0273438
3948,-6.35938
3949,-6.21484
3950,-6.07031
3951,-5.92578
3952,-5.78125
3953,0
3954,0.00390625
3955,-0.00390625
3956,7.99609
3957,-8
3958,0.03125
3959,0.0273438
3960,0.0351563
3961,-0.03125
3962,-0.0351563
3963,-0.0273438
3964,-4.04688
3965,-3.90234
3966,-3.75781
3967,-3.61328
3968,-3.46875
3969,0
3970,0.00390625
3971,-0.00390625
3972,7.99609
3973,-8
3974,0.03125
3975,0.0273438
3976,0.0351563
3977,-0.03125
3978,-0.0351563
3979,-0.0273438
3980,-1.73438
3981,-1.58984
3982,-1.44531
3983,-1.30078
3984,-1.15625
3985,0
3986,0.00390625
3987,-0.00390625
3988,7.99609
3989,-8
3990,0.03125
3991,0.0273438
3992,0.0351563
3993,-0.03125
3994,-0.0351563
3995,-0.0273438
3996,0.578125
3997,0.722656
3998,0.867188
3999,1.01172
4000,1.15625
4001,0
4002,0.00390625
4003,-0.00390625
4004,7.99609
4005,-8
4006,0.03125
4007,0.0273438
4008,0.0351563
4009,-0.03125
4010,-0.0351563
4011,-0.0273438
4012,2.89063
4013,3.03516
4014,3.17969
4015,3.32422
4016,3.46875
4017,0
4018,0.00390625
4019,-0.00390625
4020,7.99609
4021,-8
4022,0.03125
4023,0.0273438
4024,0.0351563
4025,-0.03125
4026,-0.0351563
4027,-0.0273438
4028,5.20313
4029,5.34766
4030,5.49219
4031,5.63672
4032,5.78125
4033,0
4034,0.00390625
4035,-0.00390625
4036,7.99609
4037,-8
4038,0.03125
4039,0.0273438
4040,0.0351563
4041,-0.03125
4042,-0.0351563
4043,-0.0273438
4044,7.51563
4045,7.66016
4046,7.80469
4047,7.94922
4048,-7.90625
4049,0
4050,0.00390625
4051,-0.00390625
4052,7.99609
4053,-8
4054,0.03125
4055,0.0273438
4056,0.0351563
4057,-0.03125
4058,-0.0351563
4059,-0.0273438
4060,-6.17188
4061,-6.02734
4062,-5.88281
4063,-5.73828
4064,-5.59375
4065,0
4066,0.00390625
4067,-0.00390625
4068,7.99609
4069,-8
4070,0.03125
4071,0.0273438
4072,0.0351563
4073,-0.03125
4074,-0.0351563
4075,-0.0273438
4076,-3.85938
4077,-3.71484
4078,-3.57031
4079,-3.42578
4080,-3.28125
4081,0
4082,0.00390625
4083,-0.00390625
4084,7.99609
4085,-8
4086,0.03125
4087,0.0273438
4088,0.0351563
4089,-0.03125
4090,-0.0351563
4091,-0.0273438
4092,-1.54688
4093,-1.40234
4094,-1.25781
4095,-1.11328
4096,-0.96875
4097,0
4098,0.00390625
4099,-0.00390625
4100,7.99609
4101,-8
4102,0.03125
4103,0.0273438
4104,0.0351563
4105,-0.03125
4106,-0.0351563
4107,-0.0273438
4108,0.765625
4109,0.910156
4110,1.05469
4111,1.19922
4112,1.34375
4113,0
4114,0.00390625
4115,-0.00390625
4116,7.99609
4117,-8
4118,0.03125
4119,0.0273438
4120,0.0351563
4121,-0.03125
4122,-0.0351563
4123,-0.0273438
4124,3.07813
4125,3.22266
4126,3.36719
4127,3.51172
4128,3.65625
4129,0
4130,0.00390625
4131,-0.00390625
4132,7.99609
4133,-8
4134,0.03125
4135,0.0273438
4136,0.0351563
4137,-0.03125
4138,-0.0351563
4139,-0.0273438
4140,5.39063
4141,5.53516
4142,5.67969
4143,5.82422
4144,5.96875
4145,0
4146,0.00390625
4147,-0.00390625
4148,7.99609
4149,-8
4150,0.03125
4151,0.0273438
4152,0.0351563
4153,-0.03125
4154,-0.0351563
4155,-0.0273438
4156,7.70313
4157,7.84766
4158,7.99219
4159,-7.86328
4160,-7.71875
4161,0
4162,0.00390625
4163,-0.00390625
4164,7.99609
4165,-8
4166,0.03125
4167,0.0273438
4168,0.0351563
4169,-0.03125
4170,-0.0351563
4171,-0.0273438
4172,-5.98438
4173,-5.83984
4174,-5.69531
4175,-5.55078
4176,-5.40625
4177,0
4178,0.00390625
4179,-0.00390625
4180,7.99609
4181,-8
4182,0.03125
4183,0.0273438
4184,0.0351563
4185,-0.03125
4186,-0.0351563
4187,-0.0273438
4188,-3.67188
4189,-3.52734
4190,-3.38281
4191,-3.23828
4192,-3.09375
4193,0
4194,0.00390625
4195,-0.00390625
4196,7.99609
4197,-8
4198,0.03125
4199,0.0273438
4200,0.0351563
4201,-0.03125
4202,-0.0351563
4203,-0.0273438
4204,-1.35938
4205,-1.21484
4206,-1.07031
4207,-0.925781
4208,-0.78125
4209,0
4210,0.00390625
4211,-0.00390625
4212,7.99609
4213,-8
4214,0.03125
4215,0.0273438
4216,0.0351563
4217,-0.03125
4218,-0.0351563
4219,-0.0273438
4220,0.953125
4221,1.09766
4222,1.24219
4223,1.38672
4224,1.53125
4225,0
4226,0.00390625
4227,-0.00390625
4228,7.99609
4229,-8
4230,0.03125
4231,0.0273438
4232,0.0351563
4233,-0.03125
4234,-0.0351563
4235,-0.0273438
4236,3.26563
4237,3.41016
4238,3.55469
4239,3.69922
4240,3.84375
4241,0
4242,0.00390625
4243,-0.00390625
4244,7.99609
4245,-8
4246,0.03125
4247,0.0273438
4248,0.0351563
4249,-0.03125
4250,-0.0351563
4251,-0.0273438
4252,5.57813
4253,5.72266
4254,5.86719
4255,6.01172
4256,6.15625
4257,0
4258,0.00390625
4259,-0.00390625
4260,7.99609
4261,-8
4262,0.03125
4263,0.0273438
4264,0.0351563
4265,-0.03125
4266,-0.0351563
4267,-0.0273438
4268,7.89063
4269,-7.96484
4270,-7.82031
4271,-7.67578
4272,-7.53125
4273,0
4274,0.00390625
4275,-0.00390625
4276,7.99609
4277,-8
4278,0.03125
4279,0.0273438
4280,0.0351563
4281,-0.03125
4282,-0.0351563
4283,-0.0273438
4284,-5.79688
4285,-5.65234
4286,-5.50781
4287,-5.36328
4288,-5.21875
4289,0
4290,0.00390625
4291,-0.00390625
4292,7.99609
4293,-8
4294,0.03125
4295,0.0273438
4296,0.0351563
4297,-0.03125
4298,-0.0351563
4299,-0.0273438
4300,-3.48438
4301,-3.33984
4302,-3.19531
4303,-3.05078
4304,-2.90625
4305,0
4306,0.00390625
4307,-0.00390625
4308,7.99609
4309,-8
4310,0.03125
4311,0.0273438
4312,0.0351563
4313,-0.03125
4314,-0.0351563
4315,-0.0273438
4316,-1.17188
4317,-1.02734
4318,-0.882813
4319,-0.738281
4320,-0.59375
4321,0
4322,0.00390625
4323,-0.00390625
4324,7.99609
4325,-8
4326,0.03125
4327,0.0273438
4328,0.0351563
4329,-0.03125
4330,-0.0351563
4331,-0.0273438
4332,1.14063
4333,1.28516
4334,1.42969
4335,1.57422
4336,1.71875
4337,0
4338,0.00390625
4339,-0.00390625
4340,7.99609
4341,-8
4342,0.03125
4343,0.0273438
4344,0.0351563
4345,-0.03125
4346,-0.0351563
4347,-0.0273438
4348,3.45313
4349,3.59766
4350,3.74219
4351,3.88672
4352,4.03125
4353,0
4354,0.00390625
4355,-0.00390625
4356,7.99609
4357,-8
4358,0.03125
4359,0.0273438
4360,0.0351563
4361,-0.03125
4362,-0.0351563
4363,-0.0273438
4364,5.76563
4365,5.91016
4366,6.05469
4367,6.19922
4368,6.34375
4369,0
4370,0.00390625
4371,-0.00390625
4372,7.99609
4373,-8
4374,0.03125
4375,0.0273438
4376,0.0351563
4377,-0.03125
4378,-0.0351563
4379,-0.0273438
4380,-7.92188
4381,-7.77734
4382,-7.63281
4383,-7.48828
4384,-7.34375
4385,0
4386,0.00390625
4387,-0.00390625
4388,7.99609
4389,-8
4390,0.03125
4391,0.0273438
4392,0.0351563
4393,-0.03125
4394,-0.0351563
4395,-0.0273438
4396,-5.60938
4397,-5.46484
4398,-5.32031
4399,-5.17578
4400,-5.03125
4401,0
4402,0.00390625
4403,-0.00390625
4404,7.99609
4405,-8
4406,0.03125
4407,0.0273438
4408,0.0351563
4409,-0.03125
4410,-0.0351563
4411,-0.0273438
4412,-3.29688
4413,-3.15234
4414,-3.00781
4415,-2.86328
4416,-2.71875
4417,0
4418,0.00390625
4419,-0.00390625
4420,7.99609
4421,-8
4422,0.03125
4423,0.0273438
4424,0.0351563
4425,-0.03125
4426,-0.0351563
4427,-0.0273438
4428,-0.984375
4429,-0.839844
4430,-0.695313
4431,-0.550781
4432,-0.40625
4433,0
4434,0.00390625
4435,-0.00390625
4436,7.99609
4437,-8
4438,0.03125
4439,0.0273438
4440,0.0351563
4441,-0.03125
4442,-0.0351563
4443,-0.0273438
4444,1.32813
4445,1.47266
4446,1.61719
4447,1.76172
4448,1.90625
4449,0
4450,0.00390625
4451,-0.00390625
4452,7.99609
4453,-8
4454,0.03125
4455,0.0273438
4456,0.0351563
4457,-0.03125
4458,-0.0351563
4459,-0.0273438
4460,3.64063
4461,3.78516
4462,3.92969
4463,4.07422
4464,4.21875
4465,0
4466,0.00390625
4467,-0.00390625
4468,7.99609
4469,-8
4470,0.03125
4471,0.0273438
4472,0.0351563
4473,-0.03125
4474,-0.0351563
4475,-0.0273438
4476,5.95313
4477,6.09766
4478,6.24219
4479,6.38672
4480,6.53125
4481,0
4482,0.00390625
4483,-0.00390625
4484,7.99609
4485,-8
4486,0.03125
4487,0.0273438
4488,0.0351563
4489,-0.03125
4490,-0.0351563
4491,-0.0273438
4492,-7.73438
4493,-7.58984
4494,-7.44531
4495,-7.30078
4496,-7.15625
4497,0
4498,0.00390625
4499,-0.00390625
4500,7.99609
4501,-8
4502,0.03125
4503,0.0273438
4504,0.0351563
4505,-0.03125
4506,-0.0351563
4507,-0.0273438
4508,-5.42188
4509,-5.27734
4510,-5.13281
4511,-4.98828
4512,-4.84375
4513,0
4514,0.00390625
4515,-0.00390625
4516,7.99609
4517,-8
4518,0.03125
4519,0.0273438
4520,0.0351563
4521,-0.03125
4522,-0.0351563
4523,-0.0273438
4524,-3.10938
4525,-2.96484
4526,-2.82031
4527,-2.67578
4528,-2.53125
4529,0
4530,0.00390625
4531,-0.00390625
4532,7.99609
4533,-8
4534,0.03125
4535,0.0273438
4536,0.0351563
4537,-0.03125
4538,-0.0351563
4539,-0.0273438
4540,-0.796875
4541,-0.652344
4542,-0.507813
4543,-0.363281
4544,-0.21875
4545,0
4546,0.00390625
4547,-0.00390625
4548,7.99609
4549,-8
4550,0.03125
4551,0.0273438
4552,0.0351563
4553,-0.03125
4554,-0.0351563
4555,-0.0273438
4556,1.51563
4557,1.66016
4558,1.80469
4559,1.94922
4560,2.09375
4561,0
4562,0.00390625
4563,-0.00390625
4564,7.99609
4565,-8
4566,0.03125
4567,0.0273438
4568,0.0351563
4569,-0.03125
4570,-0.0351563
4571,-0.0273438
4572,3.82813
4573,3.97266
4574,4.11719
4575,4.26172
4576,4.40625
4577,0
4578,0.00390625
4579,-0.00390625
4580,7.99609
4581,-8
4582,0.03125
4583,0.0273438
4584,0.0351563
4585,-0.03125
4586,-0.0351563
4587,-0.0273438
4588,6.14063
4589,6.28516
4590,6.42969
4591,6.57422
4592,6.71875
4593,0
4594,0.00390625
4595,-0.00390625
4596,7.99609
4597,-8
4598,0.03125
4599,0.0273438
4600,0.0351563
4601,-0.03125
4602,-0.0351563
4603,-0.0273438
4604,-7.54688
4605,-7.40234
4606,-7.25781
4607,-7.11328
4608,-6.96875
4609,0
4610,0.00390625
4611,-0.00390625
4612,7.99609
4613,-8
4614,0.03125
4615,0.0273438
4616,0.0351563
4617,-0.03125
4618,-0.0351563
4619,-0.0273438
4620,-5.23438
4621,-5.08984
4622,-4.94531
4623,-4.80078
4624,-4.65625
4625,0
4626,0.00390625
4627,-0.00390625
4628,7.99609
4629,-8
4630,0.03125
4631,0.0273438
4632,0.0351563
4633,-0.03125
4634,-0.0351563
4635,-0.0273438
4636,-2.92188
4637,-2.77734
4638,-2.63281
4639,-2.48828
4640,-2.34375
4641,0
4642,0.00390625
4643,-0.00390625
4644,7.99609
4645,-8
4646,0.03125
4647,0.0273438
4648,0.0351563
4649,-0.03125
4650,-0.0351563
4651,-0.0273438
4652,-0.609375
4653,-0.464844
4654,-0.320313
4655,-0.175781
4656,-0.03125
4657,0
4658,0.00390625
4659,-0.00390625
4660,7.99609
4661,-8
4662,0.03125
4663,0.0273438
4664,0.0351563
4665,-0.03125
4666,-0.0351563
4667,-0.0273438
4668,1.70313
4669,1.84766
4670,1.99219
4671,2.13672
4672,2.28125
4673,0
4674,0.00390625
4675,-0.00390625
4676,7.99609
4677,-8
4678,0.03125
4679,0.0273438
4680,0.0351563
4681,-0.03125
4682,-0.0351563
4683,-0.0273438
4684,4.01563
4685,4.16016
4686,4.30469
4687,4.44922
4688,4.59375
4689,0
4690,0.00390625
4691,-0.00390625
4692,7.99609
4693,-8
4694,0.03125
4695,0.0273438
4696,0.0351563
4697,-0.03125
4698,-0.0351563
4699,-0.0273438
4700,6.32813
4701,6.47266
4702,6.61719
4703,6.76172
4704,6.90625
4705,0
4706,0.00390625
4707,-0.00390625
4708,7.99609
4709,-8
4710,0.03125
4711,0.0273438
4712,0.0351563
4713,-0.03125
4714,-0.0351563
4715,-0.0273438
4716,-7.35938
4717,-7.21484
4718,-7.07031
4719,-6.92578
4720,-6.78125
4721,0
4722,0.00390625
4723,-0.00390625
4724,7.99609
4725,-8
4726,0.03125
4727,0.0273438
4728,0.0351563
4729,-0.03125
4730,-0.0351563
4731,-0.0273438
4732,-5.04688
4733,-4.90234
4734,-4.75781
4735,-4.61328
4736,-4.46875
4737,0
4738,0.00390625
4739,-0.00390625
4740,7.99609
4741,-8
4742,0.03125
4743,0.0273438
4744,0.0351563
4745,-0.03125
4746,-0.0351563
4747,-0.0273438
4748,-2.73438
4749,-2.58984
4750,-2.44531
4751,-2.30078
4752,-2.15625
4753,0
4754,0.00390625
4755,-0.00390625
4756,7.99609
4757,-8
4758,0.03125
4759,0.0273438
4760,0.0351563
4761,-0.03125
4762,-0.0351563
4763,-0.0273438
4764,-0.421875
4765,-0.277344
4766,-0.132813
4767,0.0117188
4768,0.15625
4769,0
4770,0.00390625
4771,-0.00390625
4772,7.99609
4773,-8
4774,0.03125
4775,0.0273438
4776,0.0351563
4777,-0.03125
4778,-0.0351563
4779,-0.0273438
4780,1.89063
4781,2.03516
4782,2.17969
4783,2.32422
4784,2.46875
4785,0
4786,0.00390625
4787,-0.00390625
4788,7.99609
4789,-8
4790,0.03125
4791,0.0273438
4792,0.0351563
4793,-0.03125
4794,-0.0351563
4795,-0.0273438
4796,4.20313
4797,4.34766
4798,4.49219
4799,4.63672
4800,4.78125
4801,0
4802,0.00390625
4803,-0.00390625
4804,7.99609
4805,-8
4806,0.03125
4807,0.0273438
4808,0.0351563
4809,-0.03125
4810,-0.0351563
4811,-0.0273438
4812,6.51563
4813,6.66016
4814,6.80469
4815,6.94922
4816,7.09375
4817,0
4818,0.00390625
4819,-0.00390625
4820,7.99609
4821,-8
4822,0.03125
4823,0.0273438
4824,0.0351563
4825,-0.03125
4826,-0.0351563
4827,-0.0273438
4828,-7.17188
4829,-7.02734
4830,-6.88281
4831,-6.73828
4832,-6.59375
4833,0
4834,0.00390625
4835,-0.00390625
4836,7.99609
4837,-8
4838,0.03125
4839,0.0273438
4840,0.0351563
4841,-0.03125
4842,-0.0351563
4843,-0.0273438
4844,-4.85938
4845,-4.71484
4846,-4.57031
4847,-4.42578
4848,-4.28125
4849,0
4850,0.00390625
4851,-0.00390625
4852,7.99609
4853,-8
4854,0.03125
4855,0.0273438
4856,0.0351563
4857,-0.03125
4858,-0.0351563
4859,-0.0273438
4860,-2.54688
4861,-2.40234
4862,-2.25781
4863,-2.11328
4864,-1.96875
4865,0
4866,0.00390625
4867,-0.00390625
4868,7.99609
4869,-8
4870,0.03125
4871,0.0273438
4872,0.0351563
4873,-0.03125
4874,-0.0351563
4875,-0.0273438
4876,-0.234375
4877,-0.0898438
4878,0.0546875
4879,0.199219
4880,0.34375
4881,0
4882,0.00390625
4883,-0.00390625
4884,7.99609
4885,-8
4886,0.03125
4887,0.0273438
4888,0.0351563
4889,-0.03125
4890,-0.0351563
4891,-0.0273438
4892,2.07813
4893,2.22266
4894,2.36719
4895,2.51172
4896,2.65625
4897,0
4898,0.00390625
4899,-0.00390625
4900,7.99609
4901,-8
4902,0.03125
4903,0.0273438
4904,0.0351563
4905,-0.03125
4906,-0.0351563
4907,-0.0273438
4908,4.39063
4909,4.53516
4910,4.67969
4911,4.82422
4912,4.96875
4913,0
4914,0.00390625
4915,-0.00390625
4916,7.99609
4917,-8
4918,0.03125
4919,0.0273438
4920,0.0351563
4921,-0.03125
4922,-0.0351563
4923,-0.0273438
4924,6.70313
4925,6.84766
4926,6.99219
4927,7.13672
4928,7.28125
4929,0
4930,0.00390625
4931,-0.00390625
4932,7.99609
4933,-8
4934,0.03125
4935,0.0273438
4936,0.0351563
4937,-0.03125
4938,-0.0351563
4939,-0.0273438
4940,-6.98438
4941,-6.83984
4942,-6.69531
4943,-6.55078
4944,-6.40625
4945,0
4946,0.00390625
4947,-0.00390625
4948,7.99609
4949,-8
4950,0.03125
4951,0.0273438
4952,0.0351563
4953,-0.03125
4954,-0.0351563
4955,-0.0273438
4956,-4.67188
4957,-4.52734
4958,-4.38281
4959,-4.23828
4960,-4.09375
4961,0
4962,0.00390625
4963,-0.00390625
4964,7.99609
4965,-8
4966,0.03125
4967,0.0273438
4968,0.0351563
4969,-0.03125
4970,-0.0351563
4971,-0.0273438
4972,-2.35938
4973,-2.21484
4974,-2.07031
4975,-1.92578
4976,-1.78125
4977,0
4978,0.00390625
4979,-0.00390625
4980,7.99609
4981,-8
4982,0.03125
4983,0.0273438
4984,0.0351563
4985,-0.03125
4986,-0.0351563
4987,-0.0273438
4988,-0.046875
4989,0.0976563
4990,0.242188
4991,0.386719
4992,0.53125
4993,0
4994,0.00390625
4995,-0.00390625
4996,7.99609
4997,-8
4998,0.03125
4999,0.0273438
5000,0.0351563
5001,-0.03125
5002,-0.0351563
5003,-0.0273438
5004,2.26563
5005,2.41016
5006,2.55469
5007,2.69922
5008,2.84375
5009,0
5010,0.00390625
5011,-0.00390625
5012,7.99609
5013,-8
5014,0.03125
5015,0.0273438
5016,0.0351563
5017,-0.03125
5018,-0.0351563
5019,-0.0273438
5020,4.57813
5021,4.72266
5022,4.86719
5023,5.01172
5024,5.15625
5025,0
5026,0.00390625
5027,-0.00390625
5028,7.99609
5029,-8
5030,0.03125
5031,0.0273438
5032,0.0351563
5033,-0.03125
5034,-0.0351563
5035,-0.0273438
5036,6.89063
5037,7.03516
5038,7.17969
5039,7.32422
5040,7.46875
5041,0
5042,0.00390625
5043,-0.00390625
5044,7.99609
5045,-8
5046,0.03125
5047,0.0273438
5048,0.0351563
5049,-0.03125
5050,-0.0351563
5051,-0.0273438
5052,-6.79688
5053,-6.65234
5054,-6.50781
5055,-6.36328
5056,-6.21875
5057,0
5058,0.00390625
5059,-0.00390625
5060,7.99609
5061,-8
5062,0.03125
5063,0.0273438
5064,0.0351563
5065,-0.03125
5066,-0.0351563
5067,-0.0273438
5068,-4.48438
5069,-4.33984
5070,-4.19531
5071,-4.05078
5072,-3.90625
5073,0
5074,0.00390625
5075,-0.00390625
5076,7.99609
5077,-8
5078,0.03125
5079,0.0273438
5080,0.0351563
5081,-0.03125
5082,-0.0351563
5083,-0.0273438
5084,-2.17188
5085,-2.02734
5086,-1.88281
5087,-1.73828
5088,-1.59375
5089,0
5090,0.00390625
5091,-0.00390625
5092,7.99609
5093,-8
5094,0.03125
5095,0.0273438
5096,0.0351563
5097,-0.03125
5098,-0.0351563
5099,-0.0273438
5100,0.140625
5101,0.285156
5102,0.429688
5103,0.574219
5104,0.71875
5105,0
5106,0.00390625
5107,-0.00390625
5108,7.99609
5109,-8
5110,0.03125
5111,0.0273438
5112,0.0351563
5113,-0.03125
5114,-0.0351563
5115,-0.0273438
5116,2.45313
5117,2.59766
5118,2.74219
5119,2.88672
5120,3.03125
5121,0
5122,0.00390625
5123,-0.00390625
5124,7.99609
5125,-8
5126,0.03125
5127,0.0273438
5128,0.0351563
5129,-0.03125
5130,-0.0351563
5131,-0.0273438
5132,4.76563
5133,4.91016
5134,5.05469
5135,5.19922
5136,5.34375
5137,0
5138,0.00390625
5139,-0.00390625
5140,7.99609
5141,-8
5142,0.03125
5143,0.0273438
5144,0.0351563
5145,-0.03125
5146,-0.0351563
5147,-0.0273438
5148,7.07813
5149,7.22266
5150,7.36719
5151,7.51172
5152,7.65625
5153,0
5154,0.00390625
5155,-0.00390625
5156,7.99609
5157,-8
5158,0.03125
5159,0.0273438
5160,0.0351563
5161,-0.03125
5162,-0.0351563
5163,-0.0273438
5164,-6.60938
5165,-6.46484
5166,-6.32031
5167,-6.17578
5168,-6.03125
5169,0
5170,0.00390625
5171,-0.00390625
5172,7.99609
5173,-8
5174,0.03125
5175,0.0273438
5176,0.0351563
5177,-0.03125
5178,-0.0351563
5179,-0.0273438
5180,-4.29688
5181,-4.15234
5182,-4.00781
5183,-3.86328
5184,-3.71875
5185,0
5186,0.00390625
5187,-0.00390625
5188,7.99609
5189,-8
5190,0.03125
5191,0.0273438
5192,0.0351563
5193,-0.03125
5194,-0.0351563
5195,-0.0273438
5196,-1.98438
5197,-1.83984
5198,-1.69531
5199,-1.55078
5200,-1.40625
5201,0
5202,0.00390625
5203,-0.00390625
5204,7.99609
5205,-8
5206,0.03125
5207,0.0273438
5208,0.0351563
5209,-0.03125
5210,-0.0351563
5211,-0.0273438
5212,0.328125
5213,0.472656
5214,0.617188
5215,0.761719
5216,0.90625
5217,0
5218,0.00390625
5219,-0.00390625
5220,7.99609
5221,-8
5222,0.03125
5223,0.0273438
5224,0.0351563
5225,-0.03125
5226,-0.0351563
5227,-0.0273438
5228,2.64063
5229,2.78516
5230,2.92969
5231,3.07422
5232,3.21875
5233,0
5234,0.00390625
5235,-0.00390625
5236,7.99609
5237,-8
5238,0.03125
5239,0.0273438
5240,0.0351563
5241,-0.03125
5242,-0.0351563
5243,-0.0273438
5244,4.95313
5245,5.09766
5246,5.24219
5247,5.38672
5248,5.53125
5249,0
5250,0.00390625
5251,-0.00390625
5252,7.99609
5253,-8
5254,0.03125
5255,0.0273438
5256,0.0351563
5257,-0.03125
5258,-0.0351563
5259,-0.0273438
5260,7.26563
5261,7.41016
5262,7.55469
5263,7.69922
5264,7.84375
5265,0
5266,0.00390625
5267,-0.00390625
5268,7.99609
5269,-8
5270,0.03125
5271,0.0273438
5272,0.0351563
5273,-0.03125
5274,-0.0351563
5275,-0.0273438
5276,-6.42188
5277,-6.27734
5278,-6.13281
5279,-5.98828
5280,-5.84375
5281,0
5282,0.00390625
5283,-0.00390625
5284,7.99609
5285,-8
5286,0.03125
5287,0.0273438
5288,0.0351563
5289,-0.03125
5290,-0.0351563
5291,-0.0273438
5292,-4.10938
5293,-3.96484
5294,-3.82031
5295,-3.67578
5296,-3.53125
5297,0
5298,0.00390625
5299,-0.00390625
5300,7.99609
5301,-8
5302,0.03125
5303,0.0273438
5304,0.0351563
5305,-0.03125
5306,-0.0351563
5307,-0.0273438
5308,-1.79688
5309,-1.65234
5310,-1.50781
5311,-1.36328
5312,-1.21875
5313,0
5314,0.00390625
5315,-0.00390625
5316,7.99609
5317,-8
5318,0.03125
5319,0.0273438
5320,0.0351563
5321,-0.03125
5322,-0.0351563
5323,-0.0273438
5324,0.515625
5325,0.660156
5326,0.804688
5327,0.949219
5328,1.09375
5329,0
5330,0.00390625
5331,-0.00390625
5332,7.99609
5333,-8
5334,0.03125
5335,0.0273438
5336,0.0351563
5337,-0.03125
5338,-0.0351563
5339,-0.0273438
5340,2.82813
5341,2.97266
5342,3.11719
5343,3.26172
5344,3.40625
5345,0
5346,0.00390625
5347,-0.00390625
5348,7.99609
5349,-8
5350,0.03125
5351,0.0273438
5352,0.0351563
5353,-0.03125
5354,-0.0351563
5355,-0.0273438
5356,5.14063
5357,5.28516
5358,5.42969
5359,5.57422
5360,5.71875
5361,0
5362,0.00390625
5363,-0.00390625
5364,7.99609
5365,-8
5366,0.03125
5367,0.0273438
5368,0.0351563
5369,-0.03125
5370,-0.0351563
5371,-0.0273438
5372,7.45313
5373,7.59766
5374,7.74219
5375,7.88672
5376,-7.96875
5377,0
5378,0.00390625
5379,-0.00390625
5380,7.99609
5381,-8
5382,0.03125
5383,0.0273438
5384,0.0351563
5385,-0.03125
5386,-0.0351563
5387,-0.0273438
5388,-6.23438
5389,-6.08984
5390,-5.94531
5391,-5.80078
5392,-5.65625
5393,0
5394,0.00390625
5395,-0.00390625
5396,7.99609
5397,-8
5398,0.03125
5399,0.0273438
5400,0.0351563
5401,-0.03125
5402,-0.0351563
5403,-0.0273438
5404,-3.92188
5405,-3.77734
5406,-3.63281
5407,-3.48828
5408,-3.34375
5409,0
5410,0.00390625
5411,-0.00390625
5412,7.99609
5413,-8
5414,0.03125
5415,0.0273438
5416,0.0351563
5417,-0.03125
5418,-0.0351563
5419,-0.0273438
5420,-1.60938
5421,-1.46484
5422,-1.32031
5423,-1.17578
5424,-1.03125
5425,0
5426,0.00390625
5427,-0.00390625
5428,7.99609
5429,-8
5430,0.03125
5431,0.0273438
5432,0.0351563
5433,-0.03125
5434,-0.0351563
5435,-0.0273438
5436,0.703125
5437,0.847656
5438,0.992188
5439,1.13672
5440,1.28125
5441,0
5442,0.00390625
5443,-0.00390625
5444,7.99609
5445,-8
5446,0.03125
5447,0.0273438
5448,0.0351563
5449,-0.03125
5450,-0.0351563
5451,-0.0273438
5452,3.01563
5453,3.16016
5454,3.30469
5455,3.44922
5456,3.59375
5457,0
5458,0.00390625
5459,-0.00390625
5460,7.99609
5461,-8
5462,0.03125
5463,0.0273438
5464,0.0351563
5465,-0.03125
5466,-0.0351563
5467,-0.0273438
5468,5.32813
5469,5.47266
5470,5.61719
5471,5.76172
5472,5.90625
5473,0
5474,0.00390625
5475,-0.00390625
5476,7.99609
5477,-8
5478,0.03125
5479,0.0273438
5480,0.0351563
5481,-0.03125
5482,-0.0351563
5483,-0.0273438
5484,7.64063
5485,7.78516
5486,7.92969
5487,-7.92578
5488,-7.78125
5489,0
5490,0.00390625
5491,-0.00390625
5492,7.99609
5493,-8
5494,0.03125
5495,0.0273438
5496,0.0351563
5497,-0.03125
5498,-0.0351563
5499,-0.0273438
5500,-6.04688
5501,-5.90234
5502,-5.75781
5503,-5.61328
5504,-5.46875
5505,0
5506,0.00390625
5507,-0.00390625
5508,7.99609
5509,-8
5510,0.03125
5511,0.0273438
5512,0.0351563
5513,-0.03125
5514,-0.0351563
5515,-0.0273438
5516,-3.73438
5517,-3.58984
5518,-3.44531
5519,-3.30078
5520,-3.15625
5521,0
5522,0.00390625
5523,-0.00390625
5524,7.99609
5525,-8
5526,0.03125
5527,0.0273438
5528,0.0351563
5529,-0.03125
5530,-0.0351563
5531,-0.0273438
5532,-1.42188
5533,-1.27734
5534,-1.13281
5535,-0.988281
5536,-0.84375
5537,0
5538,0.00390625
5539,-0.00390625
5540,7.99609
5541,-8
5542,0.03125
5543,0.0273438
5544,0.0351563
5545,-0.03125
5546,-0.0351563
5547,-0.0273438
5548,0.890625
5549,1.03516
5550,1.17969
5551,1.32422
5552,1.46875
5553,0
5554,0.00390625
5555,-0.00390625
5556,7.99609
5557,-8
5558,0.03125
5559,0.0273438
5560,0.0351563
5561,-0.03125
5562,-0.0351563
5563,-0.0273438
5564,3.20313
5565,3.34766
5566,3.49219
5567,3.63672
5568,3.78125
5569,0
5570,0.00390625
5571,-0.00390625
5572,7.99609
5573,-8
5574,0.03125
5575,0.0273438
5576,0.0351563
5577,-0.03125
5578,-0.0351563
5579,-0.0273438
5580,5.51563
5581,5.66016
5582,5.80469
5583,5.94922
5584,6.09375
5585,0
5586,0.00390625
5587,-0.00390625
5588,7.99609
5589,-8
5590,0.03125
5591,0.0273438
5592,0.0351563
5593,-0.03125
5594,-0.0351563
5595,-0.0273438
5596,7.82813
5597,7.97266
5598,-7.88281
5599,-7.73828
5600,-7.59375
5601,0
5602,0.00390625
5603,-0.00390625
5604,7.99609
5605,-8
5606,0.03125
5607,0.0273438
5608,0.0351563
5609,-0.03125
5610,-0.0351563
5611,-0.0273438
5612,-5.85938
5613,-5.71484
5614,-5.57031
5615,-5.42578
5616,-5.28125
5617,0
5618,0.00390625
5619,-0.00390625
5620,7.99609
5621,-8
5622,0.03125
5623,0.0273438
5624,0.0351563
5625,-0.03125
5626,-0.0351563
5627,-0.0273438
5628,-3.54688
5629,-3.40234
5630,-3.25781
5631,-3.11328
5632,-2.96875
5633,0
5634,0.00390625
5635,-0.00390625
5636,7.99609
5637,-8
5638,0.03125
5639,0.0273438
5640,0.0351563
5641,-0.03125
5642,-0.0351563
5643,-0.0273438
5644,-1.23438
5645,-1.08984
5646,-0.945313
5647,-0.800781
5648,-0.65625
5649,0
5650,0.00390625
5651,-0.00390625
5652,7.99609
5653,-8
5654,0.03125
5655,0.0273438
5656,0.0351563
5657,-0.03125
5658,-0.0351563
5659,-0.0273438
5660,1.07813
5661,1.22266
5662,1.36719
5663,1.51172
5664,1.65625
5665,0
5666,0.00390625
5667,-0.00390625
5668,7.99609
5669,-8
5670,0.03125
5671,0.0273438
5672,0.0351563
5673,-0.03125
5674,-0.0351563
5675,-0.0273438
5676,3.39063
5677,3.53516
5678,3.67969
5679,3.82422
5680,3.96875
5681,0
5682,0.00390625
5683,-0.00390625
5684,7.99609
5685,-8
5686,0.03125
5687,0.0273438
5688,0.0351563
5689,-0.03125
5690,-0.0351563
5691,-0.0273438
5692,5.70313
5693,5.84766
5694,5.99219
5695,6.13672
5696,6.28125
5697,0
5698,0.00390625
5699,-0.00390625
5700,7.99609
5701,-8
5702,0.03125
5703,0.0273438
5704,0.0351563
5705,-0.03125
5706,-0.0351563
5707,-0.0273438
5708,-7.98438
5709,-7.83984
5710,-7.69531
5711,-7.55078
5712,-7.40625
5713,0
5714,0.00390625
5715,-0.00390625
5716,7.99609
5717,-8
5718,0.03125
5719,0.0273438
5720,0.0351563
5721,-0.03125
5722,-0.0351563
5723,-0.0273438
5724,-5.67188
5725,-5.52734
5726,-5.38281
5727,-5.23828
5728,-5.09375
5729,0
5730,0.00390625
5731,-0.00390625
5732,7.99609
5733,-8
5734,0.03125
5735,0.0273438
5736,0.0351563
5737,-0.03125
5738,-0.0351563
5739,-0.0273438
5740,-3.35938
5741,-3.21484
5742,-3.07031
5743,-2.92578
5744,-2.78125
5745,0
5746,0.00390625
5747,-0.00390625
5748,7.99609
5749,-8
5750,0.03125
5751,0.0273438
5752,0.0351563
5753,-0.03125
5754,-0.0351563
5755,-0.0273438
5756,-1.04688
5757,-0.902344
5758,-0.757813
5759,-0.613281
5760,-0.46875
5761,0
5762,0.00390625
5763,-0.00390625
5764,7.99609
5765,-8
5766,0.03125
5767,0.0273438
5768,0.0351563
5769,-0.03125
5770,-0.0351563
5771,-0.0273438
5772,1.26563
5773,1.41016
5774,1.55469
5775,1.69922
5776,1.84375
5777,0
5778,0.00390625
5779,-0.00390625
5780,7.99609
5781,-8
5782,0.03125
5783,0.0273438
5784,0.0351563
5785,-0.03125
5786,-0.0351563
5787,-0.0273438
5788,3.57813
5789,3.72266
5790,3.86719
5791,4.01172
5792,4.15625
5793,0
5794,0.00390625
5795,-0.00390625
5796,7.99609
5797,-8
5798,0.03125
5799,0.0273438
5800,0.0351563
5801,-0.03125
5802,-0.0351563
5803,-0.0273438
5804,5.89063
5805,6.03516
5806,6.17969
5807,6.32422
5808,6.46875
5809,0
5810,0.00390625
5811,-0.00390625
5812,7.99609
5813,-8
5814,0.03125
5815,0.0273438
5816,0.0351563
5817,-0.03125
5818,-0.0351563
5819,-0.0273438
5820,-7.79688
5821,-7.65234
5822,-7.50781
5823,-7.36328
5824,-7.21875
5825,0
5826,0.00390625
5827,-0.00390625
5828,7.99609
5829,-8
5830,0.03125
5831,0.0273438
5832,0.0351563
5833,-0.03125
5834,-0.0351563
5835,-0.0273438
5836,-5.48438
5837,-5.33984
5838,-5.19531
5839,-5.05078
5840,-4.90625
5841,0
5842,0.00390625
5843,-0.00390625
5844,7.99609
5845,-8
5846,0.03125
5847,0.0273438
5848,0.0351563
5849,-0.03125
5850,-0.0351563
5851,-0.0273438
5852,-3.17188
5853,-3.02734
5854,-2.88281
5855,-2.73828
5856,-2.59375
5857,0
5858,0.00390625
5859,-0.00390625
5860,7.99609
5861,-8
5862,0.03125
5863,0.0273438
5864,0.0351563
5865,-0.03125
5866,-0.0351563
5867,-0.0273438
5868,-0.859375
5869,-0.714844
5870,-0.570313
5871,-0.425781
5872,-0.28125
5873,0
5874,0.00390625
5875,-0.00390625
5876,7.99609
5877,-8
5878,0.03125
5879,0.0273438
5880,0.0351563
5881,-0.03125
5882,-0.0351563
5883,-0.0273438
5884,1.45313
5885,1.59766
5886,1.74219
5887,1.88672
5888,2.03125
5889,0
5890,0.00390625
5891,-0.00390625
5892,7.99609
5893,-8
5894,0.03125
5895,0.0273438
5896,0.0351563
5897,-0.03125
5898,-0.0351563
5899,-0.0273438
5900,3.76563
5901,3.91016
5902,4.05469
5903,4.19922
5904,4.34375
5905,0
5906,0.00390625
5907,-0.00390625
5908,7.99609
5909,-8
5910,0.03125
5911,0.0273438
5912,0.0351563
5913,-0.03125
5914,-0.0351563
5915,-0.0273438
5916,6.07813
5917,6.22266
5918,6.36719
5919,6.51172
5920,6.65625
5921,0
5922,0.00390625
5923,-0.00390625
5924,7.99609
5925,-8
5926,0.03125
5927,0.0273438
5928,0.0351563
5929,-0.03125
5930,-0.0351563
5931,-0.0273438
5932,-7.60938
5933,-7.46484
5934,-7.32031
5935,-7.17578
5936,-7.03125
5937,0
5938,0.00390625
5939,-0.00390625
5940,7.99609
5941,-8
5942,0.03125
5943,0.0273438
5944,0.0351563
5945,-0.03125
5946,-0.0351563
5947,-0.0273438
5948,-5.29688
5949,-5.15234
5950,-5.00781
5951,-4.86328
5952,-4.71875
5953,0
5954,0.00390625
5955,-0.00390625
5956,7.99609
5957,-8
5958,0.03125
5959,0.0273438
5960,0.0351563
5961,-0.03125
5962,-0.0351563
5963,-0.0273438
5964,-2.98438
5965,-2.83984
5966,-2.69531
5967,-2.55078
5968,-2.40625
5969,0
5970,0.00390625
5971,-0.00390625
5972,7.99609
5973,-8
5974,0.03125
5975,0.0273438
5976,0.0351563
5977,-0.03125
5978,-0.0351563
5979,-0.0273438
5980,-0.671875
5981,-0.527344
5982,-0.382813
5983,-0.238281
5984,-0.09375
5985,0
5986,0.00390625
5987,-0.00390625
5988,7.99609
5989,-8
5990,0.03125
5991,0.0273438
5992,0.0351563
5993,-0.03125
5994,-0.0351563
5995,-0.0273438
5996,1.64063
5997,1.78516
5998,1.92969
5999,2.07422
6000,2.21875
6001,0
6002,0.00390625
6003,-0.00390625
6004,7.99609
6005,-8
6006,0.03125
6007,0.0273438
6008,0.0351563
6009,-0.03125
6010,-0.0351563
6011,-0.0273438
6012,3.95313
6013,4.09766
6014,4.24219
6015,4.38672
6016,4.53125
6017,0
6018,0.00390625
6019,-0.00390625
6020,7.99609
6021,-8
6022,0.03125
6023,0.0273438
6024,0.0351563
6025,-0.03125
6026,-0.0351563
6027,-0.0273438
6028,6.26563
6029,6.41016
6030,6.55469
6031,6.69922
6032,6.84375
6033,0
6034,0.00390625
6035,-0.00390625
6036,7.99609
6037,-8
6038,0.03125
6039,0.0273438
6040,0.0351563
6041,-0.03125
6042,-0.0351563
6043,-0.0273438
6044,-7.42188
6045,-7.27734
6046,-7.13281
6047,-6.98828
6048,-6.84375
6049,0
6050,0.00390625
6051,-0.00390625
6052,7.99609
6053,-8
6054,0.03125
6055,0.0273438
6056,0.0351563
6057,-0.03125
6058,-0.0351563
6059,-0.0273438
6060,-5.10938
6061,-4.96484
6062,-4.82031
6063,-4.67578
6064,-4.53125
6065,0
6066,0.00390625
6067,-0.00390625
6068,7.99609
6069,-8
6070,0.03125
6071,0.0273438
6072,0.0351563
6073,-0.03125
6074,-0.0351563
6075,-0.0273438
6076,-2.79688
6077,-2.65234
6078,-2.50781
6079,-2.36328
6080,-2.21875
6081,0
6082,0.00390625
6083,-0.00390625
6084,7.99609
6085,-8
6086,0.03125
6087,0.0273438
6088,0.0351563
6089,-0.03125
6090,-0.0351563
6091,-0.0273438
6092,-0.484375
6093,-0.339844
6094,-0.195313
6095,-0.0507813
6096,0.09375
6097,0
6098,0.00390625
6099,-0.00390625
6100,7.99609
6101,-8
6102,0.03125
6103,0.0273438
6104,0.0351563
6105,-0.03125
6106,-0.0351563
6107,-0.0273438
6108,1.82813
6109,1.97266
6110,2.11719
6111,2.26172
6112,2.40625
6113,0
6114,0.00390625
6115,-0.00390625
6116,7.99609
6117,-8
6118,0.03125
6119,0.0273438
6120,0.0351563
6121,-0.03125
6122,-0.0351563
6123,-0.0273438
6124,4.14063
6125,4.28516
6126,4.42969
6127,4.57422
6128,4.71875
6129,0
6130,0.00390625
6131,-0.00390625
6132,7.99609
6133,-8
6134,0.03125
6135,0.0273438
6136,0.0351563
6137,-0.03125
6138,-0.0351563
6139,-0.0273438
6140,6.45313
6141,6.59766
6142,6.74219
6143,6.88672
6144,7.03125
6145,0
6146,0.00390625
6147,-0.00390625
6148,7.99609
6149,-8
6150,0.03125
6151,0.0273438
6152,0.0351563
6153,-0.03125
6154,-0.0351563
6155,-0.0273438
6156,-7.23438
6157,-7.08984
6158,-6.94531
6159,-6.80078
6160,-6.65625
6161,0
6162,0.00390625
6163,-0.00390625
6164,7.99609
6165,-8
6166,0.03125
6167,0.0273438
6168,0.0351563
6169,-0.03125
6170,-0.0351563
6171,-0.0273438
6172,-4.92188
6173,-4.77734
6174,-4.63281
6175,-4.48828
6176,-4.34375
6177,0
6178,0.00390625
6179,-0.00390625
6180,7.99609
6181,-8
6182,0.03125
6183,0.0273438
6184,0.0351563
6185,-0.03125
6186,-0.0351563
6187,-0.0273438
6188,-2.60938
6189,-2.46484
6190,-2.32031
6191,-2.17578
6192,-2.03125
6193,0
6194,0.00390625
6195,-0.00390625
6196,7.99609
6197,-8
6198,0.03125
6199,0.0273438
6200,0.0351563
6201,-0.03125
6202,-0.0351563
6203,-0.0273438
6204,-0.296875
6205,-0.152344
6206,-0.0078125
6207,0.136719
6208,0.28125
6209,0
6210,0.00390625
6211,-0.00390625
6212,7.99609
6213,-8
6214,0.03125
6215,0.0273438
6216,0.0351563
6217,-0.03125
6218,-0.0351563
6219,-0.0273438
6220,2.01563
6221,2.16016
6222,2.30469
6223,2.44922
6224,2.59375
6225,0
6226,0.00390625
6227,-0.00390625
6228,7.99609
6229,-8
6230,0.03125
6231,0.0273438
6232,0.0351563
6233,-0.03125
6234,-0.0351563
6235,-0.0273438
6236,4.32813
6237,4.47266
6238,4.61719
6239,4.76172
6240,4.90625
6241,0
6242,0.00390625
6243,-0.00390625
6244,7.99609
6245,-8
6246,0.03125
6247,0.0273438
6248,0.0351563
6249,-0.03125
6250,-0.0351563
6251,-0.0273438
6252,6.64063
6253,6.78516
6254,6.92969
6255,7.07422
6256,7.21875
6257,0
6258,0.00390625
6259,-0.00390625
6260,7.99609
6261,-8
6262,0.03125
6263,0.0273438
6264,0.0351563
6265,-0.03125
6266,-0.0351563
6267,-0.0273438
6268,-7.04688
6269,-6.90234
6270,-6.75781
6271,-6.61328
6272,-6.46875
6273,0
6274,0.00390625
6275,-0.00390625
6276,7.99609
6277,-8
6278,0.03125
6279,0.0273438
6280,0.0351563
6281,-0.03125
6282,-0.0351563
6283,-0.0273438
6284,-4.73438
6285,-4.58984
6286,-4.44531
6287,-4.30078
6288,-4.15625
6289,0
6290,0.00390625
6291,-0.00390625
6292,7.99609
6293,-8
6294,0.03125
6295,0.0273438
6296,0.0351563
6297,-0.03125
6298,-0.0351563
6299,-0.0273438
6300,-2.42188
6301,-2.27734
6302,-2.13281
6303,-1.98828
6304,-1.84375
6305,0
6306,0.00390625
6307,-0.00390625
6308,7.99609
6309,-8
6310,0.03125
6311,0.0273438
6312,0.0351563
6313,-0.03125
6314,-0.0351563
6315,-0.0273438
6316,-0.109375
6317,0.0351563
6318,0.179688
6319,0.324219
6320,0.46875
6321,0
6322,0.00390625
6323,-0.00390625
6324,7.99609
6325,-8
6326,0.03125
6327,0.0273438
6328,0.0351563
6329,-0.03125
6330,-0.0351563
6331,-0.0273438
6332,2.20313
6333,2.34766
6334,2.49219
6335,2.63672
6336,2.78125
6337,0
6338,0.00390625
6339,-0.00390625
6340,7.99609
6341,-8
6342,0.03125
6343,0.0273438
6344,0.0351563
6345,-0.03125
6346,-0.0351563
6347,-0.0273438
6348,4.51563
6349,4.66016
6350,4.80469
6351,4.94922
6352,5.09375
6353,0
6354,0.00390625
6355,-0.00390625
6356,7.99609
6357,-8
6358,0.03125
6359,0.0273438
6360,0.0351563
6361,-0.03125
6362,-0.0351563
6363,-0.0273438
6364,6.82813
6365,6.97266
6366,7.11719
6367,7.26172
6368,7.40625
6369,0
6370,0.00390625
6371,-0.00390625
6372,7.99609
6373,-8
6374,0.03125
6375,0.0273438
6376,0.0351563
6377,-0.03125
6378,-0.0351563
6379,-0.0273438
6380,-6.85938
6381,-6.71484
6382,-6.57031
6383,-6.42578
6384,-6.28125
6385,0
6386,0.00390625
6387,-0.00390625
6388,7.99609
6389,-8
6390,0.03125
6391,0.0273438
6392,0.0351563
6393,-0.03125
6394,-0.0351563
6395,-0.0273438
6396,-4.54688
6397,-4.40234
6398,-4.25781
6399,-4.11328
6400,-3.96875
6401,0
6402,0.00390625
6403,-0.00390625
6404,7.99609
6405,-8
6406,0.03125
6407,0.0273438
6408,0.0351563
6409,-0.03125
6410,-0.0351563
6411,-0.0273438
6412,-2.23438
6413,-2.08984
6414,-1.94531
6415,-1.80078
6416,-1.65625
6417,0
6418,0.00390625
6419,-0.00390625
6420,7.99609
6421,-8
6422,0.03125
6423,0.0273438
6424,0.0351563
6425,-0.03125
6426,-0.0351563
6427,-0.0273438
6428,0.078125
6429,0.222656
6430,0.367188
6431,0.511719
6432,0.65625
6433,0
6434,0.00390625
6435,-0.00390625
6436,7.99609
6437,-8
6438,0.03125
6439,0.0273438
6440,0.0351563
6441,-0.03125
6442,-0.0351563
6443,-0.0273438
6444,2.39063
6445,2.53516
6446,2.67969
6447,2.82422
6448,2.96875
6449,0
6450,0.00390625
6451,-0.00390625
6452,7.99609
6453,-8
6454,0.03125
6455,0.0273438
6456,0.0351563
6457,-0.03125
6458,-0.0351563
6459,-0.0273438
6460,4.70313
6461,4.84766
6462,4.99219
6463,5.13672
6464,5.28125
6465,0
6466,0.00390625
6467,-0.00390625
6468,7.99609
6469,-8
6470,0.03125
6471,0.0273438
6472,0.0351563
6473,-0.03125
6474,-0.0351563
6475,-0.0273438
6476,7.01563
6477,7.16016
6478,7.30469
6479,7.44922
6480,7.59375
6481,0
6482,0.00390625
6483,-0.00390625
6484,7.99609
6485,-8
6486,0.03125
6487,0.0273438
6488,0.0351563
6489,-0.03125
6490,-0.0351563
6491,-0.0273438
6492,-6.67188
6493,-6.52734
6494,-6.38281
6495,-6.23828
6496,-6.09375
6497,0
6498,0.00390625
6499,-0.00390625
6500,7.99609
6501,-8
6502,0.03125
6503,0.0273438
6504,0.0351563
6505,-0.03125
6506,-0.0351563
6507,-0.0273438
6508,-4.35938
6509,-4.21484
6510,-4.07031
6511,-3.92578
6512,-3.78125
6513,0
6514,0.00390625
6515,-0.00390625
6516,7.99609
6517,-8
6518,0.03125
6519,0.0273438
6520,0.0351563
6521,-0.03125
6522,-0.0351563
6523,-0.0273438
6524,-2.04688
6525,-1.90234
6526,-1.75781
6527,-1.61328
6528,-1.46875
6529,0
6530,0.00390625
6531,-0.00390625
6532,7.99609
6533,-8
6534,0.03125
6535,0.0273438
6536,0.0351563
6537,-0.03125
6538,-0.0351563
6539,-0.0273438
6540,0.265625
6541,0.410156
6542,0.554688
6543,0.699219
6544,0.84375
6545,0
6546,0.00390625
6547,-0.00390625
6548,7.99609
6549,-8
6550,0.03125
6551,0.0273438
6552,0.0351563
6553,-0.03125
6554,-0.0351563
6555,-0.0273438
6556,2.57813
6557,2.72266
6558,2.86719
6559,3.01172
6560,3.15625
6561,0
6562,0.00390625
6563,-0.00390625
6564,7.99609
6565,-8
6566,0.03125
6567,0.0273438
6568,0.0351563
6569,-0.03125
6570,-0.0351563
6571,-0.0273438
6572,4.89063
6573,5.03516
6574,5.17969
6575,5.32422
6576,5.46875
6577,0
6578,0.00390625
6579,-0.00390625
6580,7.99609
6581,-8
6582,0.03125
6583,0.0273438
6584,0.0351563
6585,-0.03125
6586,-0.0351563
6587,-0.0273438
6588,7.20313
6589,7.34766
6590,7.49219
6591,7.63672
6592,7.78125
6593,0
6594,0.00390625
6595,-0.00390625
6596,7.99609
6597,-8
6598,0.03125
6599,0.0273438
6600,0.0351563
6601,-0.03125
6602,-0.0351563
6603,-0.0273438
6604,-6.48438
6605,-6.33984
6606,-6.19531
6607,-6.05078
6608,-5.90625
6609,0
6610,0.00390625
6611,-0.00390625
6612,7.99609
6613,-8
6614,0.03125
6615,0.0273438
6616,0.0351563
6617,-0.03125
6618,-0.0351563
6619,-0.0273438
6620,-4.17188
6621,-4.02734
6622,-3.88281
6623,-3.73828
6624,-3.59375
6625,0
6626,0.00390625
6627,-0.00390625
6628,7.99609
6629,-8
6630,0.03125
6631,0.0273438
6632,0.0351563
6633,-0.03125
6634,-0.0351563
6635,-0.0273438
6636,-1.85938
6637,-1.71484
6638,-1.57031
6639,-1.42578
6640,-1.28125
6641,0
6642,0.00390625
6643,-0.00390625
6644,7.99609
6645,-8
6646,0.03125
6647,0.0273438
6648,0.0351563
6649,-0.03125
6650,-0.0351563
6651,-0.0273438
6652,0.453125
6653,0.597656
6654,0.742188
6655,0.886719
6656,1.03125
6657,0
6658,0.00390625
6659,-0.00390625
6660,7.99609
6661,-8
6662,0.03125
6663,0.0273438
6664,0.0351563
6665,-0.03125
6666,-0.0351563
6667,-0.0273438
6668,2.76563
6669,2.91016
6670,3.05469
6671,3.19922
6672,3.34375
6673,0
6674,0.00390625
6675,-0.00390625
6676,7.99609
6677,-8
6678,0.03125
6679,0.0273438
6680,0.0351563
6681,-0.03125
6682,-0.0351563
6683,-0.0273438
6684,5.07813
6685,5.22266
6686,5.36719
6687,5.51172
6688,5.65625
6689,0
6690,0.00390625
6691,-0.00390625
6692,7.99609
6693,-8
6694,0.03125
6695,0.0273438
6696,0.0351563
6697,-0.03125
6698,-0.0351563
6699,-0.0273438
6700,7.39063
6701,7.53516
6702,7.67969
6703,7.82422
6704,7.96875
6705,0
6706,0.00390625
6707,-0.00390625
6708,7.99609
6709,-8
6710,0.03125
6711,0.0273438
6712,0.0351563
6713,-0.03125
6714,-0.0351563
6715,-0.0273438
6716,-6.29688
6717,-6.15234
6718,-6.00781
6719,-5.86328
6720,-5.71875
6721,0
6722,0.00390625
6723,-0.00390625
6724,7.99609
6725,-8
6726,0.03125
6727,0.0273438
6728,0.0351563
6729,-0.03125
6730,-0.0351563
6731,-0.0273438
6732,-3.98438
6733,-3.83984
6734,-3.69531
6735,-3.55078
6736,-3.40625
6737,0
6738,0.00390625
6739,-0.00390625
6740,7.99609
6741,-8
6742,0.03125
6743,0.0273438
6744,0.0351563
6745,-0.03125
6746,-0.0351563
6747,-0.0273438
6748,-1.67188
6749,-1.52734
6750,-1.38281
6751,-1.23828
6752,-1.09375
6753,0
6754,0.00390625
6755,-0.00390625
6756,7.99609
6757,-8
6758,0.03125
6759,0.0273438
6760,0.0351563
6761,-0.03125
6762,-0.0351563
6763,-0.0273438
6764,0.640625
6765,0.785156
6766,0.929688
6767,1.07422
6768,1.21875
6769,0
6770,0.00390625
6771,-0.00390625
6772,7.99609
6773,-8
6774,0.03125
6775,0.0273438
6776,0.0351563
6777,-0.03125
6778,-0.0351563
6779,-0.0273438
6780,2.95313
6781,3.09766
6782,3.24219
6783,3.38672
6784,3.53125
6785,0
6786,0.00390625
6787,-0.00390625
6788,7.99609
6789,-8
6790,0.03125
6791,0.0273438
6792,0.0351563
6793,-0.03125
6794,-0.0351563
6795,-0.0273438
6796,5.26563
6797,5.41016
6798,5.55469
6799,5.69922
6800,5.84375
6801,0
6802,0.00390625
6803,-0.00390625
6804,7.99609
6805,-8
6806,0.03125
6807,0.0273438
6808,0.0351563
6809,-0.03125
6810,-0.0351563
6811,-0.0273438
6812,7.57813
6813,7.72266
6814,7.86719
6815,-7.98828
6816,-7.84375
6817,0
6818,0.00390625
6819,-0.00390625
6820,7.99609
6821,-8
6822,0.03125
6823,0.0273438
6824,0.0351563
6825,-0.03125
6826,-0.0351563
6827,-0.0273438
6828,-6.10938
6829,-5.96484
6830,-5.82031
6831,-5.67578
6832,-5.53125
6833,0
6834,0.00390625
6835,-0.00390625
6836,7.99609
6837,-8
6838,0.03125
6839,0.0273438
6840,0.0351563
6841,-0.03125
6842,-0.0351563
6843,-0.0273438
6844,-3.79688
6845,-3.65234
6846,-3.50781
6847,-3.36328
6848,-3.21875
6849,0
6850,0.00390625
6851,-0.00390625
6852,7.99609
6853,-8
6854,0.03125
6855,0.0273438
6856,0.0351563
6857,-0.03125
6858,-0.0351563
6859,-0.0273438
6860,-1.48438
6861,-1.33984
6862,-1.19531
6863,-1.05078
6864,-0.90625
6865,0
6866,0.00390625
6867,-0.00390625
6868,7.99609
6869,-8
6870,0.03125
6871,0.0273438
6872,0.0351563
6873,-0.03125
6874,-0.0351563
6875,-0.0273438
6876,0.828125
6877,0.972656
6878,1.11719
6879,1.26172
6880,1.40625
6881,0
6882,0.00390625
6883,-0.00390625
6884,7.99609
6885,-8
6886,0.03125
6887,0.0273438
6888,0.0351563
6889,-0.03125
6890,-0.0351563
6891,-0.0273438
6892,3.14063
6893,3.28516
6894,3.42969
6895,3.57422
6896,3.71875
6897,0
6898,0.00390625
6899,-0.00390625
6900,7.99609
6901,-8
6902,0.03125
6903,0.0273438
6904,0.0351563
6905,-0.03125
6906,-0.0351563
6907,-0.0273438
6908,5.45313
6909,5.59766
6910,5.74219
6911,5.88672
6912,6.03125
6913,0
6914,0.00390625
6915,-0.00390625
6916,7.99609
6917,-8
6918,0.03125
6919,0.0273438
6920,0.0351563
6921,-0.03125
6922,-0.0351563
6923,-0.0273438
6924,7.76563
6925,7.91016
6926,-7.94531
6927,-7.80078
6928,-7.65625
6929,0
6930,0.00390625
6931,-0.00390625
6932,7.99609
6933,-8
6934,0.03125
6935,0.0273438
6936,0.0351563
6937,-0.03125
6938,-0.0351563
6939,-0.0273438
6940,-5.92188
6941,-5.77734
6942,-5.63281
6943,-5.48828
6944,-5.34375
6945,0
6946,0.00390625
6947,-0.00390625
6948,7.99609
6949,-8
6950,0.03125
6951,0.0273438
6952,0.0351563
6953,-0.03125
6954,-0.0351563
6955,-0.0273438
6956,-3.60938
6957,-3.46484
6958,-3.32031
6959,-3.17578
6960,-3.03125
6961,0
6962,0.00390625
6963,-0.00390625
6964,7.99609
6965,-8
6966,0.03125
6967,0.0273438
6968,0.0351563
6969,-0.03125
6970,-0.0351563
6971,-0.0273438
6972,-1.29688
6973,-1.15234
6974,-1.00781
6975,-0.863281
6976,-0.71875
6977,0
6978,0.00390625
6979,-0.00390625
6980,7.99609
6981,-8
6982,0.03125
6983,0.0273438
6984,0.0351563
6985,-0.03125
6986,-0.0351563
6987,-0.0273438
6988,1.01563
6989,1.16016
6990,1.30469
6991,1.44922
6992,1.59375
6993,0
6994,0.00390625
6995,-0.00390625
6996,7.99609
6997,-8
6998,0.03125
6999,0.0273438
7000,0.0351563
7001,-0.03125
7002,-0.0351563
7003,-0.0273438
7004,3.32813
7005,3.47266
7006,3.61719
7007,3.76172
7008,3.90625
7009,0
7010,0.00390625
7011,-0.00390625
7012,7.99609
7013,-8
7014,0.03125
7015,0.0273438
7016,0.0351563
7017,-0.03125
7018,-0.0351563
7019,-0.0273438
7020,5.64063
7021,5.78516
7022,5.92969
7023,6.07422
7024,6.21875
7025,0
7026,0.00390625
7027,-0.00390625
7028,7.99609
7029,-8
7030,0.03125
7031,0.0273438
7032,0.0351563
7033,-0.03125
7034,-0.0351563
7035,-0.0273438
7036,7.95313
7037,-7.90234
7038,-7.75781
7039,-7.61328
7040,-7.46875
7041,0
7042,0.00390625
7043,-0.00390625
7044,7.99609
7045,-8
7046,0.03125
7047,0.0273438
7048,0.0351563
7049,-0.03125
7050,-0.0351563
7051,-0.0273438
7052,-5.73438
7053,-5.58984
7054,-5.44531
7055,-5.30078
7056,-5.15625
7057,0
7058,0.00390625
7059,-0.00390625
7060,7.99609
7061,-8
7062,0.03125
7063,0.0273438
7064,0.0351563
7065,-0.03125
7066,-0.0351563
7067,-0.0273438
7068,-3.42188
7069,-3.27734
7070,-3.13281
7071,-2.98828
7072,-2.84375
7073,0
7074,0.00390625
7075,-0.00390625
7076,7.99609
7077,-8
7078,0.03125
7079,0.0273438
7080,0.0351563
7081,-0.03125
7082,-0.0351563
7083,-0.0273438
7084,-1.10938
7085,-0.964844
7086,-0.820313
7087,-0.675781
7088,-0.53125
7089,0
7090,0.00390625
7091,-0.00390625
7092,7.99609
7093,-8
7094,0.03125
7095,0.0273438
7096,0.0351563
7097,-0.03125
7098,-0.0351563
7099,-0.0273438
7100,1.20313
7101,1.34766
7102,1.49219
7103,1.63672
7104,1.78125
7105,0
7106,0.00390625
7107,-0.00390625
7108,7.99609
7109,-8
7110,0.03125
7111,0.0273438
7112,0.0351563
7113,-0.03125
7114,-0.0351563
7115,-0.0273438
7116,3.51563
7117,3.66016
7118,3.80469
7119,3.94922
7120,4.09375
7121,0
7122,0.00390625
7123,-0.00390625
7124,7.99609
7125,-8
7126,0.03125
7127,0.0273438
7128,0.0351563
7129,-0.03125
7130,-0.0351563
7131,-0.0273438
7132,5.82813
7133,5.97266
7134,6.11719
7135,6.26172
7136,6.40625
7137,0
7138,0.00390625
7139,-0.00390625
7140,7.99609
7141,-8
7142,0.03125
7143,0.0273438
7144,0.0351563
7145,-0.03125
7146,-0.0351563
7147,-0.0273438
7148,-7.85938
7149,-7.71484
7150,-7.57031
7151,-7.42578
7152,-7.28125
7153,0
7154,0.00390625
7155,-0.00390625
7156,7.99609
7157,-8
7158,0.03125
7159,0.0273438
7160,0.0351563
7161,-0.03125
7162,-0.0351563
7163,-0.0273438
7164,-5.54688
7165,-5.40234
7166,-5.25781
7167,-5.11328
7168,-4.96875
7169,0
7170,0.00390625
7171,-0.00390625
7172,7.99609
7173,-8
7174,0.03125
7175,0.0273438
7176,0.0351563
7177,-0.03125
7178,-0.0351563
7179,-0.0273438
7180,-3.23438
7181,-3.08984
7182,-2.94531
7183,-2.80078
7184,-2.65625
7185,0
7186,0.00390625
7187,-0.00390625
7188,7.99609
7189,-8
7190,0.03125
7191,0.0273438
7192,0.0351563
7193,-0.03125
7194,-0.0351563
7195,-0.0273438
7196,-0.921875
7197,-0.777344
7198,-0.632813
7199,-0.488281
7200,-0.34375
7201,0
7202,0.00390625
7203,-0.00390625
7204,7.99609
7205,-8
7206,0.03125
7207,0.0273438
7208,0.0351563
7209,-0.03125
7210,-0.0351563
7211,-0.0273438
7212,1.39063
7213,1.53516
7214,1.67969
7215,1.82422
7216,1.96875
7217,0
7218,0.00390625
7219,-0.00390625
7220,7.99609
7221,-8
7222,0.03125
7223,0.0273438
7224,0.0351563
7225,-0.03125
7226,-0.0351563
7227,-0.0273438
7228,3.70313
7229,3.84766
7230,3.99219
7231,4.13672
7232,4.28125
7233,0
7234,0.00390625
7235,-0.00390625
7236,7.99609
7237,-8
7238,0.03125
7239,0.0273438
7240,0.0351563
7241,-0.03125
7242,-0.0351563
7243,-0.0273438
7244,6.01563
7245,6.16016
7246,6.30469
7247,6.44922
7248,6.59375
7249,0
7250,0.00390625
7251,-0.00390625
7252,7.99609
7253,-8
7254,0.03125
7255,0.0273438
7256,0.0351563
7257,-0.03125
7258,-0.0351563
7259,-0.0273438
7260,-7.67188
7261,-7.52734
7262,-7.38281
7263,-7.23828
7264,-7.09375
7265,0
7266,0.00390625
7267,-0.00390625
7268,7.99609
7269,-8
7270,0.03125
7271,0.0273438
7272,0.0351563
7273,-0.03125
7274,-0.0351563
7275,-0.0273438
7276,-5.35938
7277,-5.21484
7278,-5.07031
7279,-4.92578
7280,-4.78125
7281,0
7282,0.00390625
7283,-0.00390625
7284,7.99609
7285,-8
7286,0.03125
7287,0.0273438
7288,0.0351563
7289,-0.03125
7290,-0.0351563
7291,-0.0273438
7292,-3.04688
7293,-2.90234
7294,-2.75781
7295,-2.61328
7296,-2.46875
7297,0
7298,0.00390625
7299,-0.00390625
7300,7.99609
7301,-8
7302,0.03125
7303,0.0273438
7304,0.0351563
7305,-0.03125
7306,-0.0351563
7307,-0.0273438
7308,-0.734375
7309,-0.589844
7310,-0.445313
7311,-0.300781
7312,-0.15625
7313,0
7314,0.00390625
7315,-0.00390625
7316,7.99609
7317,-8
7318,0.03125
7319,0.0273438
7320,0.0351563
7321,-0.03125
7322,-0.0351563
7323,-0.0273438
7324,1.57813
7325,1.72266
7326,1.86719
7327,2.01172
7328,2.15625
7329,0
7330,0.00390625
7331,-0.00390625
7332,7.99609
7333,-8
7334,0.03125
7335,0.0273438
7336,0.0351563
7337,-0.03125
7338,-0.0351563
7339,-0.0273438
7340,3.89063
7341,4.03516
7342,4.17969
7343,4.32422
7344,4.46875
7345,0
7346,0.00390625
7347,-0.00390625
7348,7.99609
7349,-8
7350,0.03125
7351,0.0273438
7352,0.0351563
7353,-0.03125
7354,-0.0351563
7355,-0.0273438
7356,6.20313
7357,6.34766
7358,6.49219
7359,6.63672
7360,6.78125
7361,0
7362,0.00390625
7363,-0.00390625
7364,7.99609
7365,-8
7366,0.03125
7367,0.0273438
7368,0.0351563
7369,-0.03125
7370,-0.0351563
7371,-0.0273438
7372,-7.48438
7373,-7.33984
7374,-7.19531
7375,-7.05078
7376,-6.90625
7377,0
7378,0.00390625
7379,-0.00390625
7380,7.99609
7381,-8
7382,0.03125
7383,0.0273438
7384,0.0351563
7385,-0.03125
7386,-0.0351563
7387,-0.0273438
7388,-5.17188
7389,-5.02734
7390,-4.88281
7391,-4.73828
7392,-4.59375
7393,0
7394,0.00390625
7395,-0.00390625
7396,7.99609
7397,-8
7398,0.03125
7399,0.0273438
7400,0.0351563
7401,-0.03125
7402,-0.0351563
7403,-0.0273438
7404,-2.85938
7405,-2.71484
7406,-2.57031
7407,-2.42578
7408,-2.28125
7409,0
7410,0.00390625
7411,-0.00390625
7412,7.99609
7413,-8
7414,0.03125
7415,0.0273438
7416,0.0351563
7417,-0.03125
7418,-0.0351563
7419,-0.0273438
7420,-0.546875
7421,-0.402344
7422,-0.257813
7423,-0.113281
7424,0.03125
7425,0
7426,0.00390625
7427,-0.00390625
7428,7.99609
7429,-8
7430,0.03125
7431,0.0273438
7432,0.0351563
7433,-0.03125
7434,-0.0351563
7435,-0.0273438
7436,1.76563
7437,1.91016
7438,2.05469
7439,2.19922
7440,2.34375
7441,0
7442,0.00390625
7443,-0.00390625
7444,7.99609
7445,-8
7446,0.03125
7447,0.0273438
7448,0.0351563
7449,-0.03125
7450,-0.0351563
7451,-0.0273438
7452,4.07813
7453,4.22266
7454,4.36719
7455,4.51172
7456,4.65625
7457,0
7458,0.00390625
7459,-0.00390625
7460,7.99609
7461,-8
7462,0.03125
7463,0.0273438
7464,0.0351563
7465,-0.03125
7466,-0.0351563
7467,-0.0273438
7468,6.39063
7469,6.53516
7470,6.67969
7471,6.82422
7472,6.96875
7473,0
7474,0.00390625
7475,-0.00390625
7476,7.99609
7477,-8
7478,0.03125
7479,0.0273438
7480,0.0351563
7481,-0.03125
7482,-0.0351563
7483,-0.0273438
7484,-7.29688
7485,-7.15234
7486,-7.00781
7487,-6.86328
7488,-6.71875
7489,0
7490,0.00390625
7491,-0.00390625
7492,7.99609
7493,-8
7494,0.03125
7495,0.0273438
7496,0.0351563
7497,-0.03125
7498,-0.0351563
7499,-0.0273438
7500,-4.98438
7501,-4.83984
7502,-4.69531
7503,-4.55078
7504,-4.40625
7505,0
7506,0.00390625
7507,-0.00390625
7508,7.99609
7509,-8
7510,0.03125
7511,0.0273438
7512,0.0351563
7513,-0.03125
7514,-0.0351563
7515,-0.0273438
7516,-2.67188
7517,-2.52734
7518,-2.38281
7519,-2.23828
7520,-2.09375
7521,0
7522,0.00390625
7523,-0.00390625
7524,7.99609
7525,-8
7526,0.03125
7527,0.0273438
7528,0.0351563
7529,-0.03125
7530,-0.0351563
7531,-0.0273438
7532,-0.359375
7533,-0.214844
7534,-0.0703125
7535,0.0742188
7536,0.21875
7537,0
7538,0.00390625
7539,-0.00390625
7540,7.99609
7541,-8
7542,0.03125
7543,0.0273438
7544,0.0351563
7545,-0.03125
7546,-0.0351563
7547,-0.0273438
7548,1.95313
7549,2.09766
7550,2.24219
7551,2.38672
7552,2.53125
7553,0
7554,0.00390625
7555,-0.00390625
7556,7.99609
7557,-8
7558,0.03125
7559,0.0273438
7560,0.0351563
7561,-0.03125
7562,-0.0351563
7563,-0.0273438
7564,4.26563
7565,4.41016
7566,4.55469
7567,4.69922
7568,4.84375
7569,0
7570,0.00390625
7571,-0.00390625
7572,7.99609
7573,-8
7574,0.03125
7575,0.0273438
7576,0.0351563
7577,-0.03125
7578,-0.0351563
7579,-0.0273438
7580,6.57813
7581,6.72266
7582,6.86719
7583,7.01172
7584,7.15625
7585,0
7586,0.00390625
7587,-0.00390625
7588,7.99609
7589,-8
7590,0.03125
7591,0.0273438
7592,0.0351563
7593,-0.03125
7594,-0.0351563
7595,-0.0273438
7596,-7.10938
7597,-6.96484
7598,-6.82031
7599,-6.67578
7600,-6.53125
7601,0
7602,0.00390625
7603,-0.00390625
7604,7.99609
7605,-8
7606,0.03125
7607,0.0273438
7608,0.0351563
7609,-0.03125
7610,-0.0351563
7611,-0.0273438
7612,-4.79688
7613,-4.65234
7614,-4.50781
7615,-4.36328
7616,-4.21875
7617,0
7618,0.00390625
7619,-0.00390625
7620,7.99609
7621,-8
7622,0.03125
7623,0.0273438
7624,0.0351563
7625,-0.03125
7626,-0.0351563
7627,-0.0273438
7628,-2.48438
7629,-2.33984
7630,-2.19531
7631,-2.05078
7632,-1.90625
7633,0
7634,0.00390625
7635,-0.00390625
7636,7.99609
7637,-8
7638,0.03125
7639,0.0273438
7640,0.0351563
7641,-0.03125
7642,-0.0351563
7643,-0.0273438
7644,-0.171875
7645,-0.0273438
7646,0.117188
7647,0.261719
7648,0.40625
7649,0
7650,0.00390625
7651,-0.00390625
7652,7.99609
7653,-8
7654,0.03125
7655,0.0273438
7656,0.0351563
7657,-0.03125
7658,-0.0351563
7659,-0.0273438
7660,2.14063
7661,2.28516
7662,2.42969
7663,2.57422
7664,2.71875
7665,0
7666,0.00390625
7667,-0.00390625
7668,7.99609
7669,-8
7670,0.03125
7671,0.0273438
7672,0.0351563
7673,-0.03125
7674,-0.0351563
7675,-0.0273438
7676,4.45313
7677,4.59766
7678,4.74219
7679,4.88672
7680,5.03125
7681,0
7682,0.00390625
7683,-0.00390625
7684,7.99609
7685,-8
7686,0.03125
7687,0.0273438
7688,0.0351563
7689,-0.03125
7690,-0.0351563
7691,-0.0273438
7692,6.76563
7693,6.91016
7694,7.05469
7695,7.19922
7696,7.34375
7697,0
7698,0.00390625
7699,-0.00390625
7700,7.99609
7701,-8
7702,0.03125
7703,0.0273438
7704,0.0351563
7705,-0.03125
7706,-0.0351563
7707,-0.0273438
7708,-6.92188
7709,-6.77734
7710,-6.63281
7711,-6.48828
7712,-6.34375
7713,0
7714,0.00390625
7715,-0.00390625
7716,7.99609
7717,-8
7718,0.03125
7719,0.0273438
7720,0.0351563
7721,-0.03125
7722,-0.0351563
7723,-0.0273438
7724,-4.60938
7725,-4.46484
7726,-4.32031
7727,-4.17578
7728,-4.03125
7729,0
7730,0.00390625
7731,-0.00390625
7732,7.99609
7733,-8
7734,0.03125
7735,0.0273438
7736,0.0351563
7737,-0.03125
7738,-0.0351563
7739,-0.0273438
7740,-2.29688
7741,-2.15234
7742,-2.00781
7743,-1.86328
7744,-1.71875
7745,0
7746,0.00390625
7747,-0.00390625
7748,7.99609
7749,-8
7750,0.03125
7751,0.0273438
7752,0.0351563
7753,-0.03125
7754,-0.0351563
7755,-0.0273438
7756,0.015625
7757,0.160156
7758,0.304688
7759,0.449219
7760,0.59375
7761,0
7762,0.00390625
7763,-0.00390625
7764,7.99609
7765,-8
7766,0.03125
7767,0.0273438
7768,0.0351563
7769,-0.03125
7770,-0.0351563
7771,-0.0273438
7772,2.32813
7773,2.47266
7774,2.61719
7775,2.76172
7776,2.90625
7777,0
7778,0.00390625
7779,-0.00390625
7780,7.99609
7781,-8
7782,0.03125
7783,0.0273438
7784,0.0351563
7785,-0.03125
7786,-0.0351563
7787,-0.0273438
7788,4.64063
7789,4.78516
7790,4.92969
7791,5.07422
7792,5.21875
7793,0
7794,0.00390625
7795,-0.00390625
7796,7.99609
7797,-8
7798,0.03125
7799,0.0273438
7800,0.0351563
7801,-0.03125
7802,-0.0351563
7803,-0.0273438
7804,6.95313
7805,7.09766
7806,7.24219
7807,7.38672
7808,7.53125
7809,0
7810,0.00390625
7811,-0.00390625
7812,7.99609
7813,-8
7814,0.03125
7815,0.0273438
7816,0.0351563
7817,-0.03125
7818,-0.0351563
7819,-0.0273438
7820,-6.73438
7821,-6.58984
7822,-6.44531
7823,-6.30078
7824,-6.15625
7825,0
7826,0.00390625
7827,-0.00390625
7828,7.99609
7829,-8
7830,0.03125
7831,0.0273438
7832,0.0351563
7833,-0.03125
7834,-0.0351563
7835,-0.0273438
7836,-4.42188
7837,-4.27734
7838,-4.13281
7839,-3.98828
7840,-3.84375
7841,0
7842,0.00390625
7843,-0.00390625
7844,7.99609
7845,-8
7846,0.03125
7847,0.0273438
7848,0.0351563
7849,-0.03125
7850,-0.0351563
7851,-0.0273438
7852,-2.10938
7853,-1.96484
7854,-1.82031
7855,-1.67578
7856,-1.53125
7857,0
7858,0.00390625
7859,-0.00390625
7860,7.99609
7861,-8
7862,0.03125
7863,0.0273438
7864,0.0351563
7865,-0.03125
7866,-0.0351563
7867,-0.0273438
7868,0.203125
7869,0.347656
7870,0.492188
7871,0.636719
7872,0.78125
7873,0
7874,0.00390625
7875,-0.00390625
7876,7.99609
7877,-8
7878,0.03125
7879,0.0273438
7880,0.0351563
7881,-0.03125
7882,-0.0351563
7883,-0.0273438
7884,2.51563
7885,2.66016
7886,2.80469
7887,2.94922
7888,3.09375
7889,0
7890,0.00390625
7891,-0.00390625
7892,7.99609
7893,-8
7894,0.03125
7895,0.0273438
7896,0.0351563
7897,-0.03125
7898,-0.0351563
7899,-0.0273438
7900,4.82813
7901,4.97266
7902,5.11719
7903,5.26172
7904,5.40625
7905,0
7906,0.00390625
7907,-0.00390625
7908,7.99609
7909,-8
7910,0.03125
7911,0.0273438
7912,0.0351563
7913,-0.03125
7914,-0.0351563
7915,-0.0273438
7916,7.14063
7917,7.28516
7918,7.42969
7919,7.57422
7920,7.71875
7921,0
7922,0.00390625
7923,-0.00390625
7924,7.99609
7925,-8
7926,0.03125
7927,0.0273438
7928,0.0351563
7929,-0.03125
7930,-0.0351563
7931,-0.0273438
7932,-6.54688
7933,-6.40234
7934,-6.25781
7935,-6.11328
7936,-5.96875
7937,0
7938,0.00390625
7939,-0.00390625
7940,7.99609
7941,-8
7942,0.03125
7943,0.0273438
7944,0.0351563
7945,-0.03125
7946,-0.0351563
7947,-0.0273438
7948,-4.23438
7949,-4.08984
7950,-3.94531
7951,-3.80078
7952,-3.65625
7953,0
7954,0.00390625
7955,-0.00390625
7956,7.99609
7957,-8
7958,0.03125
7959,0.0273438
7960,0.0351563
7961,-0.03125
7962,-0.0351563
7963,-0.0273438
7964,-1.92188
7965,-1.77734
7966,-1.63281
7967,-1.48828
7968,-1.34375
7969,0
7970,0.00390625
7971,-0.00390625
7972,7.99609
7973,-8
7974,0.03125
7975,0.0273438
7976,0.0351563
7977,-0.03125
7978,-0.0351563
7979,-0.0273438
7980,0.390625
7981,0.535156
7982,0.679688
7983,0.824219
7984,0.96875
7985,0
7986,0.00390625
7987,-0.00390625
7988,7.99609
7989,-8
7990,0.03125
7991,0.0273438
7992,0.0351563
7993,-0.03125
7994,-0.0351563
7995,-0.0273438
7996,2.70313
7997,2.84766
7998,2.99219
7999,3.13672
8000,3.28125
8001,0
8002,0.00390625
8003,-0.00390625
8004,7.99609
8005,-8
8006,0.03125
8007,0.0273438
8008,0.0351563
8009,-0.03125
8010,-0.0351563
8011,-0.0273438
8012,5.01563
8013,5.16016
8014,5.30469
8015,5.44922
8016,5.59375
8017,0
8018,0.00390625
8019,-0.00390625
8020,7.99609
8021,-8
8022,0.03125
8023,0.0273438
8024,0.0351563
8025,-0.03125
8026,-0.0351563
8027,-0.0273438
8028,7.32813
8029,7.47266
8030,7.61719
8031,7.76172
8032,7.90625
8033,0
8034,0.00390625
8035,-0.00390625
8036,7.99609
8037,-8
8038,0.03125
8039,0.0273438
8040,0.0351563
8041,-0.03125
8042,-0.0351563
8043,-0.0273438
8044,-6.35938
8045,-6.21484
8046,-6.07031
8047,-5.92578
8048,-5.78125
8049,0
8050,0.00390625
8051,-0.00390625
8052,7.99609
8053,-8
8054,0.03125
8055,0.0273438
8056,0.0351563
8057,-0.03125
8058,-0.0351563
8059,-0.0273438
8060,-4.04688
8061,-3.90234
8062,-3.75781
8063,-3.61328
8064,-3.46875
8065,0
8066,0.00390625
8067,-0.00390625
8068,7.99609
8069,-8
8070,0.03125
8071,0.0273438
8072,0.0351563
8073,-0.03125
8074,-0.0351563
8075,-0.0273438
8076,-1.73438
8077,-1.58984
8078,-1.44531
8079,-1.30078
8080,-1.15625
8081,0
8082,0.00390625
8083,-0.00390625
8084,7.99609
8085,-8
8086,0.03125
8087,0.0273438
8088,0.0351563
8089,-0.03125
8090,-0.0351563
8091,-0.0273438
8092,0.578125
8093,0.722656
8094,0.867188
8095,1.01172
8096,1.15625
8097,0
8098,0.00390625
8099,-0.00390625
8100,7.99609
8101,-8
8102,0.03125
8103,0.0273438
8104,0.0351563
8105,-0.03125
8106,-0.0351563
8107,-0.0273438
8108,2.89063
8109,3.03516
8110,3.17969
8111,3.32422
8112,3.46875
8113,0
8114,0.00390625
8115,-0.00390625
8116,7.99609
8117,-8
8118,0.03125
8119,0.0273438
8120,0.0351563
8121,-0.03125
8122,-0.0351563
8123,-0.0273438
8124,5.20313
8125,5.34766
8126,5.49219
8127,5.63672
8128,5.78125
8129,0
8130,0.00390625
8131,-0.00390625
8132,7.99609
8133,-8
8134,0.03125
8135,0.0273438
8136,0.0351563
8137,-0.03125
8138,-0.0351563
8139,-0.0273438
8140,7.51563
8141,7.66016
8142,7.80469
8143,7.94922
8144,-7.90625
8145,0
8146,0.00390625
8147,-0.00390625
8148,7.99609
8149,-8
8150,0.03125
8151,0.0273438
8152,0.0351563
8153,-0.03125
8154,-0.0351563
8155,-0.0273438
8156,-6.17188
8157,-6.02734
8158,-5.88281
8159,-5.73828
8160,-5.59375
8161,0
8162,0.00390625
8163,-0.00390625
8164,7.99609
8165,-8
8166,0.03125
8167,0.0273438
8168,0.0351563
8169,-0.03125
8170,-0.0351563
8171,-0.0273438
8172,-3.85938
8173,-3.71484
8174,-3.57031
8175,-3.42578
8176,-3.28125
8177,0
8178,0.00390625
8179,-0.00390625
8180,7.99609
8181,-8
8182,0.03125
8183,0.0273438
8184,0.0351563
8185,-0.03125
8186,-0.0351563
8187,-0.0273438
8188,-1.54688
8189,-1.40234
8190,-1.25781
8191,-1.11328
8192,-0.96875
8193,0
8194,0.00390625
8195,-0.00390625
8196,7.99609
8197,-8
8198,0.03125
8199,0.0273438
8200,0.0351563
8201,-0.03125
8202,-0.0351563
8203,-0.0273438
8204,0.765625
8205,0.910156
8206,1.05469
8207,1.19922
8208,1.34375
8209,0
8210,0.00390625
8211,-0.00390625
8212,7.99609
8213,-8
8214,0.03125
8215,0.0273438
8216,0.0351563
8217,-0.03125
8218,-0.0351563
8219,-0.0273438
8220,3.07813
8221,3.22266
8222,3.36719
8223,3.51172
8224,3.65625
8225,0
8226,0.00390625
8227,-0.00390625
8228,7.99609
8229,-8
8230,0.03125
8231,0.0273438
8232,0.0351563
8233,-0.03125
8234,-0.0351563
8235,-0.0273438
8236,5.39063
8237,5.53516
8238,5.67969
8239,5.82422
8240,5.96875
8241,0
8242,0.00390625
8243,-0.00390625
8244,7.99609
8245,-8
8246,0.03125
8247,0.0273438
8248,0.0351563
8249,-0.03125
8250,-0.0351563
8251,-0.0273438
8252,7.70313
8253,7.84766
8254,7.99219
8255,-7.86328
8256,-7.71875
8257,0
8258,0.00390625
8259,-0.00390625
8260,7.99609
8261,-8
8262,0.03125
8263,0.0273438
8264,0.0351563
8265,-0.03125
8266,-0.0351563
8267,-0.0273438
8268,-5.98438
8269,-5.83984
8270,-5.69531
8271,-5.55078
8272,-5.40625
8273,0
8274,0.00390625
8275,-0.00390625
8276,7.99609
8277,-8
8278,0.03125
8279,0.0273438
8280,0.0351563
8281,-0.03125
8282,-0.0351563
8283,-0.0273438
8284,-3.67188
8285,-3.52734
8286,-3.38281
8287,-3.23828
8288,-3.09375
8289,0
8290,0.00390625
8291,-0.00390625
8292,7.99609
8293,-8
8294,0.03125
8295,0.0273438
8296,0.0351563
8297,-0.03125
8298,-0.0351563
8299,-0.0273438
8300,-1.35938
8301,-1.21484
8302,-1.07031
8303,-0.925781
8304,-0.78125
8305,0
8306,0.00390625
8307,-0.00390625
8308,7.99609
8309,-8
8310,0.03125
8311,0.0273438
8312,0.0351563
8313,-0.03125
8314,-0.0351563
8315,-0.0273438
8316,0.953125
8317,1.09766
8318,1.24219
8319,1.38672
8320,1.53125
8321,0
8322,0.00390625
8323,-0.00390625
8324,7.99609
8325,-8
8326,0.03125
8327,0.0273438
8328,0.0351563
8329,-0.03125
8330,-0.0351563
8331,-0.0273438
8332,3.26563
8333,3.41016
8334,3.55469
8335,3.69922
8336,3.84375
8337,0
8338,0.00390625
8339,-0.00390625
8340,7.99609
8341,-8
8342,0.03125
8343,0.0273438
8344,0.0351563
8345,-0.03125
8346,-0.0351563
8347,-0.0273438
8348,5.57813
8349,5.72266
8350,5.86719
8351,6.01172
8352,6.15625
8353,0
8354,0.00390625
8355,-0.00390625
8356,7.99609
8357,-8
8358,0.03125
8359,0.0273438
8360,0.0351563
8361,-0.03125
8362,-0.0351563
8363,-0.0273438
8364,7.89063
8365,-7.96484
8366,-7.82031
8367,-7.67578
8368,-7.53125
8369,0
8370,0.00390625
8371,-0.00390625
8372,7.99609
8373,-8
8374,0.03125
8375,0.0273438
8376,0.0351563
8377,-0.03125
8378,-0.0351563
8379,-0.0273438
8380,-5.79688
8381,-5.65234
8382,-5.50781
8383,-5.36328
8384,-5.21875
8385,0
8386,0.00390625
8387,-0.00390625
8388,7.99609
8389,-8
8390,0.03125
8391,0.0273438
8392,0.0351563
8393,-0.03125
8394,-0.0351563
8395,-0.0273438
8396,-3.48438
8397,-3.33984
8398,-3.19531
8399,-3.05078
8400,-2.90625
8401,0
8402,0.00390625
8403,-0.00390625
8404,7.99609
8405,-8
8406,0.03125
8407,0.0273438
8408,0.0351563
8409,-0.03125
8410,-0.0351563
8411,-0.0273438
8412,-1.17188
8413,-1.02734
8414,-0.882813
8415,-0.738281
8416,-0.59375
8417,0
8418,0.00390625
8419,-0.00390625
8420,7.99609
8421,-8
8422,0.03125
8423,0.0273438
8424,0.0351563
8425,-0.03125
8426,-0.0351563
8427,-0.0273438
8428,1.14063
8429,1.28516
8430,1.42969
8431,1.57422
8432,1.71875
8433,0
8434,0.00390625
8435,-0.00390625
8436,7.99609
8437,-8
8438,0.03125
8439,0.0273438
8440,0.0351563
8441,-0.03125
8442,-0.0351563
8443,-0.0273438
8444,3.45313
8445,3.59766
8446,3.74219
8447,3.88672
8448,4.03125
8449,0
8450,0.00390625
8451,-0.00390625
8452,7.99609
8453,-8
8454,0.03125
8455,0.0273438
8456,0.0351563
8457,-0.03125
8458,-0.0351563
8459,-0.0273438
8460,5.76563
8461,5.91016
8462,6.05469
8463,6.19922
8464,6.34375
8465,0
8466,0.00390625
8467,-0.00390625
8468,7.99609
8469,-8
8470,0.03125
8471,0.0273438
8472,0.0351563
8473,-0.03125
8474,-0.0351563
8475,-0.0273438
8476,-7.92188
8477,-7.77734
8478,-7.63281
8479,-7.48828
8480,-7.34375
8481,0
8482,0.00390625
8483,-0.00390625
8484,7.99609
8485,-8
8486,0.03125
8487,0.0273438
8488,0.0351563
8489,-0.03125
8490,-0.0351563
8491,-0.0273438
8492,-5.60938
8493,-5.46484
8494,-5.32031
8495,-5.17578
8496,-5.03125
8497,0
8498,0.00390625
8499,-0.00390625
8500,7.99609
8501,-8
8502,0.03125
8503,0.0273438
8504,0.0351563
8505,-0.03125
8506,-0.0351563
8507,-0.0273438
8508,-3.29688
8509,-3.15234
8510,-3.00781
8511,-2.86328
8512,-2.71875
8513,0
8514,0.00390625
8515,-0.00390625
8516,7.99609
8517,-8
8518,0.03125
8519,0.0273438
8520,0.0351563
8521,-0.03125
8522,-0.0351563
8523,-0.0273438
8524,-0.984375
8525,-0.839844
8526,-0.695313
8527,-0.550781
8528,-0.40625
8529,0
8530,0.00390625
8531,-0.00390625
8532,7.99609
8533,-8
8534,0.03125
8535,0.0273438
8536,0.0351563
8537,-0.03125
8538,-0.0351563
8539,-0.0273438
8540,1.32813
8541,1.47266
8542,1.61719
8543,1.76172
8544,1.90625
8545,0
8546,0.00390625
8547,-0.00390625
8548,7.99609
8549,-8
8550,0.03125
8551,0.0273438
8552,0.0351563
8553,-0.03125
8554,-0.0351563
8555,-0.0273438
8556,3.64063
8557,3.78516
8558,3.92969
8559,4.07422
8560,4.21875
8561,0
8562,0.00390625
8563,-0.00390625
8564,7.99609
8565,-8
8566,0.03125
8567,0.0273438
8568,0.0351563
8569,-0.03125
8570,-0.0351563
8571,-0.0273438
8572,5.95313
8573,6.09766
8574,6.24219
8575,6.38672
8576,6.53125
8577,0
8578,0.00390625
8579,-0.00390625
8580,7.99609
8581,-8
8582,0.03125
8583,0.0273438
8584,0.0351563
8585,-0.03125
8586,-0.0351563
8587,-0.0273438
8588,-7.73438
8589,-7.58984
8590,-7.44531
8591,-7.30078
8592,-7.15625
8593,0
8594,0.00390625
8595,-0.00390625
8596,7.99609
8597,-8
8598,0.03125
8599,0.0273438
8600,0.0351563
8601,-0.03125
8602,-0.0351563
8603,-0.0273438
8604,-5.42188
8605,-5.27734
8606,-5.13281
8607,-4.98828
8608,-4.84375
8609,0
8610,0.00390625
8611,-0.00390625
8612,7.99609
8613,-8
8614,0.03125
8615,0.0273438
8616,0.0351563
8617,-0.03125
8618,-0.0351563
8619,-0.0273438
8620,-3.10938
8621,-2.96484
8622,-2.82031
8623,-2.67578
8624,-2.53125
8625,0
8626,0.00390625
8627,-0.00390625
8628,7.99609
8629,-8
8630,0.03125
8631,0.0273438
8632,0.0351563
8633,-0.03125
8634,-0.0351563
8635,-0.0273438
8636,-0.796875
8637,-0.652344
8638,-0.507813
8639,-0.363281
8640,-0.21875
8641,0
8642,0.00390625
8643,-0.00390625
8644,7.99609
8645,-8
8646,0.03125
8647,0.0273438
8648,0.0351563
8649,-0.03125
8650,-0.0351563
8651,-0.0273438
8652,1.51563
8653,1.66016
8654,1.80469
8655,1.94922
8656,2.09375
8657,0
8658,0.00390625
8659,-0.00390625
8660,7.99609
8661,-8
8662,0.03125
8663,0.0273438
8664,0.0351563
8665,-0.03125
8666,-0.0351563
8667,-0.0273438
8668,3.82813
8669,3.97266
8670,4.11719
8671,4.26172
8672,4.40625
8673,0
8674,0.00390625
8675,-0.00390625
8676,7.99609
8677,-8
8678,0.03125
8679,0.0273438
8680,0.0351563
8681,-0.03125
8682,-0.0351563
8683,-0.0273438
8684,6.14063
8685,6.28516
8686,6.42969
8687,6.57422
8688,6.71875
8689,0
8690,0.00390625
8691,-0.00390625
8692,7.99609
8693,-8
8694,0.03125
8695,0.0273438
8696,0.0351563
8697,-0.03125
8698,-0.0351563
8699,-0.0273438
8700,-7.54688
8701,-7.40234
8702,-7.25781
8703,-7.11328
8704,-6.96875
8705,0
8706,0.00390625
8707,-0.00390625
8708,7.99609
8709,-8
8710,0.03125
8711,0.0273438
8712,0.0351563
8713,-0.03125
8714,-0.0351563
8715,-0.0273438
8716,-5.23438
8717,-5.08984
8718,-4.94531
8719,-4.80078
8720,-4.65625
8721,0
8722,0.00390625
8723,-0.00390625
8724,7.99609
8725,-8
8726,0.03125
8727,0.0273438
8728,0.0351563
8729,-0.03125
8730,-0.0351563
8731,-0.0273438
8732,-2.92188
8733,-2.77734
8734,-2.63281
8735,-2.48828
8736,-2.34375
8737,0
8738,0.00390625
8739,-0.00390625
8740,7.99609
8741,-8
8742,0.03125
8743,0.0273438
8744,0.0351563
8745,-0.03125
8746,-0.0351563
8747,-0.0273438
8748,-0.609375
8749,-0.464844
8750,-0.320313
8751,-0.175781
8752,-0.03125
8753,0
8754,0.00390625
8755,-0.00390625
8756,7.99609
8757,-8
8758,0.03125
8759,0.0273438
8760,0.0351563
8761,-0.03125
8762,-0.0351563
8763,-0.0273438
8764,1.70313
8765,1.84766
8766,1.99219
8767,2.13672
8768,2.28125
8769,0
8770,0.00390625
8771,-0.00390625
8772,7.99609
8773,-8
8774,0.03125
8775,0.0273438
8776,0.0351563
8777,-0.03125
8778,-0.0351563
8779,-0.0273438
8780,4.01563
8781,4.16016
8782,4.30469
8783,4.44922
8784,4.59375
8785,0
8786,0.00390625
8787,-0.00390625
8788,7.99609
8789,-8
8790,0.03125
8791,0.0273438
8792,0.0351563
8793,-0.03125
8794,-0.0351563
8795,-0.0273438
8796,6.32813
8797,6.47266
8798,6.61719
8799,6.76172
8800,6.90625
8801,0
8802,0.00390625
8803,-0.00390625
8804,7.99609
8805,-8
8806,0.03125
8807,0.0273438
8808,0.0351563
8809,-0.03125
8810,-0.0351563
8811,-0.0273438
8812,-7.35938
8813,-7.21484
8814,-7.07031
8815,-6.92578
8816,-6.78125
8817,0
8818,0.00390625
8819,-0.00390625
8820,7.99609
8821,-8
8822,0.03125
8823,0.0273438
8824,0.0351563
8825,-0.03125
8826,-0.0351563
8827,-0.0273438
8828,-5.04688
8829,-4.90234
8830,-4.75781
8831,-4.61328
8832,-4.46875
8833,0
8834,0.00390625
8835,-0.00390625
8836,7.99609
8837,-8
8838,0.03125
8839,0.0273438
8840,0.0351563
8841,-0.03125
8842,-0.0351563
8843,-0.0273438
8844,-2.73438
8845,-2.58984
8846,-2.44531
8847,-2.30078
8848,-2.15625
8849,0
8850,0.00390625
8851,-0.00390625
8852,7.99609
8853,-8
8854,0.03125
8855,0.0273438
8856,0.0351563
8857,-0.03125
8858,-0.0351563
8859,-0.0273438
8860,-0.421875
8861,-0.277344
8862,-0.132813
8863,0.0117188
8864,0.15625
8865,0
8866,0.00390625
8867,-0.00390625
8868,7.99609
8869,-8
8870,0.03125
8871,0.0273438
8872,0.0351563
8873,-0.03125
8874,-0.0351563
8875,-0.0273438
8876,1.89063
8877,2.03516
8878,2.17969
8879,2.32422
8880,2.46875
8881,0
8882,0.00390625
8883,-0.00390625
8884,7.99609
8885,-8
8886,0.03125
8887,0.0273438
8888,0.0351563
8889,-0.03125
8890,-0.0351563
8891,-0.0273438
8892,4.20313
8893,4.34766
8894,4.49219
8895,4.63672
8896,4.78125
8897,0
8898,0.00390625
8899,-0.00390625
8900,7.99609
8901,-8
8902,0.03125
8903,0.0273438
8904,0.0351563
8905,-0.03125
8906,-0.0351563
8907,-0.0273438
8908,6.51563
8909,6.66016
8910,6.80469
8911,6.94922
8912,7.09375
8913,0
8914,0.00390625
8915,-0.00390625
8916,7.99609
8917,-8
8918,0.03125
8919,0.0273438
8920,0.0351563
8921,-0.03125
8922,-0.0351563
8923,-0.0273438
8924,-7.17188
8925,-7.02734
8926,-6.88281
8927,-6.73828
8928,-6.59375
8929,0
8930,0.00390625
8931,-0.00390625
8932,7.99609
8933,-8
8934,0.03125
8935,0.0273438
8936,0.0351563
8937,-0.03125
8938,-0.0351563
8939,-0.0273438
8940,-4.85938
8941,-4.71484
8942,-4.57031
8943,-4.42578
8944,-4.28125
8945,0
8946,0.00390625
8947,-0.00390625
8948,7.99609
8949,-8
8950,0.03125
8951,0.0273438
8952,0.0351563
8953,-0.03125
8954,-0.0351563
8955,-0.0273438
8956,-2.54688
8957,-2.40234
8958,-2.25781
8959,-2.11328
8960,-1.96875
8961,0
8962,0.00390625
8963,-0.00390625
8964,7.99609
8965,-8
8966,0.03125
8967,0.0273438
8968,0.0351563
8969,-0.03125
8970,-0.0351563
8971,-0.0273438
8972,-0.234375
8973,-0.0898438
8974,0.0546875
8975,0.199219
8976,0.34375
8977,0
8978,0.00390625
8979,-0.00390625
8980,7.99609
8981,-8
8982,0.03125
8983,0.0273438
8984,0.0351563
8985,-0.03125
8986,-0.0351563
8987,-0.0273438
8988,2.07813
8989,2.22266
8990,2.36719
8991,2.51172
8992,2.65625
8993,0
8994,0.00390625
8995,-0.00390625
8996,7.99609
8997,-8
8998,0.03125
8999,0.0273438
9000,0.0351563
9001,-0.03125
9002,-0.0351563
9003,-0.0273438
9004,4.39063
9005,4.53516
9006,4.67969
9007,4.82422
9008,4.96875
9009,0
9010,0.00390625
9011,-0.00390625
9012,7.99609
9013,-8
9014,0.03125
9015,0.0273438
9016,0.0351563
9017,-0.03125
9018,-0.0351563
9019,-0.0273438
9020,6.70313
9021,6.84766
9022,6.99219
9023,7.13672
9024,7.28125
9025,0
9026,0.00390625
9027,-0.00390625
9028,7.99609
9029,-8
9030,0.03125
9031,0.0273438
9032,0.0351563
9033,-0.03125
9034,-0.0351563
9035,-0.0273438
9036,-6.98438
9037,-6.83984
9038,-6.69531
9039,-6.55078
9040,-6.40625
9041,0
9042,0.00390625
9043,-0.00390625
9044,7.99609
9045,-8
9046,0.03125
9047,0.0273438
9048,0.0351563
9049,-0.03125
9050,-0.0351563
9051,-0.0273438
9052,-4.67188
9053,-4.52734
9054,-4.38281
9055,-4.23828
9056,-4.09375
9057,0
9058,0.00390625
9059,-0.00390625
9060,7.99609
9061,-8
9062,0.03125
9063,0.0273438
9064,0.0351563
9065,-0.03125
9066,-0.0351563
9067,-0.0273438
9068,-2.35938
9069,-2.21484
9070,-2.07031
9071,-1.92578
9072,-1.78125
9073,0
9074,0.00390625
9075,-0.00390625
9076,7.99609
9077,-8
9078,0.03125
9079,0.0273438
9080,0.0351563
9081,-0.03125
9082,-0.0351563
9083,-0.0273438
9084,-0.046875
9085,0.0976563
9086,0.242188
9087,0.386719
9088,0.53125
9089,0
9090,0.00390625
9091,-0.00390625
9092,7.99609
9093,-8
9094,0.03125
9095,0.0273438
9096,0.0351563
9097,-0.03125
9098,-0.0351563
9099,-0.0273438
9100,2.26563
9101,2.41016
9102,2.55469
9103,2.69922
9104,2.84375
9105,0
9106,0.00390625
9107,-0.00390625
9108,7.99609
9109,-8
9110,0.03125
9111,0.0273438
9112,0.0351563
9113,-0.03125
9114,-0.0351563
9115,-0.0273438
9116,4.57813
9117,4.72266
9118,4.86719
9119,5.01172
9120,5.15625
9121,0
9122,0.00390625
9123,-0.00390625
9124,7.99609
9125,-8
9126,0.03125
9127,0.0273438
9128,0.0351563
9129,-0.03125
9130,-0.0351563
9131,-0.0273438
9132,6.89063
9133,7.03516
9134,7.17969
9135,7.32422
9136,7.46875
9137,0
9138,0.00390625
9139,-0.00390625
9140,7.99609
9141,-8
9142,0.03125
9143,0.0273438
9144,0.0351563
9145,-0.03125
9146,-0.0351563
9147,-0.0273438
9148,-6.79688
9149,-6.65234
9150,-6.50781
9151,-6.36328
9152,-6.21875
9153,0
9154,0.00390625
9155,-0.00390625
9156,7.99609
9157,-8
9158,0.03125
9159,0.0273438
9160,0.0351563
9161,-0.03125
9162,-0.0351563
9163,-0.0273438
9164,-4.48438
9165,-4.33984
9166,-4.19531
9167,-4.05078
9168,-3.90625
9169,0
9170,0.00390625
9171,-0.00390625
9172,7.99609
9173,-8
9174,0.03125
9175,0.0273438
9176,0.0351563
9177,-0.03125
9178,-0.0351563
9179,-0.0273438
9180,-2.17188
9181,-2.02734
9182,-1.88281
9183,-1.73828
9184,-1.59375
9185,0
9186,0.00390625
9187,-0.00390625
9188,7.99609
9189,-8
9190,0.03125
9191,0.0273438
9192,0.0351563
9193,-0.03125
9194,-0.0351563
9195,-0.0273438
9196,0.140625
9197,0.285156
9198,0.429688
9199,0.574219
9200,0.71875
9201,0
9202,0.00390625
9203,-0.00390625
9204,7.99609
9205,-8
9206,0.03125
9207,0.0273438
9208,0.0351563
9209,-0.03125
9210,-0.0351563
9211,-0.0273438
9212,2.45313
9213,2.59766
9214,2.74219
9215,2.88672
9216,3.03125
9217,0
9218,0.00390625
9219,-0.00390625
9220,7.99609
9221,-8
9222,0.03125
9223,0.0273438
9224,0.0351563
9225,-0.03125
9226,-0.0351563
9227,-0.0273438
9228,4.76563
9229,4.91016
9230,5.05469
9231,5.19922
9232,5.34375
9233,0
9234,0.00390625
9235,-0.00390625
9236,7.99609
9237,-8
9238,0.03125
9239,0.0273438
9240,0.0351563
9241,-0.03125
9242,-0.0351563
9243,-0.0273438
9244,7.07813
9245,7.22266
9246,7.36719
9247,7.51172
9248,7.65625
9249,0
9250,0.00390625
9251,-0.00390625
9252,7.99609
9253,-8
9254,0.03125
9255,0.0273438
9256,0.0351563
9257,-0.03125
9258,-0.0351563
9259,-0.0273438
9260,-6.60938
9261,-6.46484
9262,-6.32031
9263,-6.17578
9264,-6.03125
9265,0
9266,0.00390625
9267,-0.00390625
9268,7.99609
9269,-8
9270,0.03125
9271,0.0273438
9272,0.0351563
9273,-0.03125
9274,-0.0351563
9275,-0.0273438
9276,-4.29688
9277,-4.15234
9278,-4.00781
9279,-3.86328
9280,-3.71875
9281,0
9282,0.00390625
9283,-0.00390625
9284,7.99609
9285,-8
9286,0.03125
9287,0.0273438
9288,0.0351563
9289,-0.03125
9290,-0.0351563
9291,-0.0273438
9292,-1.98438
9293,-1.83984
9294,-1.69531
9295,-1.55078
9296,-1.40625
9297,0
9298,0.00390625
9299,-0.00390625
9300,7.99609
9301,-8
9302,0.03125
9303,0.0273438
9304,0.0351563
9305,-0.03125
9306,-0.0351563
9307,-0.0273438
9308,0.328125
9309,0.472656
9310,0.617188
9311,0.761719
9312,0.90625
9313,0
9314,0.00390625
9315,-0.00390625
9316,7.99609
9317,-8
9318,0.03125
9319,0.0273438
9320,0.0351563
9321,-0.03125
9322,-0.0351563
9323,-0.0273438
9324,2.64063
9325,2.78516
9326,2.92969
9327,3.07422
9328,3.21875
9329,0
9330,0.00390625
9331,-0.00390625
9332,7.99609
9333,-8
9334,0.03125
9335,0.0273438
9336,0.0351563
9337,-0.03125
9338,-0.0351563
9339,-0.0273438
9340,4.95313
9341,5.09766
9342,5.24219
9343,5.38672
9344,5.53125
9345,0
9346,0.00390625
9347,-0.00390625
9348,7.99609
9349,-8
9350,0.03125
9351,0.0273438
9352,0.0351563
9353,-0.03125
9354,-0.0351563
9355,-0.0273438
9356,7.26563
9357,7.41016
9358,7.55469
9359,7.69922
9360,7.84375
9361,0
9362,0.00390625
9363,-0.00390625
9364,7.99609
9365,-8
9366,0.03125
9367,0.0273438
9368,0.0351563
9369,-0.03125
9370,-0.0351563
9371,-0.0273438
9372,-6.42188
9373,-6.27734
9374,-6.13281
9375,-5.98828
9376,-5.84375
9377,0
9378,0.00390625
9379,-0.00390625
9380,7.99609
9381,-8
9382,0.03125
9383,0.0273438
9384,0.0351563
9385,-0.03125
9386,-0.0351563
9387,-0.0273438
9388,-4.10938
9389,-3.96484
9390,-3.82031
9391,-3.67578
9392,-3.53125
9393,0
9394,0.00390625
9395,-0.00390625
9396,7.99609
9397,-8
9398,0.03125
9399,0.0273438
9400,0.0351563
9401,-0.03125
9402,-0.0351563
9403,-0.0273438
9404,-1.79688
9405,-1.65234
9406,-1.50781
9407,-1.36328
9408,-1.21875
9409,0
9410,0.00390625
9411,-0.00390625
9412,7.99609
9413,-8
9414,0.03125
9415,0.0273438
9416,0.0351563
9417,-0.03125
9418,-0.0351563
9419,-0.0273438
9420,0.515625
9421,0.660156
9422,0.804688
9423,0.949219
9424,1.09375
9425,0
9426,0.00390625
9427,-0.00390625
9428,7.99609
9429,-8
9430,0.03125
9431,0.0273438
9432,0.0351563
9433,-0.03125
9434,-0.0351563
9435,-0.0273438
9436,2.82813
9437,2.97266
9438,3.11719
9439,3.26172
9440,3.40625
9441,0
9442,0.00390625
9443,-0.00390625
9444,7.99609
9445,-8
9446,0.03125
9447,0.0273438
9448,0.0351563
9449,-0.03125
9450,-0.0351563
9451,-0.0273438
9452,5.14063
9453,5.28516
9454,5.42969
9455,5.57422
9456,5.71875
9457,0
9458,0.00390625
9459,-0.00390625
9460,7.99609
9461,-8
9462,0.03125
9463,0.0273438
9464,0.0351563
9465,-0.03125
9466,-0.0351563
9467,-0.0273438
9468,7.45313
9469,7.59766
9470,7.74219
9471,7.88672
9472,-7.96875
9473,0
9474,0.00390625
9475,-0.00390625
9476,7.99609
9477,-8
9478,0.03125
9479,0.0273438
9480,0.0351563
9481,-0.03125
9482,-0.0351563
9483,-0.0273438
9484,-6.23438
9485,-6.08984
9486,-5.94531
9487,-5.80078
9488,-5.65625
9489,0
9490,0.00390625
9491,-0.00390625
9492,7.99609
9493,-8
9494,0.03125
9495,0.0273438
9496,0.0351563
9497,-0.03125
9498,-0.0351563
9499,-0.0273438
9500,-3.92188
9501,-3.77734
9502,-3.63281
9503,-3.48828
9504,-3.34375
9505,0
9506,0.00390625
9507,-0.00390625
9508,7.99609
9509,-8
9510,0.03125
9511,0.0273438
9512,0.0351563
9513,-0.03125
9514,-0.0351563
9515,-0.0273438
9516,-1.60938
9517,-1.46484
9518,-1.32031
9519,-1.17578
9520,-1.03125
9521,0
9522,0.00390625
9523,-0.00390625
9524,7.99609
9525,-8
9526,0.03125
9527,0.0273438
9528,0.0351563
9529,-0.03125
9530,-0.0351563
9531,-0.0273438
9532,0.703125
9533,0.847656
9534,0.992188
9535,1.13672
9536,1.28125
9537,0
9538,0.00390625
9539,-0.00390625
9540,7.99609
9541,-8
9542,0.03125
9543,0.0273438
9544,0.0351563
9545,-0.03125
9546,-0.0351563
9547,-0.0273438
9548,3.01563
9549,3.16016
9550,3.30469
9551,3.44922
9552,3.59375
9553,0
9554,0.00390625
9555,-0.00390625
9556,7.99609
9557,-8
9558,0.03125
9559,0.0273438
9560,0.0351563
9561,-0.03125
9562,-0.0351563
9563,-0.0273438
9564,5.32813
9565,5.47266
9566,5.61719
9567,5.76172
9568,5.90625
9569,0
9570,0.00390625
9571,-0.00390625
9572,7.99609
9573,-8
9574,0.03125
9575,0.0273438
9576,0.0351563
9577,-0.03125
9578,-0.0351563
9579,-0.0273438
9580,7.64063
9581,7.78516
9582,7.92969
9583,-7.92578
9584,-7.78125
9585,0
9586,0.00390625
9587,-0.00390625
9588,7.99609
9589,-8
9590,0.03125
9591,0.0273438
9592,0.0351563
9593,-0.03125
9594,-0.0351563
9595,-0.0273438
9596,-6.04688
9597,-5.90234
9598,-5.75781
9599,-5.61328
9600,-5.46875
9601,0
9602,0.00390625
9603,-0.00390625
9604,7.99609
9605,-8
9606,0.03125
9607,0.0273438
9608,0.0351563
9609,-0.03125
9610,-0.0351563
9611,-0.0273438
9612,-3.73438
9613,-3.58984
9614,-3.44531
9615,-3.30078
9616,-3.15625
9617,0
9618,0.00390625
9619,-0.00390625
9620,7.99609
9621,-8
9622,0.03125
9623,0.0273438
9624,0.0351563
9625,-0.03125
9626,-0.0351563
9627,-0.0273438
9628,-1.42188
9629,-1.27734
9630,-1.13281
9631,-0.988281
9632,-0.84375
9633,0
9634,0.00390625
9635,-0.00390625
9636,7.99609
9637,-8
9638,0.03125
9639,0.0273438
9640,0.0351563
9641,-0.03125
9642,-0.0351563
9643,-0.0273438
9644,0.890625
9645,1.03516
9646,1.17969
9647,1.32422
9648,1.46875
9649,0
9650,0.00390625
9651,-0.00390625
9652,7.99609
9653,-8
9654,0.03125
9655,0.0273438
9656,0.0351563
9657,-0.03125
9658,-0.0351563
9659,-0.0273438
9660,3.20313
9661,3.34766
9662,3.49219
9663,3.63672
9664,3.78125
9665,0
9666,0.00390625
9667,-0.00390625
9668,7.99609
9669,-8
9670,0.03125
9671,0.0273438
9672,0.0351563
9673,-0.03125
9674,-0.0351563
9675,-0.0273438
9676,5.51563
9677,5.66016
9678,5.80469
9679,5.94922
9680,6.09375
9681,0
9682,0.00390625
9683,-0.00390625
9684,7.99609
9685,-8
9686,0.03125
9687,0.0273438
9688,0.0351563
9689,-0.03125
9690,-0.0351563
9691,-0.0273438
9692,7.82813
9693,7.97266
9694,-7.88281
9695,-7.73828
9696,-7.59375
9697,0
9698,0.00390625
9699,-0.00390625
9700,7.99609
9701,-8
9702,0.03125
9703,0.0273438
9704,0.0351563
9705,-0.03125
9706,-0.0351563
9707,-0.0273438
9708,-5.85938
9709,-5.71484
9710,-5.57031
9711,-5.42578
9712,-5.28125
9713,0
9714,0.00390625
9715,-0.00390625
9716,7.99609
9717,-8
9718,0.03125
9719,0.0273438
9720,0.0351563
9721,-0.03125
9722,-0.0351563
9723,-0.0273438
9724,-3.54688
9725,-3.40234
9726,-3.25781
9727,-3.11328
9728,-2.96875
9729,0
9730,0.00390625
9731,-0.00390625
9732,7.99609
9733,-8
9734,0.03125
9735,0.0273438
9736,0.0351563
9737,-0.03125
9738,-0.0351563
9739,-0.0273438
9740,-1.23438
9741,-1.08984
9742,-0.945313
9743,-0.800781
9744,-0.65625
9745,0
9746,0.00390625
9747,-0.00390625
9748,7.99609
9749,-8
9750,0.03125
9751,0.0273438
9752,0.0351563
9753,-0.03125
9754,-0.0351563
9755,-0.0273438
9756,1.07813
9757,1.22266
9758,1.36719
9759,1.51172
9760,1.65625
9761,0
9762,0.00390625
9763,-0.00390625
9764,7.99609
9765,-8
9766,0.03125
9767,0.0273438
9768,0.0351563
9769,-0.03125
9770,-0.0351563
9771,-0.0273438
9772,3.39063
9773,3.53516
9774,3.67969
9775,3.82422
9776,3.96875
9777,0
9778,0.00390625
9779,-0.00390625
9780,7.99609
9781,-8
9782,0.03125
9783,0.0273438
9784,0.0351563
9785,-0.03125
9786,-0.0351563
9787,-0.0273438
9788,5.70313
9789,5.84766
9790,5.99219
9791,6.13672
9792,6.28125
9793,0
9794,0.00390625
9795,-0.00390625
9796,7.99609
9797,-8
9798,0.03125
9799,0.0273438
9800,0.0351563
9801,-0.03125
9802,-0.0351563
9803,-0.0273438
9804,-7.98438
9805,-7.83984
9806,-7.69531
9807,-7.55078
9808,-7.40625
9809,0
9810,0.00390625
9811,-0.00390625
9812,7.99609
9813,-8
9814,0.03125
9815,0.0273438
9816,0.0351563
9817,-0.03125
9818,-0.0351563
9819,-0.0273438
9820,-5.67188
9821,-5.52734
9822,-5.38281
9823,-5.23828
9824,-5.09375
9825,0
9826,0.00390625
9827,-0.00390625
9828,7.99609
9829,-8
9830,0.03125
9831,0.0273438
9832,0.0351563
9833,-0.03125
9834,-0.0351563
9835,-0.0273438
9836,-3.35938
9837,-3.21484
9838,-3.07031
9839,-2.92578
9840,-2.78125
9841,0
9842,0.00390625
9843,-0.00390625
9844,7.99609
9845,-8
9846,0.03125
9847,0.0273438
9848,0.0351563
9849,-0.03125
9850,-0.0351563
9851,-0.0273438
9852,-1.04688
9853,-0.902344
9854,-0.757813
9855,-0.613281
9856,-0.46875
9857,0
9858,0.00390625
9859,-0.00390625
9860,7.99609
9861,-8
9862,0.03125
9863,0.0273438
9864,0.0351563
9865,-0.03125
9866,-0.0351563
9867,-0.0273438
9868,1.26563
9869,1.41016
9870,1.55469
9871,1.69922
9872,1.84375
9873,0
9874,0.00390625
9875,-0.00390625
9876,7.99609
9877,-8
9878,0.03125
9879,0.0273438
9880,0.0351563
9881,-0.03125
9882,-0.0351563
9883,-0.0273438
9884,3.57813
9885,3.72266
9886,3.86719
9887,4.01172
9888,4.15625
9889,0
9890,0.00390625
9891,-0.00390625
9892,7.99609
9893,-8
9894,0.03125
9895,0.0273438
9896,0.0351563
9897,-0.03125
9898,-0.0351563
9899,-0.0273438
9900,5.89063
9901,6.03516
9902,6.17969
9903,6.32422
9904,6.46875
9905,0
9906,0.00390625
9907,-0.00390625
9908,7.99609
9909,-8
9910,0.03125
9911,0.0273438
9912,0.0351563
9913,-0.03125
9914,-0.0351563
9915,-0.0273438
9916,-7.79688
9917,-7.65234
9918,-7.50781
9919,-7.36328
9920,-7.21875
9921,0
9922,0.00390625
9923,-0.00390625
9924,7.99609
9925,-8
9926,0.03125
9927,0.0273438
9928,0.0351563
9929,-0.03125
9930,-0.0351563
9931,-0.0273438
9932,-5.48438
9933,-5.33984
9934,-5.19531
9935,-5.05078
9936,-4.90625
9937,0
9938,0.00390625
9939,-0.00390625
9940,7.99609
9941,-8
9942,0.03125
9943,0.0273438
9944,0.0351563
9945,-0.03125
9946,-0.0351563
9947,-0.0273438
9948,-3.17188
9949,-3.02734
9950,-2.88281
9951,-2.73828
9952,-2.59375
9953,0
9954,0.00390625
9955,-0.00390625
9956,7.99609
9957,-8
9958,0.03125
9959,0.0273438
9960,0.0351563
9961,-0.03125
9962,-0.0351563
9963,-0.0273438
9964,-0.859375
9965,-0.714844
9966,-0.570313
9967,-0.425781
9968,-0.28125
9969,0
9970,0.00390625
9971,-0.00390625
9972,7.99609
9973,-8
9974,0.03125
9975,0.0273438
9976,0.0351563
9977,-0.03125
9978,-0.0351563
9979,-0.0273438
9980,1.45313
9981,1.59766
9982,1.74219
9983,1.88672
9984,2.03125
9985,0
9986,0.00390625
9987,-0.00390625
9988,7.99609
9989,-8
9990,0.03125
9991,0.0273438
9992,0.0351563
9993,-0.03125
9994,-0.0351563
9995,-0.0273438
9996,3.76563
9997,3.91016
9998,4.05469
9999,4.19922
10000,4.34375
10001,0
10002,0.00390625
10003,-0.00390625
10004,7.99609
10005,-8
10006,0.03125
10007,0.0273438
10008,0.0351563
10009,-0.03125
10010,-0.0351563
10011,-0.0273438
10012,6.07813
10013,6.22266
10014,6.36719
10015,6.51172
10016,6.65625
10017,0
10018,0.00390625
10019,-0.00390625
10020,7.99609
10021,-8
10022,0.03125
10023,0.0273438
10024,0.0351563
10025,-0.03125
10026,-0.0351563
10027,-0.0273438
10028,-7.60938
10029,-7.46484
10030,-7.32031
10031,-7.17578
10032,-7.03125
10033,0
10034,0.00390625
10035,-0.00390625
10036,7.99609
10037,-8
10038,0.03125
10039,0.0273438
10040,0.0351563
10041,-0.03125
10042,-0.0351563
10043,-0.0273438
10044,-5.29688
10045,-5.15234
10046,-5.00781
10047,-4.86328
10048,-4.71875
10049,0
10050,0.00390625
10051,-0.00390625
10052,7.99609
10053,-8
10054,0.03125
10055,0.0273438
10056,0.0351563
10057,-0.03125
10058,-0.0351563
10059,-0.0273438
10060,-2.98438
10061,-2.83984
10062,-2.69531
10063,-2.55078
10064,-2.40625
10065,0
10066,0.00390625
10067,-0.00390625
10068,7.99609
10069,-8
10070,0.03125
10071,0.0273438
10072,0.0351563
10073,-0.03125
10074,-0.0351563
10075,-0.0273438
10076,-0.671875
10077,-0.527344
10078,-0.382813
10079,-0.238281
10080,-0.09375
10081,0
10082,0.00390625
10083,-0.00390625
10084,7.99609
10085,-8
10086,0.03125
10087,0.0273438
10088,0.0351563
10089,-0.03125
10090,-0.0351563
10091,-0.0273438
10092,1.64063
10093,1.78516
10094,1.92969
10095,2.07422
10096,2.21875
10097,0
10098,0.00390625
10099,-0.00390625
10100,7.99609
10101,-8
10102,0.03125
10103,0.0273438
10104,0.0351563
10105,-0.03125
10106,-0.0351563
10107,-0.0273438
10108,3.95313
10109,4.09766
10110,4.24219
10111,4.38672
10112,4.53125
10113,0
10114,0.00390625
10115,-0.00390625
10116,7.99609
10117,-8
10118,0.03125
10119,0.0273438
10120,0.0351563
10121,-0.03125
10122,-0.0351563
10123,-0.0273438
10124,6.26563
10125,6.41016
10126,6.55469
10127,6.69922
10128,6.84375
10129,0
10130,0.00390625
10131,-0.00390625
10132,7.99609
10133,-8
10134,0.03125
10135,0.0273438
10136,0.0351563
10137,-0.03125
10138,-0.0351563
10139,-0.0273438
10140,-7.42188
10141,-7.27734
10142,-7.13281
10143,-6.98828
10144,-6.84375
10145,0
10146,0.00390625
10147,-0.00390625
10148,7.99609
10149,-8
10150,0.03125
10151,0.0273438
10152,0.0351563
10153,-0.03125
10154,-0.0351563
10155,-0.0273438
10156,-5.10938
10157,-4.96484
10158,-4.82031
10159,-4.67578
10160,-4.53125
10161,0
10162,0.00390625
10163,-0.00390625
10164,7.99609
10165,-8
10166,0.03125
10167,0.0273438
10168,0.0351563
10169,-0.03125
10170,-0.0351563
10171,-0.0273438
10172,-2.79688
10173,-2.65234
10174,-2.50781
10175,-2.36328
10176,-2.21875
10177,0
10178,0.00390625
10179,-0.00390625
10180,7.99609
10181,-8
10182,0.03125
10183,0.0273438
10184,0.0351563
10185,-0.03125
10186,-0.0351563
10187,-0.0273438
10188,-0.484375
10189,-0.339844
10190,-0.195313
10191,-0.0507813
10192,0.09375
10193,0
10194,0.00390625
10195,-0.00390625
10196,7.99609
10197,-8
10198,0.03125
10199,0.0273438
10200,0.0351563
10201,-0.03125
10202,-0.0351563
10203,-0.0273438
10204,1.82813
10205,1.97266
10206,2.11719
10207,2.26172
10208,2.40625
10209,0
10210,0.00390625
10211,-0.00390625
10212,7.99609
10213,-8
10214,0.03125
10215,0.0273438
10216,0.0351563
10217,-0.03125
10218,-0.0351563
10219,-0.0273438
10220,4.14063
10221,4.28516
10222,4.42969
10223,4.57422
10224,4.71875
10225,0
10226,0.00390625
10227,-0.00390625
10228,7.99609
10229,-8
10230,0.03125
10231,0.0273438
10232,0.0351563
10233,-0.03125
10234,-0.0351563
10235,-0.0273438
10236,6.45313
10237,6.59766
10238,6.74219
10239,6.88672
10240,7.03125
10241,0
10242,0.00390625
10243,-0.00390625
10244,7.99609
10245,-8
10246,0.03125
10247,0.0273438
10248,0.0351563
10249,-0.03125
10250,-0.0351563
10251,-0.0273438
10252,-7.23438
10253,-7.08984
10254,-6.94531
10255,-6.80078
10256,-6.65625
10257,0
10258,0.00390625
10259,-0.00390625
10260,7.99609
10261,-8
10262,0.03125
10263,0.0273438
10264,0.0351563
10265,-0.03125
10266,-0.0351563
10267,-0.0273438
10268,-4.92188
10269,-4.77734
10270,-4.63281
10271,-4.48828
10272,-4.34375
10273,0
10274,0.00390625
10275,-0.00390625
10276,7.99609
10277,-8
10278,0.03125
10279,0.0273438
10280,0.0351563
10281,-0.03125
10282,-0.0351563
10283,-0.0273438
10284,-2.60938
10285,-2.46484
10286,-2.32031
10287,-2.17578
10288,-2.03125
10289,0
10290,0.00390625
10291,-0.00390625
10292,7.99609
10293,-8
10294,0.03125
10295,0.0273438
10296,0.0351563
10297,-0.03125
10298,-0.0351563
10299,-0.0273438
10300,-0.296875
10301,-0.152344
10302,-0.0078125
10303,0.136719
10304,0.28125
10305,0
10306,0.00390625
10307,-0.00390625
10308,7.99609
10309,-8
10310,0.03125
10311,0.0273438
10312,0.0351563
10313,-0.03125
10314,-0.0351563
10315,-0.0273438
10316,2.01563
10317,2.16016
10318,2.30469
10319,2.44922
10320,2.59375
10321,0
10322,0.00390625
10323,-0.00390625
10324,7.99609
10325,-8
10326,0.03125
10327,0.0273438
10328,0.0351563
10329,-0.03125
10330,-0.0351563
10331,-0.0273438
10332,4.32813
10333,4.47266
10334,4.61719
10335,4.76172
10336,4.90625
10337,0
10338,0.00390625
10339,-0.00390625
10340,7.99609
10341,-8
10342,0.03125
10343,0.0273438
10344,0.0351563
10345,-0.03125
10346,-0.0351563
10347,-0.0273438
10348,6.64063
10349,6.78516
10350,6.92969
10351,7.07422
10352,7.21875
10353,0
10354,0.00390625
10355,-0.00390625
10356,7.99609
10357,-8
10358,0.03125
10359,0.0273438
10360,0.0351563
10361,-0.03125
10362,-0.0351563
10363,-0.0273438
10364,-7.04688
10365,-6.90234
10366,-6.75781
10367,-6.61328
10368,-6.46875
10369,0
10370,0.00390625
10371,-0.00390625
10372,7.99609
10373,-8
10374,0.03125
10375,0.0273438
10376,0.0351563
10377,-0.03125
10378,-0.0351563
10379,-0.0273438
10380,-4.73438
10381,-4.58984
10382,-4.44531
10383,-4.30078
10384,-4.15625
10385,0
10386,0.00390625
10387,-0.00390625
10388,7.99609
10389,-8
10390,0.03125
10391,0.0273438
10392,0.0351563
10393,-0.03125
10394,-0.0351563
10395,-0.0273438
10396,-2.42188
10397,-2.27734
10398,-2.13281
10399,-1.98828
10400,-1.84375
10401,0
10402,0.00390625
10403,-0.00390625
10404,7.99609
10405,-8
10406,0.03125
10407,0.0273438
10408,0.0351563
10409,-0.03125
10410,-0.0351563
10411,-0.0273438
10412,-0.109375
10413,0.0351563
10414,0.179688
10415,0.324219
10416,0.46875
10417,0
10418,0.00390625
10419,-0.00390625
10420,7.99609
10421,-8
10422,0.03125
10423,0.0273438
10424,0.0351563
10425,-0.03125
10426,-0.0351563
10427,-0.0273438
10428,2.20313
10429,2.34766
10430,2.49219
10431,2.63672
10432,2.78125
10433,0
10434,0.00390625
10435,-0.00390625
10436,7.99609
10437,-8
10438,0.03125
10439,0.0273438
10440,0.0351563
10441,-0.03125
10442,-0.0351563
10443,-0.0273438
10444,4.51563
10445,4.66016
10446,4.80469
10447,4.94922
10448,5.09375
10449,0
10450,0.00390625
10451,-0.00390625
10452,7.99609
10453,-8
10454,0.03125
10455,0.0273438
10456,0.0351563
10457,-0.03125
10458,-0.0351563
10459,-0.0273438
10460,6.82813
10461,6.97266
10462,7.11719
10463,7.26172
10464,7.40625
10465,0
10466,0.00390625
10467,-0.00390625
10468,7.99609
10469,-8
10470,0.03125
10471,0.0273438
10472,0.0351563
10473,-0.03125
10474,-0.0351563
10475,-0.0273438
10476,-6.85938
10477,-6.71484
10478,-6.57031
10479,-6.42578
10480,-6.28125
10481,0
10482,0.00390625
10483,-0.00390625
10484,7.99609
10485,-8
10486,0.03125
10487,0.0273438
10488,0.0351563
10489,-0.03125
10490,-0.0351563
10491,-0.0273438
10492,-4.54688
10493,-4.40234
10494,-4.25781
10495,-4.11328
10496,-3.96875
10497,0
10498,0.00390625
10499,-0.00390625
10500,7.99609
10501,-8
10502,0.03125
10503,0.0273438
10504,0.0351563
10505,-0.03125
10506,-0.0351563
10507,-0.0273438
10508,-2.23438
10509,-2.08984
10510,-1.94531
10511,-1.80078
10512,-1.65625
10513,0
10514,0.00390625
10515,-0.00390625
10516,7.99609
10517,-8
10518,0.03125
10519,0.0273438
10520,0.0351563
10521,-0.03125
10522,-0.0351563
10523,-0.0273438
10524,0.078125
10525,0.222656
10526,0.367188
10527,0.511719
10528,0.65625
10529,0
10530,0.00390625
10531,-0.00390625
10532,7.99609
10533,-8
10534,0.03125
10535,0.0273438
10536,0.0351563
10537,-0.03125
10538,-0.0351563
10539,-0.0273438
10540,2.39063
10541,2.53516
10542,2.67969
10543,2.82422
10544,2.96875
10545,0
10546,0.00390625
10547,-0.00390625
10548,7.99609
10549,-8
10550,0.03125
10551,0.0273438
10552,0.0351563
10553,-0.03125
10554,-0.0351563
10555,-0.0273438
10556,4.70313
10557,4.84766
10558,4.99219
10559,5.13672
10560,5.28125
10561,0
10562,0.00390625
10563,-0.00390625
10564,7.99609
10565,-8
10566,0.03125
10567,0.0273438
10568,0.0351563
10569,-0.03125
10570,-0.0351563
10571,-0.0273438
10572,7.01563
10573,7.16016
10574,7.30469
10575,7.44922
10576,7.59375
10577,0
10578,0.00390625
10579,-0.00390625
10580,7.99609
10581,-8
10582,0.03125
10583,0.0273438
10584,0.0351563
10585,-0.03125
10586,-0.0351563
10587,-0.0273438
10588,-6.67188
10589,-6.52734
10590,-6.38281
10591,-6.23828
10592,-6.09375
10593,0
10594,0.00390625
10595,-0.00390625
10596,7.99609
10597,-8
10598,0.03125
10599,0.0273438
10600,0.0351563
10601,-0.03125
10602,-0.0351563
10603,-0.0273438
10604,-4.35938
10605,-4.21484
10606,-4.07031
10607,-3.92578
10608,-3.78125
10609,0
10610,0.00390625
10611,-0.00390625
10612,7.99609
10613,-8
10614,0.03125
10615,0.0273438
10616,0.0351563
10617,-0.03125
10618,-0.0351563
10619,-0.0273438
10620,-2.04688
10621,-1.90234
10622,-1.75781
10623,-1.61328
10624,-1.46875
10625,0
10626,0.00390625
10627,-0.00390625
10628,7.99609
10629,-8
10630,0.03125
10631,0.0273438
10632,0.0351563
10633,-0.03125
10634,-0.0351563
10635,-0.0273438
10636,0.265625
10637,0.410156
10638,0.554688
10639,0.699219
10640,0.84375
10641,0
10642,0.00390625
10643,-0.00390625
10644,7.99609
10645,-8
10646,0.03125
10647,0.0273438
10648,0.0351563
10649,-0.03125
10650,-0.0351563
10651,-0.0273438
10652,2.57813
10653,2.72266
10654,2.86719
10655,3.01172
10656,3.15625
10657,0
10658,0.00390625
10659,-0.00390625
10660,7.99609
10661,-8
10662,0.03125
10663,0.0273438
10664,0.0351563
10665,-0.03125
10666,-0.0351563
10667,-0.0273438
10668,4.89063
10669,5.03516
10670,5.17969
10671,5.32422
10672,5.46875
10673,0
10674,0.00390625
10675,-0.00390625
10676,7.99609
10677,-8
10678,0.03125
10679,0.0273438
10680,0.0351563
10681,-0.03125
10682,-0.0351563
10683,-0.0273438
10684,7.20313
10685,7.34766
10686,7.49219
10687,7.63672
10688,7.78125
10689,0
10690,0.00390625
10691,-0.00390625
10692,7.99609
10693,-8
10694,0.03125
10695,0.0273438
10696,0.0351563
10697,-0.03125
10698,-0.0351563
10699,-0.0273438
10700,-6.48438
10701,-6.33984
10702,-6.19531
10703,-6.05078
10704,-5.90625
10705,0
10706,0.00390625
10707,-0.00390625
10708,7.99609
10709,-8
10710,0.03125
10711,0.0273438
10712,0.0351563
10713,-0.03125
10714,-0.0351563
10715,-0.0273438
10716,-4.17188
10717,-4.02734
10718,-3.88281
10719,-3.73828
10720,-3.59375
10721,0
10722,0.00390625
10723,-0.00390625
10724,7.99609
10725,-8
10726,0.03125
10727,0.0273438
10728,0.0351563
10729,-0.03125
10730,-0.0351563
10731,-0.0273438
10732,-1.85938
10733,-1.71484
10734,-1.57031
10735,-1.42578
10736,-1.28125
10737,0
10738,0.00390625
10739,-0.00390625
10740,7.99609
10741,-8
10742,0.03125
10743,0.0273438
10744,0.0351563
10745,-0.03125
10746,-0.0351563
10747,-0.0273438
10748,0.453125
10749,0.597656
10750,0.742188
10751,0.886719
10752,1.03125
10753,0
10754,0.00390625
10755,-0.00390625
10756,7.99609
10757,-8
10758,0.03125
10759,0.0273438
10760,0.0351563
10761,-0.03125
10762,-0.0351563
10763,-0.0273438
10764,2.76563
10765,2.91016
10766,3.05469
10767,3.19922
10768,3.34375
10769,0
10770,0.00390625
10771,-0.00390625
10772,7.99609
10773,-8
10774,0.03125
10775,0.0273438
10776,0.0351563
10777,-0.03125
10778,-0.0351563
10779,-0.0273438
10780,5.07813
10781,5.22266
10782,5.36719
10783,5.51172
10784,5.65625
10785,0
10786,0.00390625
10787,-0.00390625
10788,7.99609
10789,-8
10790,0.03125
10791,0.0273438
10792,0.0351563
10793,-0.03125
10794,-0.0351563
10795,-0.0273438
10796,7.39063
10797,7.53516
10798,7.67969
10799,7.82422
10800,7.96875
10801,0
10802,0.00390625
10803,-0.00390625
10804,7.99609
10805,-8
10806,0.03125
10807,0.0273438
10808,0.0351563
10809,-0.03125
10810,-0.0351563
10811,-0.0273438
10812,-6.29688
10813,-6.15234
10814,-6.00781
10815,-5.86328
10816,-5.71875
10817,0
10818,0.00390625
10819,-0.00390625
10820,7.99609
10821,-8
10822,0.03125
10823,0.0273438
10824,0.0351563
10825,-0.03125
10826,-0.0351563
10827,-0.0273438
10828,-3.98438
10829,-3.83984
10830,-3.69531
10831,-3.55078
10832,-3.40625
10833,0
10834,0.00390625
10835,-0.00390625
10836,7.99609
10837,-8
10838,0.03125
10839,0.0273438
10840,0.0351563
10841,-0.03125
10842,-0.0351563
10843,-0.0273438
10844,-1.67188
10845,-1.52734
10846,-1.38281
10847,-1.23828
10848,-1.09375
10849,0
10850,0.00390625
10851,-0.00390625
10852,7.99609
10853,-8
10854,0.03125
10855,0.0273438
10856,0.0351563
10857,-0.03125
10858,-0.0351563
10859,-0.0273438
10860,0.640625
10861,0.785156
10862,0.929688
10863,1.07422
10864,1.21875
10865,0
10866,0.00390625
10867,-0.00390625
10868,7.99609
10869,-8
10870,0.03125
10871,0.0273438
10872,0.0351563
10873,-0.03125
10874,-0.0351563
10875,-0.0273438
10876,2.95313
10877,3.09766
10878,3.24219
10879,3.38672
10880,3.53125
10881,0
10882,0.00390625
10883,-0.00390625
10884,7.99609
10885,-8
10886,0.03125
10887,0.0273438
10888,0.0351563
10889,-0.03125
10890,-0.0351563
10891,-0.0273438
10892,5.26563
10893,5.41016
10894,5.55469
10895,5.69922
10896,5.84375
10897,0
10898,0.00390625
10899,-0.00390625
10900,7.99609
10901,-8
10902,0.03125
10903,0.0273438
10904,0.0351563
10905,-0.03125
10906,-0.0351563
10907,-0.0273438
10908,7.57813
10909,7.72266
10910,7.86719
10911,-7.98828
10912,-7.84375
10913,0
10914,0.00390625
10915,-0.00390625
10916,7.99609
10917,-8
10918,0.03125
10919,0.0273438
10920,0.0351563
10921,-0.03125
10922,-0.0351563
10923,-0.0273438
10924,-6.10938
10925,-5.96484
10926,-5.82031
10927,-5.67578
10928,-5.53125
10929,0
10930,0.00390625
10931,-0.00390625
10932,7.99609
10933,-8
10934,0.03125
10935,0.0273438
10936,0.0351563
10937,-0.03125
10938,-0.0351563
10939,-0.0273438
10940,-3.79688
10941,-3.65234
10942,-3.50781
10943,-3.36328
10944,-3.21875
10945,0
10946,0.00390625
10947,-0.00390625
10948,7.99609
10949,-8
10950,0.03125
10951,0.0273438
10952,0.0351563
10953,-0.03125
10954,-0.0351563
10955,-0.0273438
10956,-1.48438
10957,-1.33984
10958,-1.19531
10959,-1.05078
10960,-0.90625
10961,0
10962,0.00390625
10963,-0.00390625
10964,7.99609
10965,-8
10966,0.03125
10967,0.0273438
10968,0.0351563
10969,-0.03125
10970,-0.0351563
10971,-0.0273438
10972,0.828125
10973,0.972656
10974,1.11719
10975,1.26172
10976,1.40625
10977,0
10978,0.00390625
10979,-0.00390625
10980,7.99609
10981,-8
10982,0.03125
10983,0.0273438
10984,0.0351563
10985,-0.03125
10986,-0.0351563
10987,-0.0273438
10988,3.14063
10989,3.28516
10990,3.42969
10991,3.57422
10992,3.71875
10993,0
10994,0.00390625
10995,-0.00390625
10996,7.99609
10997,-8
10998,0.03125
10999,0.0273438
11000,0.0351563
11001,-0.03125
11002,-0.0351563
11003,-0.0273438
11004,5.45313
11005,5.59766
11006,5.74219
11007,5.88672
11008,6.03125
11009,0
11010,0.00390625
11011,-0.00390625
11012,7.99609
11013,-8
11014,0.03125
11015,0.0273438
11016,0.0351563
11017,-0.03125
11018,-0.0351563
11019,-0.0273438
11020,7.76563
11021,7.91016
11022,-7.94531
11023,-7.80078
11024,-7.65625
11025,0
11026,0.00390625
11027,-0.00390625
11028,7.99609
11029,-8
11030,0.03125
11031,0.0273438
11032,0.0351563
11033,-0.03125
11034,-0.0351563
11035,-0.0273438
11036,-5.92188
11037,-5.77734
11038,-5.63281
11039,-5.48828
11040,-5.34375
11041,0
11042,0.00390625
11043,-0.00390625
11044,7.99609
11045,-8
11046,0.03125
11047,0.0273438
11048,0.0351563
11049,-0.03125
11050,-0.0351563
11051,-0.0273438
11052,-3.60938
11053,-3.46484
11054,-3.32031
11055,-3.17578
11056,-3.03125
11057,0
11058,0.00390625
11059,-0.00390625
11060,7.99609
11061,-8
11062,0.03125
11063,0.0273438
11064,0.0351563
11065,-0.03125
11066,-0.0351563
11067,-0.0273438
11068,-1.29688
11069,-1.15234
11070,-1.00781
11071,-0.863281
11072,-0.71875
11073,0
11074,0.00390625
11075,-0.00390625
11076,7.99609
11077,-8
11078,0.03125
11079,0.0273438
11080,0.0351563
11081,-0.03125
11082,-0.0351563
11083,-0.0273438
11084,1.01563
11085,1.16016
11086,1.30469
11087,1.44922
11088,1.59375
11089,0
11090,0.00390625
11091,-0.00390625
11092,7.99609
11093,-8
11094,0.03125
11095,0.0273438
11096,0.0351563
11097,-0.03125
11098,-0.0351563
11099,-0.0273438
11100,3.32813
11101,3.47266
11102,3.61719
11103,3.76172
11104,3.90625
11105,0
11106,0.00390625
11107,-0.00390625
11108,7.99609
11109,-8
11110,0.03125
11111,0.0273438
11112,0.0351563
11113,-0.03125
11114,-0.0351563
11115,-0.0273438
11116,5.64063
11117,5.78516
11118,5.92969
11119,6.07422
11120,6.21875
11121,0
11122,0.00390625
11123,-0.00390625
11124,7.99609
11125,-8
11126,0.03125
11127,0.0273438
11128,0.0351563
11129,-0.03125
11130,-0.0351563
11131,-0.0273438
11132,7.95313
11133,-7.90234
11134,-7.75781
11135,-7.61328
11136,-7.46875
11137,0
11138,0.00390625
11139,-0.00390625
11140,7.99609
11141,-8
11142,0.03125
11143,0.0273438
11144,0.0351563
11145,-0.03125
11146,-0.0351563
11147,-0.0273438
11148,-5.73438
11149,-5.58984
11150,-5.44531
11151,-5.30078
11152,-5.15625
11153,0
11154,0.00390625
11155,-0.00390625
11156,7.99609
11157,-8
11158,0.03125
11159,0.0273438
11160,0.0351563
11161,-0.03125
11162,-0.0351563
11163,-0.0273438
11164,-3.42188
11165,-3.27734
11166,-3.13281
11167,-2.98828
11168,-2.84375
11169,0
11170,0.00390625
11171,-0.00390625
11172,7.99609
11173,-8
11174,0.03125
11175,0.0273438
11176,0.0351563
11177,-0.03125
11178,-0.0351563
11179,-0.0273438
11180,-1.10938
11181,-0.964844
11182,-0.820313
11183,-0.675781
11184,-0.53125
11185,0
11186,0.00390625
11187,-0.00390625
11188,7.99609
11189,-8
11190,0.03125
11191,0.0273438
11192,0.0351563
11193,-0.03125
11194,-0.0351563
11195,-0.0273438
11196,1.20313
11197,1.34766
11198,1.49219
11199,1.63672
11200,1.78125
11201,0
11202,0.00390625
11203,-0.00390625
11204,7.99609
11205,-8
11206,0.03125
11207,0.0273438
11208,0.0351563
11209,-0.03125
11210,-0.0351563
11211,-0.0273438
11212,3.51563
11213,3.66016
11214,3.80469
11215,3.94922
11216,4.09375
11217,0
11218,0.00390625
11219,-0.00390625
11220,7.99609
11221,-8
11222,0.03125
11223,0.0273438
11224,0.0351563
11225,-0.03125
11226,-0.0351563
11227,-0.0273438
11228,5.82813
11229,5.97266
11230,6.11719
11231,6.26172
11232,6.40625
11233,0
11234,0.00390625
11235,-0.00390625
11236,7.99609
11237,-8
11238,0.03125
11239,0.0273438
11240,0.0351563
11241,-0.03125
11242,-0.0351563
11243,-0.0273438
11244,-7.85938
11245,-7.71484
11246,-7.57031
11247,-7.42578
11248,-7.28125
11249,0
11250,0.00390625
11251,-0.00390625
11252,7.99609
11253,-8
11254,0.03125
11255,0.0273438
11256,0.0351563
11257,-0.03125
11258,-0.0351563
11259,-0.0273438
11260,-5.54688
11261,-5.40234
11262,-5.25781
11263,-5.11328
11264,-4.96875
11265,0
11266,0.00390625
11267,-0.00390625
11268,7.99609
11269,-8
11270,0.03125
11271,0.0273438
11272,0.0351563
11273,-0.03125
11274,-0.0351563
11275,-0.0273438
11276,-3.23438
11277,-3.08984
11278,-2.94531
11279,-2.80078
11280,-2.65625
11281,0
11282,0.00390625
11283,-0.00390625
11284,7.99609
11285,-8
11286,0.03125
11287,0.0273438
11288,0.0351563
11289,-0.03125
11290,-0.0351563
11291,-0.0273438
11292,-0.921875
11293,-0.777344
11294,-0.632813
11295,-0.488281
11296,-0.34375
11297,0
11298,0.00390625
11299,-0.00390625
11300,7.99609
11301,-8
11302,0.03125
11303,0.0273438
11304,0.0351563
11305,-0.03125
11306,-0.0351563
11307,-0.0273438
11308,1.39063
11309,1.53516
11310,1.67969
11311,1.82422
11312,1.96875
11313,0
11314,0.00390625
11315,-0.00390625
11316,7.99609
11317,-8
11318,0.03125
11319,0.0273438
11320,0.0351563
11321,-0.03125
11322,-0.0351563
11323,-0.0273438
11324,3.70313
11325,3.84766
11326,3.99219
11327,4.13672
11328,4.28125
11329,0
11330,0.00390625
11331,-0.00390625
11332,7.99609
11333,-8
11334,0.03125
11335,0.0273438
11336,0.0351563
11337,-0.03125
11338,-0.0351563
11339,-0.0273438
11340,6.01563
11341,6.16016
11342,6.30469
11343,6.44922
11344,6.59375
11345,0
11346,0.00390625
11347,-0.00390625
11348,7.99609
11349,-8
11350,0.03125
11351,0.0273438
11352,0.0351563
11353,-0.03125
11354,-0.0351563
11355,-0.0273438
11356,-7.67188
11357,-7.52734
11358,-7.38281
11359,-7.23828
11360,-7.09375
11361,0
11362,0.00390625
11363,-0.00390625
11364,7.99609
11365,-8
11366,0.03125
11367,0.0273438
11368,0.0351563
11369,-0.03125
11370,-0.0351563
11371,-0.0273438
11372,-5.35938
11373,-5.21484
11374,-5.07031
11375,-4.92578
11376,-4.78125
11377,0
11378,0.00390625
11379,-0.00390625
11380,7.99609
11381,-8
11382,0.03125
11383,0.0273438
11384,0.0351563
11385,-0.03125
11386,-0.0351563
11387,-0.0273438
11388,-3.04688
11389,-2.90234
11390,-2.75781
11391,-2.61328
11392,-2.46875
11393,0
11394,0.00390625
11395,-0.00390625
11396,7.99609
11397,-8
11398,0.03125
11399,0.0273438
11400,0.0351563
11401,-0.03125
11402,-0.0351563
11403,-0.0273438
11404,-0.734375
11405,-0.589844
11406,-0.445313
11407,-0.300781
11408,-0.15625
11409,0
11410,0.00390625
11411,-0.00390625
11412,7.99609
11413,-8
11414,0.03125
11415,0.0273438
11416,0.0351563
11417,-0.03125
11418,-0.0351563
11419,-0.0273438
11420,1.57813
11421,1.72266
11422,1.86719
11423,2.01172
11424,2.15625
11425,0
11426,0.00390625
11427,-0.00390625
11428,7.99609
11429,-8
11430,0.03125
11431,0.0273438
11432,0.0351563
11433,-0.03125
11434,-0.0351563
11435,-0.0273438
11436,3.89063
11437,4.03516
11438,4.17969
11439,4.32422
11440,4.46875
11441,0
11442,0.00390625
11443,-0.00390625
11444,7.99609
11445,-8
11446,0.03125
11447,0.0273438
11448,0.0351563
11449,-0.03125
11450,-0.0351563
11451,-0.0273438
11452,6.20313
11453,6.34766
11454,6.49219
11455,6.63672
11456,6.78125
11457,0
11458,0.00390625
11459,-0.00390625
11460,7.99609
11461,-8
11462,0.03125
11463,0.0273438
11464,0.0351563
11465,-0.03125
11466,-0.0351563
11467,-0.0273438
11468,-7.48438
11469,-7.33984
11470,-7.19531
11471,-7.05078
11472,-6.90625
11473,0
11474,0.00390625
11475,-0.00390625
11476,7.99609
11477,-8
11478,0.03125
11479,0.0273438
11480,0.0351563
11481,-0.03125
11482,-0.0351563
11483,-0.0273438
11484,-5.17188
11485,-5.02734
11486,-4.88281
11487,-4.73828
11488,-4.59375
11489,0
11490,0.00390625
11491,-0.00390625
11492,7.99609
11493,-8
11494,0.03125
11495,0.0273438
11496,0.0351563
11497,-0.03125
11498,-0.0351563
11499,-0.0273438
11500,-2.85938
11501,-2.71484
11502,-2.57031
11503,-2.42578
11504,-2.28125
11505,0
11506,0.00390625
11507,-0.00390625
11508,7.99609
11509,-8
11510,0.03125
11511,0.0273438
11512,0.0351563
11513,-0.03125
11514,-0.0351563
11515,-0.0273438
11516,-0.546875
11517,-0.402344
11518,-0.257813
11519,-0.113281
11520,0.03125
11521,0
11522,0.00390625
11523,-0.00390625
11524,7.99609
11525,-8
11526,0.03125
11527,0.0273438
11528,0.0351563
11529,-0.03125
11530,-0.0351563
11531,-0.0273438
11532,1.76563
11533,1.91016
11534,2.05469
11535,2.19922
11536,2.34375
11537,0
11538,0.00390625
11539,-0.00390625
11540,7.99609
11541,-8
11542,0.03125
11543,0.0273438
11544,0.0351563
11545,-0.03125
11546,-0.0351563
11547,-0.0273438
11548,4.07813
11549,4.22266
11550,4.36719
11551,4.51172
11552,4.65625
11553,0
11554,0.00390625
11555,-0.00390625
11556,7.99609
11557,-8
11558,0.03125
11559,0.0273438
11560,0.0351563
11561,-0.03125
11562,-0.0351563
11563,-0.0273438
11564,6.39063
11565,6.53516
11566,6.67969
11567,6.82422
11568,6.96875
11569,0
11570,0.00390625
11571,-0.00390625
11572,7.99609
11573,-8
11574,0.03125
11575,0.0273438
11576,0.0351563
11577,-0.03125
11578,-0.0351563
11579,-0.0273438
11580,-7.29688
11581,-7.15234
11582,-7.00781
11583,-6.86328
11584,-6.71875
11585,0
11586,0.00390625
11587,-0.00390625
11588,7.99609
11589,-8
11590,0.03125
11591,0.0273438
11592,0.0351563
11593,-0.03125
11594,-0.0351563
11595,-0.0273438
11596,-4.98438
11597,-4.83984
11598,-4.69531
11599,-4.55078
11600,-4.40625
11601,0
11602,0.00390625
11603,-0.00390625
11604,7.99609
11605,-8
11606,0.03125
11607,0.0273438
11608,0.0351563
11609,-0.03125
11610,-0.0351563
11611,-0.0273438
11612,-2.67188
11613,-2.52734
11614,-2.38281
11615,-2.23828
11616,-2.09375
11617,0
11618,0.00390625
11619,-0.00390625
11620,7.99609
11621,-8
11622,0.03125
11623,0.0273438
11624,0.0351563
11625,-0.03125
11626,-0.0351563
11627,-0.0273438
11628,-0.359375
11629,-0.214844
11630,-0.0703125
11631,0.0742188
11632,0.21875
11633,0
11634,0.00390625
11635,-0.00390625
11636,7.99609
11637,-8
11638,0.03125
11639,0.0273438
11640,0.0351563
11641,-0.03125
11642,-0.0351563
11643,-0.0273438
11644,1.95313
11645,2.09766
11646,2.24219
11647,2.38672
11648,2.53125
11649,0
11650,0.00390625
11651,-0.00390625
11652,7.99609
11653,-8
11654,0.03125
11655,0.0273438
11656,0.0351563
11657,-0.03125
11658,-0.0351563
11659,-0.0273438
11660,4.26563
11661,4.41016
11662,4.55469
11663,4.69922
11664,4.84375
11665,0
11666,0.00390625
11667,-0.00390625
11668,7.99609
11669,-8
11670,0.03125
11671,0.0273438
11672,0.0351563
11673,-0.03125
11674,-0.0351563
11675,-0.0273438
11676,6.57813
11677,6.72266
11678,6.86719
11679,7.01172
11680,7.15625
11681,0
11682,0.00390625
11683,-0.00390625
11684,7.99609
11685,-8
11686,0.03125
11687,0.0273438
11688,0.0351563
11689,-0.03125
11690,-0.0351563
11691,-0.0273438
11692,-7.10938
11693,-6.96484
11694,-6.82031
11695,-6.67578
11696,-6.53125
11697,0
11698,0.00390625
11699,-0.00390625
11700,7.99609
11701,-8
11702,0.03125
11703,0.0273438
11704,0.0351563
11705,-0.03125
11706,-0.0351563
11707,-0.0273438
11708,-4.79688
11709,-4.65234
11710,-4.50781
11711,-4.36328
11712,-4.21875
11713,0
11714,0.00390625
11715,-0.00390625
11716,7.99609
11717,-8
11718,0.03125
11719,0.0273438
11720,0.0351563
11721,-0.03125
11722,-0.0351563
11723,-0.0273438
11724,-2.48438
11725,-2.33984
11726,-2.19531
11727,-2.05078
11728,-1.90625
11729,0
11730,0.00390625
11731,-0.00390625
11732,7.99609
11733,-8
11734,0.03125
11735,0.0273438
11736,0.0351563
11737,-0.03125
11738,-0.0351563
11739,-0.0273438
11740,-0.171875
11741,-0.0273438
11742,0.117188
11743,0.261719
11744,0.40625
11745,0
11746,0.00390625
11747,-0.00390625
11748,7.99609
11749,-8
11750,0.03125
11751,0.0273438
11752,0.0351563
11753,-0.03125
11754,-0.0351563
11755,-0.0273438
11756,2.14063
11757,2.28516
11758,2.42969
11759,2.57422
11760,2.71875
11761,0
11762,0.00390625
11763,-0.00390625
11764,7.99609
11765,-8
11766,0.03125
11767,0.0273438
11768,0.0351563
11769,-0.03125
11770,-0.0351563
11771,-0.0273438
11772,4.45313
11773,4.59766
11774,4.74219
11775,4.88672
11776,5.03125
11777,0
11778,0.00390625
11779,-0.00390625
11780,7.99609
11781,-8
11782,0.03125
11783,0.0273438
11784,0.0351563
11785,-0.03125
11786,-0.0351563
11787,-0.0273438
11788,6.76563
11789,6.91016
11790,7.05469
11791,7.19922
11792,7.34375
11793,0
11794,0.00390625
11795,-0.00390625
11796,7.99609
11797,-8
11798,0.03125
11799,0.0273438
11800,0.0351563
11801,-0.03125
11802,-0.0351563
11803,-0.0273438
11804,-6.92188
11805,-6.77734
11806,-6.63281
11807,-6.48828
11808,-6.34375
11809,0
11810,0.00390625
11811,-0.00390625
11812,7.99609
11813,-8
11814,0.03125
11815,0.0273438
11816,0.0351563
11817,-0.03125
11818,-0.0351563
11819,-0.0273438
11820,-4.60938
11821,-4.46484
11822,-4.32031
11823,-4.17578
11824,-4.03125
11825,0
11826,0.00390625
11827,-0.00390625
11828,7.99609
11829,-8
11830,0.03125
11831,0.0273438
11832,0.0351563
11833,-0.03125
11834,-0.0351563
11835,-0.0273438
11836,-2.29688
11837,-2.15234
11838,-2.00781
11839,-1.86328
11840,-1.71875
11841,0
11842,0.00390625
11843,-0.00390625
11844,7.99609
11845,-8
11846,0.03125
11847,0.0273438
11848,0.0351563
11849,-0.03125
11850,-0.0351563
11851,-0.0273438
11852,0.015625
11853,0.160156
11854,0.304688
11855,0.449219
11856,0.59375
11857,0
11858,0.00390625
11859,-0.00390625
11860,7.99609
11861,-8
11862,0.03125
11863,0.0273438
11864,0.0351563
11865,-0.03125
11866,-0.0351563
11867,-0.0273438
11868,2.32813
11869,2.47266
11870,2.61719
11871,2.76172
11872,2.90625
11873,0
11874,0.00390625
11875,-0.00390625
11876,7.99609
11877,-8
11878,0.03125
11879,0.0273438
11880,0.0351563
11881,-0.03125
11882,-0.0351563
11883,-0.0273438
11884,4.64063
11885,4.78516
11886,4.92969
11887,5.07422
11888,5.21875
11889,0
11890,0.00390625
11891,-0.00390625
11892,7.99609
11893,-8
11894,0.03125
11895,0.0273438
11896,0.0351563
11897,-0.03125
11898,-0.0351563
11899,-0.0273438
11900,6.95313
11901,7.09766
11902,7.24219
11903,7.38672
11904,7.53125
11905,0
11906,0.00390625
11907,-0.00390625
11908,7.99609
11909,-8
11910,0.03125
11911,0.0273438
11912,0.0351563
11913,-0.03125
11914,-0.0351563
11915,-0.0273438
11916,-6.73438
11917,-6.58984
11918,-6.44531
11919,-6.30078
11920,-6.15625
11921,0
11922,0.00390625
11923,-0.00390625
11924,7.99609
11925,-8
11926,0.03125
11927,0.0273438
11928,0.0351563
11929,-0.03125
11930,-0.0351563
11931,-0.0273438
11932,-4.42188
11933,-4.27734
11934,-4.13281
11935,-3.98828
11936,-3.84375
11937,0
11938,0.00390625
11939,-0.00390625
11940,7.99609
11941,-8
11942,0.03125
11943,0.0273438
11944,0.0351563
11945,-0.03125
11946,-0.0351563
11947,-0.0273438
11948,-2.10938
11949,-1.96484
11950,-1.82031
11951,-1.67578
11952,-1.53125
11953,0
11954,0.00390625
11955,-0.00390625
11956,7.99609
11957,-8
11958,0.03125
11959,0.0273438
11960,0.0351563
11961,-0.03125
11962,-0.0351563
11963,-0.0273438
11964,0.203125
11965,0.347656
11966,0.492188
11967,0.636719
11968,0.78125
11969,0
11970,0.00390625
11971,-0.00390625
11972,7.99609
11973,-8
11974,0.03125
11975,0.0273438
11976,0.0351563
11977,-0.03125
11978,-0.0351563
11979,-0.0273438
11980,2.51563
11981,2.66016
11982,2.80469
11983,2.94922
11984,3.09375
11985,0
11986,0.00390625
11987,-0.00390625
11988,7.99609
11989,-8
11990,0.03125
11991,0.0273438
11992,0.0351563
11993,-0.03125
11994,-0.0351563
11995,-0.0273438
11996,4.82813
11997,4.97266
11998,5.11719
11999,5.26172
12000,5.40625
12001,0
12002,0.00390625
12003,-0.00390625
12004,7.99609
12005,-8
12006,0.03125
12007,0.0273438
12008,0.0351563
12009,-0.03125
12010,-0.0351563
12011,-0.0273438
12012,7.14063
12013,7.28516
12014,7.42969
12015,7.57422
12016,7.71875
12017,0
12018,0.00390625
12019,-0.00390625
12020,7.99609
12021,-8
12022,0.03125
12023,0.0273438
12024,0.0351563
12025,-0.03125
12026,-0.0351563
12027,-0.0273438
12028,-6.54688
12029,-6.40234
12030,-6.25781
12031,-6.11328
12032,-5.96875
12033,0
12034,0.00390625
12035,-0.00390625
12036,7.99609
12037,-8
12038,0.03125
12039,0.0273438
12040,0.0351563
12041,-0.03125
12042,-0.0351563
12043,-0.0273438
12044,-4.23438
12045,-4.08984
12046,-3.94531
12047,-3.80078
12048,-3.65625
12049,0
12050,0.00390625
12051,-0.00390625
12052,7.99609
12053,-8
12054,0.03125
12055,0.0273438
12056,0.0351563
12057,-0.03125
12058,-0.0351563
12059,-0.0273438
12060,-1.92188
12061,-1.77734
12062,-1.63281
12063,-1.48828
12064,-1.34375
12065,0
12066,0.00390625
12067,-0.00390625
12068,7.99609
12069,-8
12070,0.03125
12071,0.0273438
12072,0.0351563
12073,-0.03125
12074,-0.0351563
12075,-0.0273438
12076,0.390625
12077,0.535156
12078,0.679688
12079,0.824219
12080,0.96875
12081,0
12082,0.00390625
12083,-0.00390625
12084,7.99609
12085,-8
12086,0.03125
12087,0.0273438
12088,0.0351563
12089,-0.03125
12090,-0.0351563
12091,-0.0273438
12092,2.70313
12093,2.84766
12094,2.99219
12095,3.13672
12096,3.28125
12097,0
12098,0.00390625
12099,-0.00390625
12100,7.99609
12101,-8
12102,0.03125
12103,0.0273438
12104,0.0351563
12105,-0.03125
12106,-0.0351563
12107,-0.0273438
12108,5.01563
12109,5.16016
12110,5.30469
12111,5.44922
12112,5.59375
12113,0
12114,0.00390625
12115,-0.00390625
12116,7.99609
12117,-8
12118,0.03125
12119,0.0273438
12120,0.0351563
12121,-0.03125
12122,-0.0351563
12123,-0.0273438
12124,7.32813
12125,7.47266
12126,7.61719
12127,7.76172
12128,7.90625
12129,0
12130,0.00390625
12131,-0.00390625
12132,7.99609
12133,-8
12134,0.03125
12135,0.0273438
12136,0.0351563
12137,-0.03125
12138,-0.0351563
12139,-0.0273438
12140,-6.35938
12141,-6.21484
12142,-6.07031
12143,-5.92578
12144,-5.78125
12145,0
12146,0.00390625
12147,-0.00390625
12148,7.99609
12149,-8
12150,0.03125
12151,0.0273438
12152,0.0351563
12153,-0.03125
12154,-0.0351563
12155,-0.0273438
12156,-4.04688
12157,-3.90234
12158,-3.75781
12159,-3.61328
12160,-3.46875
12161,0
12162,0.00390625
12163,-0.00390625
12164,7.99609
12165,-8
12166,0.03125
12167,0.0273438
12168,0.0351563
12169,-0.03125
12170,-0.0351563
12171,-0.0273438
12172,-1.73438
12173,-1.58984
12174,-1.44531
12175,-1.30078
12176,-1.15625
12177,0
12178,0.00390625
12179,-0.00390625
12180,7.99609
12181,-8
12182,0.03125
12183,0.0273438
12184,0.0351563
12185,-0.03125
12186,-0.0351563
12187,-0.0273438
12188,0.578125
12189,0.722656
12190,0.867188
12191,1.01172
12192,1.15625
12193,0
12194,0.00390625
12195,-0.00390625
12196,7.99609
12197,-8
12198,0.03125
12199,0.0273438
12200,0.0351563
12201,-0.03125
12202,-0.0351563
12203,-0.0273438
12204,2.89063
12205,3.03516
12206,3.17969
12207,3.32422
12208,3.46875
12209,0
12210,0.00390625
12211,-0.00390625
12212,7.99609
12213,-8
12214,0.03125
12215,0.0273438
12216,0.0351563
12217,-0.03125
12218,-0.0351563
12219,-0.0273438
12220,5.20313
12221,5.34766
12222,5.49219
12223,5.63672
12224,5.78125
12225,0
12226,0.00390625
12227,-0.00390625
12228,7.99609
12229,-8
12230,0.03125
12231,0.0273438
12232,0.0351563
12233,-0.03125
12234,-0.0351563
12235,-0.0273438
12236,7.51563
12237,7.66016
12238,7.80469
12239,7.94922
12240,-7.90625
12241,0
12242,0.00390625
12243,-0.00390625
12244,7.99609
12245,-8
12246,0.03125
12247,0.0273438
12248,0.0351563
12249,-0.03125
12250,-0.0351563
12251,-0.0273438
12252,-6.17188
12253,-6.02734
12254,-5.88281
12255,-5.73828
12256,-5.59375
12257,0
12258,0.00390625
12259,-0.00390625
12260,7.99609
12261,-8
12262,0.03125
12263,0.0273438
12264,0.0351563
12265,-0.03125
12266,-0.0351563
12267,-0.0273438
12268,-3.85938
12269,-3.71484
12270,-3.57031
12271,-3.42578
12272,-3.28125
12273,0
12274,0.00390625
12275,-0.00390625
12276,7.99609
12277,-8
12278,0.03125
12279,0.0273438
12280,0.0351563
12281,-0.03125
12282,-0.0351563
12283,-0.0273438
12284,-1.54688
12285,-1.40234
12286,-1.25781
12287,-1.11328
12288,-0.96875
12289,0
12290,0.00390625
12291,-0.00390625
12292,7.99609
12293,-8
12294,0.03125
12295,0.0273438
12296,0.0351563
12297,-0.03125
12298,-0.0351563
12299,-0.0273438
12300,0.765625
12301,0.910156
12302,1.05469
12303,1.19922
12304,1.34375
12305,0
12306,0.00390625
12307,-0.00390625
12308,7.99609
12309,-8
12310,0.03125
12311,0.0273438
12312,0.0351563
12313,-0.03125
12314,-0.0351563
12315,-0.0273438
12316,3.07813
12317,3.22266
12318,3.36719
12319,3.51172
12320,3.65625
12321,0
12322,0.00390625
12323,-0.00390625
12324,7.99609
12325,-8
12326,0.03125
12327,0.0273438
12328,0.0351563
12329,-0.03125
12330,-0.0351563
12331,-0.0273438
12332,5.39063
12333,5.53516
12334,5.67969
12335,5.82422
12336,5.96875
12337,0
12338,0.00390625
12339,-0.00390625
12340,7.99609
12341,-8
12342,0.03125
12343,0.0273438
12344,0.0351563
12345,-0.03125
12346,-0.0351563
12347,-0.0273438
12348,7.70313
12349,7.84766
12350,7.99219
12351,-7.86328
12352,-7.71875
12353,0
12354,0.00390625
12355,-0.00390625
12356,7.99609
12357,-8
12358,0.03125
12359,0.0273438
12360,0.0351563
12361,-0.03125
12362,-0.0351563
12363,-0.0273438
12364,-5.98438
12365,-5.83984
12366,-5.69531
12367,-5.55078
12368,-5.40625
12369,0
12370,0.00390625
12371,-0.00390625
12372,7.99609
12373,-8
12374,0.03125
12375,0.0273438
12376,0.0351563
12377,-0.03125
12378,-0.0351563
12379,-0.0273438
12380,-3.67188
12381,-3.52734
12382,-3.38281
12383,-3.23828
12384,-3.09375
12385,0
12386,0.00390625
12387,-0.00390625
12388,7.99609
12389,-8
12390,0.03125
12391,0.0273438
12392,0.0351563
12393,-0.03125
12394,-0.0351563
12395,-0.0273438
12396,-1.35938
12397,-1.21484
12398,-1.07031
12399,-0.925781
12400,-0.78125
12401,0
12402,0.00390625
12403,-0.00390625
12404,7.99609
12405,-8
12406,0.03125
12407,0.0273438
12408,0.0351563
12409,-0.03125
12410,-0.0351563
12411,-0.0273438
12412,0.953125
12413,1.09766
12414,1.24219
12415,1.38672
12416,1.53125
12417,0
12418,0.00390625
12419,-0.00390625
12420,7.99609
12421,-8
12422,0.03125
12423,0.0273438
12424,0.0351563
12425,-0.03125
12426,-0.0351563
12427,-0.0273438
12428,3.26563
12429,3.41016
12430,3.55469
12431,3.69922
12432,3.84375
12433,0
12434,0.00390625
12435,-0.00390625
12436,7.99609
12437,-8
12438,0.03125
12439,0.0273438
12440,0.0351563
12441,-0.03125
12442,-0.0351563
12443,-0.0273438
12444,5.57813
12445,5.72266
12446,5.86719
12447,6.01172
12448,6.15625
12449,0
12450,0.00390625
12451,-0.00390625
12452,7.99609
12453,-8
12454,0.03125
12455,0.0273438
12456,0.0351563
12457,-0.03125
12458,-0.0351563
12459,-0.0273438
12460,7.89063
12461,-7.96484
12462,-7.82031
12463,-7.67578
12464,-7.53125
12465,0
12466,0.00390625
12467,-0.00390625
12468,7.99609
12469,-8
12470,0.03125
12471,0.0273438
12472,0.0351563
12473,-0.03125
12474,-0.0351563
12475,-0.0273438
12476,-5.79688
12477,-5.65234
12478,-5.50781
12479,-5.36328
12480,-5.21875
12481,0
12482,0.00390625
12483,-0.00390625
12484,7.99609
12485,-8
12486,0.03125
12487,0.0273438
12488,0.0351563
12489,-0.03125
12490,-0.0351563
12491,-0.0273438
12492,-3.48438
12493,-3.33984
12494,-3.19531
12495,-3.05078
12496,-2.90625
12497,0
12498,0.00390625
12499,-0.00390625
12500,7.99609
12501,-8
12502,0.03125
12503,0.0273438
12504,0.0351563
12505,-0.03125
12506,-0.0351563
12507,-0.0273438
12508,-1.17188
12509,-1.02734
12510,-0.882813
12511,-0.738281
12512,-0.59375
12513,0
12514,0.00390625
12515,-0.00390625
12516,7.99609
12517,-8
12518,0.03125
12519,0.0273438
12520,0.0351563
12521,-0.03125
12522,-0.0351563
12523,-0.0273438
12524,1.14063
12525,1.28516
12526,1.42969
12527,1.57422
12528,1.71875
12529,0
12530,0.00390625
12531,-0.00390625
12532,7.99609
12533,-8
12534,0.03125
12535,0.0273438
12536,0.0351563
12537,-0.03125
12538,-0.0351563
12539,-0.0273438
12540,3.45313
12541,3.59766
12542,3.74219
12543,3.88672
12544,4.03125
12545,0
12546,0.00390625
12547,-0.00390625
12548,7.99609
12549,-8
12550,0.03125
12551,0.0273438
12552,0.0351563
12553,-0.03125
12554,-0.0351563
12555,-0.0273438
12556,5.76563
12557,5.91016
12558,6.05469
12559,6.19922
12560,6.34375
12561,0
12562,0.00390625
12563,-0.00390625
12564,7.99609
12565,-8
12566,0.03125
12567,0.0273438
12568,0.0351563
12569,-0.03125
12570,-0.0351563
12571,-0.0273438
12572,-7.92188
12573,-7.77734
12574,-7.63281
12575,-7.48828
12576,-7.34375
12577,0
12578,0.00390625
12579,-0.00390625
12580,7.99609
12581,-8
12582,0.03125
12583,0.0273438
12584,0.0351563
12585,-0.03125
12586,-0.0351563
12587,-0.0273438
12588,-5.60938
12589,-5.46484
12590,-5.32031
12591,-5.17578
12592,-5.03125
12593,0
12594,0.00390625
12595,-0.00390625
12596,7.99609
12597,-8
12598,0.03125
12599,0.0273438
12600,0.0351563
12601,-0.03125
12602,-0.0351563
12603,-0.0273438
12604,-3.29688
12605,-3.15234
12606,-3.00781
12607,-2.86328
12608,-2.71875
12609,0
12610,0.00390625
12611,-0.00390625
12612,7.99609
12613,-8
12614,0.03125
12615,0.0273438
12616,0.0351563
12617,-0.03125
12618,-0.0351563
12619,-0.0273438
12620,-0.984375
12621,-0.839844
12622,-0.695313
12623,-0.550781
12624,-0.40625
12625,0
12626,0.00390625
12627,-0.00390625
12628,7.99609
12629,-8
12630,0.03125
12631,0.0273438
12632,0.0351563
12633,-0.03125
12634,-0.0351563
12635,-0.0273438
12636,1.32813
12637,1.47266
12638,1.61719
12639,1.76172
12640,1.90625
12641,0
12642,0.00390625
12643,-0.00390625
12644,7.99609
12645,-8
12646,0.03125
12647,0.0273438
12648,0.0351563
12649,-0.03125
12650,-0.0351563
12651,-0.0273438
12652,3.64063
12653,3.78516
12654,3.92969
12655,4.07422
12656,4.21875
12657,0
12658,0.00390625
12659,-0.00390625
12660,7.99609
12661,-8
12662,0.03125
12663,0.0273438
12664,0.0351563
12665,-0.03125
12666,-0.0351563
12667,-0.0273438
12668,5.95313
12669,6.09766
12670,6.24219
12671,6.38672
12672,6.53125
12673,0
12674,0.00390625
12675,-0.00390625
12676,7.99609
12677,-8
12678,0.03125
12679,0.0273438
12680,0.0351563
12681,-0.03125
12682,-0.0351563
12683,-0.0273438
12684,-7.73438
12685,-7.58984
12686,-7.44531
12687,-7.30078
12688,-7.15625
12689,0
12690,0.00390625
12691,-0.00390625
12692,7.99609
12693,-8
12694,0.03125
12695,0.0273438
12696,0.0351563
12697,-0.03125
12698,-0.0351563
12699,-0.0273438
12700,-5.42188
12701,-5.27734
12702,-5.13281
12703,-4.98828
12704,-4.84375
12705,0
12706,0.00390625
12707,-0.00390625
12708,7.99609
12709,-8
12710,0.03125
12711,0.0273438
12712,0.0351563
12713,-0.03125
12714,-0.0351563
12715,-0.0273438
12716,-3.10938
12717,-2.96484
12718,-2.82031
12719,-2.67578
12720,-2.53125
12721,0
12722,0.00390625
12723,-0.00390625
12724,7.99609
12725,-8
12726,0.03125
12727,0.0273438
12728,0.0351563
12729,-0.03125
12730,-0.0351563
12731,-0.0273438
12732,-0.796875
12733,-0.652344
12734,-0.507813
12735,-0.363281
12736,-0.21875
12737,0
12738,0.00390625
12739,-0.00390625
12740,7.99609
12741,-8
12742,0.03125
12743,0.0273438
12744,0.0351563
12745,-0.03125
12746,-0.0351563
12747,-0.0273438
12748,1.51563
12749,1.66016
12750,1.80469
12751,1.94922
12752,2.09375
12753,0
12754,0.00390625
12755,-0.00390625
12756,7.99609
12757,-8
12758,0.03125
12759,0.0273438
12760,0.0351563
12761,-0.03125
12762,-0.0351563
12763,-0.0273438
12764,3.82813
12765,3.97266
12766,4.11719
12767,4.26172
12768,4.40625
12769,0
12770,0.00390625
12771,-0.00390625
12772,7.99609
12773,-8
12774,0.03125
12775,0.0273438
12776,0.0351563
12777,-0.03125
12778,-0.0351563
12779,-0.0273438
12780,6.14063
12781,6.28516
12782,6.42969
12783,6.57422
12784,6.71875
12785,0
12786,0.00390625
12787,-0.00390625
12788,7.99609
12789,-8
12790,0.03125
12791,0.0273438
12792,0.0351563
12793,-0.03125
12794,-0.0351563
12795,-0.0273438
12796,-7.54688
12797,-7.40234
12798,-7.25781
12799,-7.11328
12800,-6.96875
12801,0
12802,0.00390625
12803,-0.00390625
12804,7.99609
12805,-8
12806,0.03125
12807,0.0273438
12808,0.0351563
12809,-0.03125
12810,-0.0351563
12811,-0.0273438
12812,-5.23438
12813,-5.08984
12814,-4.94531
12815,-4.80078
12816,-4.65625
12817,0
12818,0.00390625
12819,-0.00390625
12820,7.99609
12821,-8
12822,0.03125
12823,0.0273438
12824,0.0351563
12825,-0.03125
12826,-0.0351563
12827,-0.0273438
12828,-2.92188
12829,-2.77734
12830,-2.63281
12831,-2.48828
12832,-2.34375
12833,0
12834,0.00390625
12835,-0.00390625
12836,7.99609
12837,-8
12838,0.03125
12839,0.0273438
12840,0.0351563
12841,-0.03125
12842,-0.0351563
12843,-0.0273438
12844,-0.609375
12845,-0.464844
12846,-0.320313
12847,-0.175781
12848,-0.03125
12849,0
12850,0.00390625
12851,-0.00390625
12852,7.99609
12853,-8
12854,0.03125
12855,0.0273438
12856,0.0351563
12857,-0.03125
12858,-0.0351563
12859,-0.0273438
12860,1.70313
12861,1.84766
12862,1.99219
12863,2.13672
12864,2.28125
12865,0
12866,0.00390625
12867,-0.00390625
12868,7.99609
12869,-8
12870,0.03125
12871,0.0273438
12872,0.0351563
12873,-0.03125
12874,-0.0351563
12875,-0.0273438
12876,4.01563
12877,4.16016
12878,4.30469
12879,4.44922
12880,4.59375
12881,0
12882,0.00390625
12883,-0.00390625
12884,7.99609
12885,-8
12886,0.03125
12887,0.0273438
12888,0.0351563
12889,-0.03125
12890,-0.0351563
12891,-0.0273438
12892,6.32813
12893,6.47266
12894,6.61719
12895,6.76172
12896,6.90625
12897,0
12898,0.00390625
12899,-0.00390625
12900,7.99609
12901,-8
12902,0.03125
12903,0.0273438
12904,0.0351563
12905,-0.03125
12906,-0.0351563
12907,-0.0273438
12908,-7.35938
12909,-7.21484
12910,-7.07031
12911,-6.92578
12912,-6.78125
12913,0
12914,0.00390625
12915,-0.00390625
12916,7.99609
12917,-8
12918,0.03125
12919,0.0273438
12920,0.0351563
12921,-0.03125
12922,-0.0351563
12923,-0.0273438
12924,-5.04688
12925,-4.90234
12926,-4.75781
12927,-4.61328
12928,-4.46875
12929,0
12930,0.00390625
12931,-0.00390625
12932,7.99609
12933,-8
12934,0.03125
12935,0.0273438
12936,0.0351563
12937,-0.03125
12938,-0.0351563
12939,-0.0273438
12940,-2.73438
12941,-2.58984
12942,-2.44531
12943,-2.30078
12944,-2.15625
12945,0
12946,0.00390625
12947,-0.00390625
12948,7.99609
12949,-8
12950,0.03125
12951,0.0273438
12952,0.0351563
12953,-0.03125
12954,-0.0351563
12955,-0.0273438
12956,-0.421875
12957,-0.277344
12958,-0.132813
12959,0.0117188
12960,0.15625
12961,0
12962,0.00390625
12963,-0.00390625
12964,7.99609
12965,-8
12966,0.03125
12967,0.0273438
12968,0.0351563
12969,-0.03125
12970,-0.0351563
12971,-0.0273438
12972,1.89063
12973,2.03516
12974,2.17969
12975,2.32422
12976,2.46875
12977,0
12978,0.00390625
12979,-0.00390625
12980,7.99609
12981,-8
12982,0.03125
12983,0.0273438
12984,0.0351563
12985,-0.03125
12986,-0.0351563
12987,-0.0273438
12988,4.20313
12989,4.34766
12990,4.49219
12991,4.63672
12992,4.78125
12993,0
12994,0.00390625
12995,-0.00390625
12996,7.99609
12997,-8
12998,0.03125
12999,0.0273438
13000,0.0351563
13001,-0.03125
13002,-0.0351563
13003,-0.0273438
13004,6.51563
13005,6.66016
13006,6.80469
13007,6.94922
13008,7.09375
13009,0
13010,0.00390625
13011,-0.00390625
13012,7.99609
13013,-8
13014,0.03125
13015,0.0273438
13016,0.0351563
13017,-0.03125
13018,-0.0351563
13019,-0.0273438
13020,-7.17188
13021,-7.02734
13022,-6.88281
13023,-6.73828
13024,-6.59375
13025,0
13026,0.00390625
13027,-0.00390625
13028,7.99609
13029,-8
13030,0.03125
13031,0.0273438
13032,0.0351563
13033,-0.03125
13034,-0.0351563
13035,-0.0273438
13036,-4.85938
13037,-4.71484
13038,-4.57031
13039,-4.42578
13040,-4.28125
13041,0
13042,0.00390625
13043,-0.00390625
13044,7.99609
13045,-8
13046,0.03125
13047,0.0273438
13048,0.0351563
13049,-0.03125
13050,-0.0351563
13051,-0.0273438
13052,-2.54688
13053,-2.40234
13054,-2.25781
13055,-2.11328
13056,-1.96875
13057,0
13058,0.00390625
13059,-0.00390625
13060,7.99609
13061,-8
13062,0.03125
13063,0.0273438
13064,0.0351563
13065,-0.03125
13066,-0.0351563
13067,-0.0273438
13068,-0.234375
13069,-0.0898438
13070,0.0546875
13071,0.199219
13072,0.34375
13073,0
13074,0.00390625
13075,-0.00390625
13076,7.99609
13077,-8
13078,0.03125
13079,0.0273438
13080,0.0351563
13081,-0.03125
13082,-0.0351563
13083,-0.0273438
13084,2.07813
13085,2.22266
13086,2.36719
13087,2.51172
13088,2.65625
13089,0
13090,0.00390625
13091,-0.00390625
13092,7.99609
13093,-8
13094,0.03125
13095,0.0273438
13096,0.0351563
13097,-0.03125
13098,-0.0351563
13099,-0.0273438
13100,4.39063
13101,4.53516
13102,4.67969
13103,4.82422
13104,4.96875
13105,0
13106,0.00390625
13107,-0.00390625
13108,7.99609
13109,-8
13110,0.03125
13111,0.0273438
13112,0.0351563
13113,-0.03125
13114,-0.0351563
13115,-0.0273438
13116,6.70313
13117,6.84766
13118,6.99219
13119,7.13672
13120,7.28125
13121,0
13122,0.00390625
13123,-0.00390625
13124,7.99609
13125,-8
13126,0.03125
13127,0.0273438
13128,0.0351563
13129,-0.03125
13130,-0.0351563
13131,-0.0273438
13132,-6.98438
13133,-6.83984
13134,-6.69531
13135,-6.55078
13136,-6.40625
13137,0
13138,0.00390625
13139,-0.00390625
13140,7.99609
13141,-8
13142,0.03125
13143,0.0273438
13144,0.0351563
13145,-0.03125
13146,-0.0351563
13147,-0.0273438
13148,-4.67188
13149,-4.52734
13150,-4.38281
13151,-4.23828
13152,-4.09375
13153,0
13154,0.00390625
13155,-0.00390625
13156,7.99609
13157,-8
13158,0.03125
13159,0.0273438
13160,0.0351563
13161,-0.03125
13162,-0.0351563
13163,-0.0273438
13164,-2.35938
13165,-2.21484
13166,-2.07031
13167,-1.92578
13168,-1.78125
13169,0
13170,0.00390625
13171,-0.00390625
13172,7.99609
13173,-8
13174,0.03125
13175,0.0273438
13176,0.0351563
13177,-0.03125
13178,-0.0351563
13179,-0.0273438
13180,-0.046875
13181,0.0976563
13182,0.242188
13183,0.386719
13184,0.53125
13185,0
13186,0.00390625
13187,-0.00390625
13188,7.99609
13189,-8
13190,0.03125
13191,0.0273438
13192,0.0351563
13193,-0.03125
13194,-0.0351563
13195,-0.0273438
13196,2.26563
13197,2.41016
13198,2.55469
13199,2.69922
13200,2.84375
13201,0
13202,0.00390625
13203,-0.00390625
13204,7.99609
13205,-8
13206,0.03125
13207,0.0273438
13208,0.0351563
13209,-0.03125
13210,-0.0351563
13211,-0.0273438
13212,4.57813
13213,4.72266
13214,4.86719
13215,5.01172
13216,5.15625
13217,0
13218,0.00390625
13219,-0.00390625
13220,7.99609
13221,-8
13222,0.03125
13223,0.0273438
13224,0.0351563
13225,-0.03125
13226,-0.0351563
13227,-0.0273438
13228,6.89063
13229,7.03516
13230,7.17969
13231,7.32422
13232,7.46875
13233,0
13234,0.00390625
13235,-0.00390625
13236,7.99609
13237,-8
13238,0.03125
13239,0.0273438
13240,0.0351563
13241,-0.03125
13242,-0.0351563
13243,-0.0273438
13244,-6.79688
13245,-6.65234
13246,-6.50781
13247,-6.36328
13248,-6.21875
13249,0
13250,0.00390625
13251,-0.00390625
13252,7.99609
13253,-8
13254,0.03125
13255,0.0273438
13256,0.0351563
13257,-0.03125
13258,-0.0351563
13259,-0.0273438
13260,-4.48438
13261,-4.33984
13262,-4.19531
13263,-4.05078
13264,-3.90625
13265,0
13266,0.00390625
13267,-0.00390625
13268,7.99609
13269,-8
13270,0.03125
13271,0.0273438
13272,0.0351563
13273,-0.03125
13274,-0.0351563
13275,-0.0273438
13276,-2.17188
13277,-2.02734
13278,-1.88281
13279,-1.73828
13280,-1.59375
13281,0
13282,0.00390625
13283,-0.00390625
13284,7.99609
13285,-8
13286,0.03125
13287,0.0273438
13288,0.0351563
13289,-0.03125
13290,-0.0351563
13291,-0.0273438
13292,0.140625
13293,0.285156
13294,0.429688
13295,0.574219
13296,0.71875
13297,0
13298,0.00390625
13299,-0.00390625
13300,7.99609
13301,-8
13302,0.03125
13303,0.0273438
13304,0.0351563
13305,-0.03125
13306,-0.0351563
13307,-0.0273438
13308,2.45313
13309,2.59766
13310,2.74219
13311,2.88672
13312,3.03125
13313,0
13314,0.00390625
13315,-0.00390625
13316,7.99609
13317,-8
13318,0.03125
13319,0.0273438
13320,0.0351563
13321,-0.03125
13322,-0.0351563
13323,-0.0273438
13324,4.76563
13325,4.91016
13326,5.05469
13327,5.19922
13328,5.34375
13329,0
13330,0.00390625
13331,-0.00390625
13332,7.99609
13333,-8
13334,0.03125
13335,0.0273438
13336,0.0351563
13337,-0.03125
13338,-0.0351563
13339,-0.0273438
13340,7.07813
13341,7.22266
13342,7.36719
13343,7.51172
13344,7.65625
13345,0
13346,0.00390625
13347,-0.00390625
13348,7.99609
13349,-8
13350,0.03125
13351,0.0273438
13352,0.0351563
13353,-0.03125
13354,-0.0351563
13355,-0.0273438
13356,-6.60938
13357,-6.46484
13358,-6.32031
13359,-6.17578
13360,-6.03125
13361,0
13362,0.00390625
13363,-0.00390625
13364,7.99609
13365,-8
13366,0.03125
13367,0.0273438
13368,0.0351563
13369,-0.03125
13370,-0.0351563
13371,-0.0273438
13372,-4.29688
13373,-4.15234
13374,-4.00781
13375,-3.86328
13376,-3.71875
13377,0
13378,0.00390625
13379,-0.00390625
13380,7.99609
13381,-8
13382,0.03125
13383,0.0273438
13384,0.0351563
13385,-0.03125
13386,-0.0351563
13387,-0.0273438
13388,-1.98438
13389,-1.83984
13390,-1.69531
13391,-1.55078
13392,-1.40625
13393,0
13394,0.00390625
13395,-0.00390625
13396,7.99609
13397,-8
13398,0.03125
13399,0.0273438
13400,0.0351563
13401,-0.03125
13402,-0.0351563
13403,-0.0273438
13404,0.328125
13405,0.472656
13406,0.617188
13407,0.761719
13408,0.90625
13409,0
13410,0.00390625
13411,-0.00390625
13412,7.99609
13413,-8
13414,0.03125
13415,0.0273438
13416,0.0351563
13417,-0.03125
13418,-0.0351563
13419,-0.0273438
13420,2.64063
13421,2.78516
13422,2.92969
13423,3.07422
13424,3.21875
13425,0
13426,0.00390625
13427,-0.00390625
13428,7.99609
13429,-8
13430,0.03125
13431,0.0273438
13432,0.0351563
13433,-0.03125
13434,-0.0351563
13435,-0.0273438
13436,4.95313
13437,5.09766
13438,5.24219
13439,5.38672
13440,5.53125
13441,0
13442,0.00390625
13443,-0.00390625
13444,7.99609
13445,-8
13446,0.03125
13447,0.0273438
13448,0.0351563
13449,-0.03125
13450,-0.0351563
13451,-0.0273438
13452,7.26563
13453,7.41016
13454,7.55469
13455,7.69922
13456,7.84375
13457,0
13458,0.00390625
13459,-0.00390625
13460,7.99609
13461,-8
13462,0.03125
13463,0.0273438
13464,0.0351563
13465,-0.03125
13466,-0.0351563
13467,-0.0273438
13468,-6.42188
13469,-6.27734
13470,-6.13281
13471,-5.98828
13472,-5.84375
13473,0
13474,0.00390625
13475,-0.00390625
13476,7.99609
13477,-8
13478,0.03125
13479,0.0273438
13480,0.0351563
13481,-0.03125
13482,-0.0351563
13483,-0.0273438
13484,-4.10938
13485,-3.96484
13486,-3.82031
13487,-3.67578
13488,-3.53125
13489,0
13490,0.00390625
13491,-0.00390625
13492,7.99609
13493,-8
13494,0.03125
13495,0.0273438
13496,0.0351563
13497,-0.03125
13498,-0.0351563
13499,-0.0273438
13500,-1.79688
13501,-1.65234
13502,-1.50781
13503,-1.36328
13504,-1.21875
13505,0
13506,0.00390625
13507,-0.00390625
13508,7.99609
13509,-8
13510,0.03125
13511,0.0273438
13512,0.0351563
13513,-0.03125
13514,-0.0351563
13515,-0.0273438
13516,0.515625
13517,0.660156
13518,0.804688
13519,0.949219
13520,1.09375
13521,0
13522,0.00390625
13523,-0.00390625
13524,7.99609
13525,-8
13526,0.03125
13527,0.0273438
13528,0.0351563
13529,-0.03125
13530,-0.0351563
13531,-0.0273438
13532,2.82813
13533,2.97266
13534,3.11719
13535,3.26172
13536,3.40625
13537,0
13538,0.00390625
13539,-0.00390625
13540,7.99609
13541,-8
13542,0.03125
13543,0.0273438
13544,0.0351563
13545,-0.03125
13546,-0.0351563
13547,-0.0273438
13548,5.14063
13549,5.28516
13550,5.42969
13551,5.57422
13552,5.71875
13553,0
13554,0.00390625
13555,-0.00390625
13556,7.99609
13557,-8
13558,0.03125
13559,0.0273438
13560,0.0351563
13561,-0.03125
13562,-0.0351563
13563,-0.0273438
13564,7.45313
13565,7.59766
13566,7.74219
13567,7.88672
13568,-7.96875
13569,0
13570,0.00390625
13571,-0.00390625
13572,7.99609
13573,-8
13574,0.03125
13575,0.0273438
13576,0.0351563
13577,-0.03125
13578,-0.0351563
13579,-0.0273438
13580,-6.23438
13581,-6.08984
13582,-5.94531
13583,-5.80078
13584,-5.65625
13585,0
13586,0.00390625
13587,-0.00390625
13588,7.99609
13589,-8
13590,0.03125
13591,0.0273438
13592,0.0351563
13593,-0.03125
13594,-0.0351563
13595,-0.0273438
13596,-3.92188
13597,-3.77734
13598,-3.63281
13599,-3.48828
13600,-3.34375
13601,0
13602,0.00390625
13603,-0.00390625
13604,7.99609
13605,-8
13606,0.03125
13607,0.0273438
13608,0.0351563
13609,-0.03125
13610,-0.0351563
13611,-0.0273438
13612,-1.60938
13613,-1.46484
13614,-1.32031
13615,-1.17578
13616,-1.03125
13617,0
13618,0.00390625
13619,-0.00390625
13620,7.99609
13621,-8
13622,0.03125
13623,0.0273438
13624,0.0351563
13625,-0.03125
13626,-0.0351563
13627,-0.0273438
13628,0.703125
13629,0.847656
13630,0.992188
13631,1.13672
13632,1.28125
13633,0
13634,0.00390625
13635,-0.00390625
13636,7.99609
13637,-8
13638,0.03125
13639,0.0273438
13640,0.0351563
13641,-0.03125
13642,-0.0351563
13643,-0.0273438
13644,3.01563
13645,3.16016
13646,3.30469
13647,3.44922
13648,3.59375
13649,0
13650,0.00390625
13651,-0.00390625
13652,7.99609
13653,-8
13654,0.03125
13655,0.0273438
13656,0.0351563
13657,-0.03125
13658,-0.0351563
13659,-0.0273438
13660,5.32813
13661,5.47266
13662,5.61719
13663,5.76172
13664,5.90625
13665,0
13666,0.00390625
13667,-0.00390625
13668,7.99609
13669,-8
13670,0.03125
13671,0.0273438
13672,0.0351563
13673,-0.03125
13674,-0.0351563
13675,-0.0273438
13676,7.64063
13677,7.78516
13678,7.92969
13679,-7.92578
13680,-7.78125
13681,0
13682,0.00390625
13683,-0.00390625
13684,7.99609
13685,-8
13686,0.03125
13687,0.0273438
13688,0.0351563
13689,-0.03125
13690,-0.0351563
13691,-0.0273438
13692,-6.04688
13693,-5.90234
13694,-5.75781
13695,-5.61328
13696,-5.46875
13697,0
13698,0.00390625
13699,-0.00390625
13700,7.99609
13701,-8
13702,0.03125
13703,0.0273438
13704,0.0351563
13705,-0.03125
13706,-0.0351563
13707,-0.0273438
13708,-3.73438
13709,-3.58984
13710,-3.44531
13711,-3.30078
13712,-3.15625
13713,0
13714,0.00390625
13715,-0.00390625
13716,7.99609
13717,-8
13718,0.03125
13719,0.0273438
13720,0.0351563
13721,-0.03125
13722,-0.0351563
13723,-0.0273438
13724,-1.42188
13725,-1.27734
13726,-1.13281
13727,-0.988281
13728,-0.84375
13729,0
13730,0.00390625
13731,-0.00390625
13732,7.99609
13733,-8
13734,0.03125
13735,0.0273438
13736,0.0351563
13737,-0.03125
13738,-0.0351563
13739,-0.0273438
13740,0.890625
13741,1.03516
13742,1.17969
13743,1.32422
13744,1.46875
13745,0
13746,0.00390625
13747,-0.00390625
13748,7.99609
13749,-8
13750,0.03125
13751,0.0273438
13752,0.0351563
13753,-0.03125
13754,-0.0351563
13755,-0.0273438
13756,3.20313
13757,3.34766
13758,3.49219
13759,3.63672
13760,3.78125
13761,0
13762,0.00390625
13763,-0.00390625
13764,7.99609
13765,-8
13766,0.03125
13767,0.0273438
13768,0.0351563
13769,-0.03125
13770,-0.0351563
13771,-0.0273438
13772,5.51563
13773,5.66016
13774,5.80469
13775,5.94922
13776,6.09375
13777,0
13778,0.00390625
13779,-0.00390625
13780,7.99609
13781,-8
13782,0.03125
13783,0.0273438
13784,0.0351563
13785,-0.03125
13786,-0.0351563
13787,-0.0273438
13788,7.82813
13789,7.97266
13790,-7.88281
13791,-7.73828
13792,-7.59375
13793,0
13794,0.00390625
13795,-0.00390625
13796,7.99609
13797,-8
13798,0.03125
13799,0.0273438
13800,0.0351563
13801,-0.03125
13802,-0.0351563
13803,-0.0273438
13804,-5.85938
13805,-5.71484
13806,-5.57031
13807,-5.42578
13808,-5.28125
13809,0
13810,0.00390625
13811,-0.00390625
13812,7.99609
13813,-8
13814,0.03125
13815,0.0273438
13816,0.0351563
13817,-0.03125
13818,-0.0351563
13819,-0.0273438
13820,-3.54688
13821,-3.40234
13822,-3.25781
13823,-3.11328
13824,-2.96875
13825,0
13826,0.00390625
13827,-0.00390625
13828,7.99609
13829,-8
13830,0.03125
13831,0.0273438
13832,0.0351563
13833,-0.03125
13834,-0.0351563
13835,-0.0273438
13836,-1.23438
13837,-1.08984
13838,-0.945313
13839,-0.800781
13840,-0.65625
13841,0
13842,0.00390625
13843,-0.00390625
13844,7.99609
13845,-8
13846,0.03125
13847,0.0273438
13848,0.0351563
13849,-0.03125
13850,-0.0351563
13851,-0.0273438
13852,1.07813
13853,1.22266
13854,1.36719
13855,1.51172
13856,1.65625
13857,0
13858,0.00390625
13859,-0.00390625
13860,7.99609
13861,-8
13862,0.03125
13863,0.0273438
13864,0.0351563
13865,-0.03125
13866,-0.0351563
13867,-0.0273438
13868,3.39063
13869,3.53516
13870,3.67969
13871,3.82422
13872,3.96875
13873,0
13874,0.00390625
13875,-0.00390625
13876,7.99609
13877,-8
13878,0.03125
13879,0.0273438
13880,0.0351563
13881,-0.03125
13882,-0.0351563
13883,-0.0273438
13884,5.70313
13885,5.84766
13886,5.99219
13887,6.13672
13888,6.28125
13889,0
13890,0.00390625
13891,-0.00390625
13892,7.99609
13893,-8
13894,0.03125
13895,0.0273438
13896,0.0351563
13897,-0.03125
13898,-0.0351563
13899,-0.0273438
13900,-7.98438
13901,-7.83984
13902,-7.69531
13903,-7.55078
13904,-7.40625
13905,0
13906,0.00390625
13907,-0.00390625
13908,7.99609
13909,-8
13910,0.03125
13911,0.0273438
13912,0.0351563
13913,-0.03125
13914,-0.0351563
13915,-0.0273438
13916,-5.67188
13917,-5.52734
13918,-5.38281
13919,-5.23828
13920,-5.09375
13921,0
13922,0.00390625
13923,-0.00390625
13924,7.99609
13925,-8
13926,0.03125
13927,0.0273438
13928,0.0351563
13929,-0.03125
13930,-0.0351563
13931,-0.0273438
13932,-3.35938
13933,-3.21484
13934,-3.07031
13935,-2.92578
13936,-2.78125
13937,0
13938,0.00390625
13939,-0.00390625
13940,7.99609
13941,-8
13942,0.03125
13943,0.0273438
13944,0.0351563
13945,-0.03125
13946,-0.0351563
13947,-0.0273438
13948,-1.04688
13949,-0.902344
13950,-0.757813
13951,-0.613281
13952,-0.46875
13953,0
13954,0.00390625
13955,-0.00390625
13956,7.99609
13957,-8
13958,0.03125
13959,0.0273438
13960,0.0351563
13961,-0.03125
13962,-0.0351563
13963,-0.0273438
13964,1.26563
13965,1.41016
13966,1.55469
13967,1.69922
13968,1.84375
13969,0
13970,0.00390625
13971,-0.00390625
13972,7.99609
13973,-8
13974,0.03125
13975,0.0273438
13976,0.0351563
13977,-0.03125
13978,-0.0351563
13979,-0.0273438
13980,3.57813
13981,3.72266
13982,3.86719
13983,4.01172
13984,4.15625
13985,0
13986,0.00390625
13987,-0.00390625
13988,7.99609
13989,-8
13990,0.03125
13991,0.0273438
13992,0.0351563
13993,-0.03125
13994,-0.0351563
13995,-0.0273438
13996,5.89063
13997,6.03516
13998,6.17969
13999,6.32422
14000,6.46875
14001,0
14002,0.00390625
14003,-0.00390625
14004,7.99609
14005,-8
14006,0.03125
14007,0.0273438
14008,0.0351563
14009,-0.03125
14010,-0.0351563
14011,-0.0273438
14012,-7.79688
14013,-7.65234
14014,-7.50781
14015,-7.36328
14016,-7.21875
14017,0
14018,0.00390625
14019,-0.00390625
14020,7.99609
14021,-8
14022,0.03125
14023,0.0273438
14024,0.0351563
14025,-0.03125
14026,-0.0351563
14027,-0.0273438
14028,-5.48438
14029,-5.33984
14030,-5.19531
14031,-5.05078
14032,-4.90625
14033,0
14034,0.00390625
14035,-0.00390625
14036,7.99609
14037,-8
14038,0.03125
14039,0.0273438
14040,0.0351563
14041,-0.03125
14042,-0.0351563
14043,-0.0273438
14044,-3.17188
14045,-3.02734
14046,-2.88281
14047,-2.73828
14048,-2.59375
14049,0
14050,0.00390625
14051,-0.00390625
14052,7.99609
14053,-8
14054,0.03125
14055,0.0273438
14056,0.0351563
14057,-0.03125
14058,-0.0351563
14059,-0.0273438
14060,-0.859375
14061,-0.714844
14062,-0.570313
14063,-0.425781
14064,-0.28125
14065,0
14066,0.00390625
14067,-0.00390625
14068,7.99609
14069,-8
14070,0.03125
14071,0.0273438
14072,0.0351563
14073,-0.03125
14074,-0.0351563
14075,-0.0273438
14076,1.45313
14077,1.59766
14078,1.74219
14079,1.88672
14080,2.03125
14081,0
14082,0.00390625
14083,-0.00390625
14084,7.99609
14085,-8
14086,0.03125
14087,0.0273438
14088,0.0351563
14089,-0.03125
14090,-0.0351563
14091,-0.0273438
14092,3.76563
14093,3.91016
14094,4.05469
14095,4.19922
14096,4.34375
14097,0
14098,0.00390625
14099,-0.00390625
14100,7.99609
14101,-8
14102,0.03125
14103,0.0273438
14104,0.0351563
14105,-0.03125
14106,-0.0351563
14107,-0.0273438
14108,6.07813
14109,6.22266
14110,6.36719
14111,6.51172
14112,6.65625
14113,0
14114,0.00390625
14115,-0.00390625
14116,7.99609
14117,-8
14118,0.03125
14119,0.0273438
14120,0.0351563
14121,-0.03125
14122,-0.0351563
14123,-0.0273438
14124,-7.60938
14125,-7.46484
14126,-7.32031
14127,-7.17578
14128,-7.03125
14129,0
14130,0.00390625
14131,-0.00390625
14132,7.99609
14133,-8
14134,0.03125
14135,0.0273438
14136,0.0351563
14137,-0.03125
14138,-0.0351563
14139,-0.0273438
14140,-5.29688
14141,-5.15234
14142,-5.00781
14143,-4.86328
14144,-4.71875
14145,0
14146,0.00390625
14147,-0.00390625
14148,7.99609
14149,-8
14150,0.03125
14151,0.0273438
14152,0.0351563
14153,-0.03125
14154,-0.0351563
14155,-0.0273438
14156,-2.98438
14157,-2.83984
14158,-2.69531
14159,-2.55078
14160,-2.40625
14161,0
14162,0.00390625
14163,-0.00390625
14164,7.99609
14165,-8
14166,0.03125
14167,0.0273438
14168,0.0351563
14169,-0.03125
14170,-0.0351563
14171,-0.0273438
14172,-0.671875
14173,-0.527344
14174,-0.382813
14175,-0.238281
14176,-0.09375
14177,0
14178,0.00390625
14179,-0.00390625
14180,7.99609
14181,-8
14182,0.03125
14183,0.0273438
14184,0.0351563
14185,-0.03125
14186,-0.0351563
14187,-0.0273438
14188,1.64063
14189,1.78516
14190,1.92969
14191,2.07422
14192,2.21875
14193,0
14194,0.00390625
14195,-0.00390625
14196,7.99609
14197,-8
14198,0.03125
14199,0.0273438
14200,0.0351563
14201,-0.03125
14202,-0.0351563
14203,-0.0273438
14204,3.95313
14205,4.09766
14206,4.24219
14207,4.38672
14208,4.53125
14209,0
14210,0.00390625
14211,-0.00390625
14212,7.99609
14213,-8
14214,0.03125
14215,0.0273438
14216,0.0351563
14217,-0.03125
14218,-0.0351563
14219,-0.0273438
14220,6.26563
14221,6.41016
14222,6.55469
14223,6.69922
14224,6.84375
14225,0
14226,0.00390625
14227,-0.00390625
14228,7.99609
14229,-8
14230,0.03125
14231,0.0273438
14232,0.0351563
14233,-0.03125
14234,-0.0351563
14235,-0.0273438
14236,-7.42188
14237,-7.27734
14238,-7.13281
14239,-6.98828
14240,-6.84375
14241,0
14242,0.00390625
14243,-0.00390625
14244,7.99609
14245,-8
14246,0.03125
14247,0.0273438
14248,0.0351563
14249,-0.03125
14250,-0.0351563
14251,-0.0273438
14252,-5.10938
14253,-4.96484
14254,-4.82031
14255,-4.67578
14256,-4.53125
14257,0
14258,0.00390625
14259,-0.00390625
14260,7.99609
14261,-8
14262,0.03125
14263,0.0273438
14264,0.0351563
14265,-0.03125
14266,-0.0351563
14267,-0.0273438
14268,-2.79688
14269,-2.65234
14270,-2.50781
14271,-2.36328
14272,-2.21875
14273,0
14274,0.00390625
14275,-0.00390625
14276,7.99609
14277,-8
14278,0.03125
14279,0.0273438
14280,0.0351563
14281,-0.03125
14282,-0.0351563
14283,-0.0273438
14284,-0.484375
14285,-0.339844
14286,-0.195313
14287,-0.0507813
14288,0.09375
14289,0
14290,0.00390625
14291,-0.00390625
14292,7.99609
14293,-8
14294,0.03125
14295,0.0273438
14296,0.0351563
14297,-0.03125
14298,-0.0351563
14299,-0.0273438
14300,1.82813
14301,1.97266
14302,2.11719
14303,2.26172
14304,2.40625
14305,0
14306,0.00390625
14307,-0.00390625
14308,7.99609
14309,-8
14310,0.03125
14311,0.0273438
14312,0.0351563
14313,-0.03125
14314,-0.0351563
14315,-0.0273438
14316,4.14063
14317,4.28516
14318,4.42969
14319,4.57422
14320,4.71875
14321,0
14322,0.00390625
14323,-0.00390625
14324,7.99609
14325,-8
14326,0.03125
14327,0.0273438
14328,0.0351563
14329,-0.03125
14330,-0.0351563
14331,-0.0273438
14332,6.45313
14333,6.59766
14334,6.74219
14335,6.88672
14336,7.03125
14337,0
14338,0.00390625
14339,-0.00390625
14340,7.99609
14341,-8
14342,0.03125
14343,0.0273438
14344,0.0351563
14345,-0.03125
14346,-0.0351563
14347,-0.0273438
14348,-7.23438
14349,-7.08984
14350,-6.94531
14351,-6.80078
14352,-6.65625
14353,0
14354,0.00390625
14355,-0.00390625
14356,7.99609
14357,-8
14358,0.03125
14359,0.0273438
14360,0.0351563
14361,-0.03125
14362,-0.0351563
14363,-0.0273438
14364,-4.92188
14365,-4.77734
14366,-4.63281
14367,-4.48828
14368,-4.34375
14369,0
14370,0.00390625
14371,-0.00390625
14372,7.99609
14373,-8
14374,0.03125
14375,0.0273438
14376,0.0351563
14377,-0.03125
14378,-0.0351563
14379,-0.0273438
14380,-2.60938
14381,-2.46484
14382,-2.32031
14383,-2.17578
14384,-2.03125
14385,0
14386,0.00390625
14387,-0.00390625
14388,7.99609
14389,-8
14390,0.03125
14391,0.0273438
14392,0.0351563
14393,-0.03125
14394,-0.0351563
14395,-0.0273438
14396,-0.296875
14397,-0.152344
14398,-0.0078125
14399,0.136719
14400,0.28125
14401,0
14402,0.00390625
14403,-0.00390625
14404,7.99609
14405,-8
14406,0.03125
14407,0.0273438
14408,0.0351563
14409,-0.03125
14410,-0.0351563
14411,-0.0273438
14412,2.01563
14413,2.16016
14414,2.30469
14415,2.44922
14416,2.59375
14417,0
14418,0.00390625
14419,-0.00390625
14420,7.99609
14421,-8
14422,0.03125
14423,0.0273438
14424,0.0351563
14425,-0.03125
14426,-0.0351563
14427,-0.0273438
14428,4.32813
14429,4.47266
14430,4.61719
14431,4.76172
14432,4.90625
14433,0
14434,0.00390625
14435,-0.00390625
14436,7.99609
14437,-8
14438,0.03125
14439,0.0273438
14440,0.0351563
14441,-0.03125
14442,-0.0351563
14443,-0.0273438
14444,6.64063
14445,6.78516
14446,6.92969
14447,7.07422
14448,7.21875
14449,0
14450,0.00390625
14451,-0.00390625
14452,7.99609
14453,-8
14454,0.03125
14455,0.0273438
14456,0.0351563
14457,-0.03125
14458,-0.0351563
14459,-0.0273438
14460,-7.04688
14461,-6.90234
14462,-6.75781
14463,-6.61328
14464,-6.46875
14465,0
14466,0.00390625
14467,-0.00390625
14468,7.99609
14469,-8
14470,0.03125
14471,0.0273438
14472,0.0351563
14473,-0.03125
14474,-0.0351563
14475,-0.0273438
14476,-4.73438
14477,-4.58984
14478,-4.44531
14479,-4.30078
14480,-4.15625
14481,0
14482,0.00390625
14483,-0.00390625
14484,7.99609
14485,-8
14486,0.03125
14487,0.0273438
14488,0.0351563
14489,-0.03125
14490,-0.0351563
14491,-0.0273438
14492,-2.42188
14493,-2.27734
14494,-2.13281
14495,-1.98828
14496,-1.84375
14497,0
14498,0.00390625
14499,-0.00390625
14500,7.99609
14501,-8
14502,0.03125
14503,0.0273438
14504,0.0351563
14505,-0.03125
14506,-0.0351563
14507,-0.0273438
14508,-0.109375
14509,0.0351563
14510,0.179688
14511,0.324219
14512,0.46875
14513,0
14514,0.00390625
14515,-0.00390625
14516,7.99609
14517,-8
14518,0.03125
14519,0.0273438
14520,0.0351563
14521,-0.03125
14522,-0.0351563
14523,-0.0273438
14524,2.20313
14525,2.34766
14526,2.49219
14527,2.63672
14528,2.78125
14529,0
14530,0.00390625
14531,-0.00390625
14532,7.99609
14533,-8
14534,0.03125
14535,0.0273438
14536,0.0351563
14537,-0.03125
14538,-0.0351563
14539,-0.0273438
14540,4.51563
14541,4.66016
14542,4.80469
14543,4.94922
14544,5.09375
14545,0
14546,0.00390625
14547,-0.00390625
14548,7.99609
14549,-8
14550,0.03125
14551,0.0273438
14552,0.0351563
14553,-0.03125
14554,-0.0351563
14555,-0.0273438
14556,6.82813
14557,6.97266
14558,7.11719
14559,7.26172
14560,7.40625
14561,0
14562,0.00390625
14563,-0.00390625
14564,7.99609
14565,-8
14566,0.03125
14567,0.0273438
14568,0.0351563
14569,-0.03125
14570,-0.0351563
14571,-0.0273438
14572,-6.85938
14573,-6.71484
14574,-6.57031
14575,-6.42578
14576,-6.28125
14577,0
14578,0.00390625
14579,-0.00390625
14580,7.99609
14581,-8
14582,0.03125
14583,0.0273438
14584,0.0351563
14585,-0.03125
14586,-0.0351563
14587,-0.0273438
14588,-4.54688
14589,-4.40234
14590,-4.25781
14591,-4.11328
14592,-3.96875
14593,0
14594,0.00390625
14595,-0.00390625
14596,7.99609
14597,-8
14598,0.03125
14599,0.0273438
14600,0.0351563
14601,-0.03125
14602,-0.0351563
14603,-0.0273438
14604,-2.23438
14605,-2.08984
14606,-1.94531
14607,-1.80078
14608,-1.65625
14609,0
14610,0.00390625
14611,-0.00390625
14612,7.99609
14613,-8
14614,0.03125
14615,0.0273438
14616,0.0351563
14617,-0.03125
14618,-0.0351563
14619,-0.0273438
14620,0.078125
14621,0.222656
14622,0.367188
14623,0.511719
14624,0.65625
14625,0
14626,0.00390625
14627,-0.00390625
14628,7.99609
14629,-8
14630,0.03125
14631,0.0273438
14632,0.0351563
14633,-0.03125
14634,-0.0351563
14635,-0.0273438
14636,2.39063
14637,2.53516
14638,2.67969
14639,2.82422
14640,2.96875
14641,0
14642,0.00390625
14643,-0.00390625
14644,7.99609
14645,-8
14646,0.03125
14647,0.0273438
14648,0.0351563
14649,-0.03125
14650,-0.0351563
14651,-0.0273438
14652,4.70313
14653,4.84766
14654,4.99219
14655,5.13672
14656,5.28125
14657,0
14658,0.00390625
14659,-0.00390625
14660,7.99609
14661,-8
14662,0.03125
14663,0.0273438
14664,0.0351563
14665,-0.03125
14666,-0.0351563
14667,-0.0273438
14668,7.01563
14669,7.16016
14670,7.30469
14671,7.44922
14672,7.59375
14673,0
14674,0.00390625
14675,-0.00390625
14676,7.99609
14677,-8
14678,0.03125
14679,0.0273438
14680,0.0351563
14681,-0.03125
14682,-0.0351563
14683,-0.0273438
14684,-6.67188
14685,-6.52734
14686,-6.38281
14687,-6.23828
14688,-6.09375
14689,0
14690,0.00390625
14691,-0.00390625
14692,7.99609
14693,-8
14694,0.03125
14695,0.0273438
14696,0.0351563
14697,-0.03125
14698,-0.0351563
14699,-0.0273438
14700,-4.35938
14701,-4.21484
14702,-4.07031
14703,-3.92578
14704,-3.78125
14705,0
14706,0.00390625
14707,-0.00390625
14708,7.99609
14709,-8
14710,0.03125
14711,0.0273438
14712,0.0351563
14713,-0.03125
14714,-0.0351563
14715,-0.0273438
14716,-2.04688
14717,-1.90234
14718,-1.75781
14719,-1.61328
14720,-1.46875
14721,0
14722,0.00390625
14723,-0.00390625
14724,7.99609
14725,-8
14726,0.03125
14727,0.0273438
14728,0.0351563
14729,-0.03125
14730,-0.0351563
14731,-0.0273438
14732,0.265625
14733,0.410156
14734,0.554688
14735,0.699219
14736,0.84375
14737,0
14738,0.00390625
14739,-0.00390625
14740,7.99609
14741,-8
14742,0.03125
14743,0.0273438
14744,0.0351563
14745,-0.03125
14746,-0.0351563
14747,-0.0273438
14748,2.57813
14749,2.72266
14750,2.86719
14751,3.01172
14752,3.15625
14753,0
14754,0.00390625
14755,-0.00390625
14756,7.99609
14757,-8
14758,0.03125
14759,0.0273438
14760,0.0351563
14761,-0.03125
14762,-0.0351563
14763,-0.0273438
14764,4.89063
14765,5.03516
14766,5.17969
14767,5.32422
14768,5.46875
14769,0
14770,0.00390625
14771,-0.00390625
14772,7.99609
14773,-8
14774,0.03125
14775,0.0273438
14776,0.0351563
14777,-0.03125
14778,-0.0351563
14779,-0.0273438
14780,7.20313
14781,7.34766
14782,7.49219
14783,7.63672
14784,7.78125
14785,0
14786,0.00390625
14787,-0.00390625
14788,7.99609
14789,-8
14790,0.03125
14791,0.0273438
14792,0.0351563
14793,-0.03125
14794,-0.0351563
14795,-0.0273438
14796,-6.48438
14797,-6.33984
14798,-6.19531
14799,-6.05078
14800,-5.90625
14801,0
14802,0.00390625
14803,-0.00390625
14804,7.99609
14805,-8
14806,0.03125
14807,0.0273438
14808,0.0351563
14809,-0.03125
14810,-0.0351563
14811,-0.0273438
14812,-4.17188
14813,-4.02734
14814,-3.88281
14815,-3.73828
14816,-3.59375
14817,0
14818,0.00390625
14819,-0.00390625
14820,7.99609
14821,-8
14822,0.03125
14823,0.0273438
14824,0.0351563
14825,-0.03125
14826,-0.0351563
14827,-0.0273438
14828,-1.85938
14829,-1.71484
14830,-1.57031
14831,-1.42578
14832,-1.28125
14833,0
14834,0.00390625
14835,-0.00390625
14836,7.99609
14837,-8
14838,0.03125
14839,0.0273438
14840,0.0351563
14841,-0.03125
14842,-0.0351563
14843,-0.0273438
14844,0.453125
14845,0.597656
14846,0.742188
14847,0.886719
14848,1.03125
14849,0
14850,0.00390625
14851,-0.00390625
14852,7.99609
14853,-8
14854,0.03125
14855,0.0273438
14856,0.0351563
14857,-0.03125
14858,-0.0351563
14859,-0.0273438
14860,2.76563
14861,2.91016
14862,3.05469
14863,3.19922
14864,3.34375
14865,0
14866,0.00390625
14867,-0.00390625
14868,7.99609
14869,-8
14870,0.03125
14871,0.0273438
14872,0.0351563
14873,-0.03125
14874,-0.0351563
14875,-0.0273438
14876,5.07813
14877,5.22266
14878,5.36719
14879,5.51172
14880,5.65625
14881,0
14882,0.00390625
14883,-0.00390625
14884,7.99609
14885,-8
14886,0.03125
14887,0.0273438
14888,0.0351563
14889,-0.03125
14890,-0.0351563
14891,-0.0273438
14892,7.39063
14893,7.53516
14894,7.67969
14895,7.82422
14896,7.96875
14897,0
14898,0.00390625
14899,-0.00390625
14900,7.99609
14901,-8
14902,0.03125
14903,0.0273438
14904,0.0351563
14905,-0.03125
14906,-0.0351563
14907,-0.0273438
14908,-6.29688
14909,-6.15234
14910,-6.00781
14911,-5.86328
14912,-5.71875
14913,0
14914,0.00390625
14915,-0.00390625
14916,7.99609
14917,-8
14918,0.03125
14919,0.0273438
14920,0.0351563
14921,-0.03125
14922,-0.0351563
14923,-0.0273438
14924,-3.98438
14925,-3.83984
14926,-3.69531
14927,-3.55078
14928,-3.40625
14929,0
14930,0.00390625
14931,-0.00390625
14932,7.99609
14933,-8
14934,0.03125
14935,0.0273438
14936,0.0351563
14937,-0.03125
14938,-0.0351563
14939,-0.0273438
14940,-1.67188
14941,-1.52734
14942,-1.38281
14943,-1.23828
14944,-1.09375
14945,0
14946,0.00390625
14947,-0.00390625
14948,7.99609
14949,-8
14950,0.03125
14951,0.0273438
14952,0.0351563
14953,-0.03125
14954,-0.0351563
14955,-0.0273438
14956,0.640625
14957,0.785156
14958,0.929688
14959,1.07422
14960,1.21875
14961,0
14962,0.00390625
14963,-0.00390625
14964,7.99609
14965,-8
14966,0.03125
14967,0.0273438
14968,0.0351563
14969,-0.03125
14970,-0.0351563
14971,-0.0273438
14972,2.95313
14973,3.09766
14974,3.24219
14975,3.38672
14976,3.53125
14977,0
14978,0.00390625
14979,-0.00390625
14980,7.99609
14981,-8
14982,0.03125
14983,0.0273438
14984,0.0351563
14985,-0.03125
14986,-0.0351563
14987,-0.0273438
14988,5.26563
14989,5.41016
14990,5.55469
14991,5.69922
14992,5.84375
14993,0
14994,0.00390625
14995,-0.00390625
14996,7.99609
14997,-8
14998,0.03125
14999,0.0273438
15000,0.0351563
15001,-0.03125
15002,-0.0351563
15003,-0.0273438
15004,7.57813
15005,7.72266
15006,7.86719
15007,-7.98828
15008,-7.84375
15009,0
15010,0.00390625
15011,-0.00390625
15012,7.99609
15013,-8
15014,0.03125
15015,0.0273438
15016,0.0351563
15017,-0.03125
15018,-0.0351563
15019,-0.0273438
15020,-6.10938
15021,-5.96484
15022,-5.82031
15023,-5.67578
15024,-5.53125
15025,0
15026,0.00390625
15027,-0.00390625
15028,7.99609
15029,-8
15030,0.03125
15031,0.0273438
15032,0.0351563
15033,-0.03125
15034,-0.0351563
15035,-0.0273438
15036,-3.79688
15037,-3.65234
15038,-3.50781
15039,-3.36328
15040,-3.21875
15041,0
15042,0.00390625
15043,-0.00390625
15044,7.99609
15045,-8
15046,0.03125
15047,0.0273438
15048,0.0351563
15049,-0.03125
15050,-0.0351563
15051,-0.0273438
15052,-1.48438
15053,-1.33984
15054,-1.19531
15055,-1.05078
15056,-0.90625
15057,0
15058,0.00390625
15059,-0.00390625
15060,7.99609
15061,-8
15062,0.03125
15063,0.0273438
15064,0.0351563
15065,-0.03125
15066,-0.0351563
15067,-0.0273438
15068,0.828125
15069,0.972656
15070,1.11719
15071,1.26172
15072,1.40625
15073,0
15074,0.00390625
15075,-0.00390625
15076,7.99609
15077,-8
15078,0.03125
15079,0.0273438
15080,0.0351563
15081,-0.03125
15082,-0.0351563
15083,-0.0273438
15084,3.14063
15085,3.28516
15086,3.42969
15087,3.57422
15088,3.71875
15089,0
15090,0.00390625
15091,-0.00390625
15092,7.99609
15093,-8
15094,0.03125
15095,0.0273438
15096,0.0351563
15097,-0.03125
15098,-0.0351563
15099,-0.0273438
15100,5.45313
15101,5.59766
15102,5.74219
15103,5.88672
15104,6.03125
15105,0
15106,0.00390625
15107,-0.00390625
15108,7.99609
15109,-8
15110,0.03125
15111,0.0273438
15112,0.0351563
15113,-0.03125
15114,-0.0351563
15115,-0.0273438
15116,7.76563
15117,7.91016
15118,-7.94531
15119,-7.80078
15120,-7.65625
15121,0
15122,0.00390625
15123,-0.00390625
15124,7.99609
15125,-8
15126,0.03125
15127,0.0273438
15128,0.0351563
15129,-0.03125
15130,-0.0351563
15131,-0.0273438
15132,-5.92188
15133,-5.77734
15134,-5.63281
15135,-5.48828
15136,-5.34375
15137,0
15138,0.00390625
15139,-0.00390625
15140,7.99609
15141,-8
15142,0.03125
15143,0.0273438
15144,0.0351563
15145,-0.03125
15146,-0.0351563
15147,-0.0273438
15148,-3.60938
15149,-3.46484
15150,-3.32031
15151,-3.17578
15152,-3.03125
15153,0
15154,0.00390625
15155,-0.00390625
15156,7.99609
15157,-8
15158,0.03125
15159,0.0273438
15160,0.0351563
15161,-0.03125
15162,-0.0351563
15163,-0.0273438
15164,-1.29688
15165,-1.15234
15166,-1.00781
15167,-0.863281
15168,-0.71875
15169,0
15170,0.00390625
15171,-0.00390625
15172,7.99609
15173,-8
15174,0.03125
15175,0.0273438
15176,0.0351563
15177,-0.03125
15178,-0.0351563
15179,-0.0273438
15180,1.01563
15181,1.16016
15182,1.30469
15183,1.44922
15184,1.59375
15185,0
15186,0.00390625
15187,-0.00390625
15188,7.99609
15189,-8
15190,0.03125
15191,0.0273438
15192,0.0351563
15193,-0.03125
15194,-0.0351563
15195,-0.0273438
15196,3.32813
15197,3.47266
15198,3.61719
15199,3.76172
15200,3.90625
15201,0
15202,0.00390625
15203,-0.00390625
15204,7.99609
15205,-8
15206,0.03125
15207,0.0273438
15208,0.0351563
15209,-0.03125
15210,-0.0351563
15211,-0.0273438
15212,5.64063
15213,5.78516
15214,5.92969
15215,6.07422
15216,6.21875
15217,0
15218,0.00390625
15219,-0.00390625
15220,7.99609
15221,-8
15222,0.03125
15223,0.0273438
15224,0.0351563
15225,-0.03125
15226,-0.0351563
15227,-0.0273438
15228,7.95313
15229,-7.90234
15230,-7.75781
15231,-7.61328
15232,-7.46875
15233,0
15234,0.00390625
15235,-0.00390625
15236,7.99609
15237,-8
15238,0.03125
15239,0.0273438
15240,0.0351563
15241,-0.03125
15242,-0.0351563
15243,-0.0273438
15244,-5.73438
15245,-5.58984
15246,-5.44531
15247,-5.30078
15248,-5.15625
15249,0
15250,0.00390625
15251,-0.00390625
15252,7.99609
15253,-8
15254,0.03125
15255,0.0273438
15256,0.0351563
15257,-0.03125
15258,-0.0351563
15259,-0.0273438
15260,-3.42188
15261,-3.27734
15262,-3.13281
15263,-2.98828
15264,-2.84375
15265,0
15266,0.00390625
15267,-0.00390625
15268,7.99609
15269,-8
15270,0.03125
15271,0.0273438
15272,0.0351563
15273,-0.03125
15274,-0.0351563
15275,-0.0273438
15276,-1.10938
15277,-0.964844
15278,-0.820313
15279,-0.675781
15280,-0.53125
15281,0
15282,0.00390625
15283,-0.00390625
15284,7.99609
15285,-8
15286,0.03125
15287,0.0273438
15288,0.0351563
15289,-0.03125
15290,-0.0351563
15291,-0.0273438
15292,1.20313
15293,1.34766
15294,1.49219
15295,1.63672
15296,1.78125
15297,0
15298,0.00390625
15299,-0.00390625
15300,7.99609
15301,-8
15302,0.03125
15303,0.0273438
15304,0.0351563
15305,-0.03125
15306,-0.0351563
15307,-0.0273438
15308,3.51563
15309,3.66016
15310,3.80469
15311,3.94922
15312,4.09375
15313,0
15314,0.00390625
15315,-0.00390625
15316,7.99609
15317,-8
15318,0.03125
15319,0.0273438
15320,0.0351563
15321,-0.03125
15322,-0.0351563
15323,-0.0273438
15324,5.82813
15325,5.97266
15326,6.11719
15327,6.26172
15328,6.40625
15329,0
15330,0.00390625
15331,-0.00390625
15332,7.99609
15333,-8
15334,0.03125
15335,0.0273438
15336,0.0351563
15337,-0.03125
15338,-0.0351563
15339,-0.0273438
15340,-7.85938
15341,-7.71484
15342,-7.57031
15343,-7.42578
15344,-7.28125
15345,0
15346,0.00390625
15347,-0.00390625
15348,7.99609
15349,-8
15350,0.03125
15351,0.0273438
15352,0.0351563
15353,-0.03125
15354,-0.0351563
15355,-0.0273438
15356,-5.54688
15357,-5.40234
15358,-5.25781
15359,-5.11328
15360,-4.96875
15361,0
15362,0.00390625
15363,-0.00390625
15364,7.99609
15365,-8
15366,0.03125
15367,0.0273438
15368,0.0351563
15369,-0.03125
15370,-0.0351563
15371,-0.0273438
15372,-3.23438
15373,-3.08984
15374,-2.94531
15375,-2.80078
15376,-2.65625
15377,0
15378,0.00390625
15379,-0.00390625
15380,7.99609
15381,-8
15382,0.03125
15383,0.0273438
15384,0.0351563
15385,-0.03125
15386,-0.0351563
15387,-0.0273438
15388,-0.921875
15389,-0.777344
15390,-0.632813
15391,-0.488281
15392,-0.34375
15393,0
15394,0.00390625
15395,-0.00390625
15396,7.99609
15397,-8
15398,0.03125
15399,0.0273438
15400,0.0351563
15401,-0.03125
15402,-0.0351563
15403,-0.0273438
15404,1.39063
15405,1.53516
15406,1.67969
15407,1.82422
15408,1.96875
15409,0
15410,0.00390625
15411,-0.00390625
15412,7.99609
15413,-8
15414,0.03125
15415,0.0273438
15416,0.0351563
15417,-0.03125
15418,-0.0351563
15419,-0.0273438
15420,3.70313
15421,3.84766
15422,3.99219
15423,4.13672
15424,4.28125
15425,0
15426,0.00390625
15427,-0.00390625
15428,7.99609
15429,-8
15430,0.03125
15431,0.0273438
15432,0.0351563
15433,-0.03125
15434,-0.0351563
15435,-0.0273438
15436,6.01563
15437,6.16016
15438,6.30469
15439,6.44922
15440,6.59375
15441,0
15442,0.00390625
15443,-0.00390625
15444,7.99609
15445,-8
15446,0.03125
15447,0.0273438
15448,0.0351563
15449,-0.03125
15450,-0.0351563
15451,-0.0273438
15452,-7.67188
15453,-7.52734
15454,-7.38281
15455,-7.23828
15456,-7.09375
15457,0
15458,0.00390625
15459,-0.00390625
15460,7.99609
15461,-8
15462,0.03125
15463,0.0273438
15464,0.0351563
15465,-0.03125
15466,-0.0351563
15467,-0.0273438
15468,-5.35938
15469,-5.21484
15470,-5.07031
15471,-4.92578
15472,-4.78125
15473,0
15474,0.00390625
15475,-0.00390625
15476,7.99609
15477,-8
15478,0.03125
15479,0.0273438
15480,0.0351563
15481,-0.03125
15482,-0.0351563
15483,-0.0273438
15484,-3.04688
15485,-2.90234
15486,-2.75781
15487,-2.61328
15488,-2.46875
15489,0
15490,0.00390625
15491,-0.00390625
15492,7.99609
15493,-8
15494,0.03125
15495,0.0273438
15496,0.0351563
15497,-0.03125
15498,-0.0351563
15499,-0.0273438
15500,-0.734375
15501,-0.589844
15502,-0.445313
15503,-0.300781
15504,-0.15625
15505,0
15506,0.00390625
15507,-0.00390625
15508,7.99609
15509,-8
15510,0.03125
15511,0.0273438
15512,0.0351563
15513,-0.03125
15514,-0.0351563
15515,-0.0273438
15516,1.57813
15517,1.72266
15518,1.86719
15519,2.01172
15520,2.15625
15521,0
15522,0.00390625
15523,-0.00390625
15524,7.99609
15525,-8
15526,0.03125
15527,0.0273438
15528,0.0351563
15529,-0.03125
15530,-0.0351563
15531,-0.0273438
15532,3.89063
15533,4.03516
15534,4.17969
15535,4.32422
15536,4.46875
15537,0
15538,0.00390625
15539,-0.00390625
15540,7.99609
15541,-8
15542,0.03125
15543,0.0273438
15544,0.0351563
15545,-0.03125
15546,-0.0351563
15547,-0.0273438
15548,6.20313
15549,6.34766
15550,6.49219
15551,6.63672
15552,6.78125
15553,0
15554,0.00390625
15555,-0.00390625
15556,7.99609
15557,-8
15558,0.03125
15559,0.0273438
15560,0.0351563
15561,-0.03125
15562,-0.0351563
15563,-0.0273438
15564,-7.48438
15565,-7.33984
15566,-7.19531
15567,-7.05078
15568,-6.90625
15569,0
15570,0.00390625
15571,-0.00390625
15572,7.99609
15573,-8
15574,0.03125
15575,0.0273438
15576,0.0351563
15577,-0.03125
15578,-0.0351563
15579,-0.0273438
15580,-5.17188
15581,-5.02734
15582,-4.88281
15583,-4.73828
15584,-4.59375
15585,0
15586,0.00390625
15587,-0.00390625
15588,7.99609
15589,-8
15590,0.03125
15591,0.0273438
15592,0.0351563
15593,-0.03125
15594,-0.0351563
15595,-0.0273438
15596,-2.85938
15597,-2.71484
15598,-2.57031
15599,-2.42578
15600,-2.28125
15601,0
15602,0.00390625
15603,-0.00390625
15604,7.99609
15605,-8
15606,0.03125
15607,0.0273438
15608,0.0351563
15609,-0.03125
15610,-0.0351563
15611,-0.0273438
15612,-0.546875
15613,-0.402344
15614,-0.257813
15615,-0.113281
15616,0.03125
15617,0
15618,0.00390625
15619,-0.00390625
15620,7.99609
15621,-8
15622,0.03125
15623,0.0273438
15624,0.0351563
15625,-0.03125
15626,-0.0351563
15627,-0.0273438
15628,1.76563
15629,1.91016
15630,2.05469
15631,2.19922
15632,2.34375
15633,0
15634,0.00390625
15635,-0.00390625
15636,7.99609
15637,-8
15638,0.03125
15639,0.0273438
15640,0.0351563
15641,-0.03125
15642,-0.0351563
15643,-0.0273438
15644,4.07813
15645,4.22266
15646,4.36719
15647,4.51172
15648,4.65625
15649,0
15650,0.00390625
15651,-0.00390625
15652,7.99609
15653,-8
15654,0.03125
15655,0.0273438
15656,0.0351563
15657,-0.03125
15658,-0.0351563
15659,-0.0273438
15660,6.39063
15661,6.53516
15662,6.67969
15663,6.82422
15664,6.96875
15665,0
15666,0.00390625
15667,-0.00390625
15668,7.99609
15669,-8
15670,0.03125
15671,0.0273438
15672,0.0351563
15673,-0.03125
15674,-0.0351563
15675,-0.0273438
15676,-7.29688
15677,-7.15234
15678,-7.00781
15679,-6.86328
15680,-6.71875
15681,0
15682,0.00390625
15683,-0.00390625
15684,7.99609
15685,-8
15686,0.03125
15687,0.0273438
15688,0.0351563
15689,-0.03125
15690,-0.0351563
15691,-0.0273438
15692,-4.98438
15693,-4.83984
15694,-4.69531
15695,-4.55078
15696,-4.40625
15697,0
15698,0.00390625
15699,-0.00390625
15700,7.99609
15701,-8
15702,0.03125
15703,0.0273438
15704,0.0351563
15705,-0.03125
15706,-0.0351563
15707,-0.0273438
15708,-2.67188
15709,-2.52734
15710,-2.38281
15711,-2.23828
15712,-2.09375
15713,0
15714,0.00390625
15715,-0.00390625
15716,7.99609
15717,-8
15718,0.03125
15719,0.0273438
15720,0.0351563
15721,-0.03125
15722,-0.0351563
15723,-0.0273438
15724,-0.359375
15725,-0.214844
15726,-0.0703125
15727,0.0742188
15728,0.21875
15729,0
15730,0.00390625
15731,-0.00390625
15732,7.99609
15733,-8
15734,0.03125
15735,0.0273438
15736,0.0351563
15737,-0.03125
15738,-0.0351563
15739,-0.0273438
15740,1.95313
15741,2.09766
15742,2.24219
15743,2.38672
15744,2.53125
15745,0
15746,0.00390625
15747,-0.00390625
15748,7.99609
15749,-8
15750,0.03125
15751,0.0273438
15752,0.0351563
15753,-0.03125
15754,-0.0351563
15755,-0.0273438
15756,4.26563
15757,4.41016
15758,4.55469
15759,4.69922
15760,4.84375
15761,0
15762,0.00390625
15763,-0.00390625
15764,7.99609
15765,-8
15766,0.03125
15767,0.0273438
15768,0.0351563
15769,-0.03125
15770,-0.0351563
15771,-0.0273438
15772,6.57813
15773,6.72266
15774,6.86719
15775,7.01172
15776,7.15625
15777,0
15778,0.00390625
15779,-0.00390625
15780,7.99609
15781,-8
15782,0.03125
15783,0.0273438
15784,0.0351563
15785,-0.03125
15786,-0.0351563
15787,-0.0273438
15788,-7.10938
15789,-6.96484
15790,-6.82031
15791,-6.67578
15792,-6.53125
15793,0
15794,0.00390625
15795,-0.00390625
15796,7.99609
15797,-8
15798,0.03125
15799,0.0273438
15800,0.0351563
15801,-0.03125
15802,-0.0351563
15803,-0.0273438
15804,-4.79688
15805,-4.65234
15806,-4.50781
15807,-4.36328
15808,-4.21875
15809,0
15810,0.00390625
15811,-0.00390625
15812,7.99609
15813,-8
15814,0.03125
15815,0.0273438
15816,0.0351563
15817,-0.03125
15818,-0.0351563
15819,-0.0273438
15820,-2.48438
15821,-2.33984
15822,-2.19531
15823,-2.05078
15824,-1.90625
15825,0
15826,0.00390625
15827,-0.00390625
15828,7.99609
15829,-8
15830,0.03125
15831,0.0273438
15832,0.0351563
15833,-0.03125
15834,-0.0351563
15835,-0.0273438
15836,-0.171875
15837,-0.0273438
15838,0.117188
15839,0.261719
15840,0.40625
15841,0
15842,0.00390625
15843,-0.00390625
15844,7.99609
15845,-8
15846,0.03125
15847,0.0273438
15848,0.0351563
15849,-0.03125
15850,-0.0351563
15851,-0.0273438
15852,2.14063
15853,2.28516
15854,2.42969
15855,2.57422
15856,2.71875
15857,0
15858,0.00390625
15859,-0.00390625
15860,7.99609
15861,-8
15862,0.03125
15863,0.0273438
15864,0.0351563
15865,-0.03125
15866,-0.0351563
15867,-0.0273438
15868,4.45313
15869,4.59766
15870,4.74219
15871,4.88672
15872,5.03125
15873,0
15874,0.00390625
15875,-0.00390625
15876,7.99609
15877,-8
15878,0.03125
15879,0.0273438
15880,0.0351563
15881,-0.03125
15882,-0.0351563
15883,-0.0273438
15884,6.76563
15885,6.91016
15886,7.05469
15887,7.19922
15888,7.34375
15889,0
15890,0.00390625
15891,-0.00390625
15892,7.99609
15893,-8
15894,0.03125
15895,0.0273438
15896,0.0351563
15897,-0.03125
15898,-0.0351563
15899,-0.0273438
15900,-6.92188
15901,-6.77734
15902,-6.63281
15903,-6.48828
15904,-6.34375
15905,0
15906,0.00390625
15907,-0.00390625
15908,7.99609
15909,-8
15910,0.03125
15911,0.0273438
15912,0.0351563
15913,-0.03125
15914,-0.0351563
15915,-0.0273438
15916,-4.60938
15917,-4.46484
15918,-4.32031
15919,-4.17578
15920,-4.03125
15921,0
15922,0.00390625
15923,-0.00390625
15924,7.99609
15925,-8
15926,0.03125
15927,0.0273438
15928,0.0351563
15929,-0.03125
15930,-0.0351563
15931,-0.0273438
15932,-2.29688
15933,-2.15234
15934,-2.00781
15935,-1.86328
15936,-1.71875
15937,0
15938,0.00390625
15939,-0.00390625
15940,7.99609
15941,-8
15942,0.03125
15943,0.0273438
15944,0.0351563
15945,-0.03125
15946,-0.0351563
15947,-0.0273438
15948,0.015625
15949,0.160156
15950,0.304688
15951,0.449219
15952,0.59375
15953,0
15954,0.00390625
15955,-0.00390625
15956,7.99609
15957,-8
15958,0.03125
15959,0.0273438
15960,0.0351563
15961,-0.03125
15962,-0.0351563
15963,-0.0273438
15964,2.32813
15965,2.47266
15966,2.61719
15967,2.76172
15968,2.90625
15969,0
15970,0.00390625
15971,-0.00390625
15972,7.99609
15973,-8
15974,0.03125
15975,0.0273438
15976,0.0351563
15977,-0.03125
15978,-0.0351563
15979,-0.0273438
15980,4.64063
15981,4.78516
15982,4.92969
15983,5.07422
15984,5.21875
15985,0
15986,0.00390625
15987,-0.00390625
15988,7.99609
15989,-8
15990,0.03125
15991,0.0273438
15992,0.0351563
15993,-0.03125
15994,-0.0351563
15995,-0.0273438
15996,6.95313
15997,7.09766
15998,7.24219
15999,7.38672
16000,7.53125
16001,0
16002,0.00390625
16003,-0.00390625
16004,7.99609
16005,-8
16006,0.03125
16007,0.0273438
16008,0.0351563
16009,-0.03125
16010,-0.0351563
16011,-0.0273438
16012,-6.73438
16013,-6.58984
16014,-6.44531
16015,-6.30078
16016,-6.15625
16017,0
16018,0.00390625
16019,-0.00390625
16020,7.99609
16021,-8
16022,0.03125
16023,0.0273438
16024,0.0351563
16025,-0.03125
16026,-0.0351563
16027,-0.0273438
16028,-4.42188
16029,-4.27734
16030,-4.13281
16031,-3.98828
16032,-3.84375
16033,0
16034,0.00390625
16035,-0.00390625
16036,7.99609
16037,-8
16038,0.03125
16039,0.0273438
16040,0.0351563
16041,-0.03125
16042,-0.0351563
16043,-0.0273438
16044,-2.10938
16045,-1.96484
16046,-1.82031
16047,-1.67578
16048,-1.53125
16049,0
16050,0.00390625
16051,-0.00390625
16052,7.99609
16053,-8
16054,0.03125
16055,0.0273438
16056,0.0351563
16057,-0.03125
16058,-0.0351563
16059,-0.0273438
16060,0.203125
16061,0.347656
16062,0.492188
16063,0.636719
16064,0.78125
16065,0
16066,0.00390625
16067,-0.00390625
16068,7.99609
16069,-8
16070,0.03125
16071,0.0273438
16072,0.0351563
16073,-0.03125
16074,-0.0351563
16075,-0.0273438
16076,2.51563
16077,2.66016
16078,2.80469
16079,2.94922
16080,3.09375
16081,0
16082,0.00390625
16083,-0.00390625
16084,7.99609
16085,-8
16086,0.03125
16087,0.0273438
16088,0.0351563
16089,-0.03125
16090,-0.0351563
16091,-0.0273438
16092,4.82813
16093,4.97266
16094,5.11719
16095,5.26172
16096,5.40625
16097,0
16098,0.00390625
16099,-0.00390625
16100,7.99609
16101,-8
16102,0.03125
16103,0.0273438
16104,0.0351563
16105,-0.03125
16106,-0.0351563
16107,-0.0273438
16108,7.14063
16109,7.28516
16110,7.42969
16111,7.57422
16112,7.71875
16113,0
16114,0.00390625
16115,-0.00390625
16116,7.99609
16117,-8
16118,0.03125
16119,0.0273438
16120,0.0351563
16121,-0.03125
16122,-0.0351563
16123,-0.0273438
16124,-6.54688
16125,-6.40234
16126,-6.25781
16127,-6.11328
16128,-5.96875
16129,0
16130,0.00390625
16131,-0.00390625
16132,7.99609
16133,-8
16134,0.03125
16135,0.0273438
16136,0.0351563
16137,-0.03125
16138,-0.0351563
16139,-0.0273438
16140,-4.23438
16141,-4.08984
16142,-3.94531
16143,-3.80078
16144,-3.65625
16145,0
16146,0.00390625
16147,-0.00390625
16148,7.99609
16149,-8
16150,0.03125
16151,0.0273438
16152,0.0351563
16153,-0.03125
16154,-0.0351563
16155,-0.0273438
16156,-1.92188
16157,-1.77734
16158,-1.63281
16159,-1.48828
16160,-1.34375
16161,0
16162,0.00390625
16163,-0.00390625
16164,7.99609
16165,-8
16166,0.03125
16167,0.0273438
16168,0.0351563
16169,-0.03125
16170,-0.0351563
16171,-0.0273438
16172,0.390625
16173,0.535156
16174,0.679688
16175,0.824219
16176,0.96875
16177,0
16178,0.00390625
16179,-0.00390625
16180,7.99609
16181,-8
16182,0.03125
16183,0.0273438
16184,0.0351563
16185,-0.03125
16186,-0.0351563
16187,-0.0273438
16188,2.70313
16189,2.84766
16190,2.99219
16191,3.13672
16192,3.28125
16193,0
16194,0.00390625
16195,-0.00390625
16196,7.99609
16197,-8
16198,0.03125
16199,0.0273438
16200,0.0351563
16201,-0.03125
16202,-0.0351563
16203,-0.0273438
16204,5.01563
16205,5.16016
16206,5.30469
16207,5.44922
16208,5.59375
16209,0
16210,0.00390625
16211,-0.00390625
16212,7.99609
16213,-8
16214,0.03125
16215,0.0273438
16216,0.0351563
16217,-0.03125
16218,-0.0351563
16219,-0.0273438
16220,7.32813
16221,7.47266
16222,7.61719
16223,7.76172
16224,7.90625
16225,0
16226,0.00390625
16227,-0.00390625
16228,7.99609
16229,-8
16230,0.03125
16231,0.0273438
16232,0.0351563
16233,-0.03125
16234,-0.0351563
16235,-0.0273438
16236,-6.35938
16237,-6.21484
16238,-6.07031
16239,-5.92578
16240,-5.78125
16241,0
16242,0.00390625
16243,-0.00390625
16244,7.99609
16245,-8
16246,0.03125
16247,0.0273438
16248,0.0351563
16249,-0.03125
16250,-0.0351563
16251,-0.0273438
16252,-4.04688
16253,-3.90234
16254,-3.75781
16255,-3.61328
16256,-3.46875
16257,0
16258,0.00390625
16259,-0.00390625
16260,7.99609
16261,-8
16262,0.03125
16263,0.0273438
16264,0.0351563
16265,-0.03125
16266,-0.0351563
16267,-0.0273438
16268,-1.73438
16269,-1.58984
16270,-1.44531
16271,-1.30078
16272,-1.15625
16273,0
16274,0.00390625
16275,-0.00390625
16276,7.99609
16277,-8
16278,0.03125
16279,0.0273438
16280,0.0351563
16281,-0.03125
16282,-0.0351563
16283,-0.0273438
16284,0.578125
16285,0.722656
16286,0.867188
16287,1.01172
16288,1.15625
16289,0
16290,0.00390625
16291,-0.00390625
16292,7.99609
16293,-8
16294,0.03125
16295,0.0273438
16296,0.0351563
16297,-0.03125
16298,-0.0351563
16299,-0.0273438
16300,2.89063
16301,3.03516
16302,3.17969
16303,3.32422
16304,3.46875
16305,0
16306,0.00390625
16307,-0.00390625
16308,7.99609
16309,-8
16310,0.03125
16311,0.0273438
16312,0.0351563
16313,-0.03125
16314,-0.0351563
16315,-0.0273438
16316,5.20313
16317,5.34766
16318,5.49219
16319,5.63672
16320,5.78125
16321,0
16322,0.00390625
16323,-0.00390625
16324,7.99609
16325,-8
16326,0.03125
16327,0.0273438
16328,0.0351563
16329,-0.03125
16330,-0.0351563
16331,-0.0273438
16332,7.51563
16333,7.66016
16334,7.80469
16335,7.94922
16336,-7.90625
16337,0
16338,0.00390625
16339,-0.00390625
16340,7.99609
16341,-8
16342,0.03125
16343,0.0273438
16344,0.0351563
16345,-0.03125
16346,-0.0351563
16347,-0.0273438
16348,-6.17188
16349,-6.02734
16350,-5.88281
16351,-5.73828
16352,-5.59375
16353,0
16354,0.00390625
16355,-0.00390625
16356,7.99609
16357,-8
16358,0.03125
16359,0.0273438
16360,0.0351563
16361,-0.03125
16362,-0.0351563
16363,-0.0273438
16364,-3.85938
16365,-3.71484
16366,-3.57031
16367,-3.42578
16368,-3.28125
16369,0
16370,0.00390625
16371,-0.00390625
16372,7.99609
16373,-8
16374,0.03125
16375,0.0273438
16376,0.0351563
16377,-0.03125
16378,-0.0351563
16379,-0.0273438
16380,-1.54688
16381,-1.40234
16382,-1.25781
16383,-1.11328
16384,-0.96875
16385,0
16386,0.00390625
16387,-0.00390625
16388,7.99609
16389,-8
16390,0.03125
16391,0.0273438
16392,0.0351563
16393,-0.03125
16394,-0.0351563
16395,-0.0273438
16396,0.765625
16397,0.910156
16398,1.05469
16399,1.19922
16400,1.34375
16401,0
16402,0.00390625
16403,-0.00390625
16404,7.99609
16405,-8
16406,0.03125
16407,0.0273438
16408,0.0351563
16409,-0.03125
16410,-0.0351563
16411,-0.0273438
16412,3.07813
16413,3.22266
16414,3.36719
16415,3.51172
16416,3.65625
16417,0
16418,0.00390625
16419,-0.00390625
16420,7.99609
16421,-8
16422,0.03125
16423,0.0273438
16424,0.0351563
16425,-0.03125
16426,-0.0351563
16427,-0.0273438
16428,5.39063
16429,5.53516
16430,5.67969
16431,5.82422
16432,5.96875
16433,0
16434,0.00390625
16435,-0.00390625
16436,7.99609
16437,-8
16438,0.03125
16439,0.0273438
16440,0.0351563
16441,-0.03125
16442,-0.0351563
16443,-0.0273438
16444,7.70313
16445,7.84766
16446,7.99219
16447,-7.86328
16448,-7.71875
16449,0
16450,0.00390625
16451,-0.00390625
16452,7.99609
16453,-8
16454,0.03125
16455,0.0273438
16456,0.0351563
16457,-0.03125
16458,-0.0351563
16459,-0.0273438
16460,-5.98438
16461,-5.83984
16462,-5.69531
16463,-5.55078
16464,-5.40625
16465,0
16466,0.00390625
16467,-0.00390625
16468,7.99609
16469,-8
16470,0.03125
16471,0.0273438
16472,0.0351563
16473,-0.03125
16474,-0.0351563
16475,-0.0273438
16476,-3.67188
16477,-3.52734
16478,-3.38281
16479,-3.23828
16480,-3.09375
16481,0
16482,0.00390625
16483,-0.00390625
16484,7.99609
16485,-8
16486,0.03125
16487,0.0273438
16488,0.0351563
16489,-0.03125
16490,-0.0351563
16491,-0.0273438
16492,-1.35938
16493,-1.21484
16494,-1.07031
16495,-0.925781
16496,-0.78125
16497,0
16498,0.00390625
16499,-0.00390625
16500,7.99609
16501,-8
16502,0.03125
16503,0.0273438
16504,0.0351563
16505,-0.03125
16506,-0.0351563
16507,-0.0273438
16508,0.953125
16509,1.09766
16510,1.24219
16511,1.38672
16512,1.53125
16513,0
16514,0.00390625
16515,-0.00390625
16516,7.99609
16517,-8
16518,0.03125
16519,0.0273438
16520,0.0351563
16521,-0.03125
16522,-0.0351563
16523,-0.0273438
16524,3.26563
16525,3.41016
16526,3.55469
16527,3.69922
16528,3.84375
16529,0
16530,0.00390625
16531,-0.00390625
16532,7.99609
16533,-8
16534,0.03125
16535,0.0273438
16536,0.0351563
16537,-0.03125
16538,-0.0351563
16539,-0.0273438
16540,5.57813
16541,5.72266
16542,5.86719
16543,6.01172
16544,6.15625
16545,0
16546,0.00390625
16547,-0.00390625
16548,7.99609
16549,-8
16550,0.03125
16551,0.0273438
16552,0.0351563
16553,-0.03125
16554,-0.0351563
16555,-0.0273438
16556,7.89063
16557,-7.96484
16558,-7.82031
16559,-7.67578
16560,-7.53125
16561,0
16562,0.00390625
16563,-0.00390625
16564,7.99609
16565,-8
16566,0.03125
16567,0.0273438
16568,0.0351563
16569,-0.03125
16570,-0.0351563
16571,-0.0273438
16572,-5.79688
16573,-5.65234
16574,-5.50781
16575,-5.36328
16576,-5.21875
16577,0
16578,0.00390625
16579,-0.00390625
16580,7.99609
16581,-8
16582,0.03125
16583,0.0273438
16584,0.0351563
16585,-0.03125
16586,-0.0351563
16587,-0.0273438
16588,-3.48438
16589,-3.33984
16590,-3.19531
16591,-3.05078
16592,-2.90625
16593,0
16594,0.00390625
16595,-0.00390625
16596,7.99609
16597,-8
16598,0.03125
16599,0.0273438
16600,0.0351563
16601,-0.03125
16602,-0.0351563
16603,-0.0273438
16604,-1.17188
16605,-1.02734
16606,-0.882813
16607,-0.738281
16608,-0.59375
16609,0
16610,0.00390625
16611,-0.00390625
16612,7.99609
16613,-8
16614,0.03125
16615,0.0273438
16616,0.0351563
16617,-0.03125
16618,-0.0351563
16619,-0.0273438
16620,1.14063
16621,1.28516
16622,1.42969
16623,1.57422
16624,1.71875
16625,0
16626,0.00390625
16627,-0.00390625
16628,7.99609
16629,-8
16630,0.03125
16631,0.0273438
16632,0.0351563
16633,-0.03125
16634,-0.0351563
16635,-0.0273438
16636,3.45313
16637,3.59766
16638,3.74219
16639,3.88672
16640,4.03125
16641,0
16642,0.00390625
16643,-0.00390625
16644,7.99609
16645,-8
16646,0.03125
16647,0.0273438
16648,0.0351563
16649,-0.03125
16650,-0.0351563
16651,-0.0273438
16652,5.76563
16653,5.91016
16654,6.05469
16655,6.19922
16656,6.34375
16657,0
16658,0.00390625
16659,-0.00390625
16660,7.99609
16661,-8
16662,0.03125
16663,0.0273438
16664,0.0351563
16665,-0.03125
16666,-0.0351563
16667,-0.0273438
16668,-7.92188
16669,-7.77734
16670,-7.63281
16671,-7.48828
16672,-7.34375
16673,0
16674,0.00390625
16675,-0.00390625
16676,7.99609
16677,-8
16678,0.03125
16679,0.0273438
16680,0.0351563
16681,-0.03125
16682,-0.0351563
16683,-0.0273438
16684,-5.60938
16685,-5.46484
16686,-5.32031
16687,-5.17578
16688,-5.03125
16689,0
16690,0.00390625
16691,-0.00390625
16692,7.99609
16693,-8
16694,0.03125
16695,0.0273438
16696,0.0351563
16697,-0.03125
16698,-0.0351563
16699,-0.0273438
16700,-3.29688
16701,-3.15234
16702,-3.00781
16703,-2.86328
16704,-2.71875
16705,0
16706,0.00390625
16707,-0.00390625
16708,7.99609
16709,-8
16710,0.03125
16711,0.0273438
16712,0.0351563
16713,-0.03125
16714,-0.0351563
16715,-0.0273438
16716,-0.984375
16717,-0.839844
16718,-0.695313
16719,-0.550781
16720,-0.40625
16721,0
16722,0.00390625
16723,-0.00390625
16724,7.99609
16725,-8
16726,0.03125
16727,0.0273438
16728,0.0351563
16729,-0.03125
16730,-0.0351563
16731,-0.0273438
16732,1.32813
16733,1.47266
16734,1.61719
16735,1.76172
16736,1.90625
16737,0
16738,0.00390625
16739,-0.00390625
16740,7.99609
16741,-8
16742,0.03125
16743,0.0273438
16744,0.0351563
16745,-0.03125
16746,-0.0351563
16747,-0.0273438
16748,3.64063
16749,3.78516
16750,3.92969
16751,4.07422
16752,4.21875
16753,0
16754,0.00390625
16755,-0.00390625
16756,7.99609
16757,-8
16758,0.03125
16759,0.0273438
16760,0.0351563
16761,-0.03125
16762,-0.0351563
16763,-0.0273438
16764,5.95313
16765,6.09766
16766,6.24219
16767,6.38672
16768,6.53125
16769,0
16770,0.00390625
16771,-0.00390625
16772,7.99609
16773,-8
16774,0.03125
16775,0.0273438
16776,0.0351563
16777,-0.03125
16778,-0.0351563
16779,-0.0273438
16780,-7.73438
16781,-7.58984
16782,-7.44531
16783,-7.30078
16784,-7.15625
16785,0
16786,0.00390625
16787,-0.00390625
16788,7.99609
16789,-8
16790,0.03125
16791,0.0273438
16792,0.0351563
16793,-0.03125
16794,-0.0351563
16795,-0.0273438
16796,-5.42188
16797,-5.27734
16798,-5.13281
16799,-4.98828
16800,-4.84375
16801,0
16802,0.00390625
16803,-0.00390625
16804,7.99609
16805,-8
16806,0.03125
16807,0.0273438
16808,0.0351563
16809,-0.03125
16810,-0.0351563
16811,-0.0273438
16812,-3.10938
16813,-2.96484
16814,-2.82031
16815,-2.67578
16816,-2.53125
16817,0
16818,0.00390625
16819,-0.00390625
16820,7.99609
16821,-8
16822,0.03125
16823,0.0273438
16824,0.0351563
16825,-0.03125
16826,-0.0351563
16827,-0.0273438
16828,-0.796875
16829,-0.652344
16830,-0.507813
16831,-0.363281
16832,-0.21875
16833,0
16834,0.00390625
16835,-0.00390625
16836,7.99609
16837,-8
16838,0.03125
16839,0.0273438
16840,0.0351563
16841,-0.03125
16842,-0.0351563
16843,-0.0273438
16844,1.51563
16845,1.66016
16846,1.80469
16847,1.94922
16848,2.09375
16849,0
16850,0.00390625
16851,-0.00390625
16852,7.99609
16853,-8
16854,0.03125
16855,0.0273438
16856,0.0351563
16857,-0.03125
16858,-0.0351563
16859,-0.0273438
16860,3.82813
16861,3.97266
16862,4.11719
16863,4.26172
16864,4.40625
16865,0
16866,0.00390625
16867,-0.00390625
16868,7.99609
16869,-8
16870,0.03125
16871,0.0273438
16872,0.0351563
16873,-0.03125
16874,-0.0351563
16875,-0.0273438
16876,6.14063
16877,6.28516
16878,6.42969
16879,6.57422
16880,6.71875
16881,0
16882,0.00390625
16883,-0.00390625
16884,7.99609
16885,-8
16886,0.03125
16887,0.0273438
16888,0.0351563
16889,-0.03125
16890,-0.0351563
16891,-0.0273438
16892,-7.54688
16893,-7.40234
16894,-7.25781
16895,-7.11328
16896,-6.96875
16897,0
16898,0.00390625
16899,-0.00390625
16900,7.99609
16901,-8
16902,0.03125
16903,0.0273438
16904,0.0351563
16905,-0.03125
16906,-0.0351563
16907,-0.0273438
16908,-5.23438
16909,-5.08984
16910,-4.94531
16911,-4.80078
16912,-4.65625
16913,0
16914,0.00390625
16915,-0.00390625
16916,7.99609
16917,-8
16918,0.03125
16919,0.0273438
16920,0.0351563
16921,-0.03125
16922,-0.0351563
16923,-0.0273438
16924,-2.92188
16925,-2.77734
16926,-2.63281
16927,-2.48828
16928,-2.34375
16929,0
16930,0.00390625
16931,-0.00390625
16932,7.99609
16933,-8
16934,0.03125
16935,0.0273438
16936,0.0351563
16937,-0.03125
16938,-0.0351563
16939,-0.0273438
16940,-0.609375
16941,-0.464844
16942,-0.320313
16943,-0.175781
16944,-0.03125
16945,0
16946,0.00390625
16947,-0.00390625
16948,7.99609
16949,-8
16950,0.03125
16951,0.0273438
16952,0.0351563
16953,-0.03125
16954,-0.0351563
16955,-0.0273438
16956,1.70313
16957,1.84766
16958,1.99219
16959,2.13672
16960,2.28125
16961,0
16962,0.00390625
16963,-0.00390625
16964,7.99609
16965,-8
16966,0.03125
16967,0.0273438
16968,0.0351563
16969,-0.03125
16970,-0.0351563
16971,-0.0273438
16972,4.01563
16973,4.16016
16974,4.30469
16975,4.44922
16976,4.59375
16977,0
16978,0.00390625
16979,-0.00390625
16980,7.99609
16981,-8
16982,0.03125
16983,0.0273438
16984,0.0351563
16985,-0.03125
16986,-0.0351563
16987,-0.0273438
16988,6.32813
16989,6.47266
16990,6.61719
16991,6.76172
16992,6.90625
16993,0
16994,0.00390625
16995,-0.00390625
16996,7.99609
16997,-8
16998,0.03125
16999,0.0273438
17000,0.0351563
17001,-0.03125
17002,-0.0351563
17003,-0.0273438
17004,-7.35938
17005,-7.21484
17006,-7.07031
17007,-6.92578
17008,-6.78125
17009,0
17010,0.00390625
17011,-0.00390625
17012,7.99609
17013,-8
17014,0.03125
17015,0.0273438
17016,0.0351563
17017,-0.03125
17018,-0.0351563
17019,-0.0273438
17020,-5.04688
17021,-4.90234
17022,-4.75781
17023,-4.61328
17024,-4.46875
17025,0
17026,0.00390625
17027,-0.00390625
17028,7.99609
17029,-8
17030,0.03125
17031,0.0273438
17032,0.0351563
17033,-0.03125
17034,-0.0351563
17035,-0.0273438
17036,-2.73438
17037,-2.58984
17038,-2.44531
17039,-2.30078
17040,-2.15625
17041,0
17042,0.00390625
17043,-0.00390625
17044,7.99609
17045,-8
17046,0.03125
17047,0.0273438
17048,0.0351563
17049,-0.03125
17050,-0.0351563
17051,-0.0273438
17052,-0.421875
17053,-0.277344
17054,-0.132813
17055,0.0117188
17056,0.15625
17057,0
17058,0.00390625
17059,-0.00390625
17060,7.99609
17061,-8
17062,0.03125
17063,0.0273438
17064,0.0351563
17065,-0.03125
17066,-0.0351563
17067,-0.0273438
17068,1.89063
17069,2.03516
17070,2.17969
17071,2.32422
17072,2.46875
17073,0
17074,0.00390625
17075,-0.00390625
17076,7.99609
17077,-8
17078,0.03125
17079,0.0273438
17080,0.0351563
17081,-0.03125
17082,-0.0351563
17083,-0.0273438
17084,4.20313
17085,4.34766
17086,4.49219
17087,4.63672
17088,4.78125
17089,0
17090,0.00390625
17091,-0.00390625
17092,7.99609
17093,-8
17094,0.03125
17095,0.0273438
17096,0.0351563
17097,-0.03125
17098,-0.0351563
17099,-0.0273438
17100,6.51563
17101,6.66016
17102,6.80469
17103,6.94922
17104,7.09375
17105,0
17106,0.00390625
17107,-0.00390625
17108,7.99609
17109,-8
17110,0.03125
17111,0.0273438
17112,0.0351563
17113,-0.03125
17114,-0.0351563
17115,-0.0273438
17116,-7.17188
17117,-7.02734
17118,-6.88281
17119,-6.73828
17120,-6.59375
17121,0
17122,0.00390625
17123,-0.00390625
17124,7.99609
17125,-8
17126,0.03125
17127,0.0273438
17128,0.0351563
17129,-0.03125
17130,-0.0351563
17131,-0.0273438
17132,-4.85938
17133,-4.71484
17134,-4.57031
17135,-4.42578
17136,-4.28125
17137,0
17138,0.00390625
17139,-0.00390625
17140,7.99609
17141,-8
17142,0.03125
17143,0.0273438
17144,0.0351563
17145,-0.03125
17146,-0.0351563
17147,-0.0273438
17148,-2.54688
17149,-2.40234
17150,-2.25781
17151,-2.11328
17152,-1.96875
17153,0
17154,0.00390625
17155,-0.00390625
17156,7.99609
17157,-8
17158,0.03125
17159,0.0273438
17160,0.0351563
17161,-0.03125
17162,-0.0351563
17163,-0.0273438
17164,-0.234375
17165,-0.0898438
17166,0.0546875
17167,0.199219
17168,0.34375
17169,0
17170,0.00390625
17171,-0.00390625
17172,7.99609
17173,-8
17174,0.03125
17175,0.0273438
17176,0.0351563
17177,-0.03125
17178,-0.0351563
17179,-0.0273438
17180,2.07813
17181,2.22266
17182,2.36719
17183,2.51172
17184,2.65625
17185,0
17186,0.00390625
17187,-0.00390625
17188,7.99609
17189,-8
17190,0.03125
17191,0.0273438
17192,0.0351563
17193,-0.03125
17194,-0.0351563
17195,-0.0273438
17196,4.39063
17197,4.53516
17198,4.67969
17199,4.82422
17200,4.96875
17201,0
17202,0.00390625
17203,-0.00390625
17204,7.99609
17205,-8
17206,0.03125
17207,0.0273438
17208,0.0351563
17209,-0.03125
17210,-0.0351563
17211,-0.0273438
17212,6.70313
17213,6.84766
17214,6.99219
17215,7.13672
17216,7.28125
17217,0
17218,0.00390625
17219,-0.00390625
17220,7.99609
17221,-8
17222,0.03125
17223,0.0273438
17224,0.0351563
17225,-0.03125
17226,-0.0351563
17227,-0.0273438
17228,-6.98438
17229,-6.83984
17230,-6.69531
17231,-6.55078
17232,-6.40625
17233,0
17234,0.00390625
17235,-0.00390625
17236,7.99609
17237,-8
17238,0.03125
17239,0.0273438
17240,0.0351563
17241,-0.03125
17242,-0.0351563
17243,-0.0273438
17244,-4.67188
17245,-4.52734
17246,-4.38281
17247,-4.23828
17248,-4.09375
17249,0
17250,0.00390625
17251,-0.00390625
17252,7.99609
17253,-8
17254,0.03125
17255,0.0273438
17256,0.0351563
17257,-0.03125
17258,-0.0351563
17259,-0.0273438
17260,-2.35938
17261,-2.21484
17262,-2.07031
17263,-1.92578
17264,-1.78125
17265,0
17266,0.00390625
17267,-0.00390625
17268,7.99609
17269,-8
17270,0.03125
17271,0.0273438
17272,0.0351563
17273,-0.03125
17274,-0.0351563
17275,-0.0273438
17276,-0.046875
17277,0.0976563
17278,0.242188
17279,0.386719
17280,0.53125
17281,0
17282,0.00390625
17283,-0.00390625
17284,7.99609
17285,-8
17286,0.03125
17287,0.0273438
17288,0.0351563
17289,-0.03125
17290,-0.0351563
17291,-0.0273438
17292,2.26563
17293,2.41016
17294,2.55469
17295,2.69922
17296,2.84375
17297,0
17298,0.00390625
17299,-0.00390625
17300,7.99609
17301,-8
17302,0.03125
17303,0.0273438
17304,0.0351563
17305,-0.03125
17306,-0.0351563
17307,-0.0273438
17308,4.57813
17309,4.72266
17310,4.86719
17311,5.01172
17312,5.15625
17313,0
17314,0.00390625
17315,-0.00390625
17316,7.99609
17317,-8
17318,0.03125
17319,0.0273438
17320,0.0351563
17321,-0.03125
17322,-0.0351563
17323,-0.0273438
17324,6.89063
17325,7.03516
17326,7.17969
17327,7.32422
17328,7.46875
17329,0
17330,0.00390625
17331,-0.00390625
17332,7.99609
17333,-8
17334,0.03125
17335,0.0273438
17336,0.0351563
17337,-0.03125
17338,-0.0351563
17339,-0.0273438
17340,-6.79688
17341,-6.65234
17342,-6.50781
17343,-6.36328
17344,-6.21875
17345,0
17346,0.00390625
17347,-0.00390625
17348,7.99609
17349,-8
17350,0.03125
17351,0.0273438
17352,0.0351563
17353,-0.03125
17354,-0.0351563
17355,-0.0273438
17356,-4.48438
17357,-4.33984
17358,-4.19531
17359,-4.05078
17360,-3.90625
17361,0
17362,0.00390625
17363,-0.00390625
17364,7.99609
17365,-8
17366,0.03125
17367,0.0273438
17368,0.0351563
17369,-0.03125
17370,-0.0351563
17371,-0.0273438
17372,-2.17188
17373,-2.02734
17374,-1.88281
17375,-1.73828
17376,-1.59375
17377,0
17378,0.00390625
17379,-0.00390625
17380,7.99609
17381,-8
17382,0.03125
17383,0.0273438
17384,0.0351563
17385,-0.03125
17386,-0.0351563
17387,-0.0273438
17388,0.140625
17389,0.285156
17390,0.429688
17391,0.574219
17392,0.71875
17393,0
17394,0.00390625
17395,-0.00390625
17396,7.99609
17397,-8
17398,0.03125
17399,0.0273438
17400,0.0351563
17401,-0.03125
17402,-0.0351563
17403,-0.0273438
17404,2.45313
17405,2.59766
17406,2.74219
17407,2.88672
17408,3.03125
17409,0
17410,0.00390625
17411,-0.00390625
17412,7.99609
17413,-8
17414,0.03125
17415,0.0273438
17416,0.0351563
17417,-0.03125
17418,-0.0351563
17419,-0.0273438
17420,4.76563
17421,4.91016
17422,5.05469
17423,5.19922
17424,5.34375
17425,0
17426,0.00390625
17427,-0.00390625
17428,7.99609
17429,-8
17430,0.03125
17431,0.0273438
17432,0.0351563
17433,-0.03125
17434,-0.0351563
17435,-0.0273438
17436,7.07813
17437,7.22266
17438,7.36719
17439,7.51172
17440,7.65625
17441,0
17442,0.00390625
17443,-0.00390625
17444,7.99609
17445,-8
17446,0.03125
17447,0.0273438
17448,0.0351563
17449,-0.03125
17450,-0.0351563
17451,-0.0273438
17452,-6.60938
17453,-6.46484
17454,-6.32031
17455,-6.17578
17456,-6.03125
17457,0
17458,0.00390625
17459,-0.00390625
17460,7.99609
17461,-8
17462,0.03125
17463,0.0273438
17464,0.0351563
17465,-0.03125
17466,-0.0351563
17467,-0.0273438
17468,-4.29688
17469,-4.15234
17470,-4.00781
17471,-3.86328
17472,-3.71875
17473,0
17474,0.00390625
17475,-0.00390625
17476,7.99609
17477,-8
17478,0.03125
17479,0.0273438
17480,0.0351563
17481,-0.03125
17482,-0.0351563
17483,-0.0273438
17484,-1.98438
17485,-1.83984
17486,-1.69531
17487,-1.55078
17488,-1.40625
17489,0
17490,0.00390625
17491,-0.00390625
17492,7.99609
17493,-8
17494,0.03125
17495,0.0273438
17496,0.0351563
17497,-0.03125
17498,-0.0351563
17499,-0.0273438
17500,0.328125
17501,0.472656
17502,0.617188
17503,0.761719
17504,0.90625
17505,0
17506,0.00390625
17507,-0.00390625
17508,7.99609
17509,-8
17510,0.03125
17511,0.0273438
17512,0.0351563
17513,-0.03125
17514,-0.0351563
17515,-0.0273438
17516,2.64063
17517,2.78516
17518,2.92969
17519,3.07422
17520,3.21875
17521,0
17522,0.00390625
17523,-0.00390625
17524,7.99609
17525,-8
17526,0.03125
17527,0.0273438
17528,0.0351563
17529,-0.03125
17530,-0.0351563
17531,-0.0273438
17532,4.95313
17533,5.09766
17534,5.24219
17535,5.38672
17536,5.53125
17537,0
17538,0.00390625
17539,-0.00390625
17540,7.99609
17541,-8
17542,0.03125
17543,0.0273438
17544,0.0351563
17545,-0.03125
17546,-0.0351563
17547,-0.0273438
17548,7.26563
17549,7.41016
17550,7.55469
17551,7.69922
17552,7.84375
17553,0
17554,0.00390625
17555,-0.00390625
17556,7.99609
17557,-8
17558,0.03125
17559,0.0273438
17560,0.0351563
17561,-0.03125
17562,-0.0351563
17563,-0.0273438
17564,-6.42188
17565,-6.27734
17566,-6.13281
17567,-5.98828
17568,-5.84375
17569,0
17570,0.00390625
17571,-0.00390625
17572,7.99609
17573,-8
17574,0.03125
17575,0.0273438
17576,0.0351563
17577,-0.03125
17578,-0.0351563
17579,-0.0273438
17580,-4.10938
17581,-3.96484
17582,-3.82031
17583,-3.67578
17584,-3.53125
17585,0
17586,0.00390625
17587,-0.00390625
17588,7.99609
17589,-8
17590,0.03125
17591,0.0273438
17592,0.0351563
17593,-0.03125
17594,-0.0351563
17595,-0.0273438
17596,-1.79688
17597,-1.65234
17598,-1.50781
17599,-1.36328
17600,-1.21875
17601,0
17602,0.00390625
17603,-0.00390625
17604,7.99609
17605,-8
17606,0.03125
17607,0.0273438
17608,0.0351563
17609,-0.03125
17610,-0.0351563
17611,-0.0273438
17612,0.515625
17613,0.660156
17614,0.804688
17615,0.949219
17616,1.09375
17617,0
17618,0.00390625
17619,-0.00390625
17620,7.99609
17621,-8
17622,0.03125
17623,0.0273438
17624,0.0351563
17625,-0.03125
17626,-0.0351563
17627,-0.0273438
17628,2.82813
17629,2.97266
17630,3.11719
17631,3.26172
17632,3.40625
17633,0
17634,0.00390625
17635,-0.00390625
17636,7.99609
17637,-8
17638,0.03125
17639,0.0273438
17640,0.0351563
17641,-0.03125
17642,-0.0351563
17643,-0.0273438
17644,5.14063
17645,5.28516
17646,5.42969
17647,5.57422
17648,5.71875
17649,0
17650,0.00390625
17651,-0.00390625
17652,7.99609
17653,-8
17654,0.03125
17655,0.0273438
17656,0.0351563
17657,-0.03125
17658,-0.0351563
17659,-0.0273438
17660,7.45313
17661,7.59766
17662,7.74219
17663,7.88672
17664,-7.96875
17665,0
17666,0.00390625
17667,-0.00390625
17668,7.99609
17669,-8
17670,0.03125
17671,0.0273438
17672,0.0351563
17673,-0.03125
17674,-0.0351563
17675,-0.0273438
17676,-6.23438
17677,-6.08984
17678,-5.94531
17679,-5.80078
17680,-5.65625
17681,0
17682,0.00390625
17683,-0.00390625
17684,7.99609
17685,-8
17686,0.03125
17687,0.0273438
17688,0.0351563
17689,-0.03125
17690,-0.0351563
17691,-0.0273438
17692,-3.92188
17693,-3.77734
17694,-3.63281
17695,-3.48828
17696,-3.34375
17697,0
17698,0.00390625
17699,-0.00390625
17700,7.99609
17701,-8
17702,0.03125
17703,0.0273438
17704,0.0351563
17705,-0.03125
17706,-0.0351563
17707,-0.0273438
17708,-1.60938
17709,-1.46484
17710,-1.32031
17711,-1.17578
17712,-1.03125
17713,0
17714,0.00390625
17715,-0.00390625
17716,7.99609
17717,-8
17718,0.03125
17719,0.0273438
17720,0.0351563
17721,-0.03125
17722,-0.0351563
17723,-0.0273438
17724,0.703125
17725,0.847656
17726,0.992188
17727,1.13672
17728,1.28125
17729,0
17730,0.00390625
17731,-0.00390625
17732,7.99609
17733,-8
17734,0.03125
17735,0.0273438
17736,0.0351563
17737,-0.03125
17738,-0.0351563
17739,-0.0273438
17740,3.01563
17741,3.16016
17742,3.30469
17743,3.44922
17744,3.59375
17745,0
17746,0.00390625
17747,-0.00390625
17748,7.99609
17749,-8
17750,0.03125
17751,0.0273438
17752,0.0351563
17753,-0.03125
17754,-0.0351563
17755,-0.0273438
17756,5.32813
17757,5.47266
17758,5.61719
17759,5.76172
17760,5.90625
17761,0
17762,0.00390625
17763,-0.00390625
17764,7.99609
17765,-8
17766,0.03125
17767,0.0273438
17768,0.0351563
17769,-0.03125
17770,-0.0351563
17771,-0.0273438
17772,7.64063
17773,7.78516
17774,7.92969
17775,-7.92578
17776,-7.78125
17777,0
17778,0.00390625
17779,-0.00390625
17780,7.99609
17781,-8
17782,0.03125
17783,0.0273438
17784,0.0351563
17785,-0.03125
17786,-0.0351563
17787,-0.0273438
17788,-6.04688
17789,-5.90234
17790,-5.75781
17791,-5.61328
17792,-5.46875
17793,0
17794,0.00390625
17795,-0.00390625
17796,7.99609
17797,-8
17798,0.03125
17799,0.0273438
17800,0.0351563
17801,-0.03125
17802,-0.0351563
17803,-0.0273438
17804,-3.73438
17805,-3.58984
17806,-3.44531
17807,-3.30078
17808,-3.15625
17809,0
17810,0.00390625
17811,-0.00390625
17812,7.99609
17813,-8
17814,0.03125
17815,0.0273438
17816,0.0351563
17817,-0.03125
17818,-0.0351563
17819,-0.0273438
17820,-1.42188
17821,-1.27734
17822,-1.13281
17823,-0.988281
17824,-0.84375
17825,0
17826,0.00390625
17827,-0.00390625
17828,7.99609
17829,-8
17830,0.03125
17831,0.0273438
17832,0.0351563
17833,-0.03125
17834,-0.0351563
17835,-0.0273438
17836,0.890625
17837,1.03516
17838,1.17969
17839,1.32422
17840,1.46875
17841,0
17842,0.00390625
17843,-0.00390625
17844,7.99609
17845,-8
17846,0.03125
17847,0.0273438
17848,0.0351563
17849,-0.03125
17850,-0.0351563
17851,-0.0273438
17852,3.20313
17853,3.34766
17854,3.49219
17855,3.63672
17856,3.78125
17857,0
17858,0.00390625
17859,-0.00390625
17860,7.99609
17861,-8
17862,0.03125
17863,0.0273438
17864,0.0351563
17865,-0.03125
17866,-0.0351563
17867,-0.0273438
17868,5.51563
17869,5.66016
17870,5.80469
17871,5.94922
17872,6.09375
17873,0
17874,0.00390625
17875,-0.00390625
17876,7.99609
17877,-8
17878,0.03125
17879,0.0273438
17880,0.0351563
17881,-0.03125
17882,-0.0351563
17883,-0.0273438
17884,7.82813
17885,7.97266
17886,-7.88281
17887,-7.73828
17888,-7.59375
17889,0
17890,0.00390625
17891,-0.00390625
17892,7.99609
17893,-8
17894,0.03125
17895,0.0273438
17896,0.0351563
17897,-0.03125
17898,-0.0351563
17899,-0.0273438
17900,-5.85938
17901,-5.71484
17902,-5.57031
17903,-5.42578
17904,-5.28125
17905,0
17906,0.00390625
17907,-0.00390625
17908,7.99609
17909,-8
17910,0.03125
17911,0.0273438
17912,0.0351563
17913,-0.03125
17914,-0.0351563
17915,-0.0273438
17916,-3.54688
17917,-3.40234
17918,-3.25781
17919,-3.11328
17920,-2.96875
17921,0
17922,0.00390625
17923,-0.00390625
17924,7.99609
17925,-8
17926,0.03125
17927,0.0273438
17928,0.0351563
17929,-0.03125
17930,-0.0351563
17931,-0.0273438
17932,-1.23438
17933,-1.08984
17934,-0.945313
17935,-0.800781
17936,-0.65625
17937,0
17938,0.00390625
17939,-0.00390625
17940,7.99609
17941,-8
17942,0.03125
17943,0.0273438
17944,0.0351563
17945,-0.03125
17946,-0.0351563
17947,-0.0273438
17948,1.07813
17949,1.22266
17950,1.36719
17951,1.51172
17952,1.65625
17953,0
17954,0.00390625
17955,-0.00390625
17956,7.99609
17957,-8
17958,0.03125
17959,0.0273438
17960,0.0351563
17961,-0.03125
17962,-0.0351563
17963,-0.0273438
17964,3.39063
17965,3.53516
17966,3.67969
17967,3.82422
17968,3.96875
17969,0
17970,0.00390625
17971,-0.00390625
17972,7.99609
17973,-8
17974,0.03125
17975,0.0273438
17976,0.0351563
17977,-0.03125
17978,-0.0351563
17979,-0.0273438
17980,5.70313
17981,5.84766
17982,5.99219
17983,6.13672
17984,6.28125
17985,0
17986,0.00390625
17987,-0.00390625
17988,7.99609
17989,-8
17990,0.03125
17991,0.0273438
17992,0.0351563
17993,-0.03125
17994,-0.0351563
17995,-0.0273438
17996,-7.98438
17997,-7.83984
17998,-7.69531
17999,-7.55078
18000,-7.40625
18001,0
18002,0.00390625
18003,-0.00390625
18004,7.99609
18005,-8
18006,0.03125
18007,0.0273438
18008,0.0351563
18009,-0.03125
18010,-0.0351563
18011,-0.0273438
18012,-5.67188
18013,-5.52734
18014,-5.38281
18015,-5.23828
18016,-5.09375
18017,0
18018,0.00390625
18019,-0.00390625
18020,7.99609
18021,-8
18022,0.03125
18023,0.0273438
18024,0.0351563
18025,-0.03125
18026,-0.0351563
18027,-0.0273438
18028,-3.35938
18029,-3.21484
18030,-3.07031
18031,-2.92578
18032,-2.78125
18033,0
18034,0.00390625
18035,-0.00390625
18036,7.99609
18037,-8
18038,0.03125
18039,0.0273438
18040,0.0351563
18041,-0.03125
18042,-0.0351563
18043,-0.0273438
18044,-1.04688
18045,-0.902344
18046,-0.757813
18047,-0.613281
18048,-0.46875
18049,0
18050,0.00390625
18051,-0.00390625
18052,7.99609
18053,-8
18054,0.03125
18055,0.0273438
18056,0.0351563
18057,-0.03125
18058,-0.0351563
18059,-0.0273438
18060,1.26563
18061,1.41016
18062,1.55469
18063,1.69922
18064,1.84375
18065,0
18066,0.00390625
18067,-0.00390625
18068,7.99609
18069,-8
18070,0.03125
18071,0.0273438
18072,0.0351563
18073,-0.03125
18074,-0.0351563
18075,-0.0273438
18076,3.57813
18077,3.72266
18078,3.86719
18079,4.01172
18080,4.15625
18081,0
18082,0.00390625
18083,-0.00390625
18084,7.99609
18085,-8
18086,0.03125
18087,0.0273438
18088,0.0351563
18089,-0.03125
18090,-0.0351563
18091,-0.0273438
18092,5.89063
18093,6.03516
18094,6.17969
18095,6.32422
18096,6.46875
18097,0
18098,0.00390625
18099,-0.00390625
18100,7.99609
18101,-8
18102,0.03125
18103,0.0273438
18104,0.0351563
18105,-0.03125
18106,-0.0351563
18107,-0.0273438
18108,-7.79688
18109,-7.65234
18110,-7.50781
18111,-7.36328
18112,-7.21875
18113,0
18114,0.00390625
18115,-0.00390625
18116,7.99609
18117,-8
18118,0.03125
18119,0.0273438
18120,0.0351563
18121,-0.03125
18122,-0.0351563
18123,-0.0273438
18124,-5.48438
18125,-5.33984
18126,-5.19531
18127,-5.05078
18128,-4.90625
18129,0
18130,0.00390625
18131,-0.00390625
18132,7.99609
18133,-8
18134,0.03125
18135,0.0273438
18136,0.0351563
18137,-0.03125
18138,-0.0351563
18139,-0.0273438
18140,-3.17188
18141,-3.02734
18142,-2.88281
18143,-2.73828
18144,-2.59375
18145,0
18146,0.00390625
18147,-0.00390625
18148,7.99609
18149,-8
18150,0.03125
18151,0.0273438
18152,0.0351563
18153,-0.03125
18154,-0.0351563
18155,-0.0273438
18156,-0.859375
18157,-0.714844
18158,-0.570313
18159,-0.425781
18160,-0.28125
18161,0
18162,0.00390625
18163,-0.00390625
18164,7.99609
18165,-8
18166,0.03125
18167,0.0273438
18168,0.0351563
18169,-0.03125
18170,-0.0351563
18171,-0.0273438
18172,1.45313
18173,1.59766
18174,1.74219
18175,1.88672
18176,2.03125
18177,0
18178,0.00390625
18179,-0.00390625
18180,7.99609
18181,-8
18182,0.03125
18183,0.0273438
18184,0.0351563
18185,-0.03125
18186,-0.0351563
18187,-0.0273438
18188,3.76563
18189,3.91016
18190,4.05469
18191,4.19922
18192,4.34375
18193,0
18194,0.00390625
18195,-0.00390625
18196,7.99609
18197,-8
18198,0.03125
18199,0.0273438
18200,0.0351563
18201,-0.03125
18202,-0.0351563
18203,-0.0273438
18204,6.07813
18205,6.22266
18206,6.36719
18207,6.51172
18208,6.65625
18209,0
18210,0.00390625
18211,-0.00390625
18212,7.99609
18213,-8
18214,0.03125
18215,0.0273438
18216,0.0351563
18217,-0.03125
18218,-0.0351563
18219,-0.0273438
18220,-7.60938
18221,-7.46484
18222,-7.32031
18223,-7.17578
18224,-7.03125
18225,0
18226,0.00390625
18227,-0.00390625
18228,7.99609
18229,-8
18230,0.03125
18231,0.0273438
18232,0.0351563
18233,-0.03125
18234,-0.0351563
18235,-0.0273438
18236,-5.29688
18237,-5.15234
18238,-5.00781
18239,-4.86328
18240,-4.71875
18241,0
18242,0.00390625
18243,-0.00390625
18244,7.99609
18245,-8
18246,0.03125
18247,0.0273438
18248,0.0351563
18249,-0.03125
18250,-0.0351563
18251,-0.0273438
18252,-2.98438
18253,-2.83984
18254,-2.69531
18255,-2.55078
18256,-2.40625
18257,0
18258,0.00390625
18259,-0.00390625
18260,7.99609
18261,-8
18262,0.03125
18263,0.0273438
18264,0.0351563
18265,-0.03125
18266,-0.0351563
18267,-0.0273438
18268,-0.671875
18269,-0.527344
18270,-0.382813
18271,-0.238281
18272,-0.09375
18273,0
18274,0.00390625
18275,-0.00390625
18276,7.99609
18277,-8
18278,0.03125
18279,0.0273438
18280,0.0351563
18281,-0.03125
18282,-0.0351563
18283,-0.0273438
18284,1.64063
18285,1.78516
18286,1.92969
18287,2.07422
18288,2.21875
18289,0
18290,0.00390625
18291,-0.00390625
18292,7.99609
18293,-8
18294,0.03125
18295,0.0273438
18296,0.0351563
18297,-0.03125
18298,-0.0351563
18299,-0.0273438
18300,3.95313
18301,4.09766
18302,4.24219
18303,4.38672
18304,4.53125
18305,0
18306,0.00390625
18307,-0.00390625
18308,7.99609
18309,-8
18310,0.03125
18311,0.0273438
18312,0.0351563
18313,-0.03125
18314,-0.0351563
18315,-0.0273438
18316,6.26563
18317,6.41016
18318,6.55469
18319,6.69922
18320,6.84375
18321,0
18322,0.00390625
18323,-0.00390625
18324,7.99609
18325,-8
18326,0.03125
18327,0.0273438
18328,0.0351563
18329,-0.03125
18330,-0.0351563
18331,-0.0273438
18332,-7.42188
18333,-7.27734
18334,-7.13281
18335,-6.98828
18336,-6.84375
18337,0
18338,0.00390625
18339,-0.00390625
18340,7.99609
18341,-8
18342,0.03125
18343,0.0273438
18344,0.0351563
18345,-0.03125
18346,-0.0351563
18347,-0.0273438
18348,-5.10938
18349,-4.96484
18350,-4.82031
18351,-4.67578
18352,-4.53125
18353,0
18354,0.00390625
18355,-0.00390625
18356,7.99609
18357,-8
18358,0.03125
18359,0.0273438
18360,0.0351563
18361,-0.03125
18362,-0.0351563
18363,-0.0273438
18364,-2.79688
18365,-2.65234
18366,-2.50781
18367,-2.36328
18368,-2.21875
18369,0
18370,0.00390625
18371,-0.00390625
18372,7.99609
18373,-8
18374,0.03125
18375,0.0273438
18376,0.0351563
18377,-0.03125
18378,-0.0351563
18379,-0.0273438
18380,-0.484375
18381,-0.339844
18382,-0.195313
18383,-0.0507813
18384,0.09375
18385,0
18386,0.00390625
18387,-0.00390625
18388,7.99609
18389,-8
18390,0.03125
18391,0.0273438
18392,0.0351563
18393,-0.03125
18394,-0.0351563
18395,-0.0273438
18396,1.82813
18397,1.97266
18398,2.11719
18399,2.26172
18400,2.40625
18401,0
18402,0.00390625
18403,-0.00390625
18404,7.99609
18405,-8
18406,0.03125
18407,0.0273438
18408,0.0351563
18409,-0.03125
18410,-0.0351563
18411,-0.0273438
18412,4.14063
18413,4.28516
18414,4.42969
18415,4.57422
18416,4.71875
18417,0
18418,0.00390625
18419,-0.00390625
18420,7.99609
18421,-8
18422,0.03125
18423,0.0273438
18424,0.0351563
18425,-0.03125
18426,-0.0351563
18427,-0.0273438
18428,6.45313
18429,6.59766
18430,6.74219
18431,6.88672
18432,7.03125
18433,0
18434,0.00390625
18435,-0.00390625
18436,7.99609
18437,-8
18438,0.03125
18439,0.0273438
18440,0.0351563
18441,-0.03125
18442,-0.0351563
18443,-0.0273438
18444,-7.23438
18445,-7.08984
18446,-6.94531
18447,-6.80078
18448,-6.65625
18449,0
18450,0.00390625
18451,-0.00390625
18452,7.99609
18453,-8
18454,0.03125
18455,0.0273438
18456,0.0351563
18457,-0.03125
18458,-0.0351563
18459,-0.0273438
18460,-4.92188
18461,-4.77734
18462,-4.63281
18463,-4.48828
18464,-4.34375
18465,0
18466,0.00390625
18467,-0.00390625
18468,7.99609
18469,-8
18470,0.03125
18471,0.0273438
18472,0.0351563
18473,-0.03125
18474,-0.0351563
18475,-0.0273438
18476,-2.60938
18477,-2.46484
18478,-2.32031
18479,-2.17578
18480,-2.03125
18481,0
18482,0.00390625
18483,-0.00390625
18484,7.99609
18485,-8
18486,0.03125
18487,0.0273438
18488,0.0351563
18489,-0.03125
18490,-0.0351563
18491,-0.0273438
18492,-0.296875
18493,-0.152344
18494,-0.0078125
18495,0.136719
18496,0.28125
18497,0
18498,0.00390625
18499,-0.00390625
18500,7.99609
18501,-8
18502,0.03125
18503,0.0273438
18504,0.0351563
18505,-0.03125
18506,-0.0351563
18507,-0.0273438
18508,2.01563
18509,2.16016
18510,2.30469
18511,2.44922
18512,2.59375
18513,0
18514,0.00390625
18515,-0.00390625
18516,7.99609
18517,-8
18518,0.03125
18519,0.0273438
18520,0.0351563
18521,-0.03125
18522,-0.0351563
18523,-0.0273438
18524,4.32813
18525,4.47266
18526,4.61719
18527,4.76172
18528,4.90625
18529,0
18530,0.00390625
18531,-0.00390625
18532,7.99609
18533,-8
18534,0.03125
18535,0.0273438
18536,0.0351563
18537,-0.03125
18538,-0.0351563
18539,-0.0273438
18540,6.64063
18541,6.78516
18542,6.92969
18543,7.07422
18544,7.21875
18545,0
18546,0.00390625
18547,-0.00390625
18548,7.99609
18549,-8
18550,0.03125
18551,0.0273438
18552,0.0351563
18553,-0.03125
18554,-0.0351563
18555,-0.0273438
18556,-7.04688
18557,-6.90234
18558,-6.75781
18559,-6.61328
18560,-6.46875
18561,0
18562,0.00390625
18563,-0.00390625
18564,7.99609
18565,-8
18566,0.03125
18567,0.0273438
18568,0.0351563
18569,-0.03125
18570,-0.0351563
18571,-0.0273438
18572,-4.73438
18573,-4.58984
18574,-4.44531
18575,-4.30078
18576,-4.15625
18577,0
18578,0.00390625
18579,-0.00390625
18580,7.99609
18581,-8
18582,0.03125
18583,0.0273438
18584,0.0351563
18585,-0.03125
18586,-0.0351563
18587,-0.0273438
18588,-2.42188
18589,-2.27734
18590,-2.13281
18591,-1.98828
18592,-1.84375
18593,0
18594,0.00390625
18595,-0.00390625
18596,7.99609
18597,-8
18598,0.03125
18599,0.0273438
18600,0.0351563
18601,-0.03125
18602,-0.0351563
18603,-0.0273438
18604,-0.109375
18605,0.0351563
18606,0.179688
18607,0.324219
18608,0.46875
18609,0
18610,0.00390625
18611,-0.00390625
18612,7.99609
18613,-8
18614,0.03125
18615,0.0273438
18616,0.0351563
18617,-0.03125
18618,-0.0351563
18619,-0.0273438
18620,2.20313
18621,2.34766
18622,2.49219
18623,2.63672
18624,2.78125
18625,0
18626,0.00390625
18627,-0.00390625
18628,7.99609
18629,-8
18630,0.03125
18631,0.0273438
18632,0.0351563
18633,-0.03125
18634,-0.0351563
18635,-0.0273438
18636,4.51563
18637,4.66016
18638,4.80469
18639,4.94922
18640,5.09375
18641,0
18642,0.00390625
18643,-0.00390625
18644,7.99609
18645,-8
18646,0.03125
18647,0.0273438
18648,0.0351563
18649,-0.03125
18650,-0.0351563
18651,-0.0273438
18652,6.82813
18653,6.97266
18654,7.11719
18655,7.26172
18656,7.40625
18657,0
18658,0.00390625
18659,-0.00390625
18660,7.99609
18661,-8
18662,0.03125
18663,0.0273438
18664,0.0351563
18665,-0.03125
18666,-0.0351563
18667,-0.0273438
18668,-6.85938
18669,-6.71484
18670,-6.57031
18671,-6.42578
18672,-6.28125
18673,0
18674,0.00390625
18675,-0.00390625
18676,7.99609
18677,-8
18678,0.03125
18679,0.0273438
18680,0.0351563
18681,-0.03125
18682,-0.0351563
18683,-0.0273438
18684,-4.54688
18685,-4.40234
18686,-4.25781
18687,-4.11328
18688,-3.96875
18689,0
18690,0.00390625
18691,-0.00390625
18692,7.99609
18693,-8
18694,0.03125
18695,0.0273438
18696,0.0351563
18697,-0.03125
18698,-0.0351563
18699,-0.0273438
18700,-2.23438
18701,-2.08984
18702,-1.94531
18703,-1.80078
18704,-1.65625
18705,0
18706,0.00390625
18707,-0.00390625
18708,7.99609
18709,-8
18710,0.03125
18711,0.0273438
18712,0.0351563
18713,-0.03125
18714,-0.0351563
18715,-0.0273438
18716,0.078125
18717,0.222656
18718,0.367188
18719,0.511719
18720,0.65625
18721,0
18722,0.00390625
18723,-0.00390625
18724,7.99609
18725,-8
18726,0.03125
18727,0.0273438
18728,0.0351563
18729,-0.03125
18730,-0.0351563
18731,-0.0273438
18732,2.39063
18733,2.53516
18734,2.67969
18735,2.82422
18736,2.96875
18737,0
18738,0.00390625
18739,-0.00390625
18740,7.99609
18741,-8
18742,0.03125
18743,0.0273438
18744,0.0351563
18745,-0.03125
18746,-0.0351563
18747,-0.0273438
18748,4.70313
18749,4.84766
18750,4.99219
18751,5.13672
18752,5.28125
18753,0
18754,0.00390625
18755,-0.00390625
18756,7.99609
18757,-8
18758,0.03125
18759,0.0273438
18760,0.0351563
18761,-0.03125
18762,-0.0351563
18763,-0.0273438
18764,7.01563
18765,7.16016
18766,7.30469
18767,7.44922
18768,7.59375
18769,0
18770,0.00390625
18771,-0.00390625
18772,7.99609
18773,-8
18774,0.03125
18775,0.0273438
18776,0.0351563
18777,-0.03125
18778,-0.0351563
18779,-0.0273438
18780,-6.67188
18781,-6.52734
18782,-6.38281
18783,-6.23828
18784,-6.09375
18785,0
18786,0.00390625
18787,-0.00390625
18788,7.99609
18789,-8
18790,0.03125
18791,0.0273438
18792,0.0351563
18793,-0.03125
18794,-0.0351563
18795,-0.0273438
18796,-4.35938
18797,-4.21484
18798,-4.07031
18799,-3.92578
18800,-3.78125
18801,0
18802,0.00390625
18803,-0.00390625
18804,7.99609
18805,-8
18806,0.03125
18807,0.0273438
18808,0.0351563
18809,-0.03125
18810,-0.0351563
18811,-0.0273438
18812,-2.04688
18813,-1.90234
18814,-1.75781
18815,-1.61328
18816,-1.46875
18817,0
18818,0.00390625
18819,-0.00390625
18820,7.99609
18821,-8
18822,0.03125
18823,0.0273438
18824,0.0351563
18825,-0.03125
18826,-0.0351563
18827,-0.0273438
18828,0.265625
18829,0.410156
18830,0.554688
18831,0.699219
18832,0.84375
18833,0
18834,0.00390625
18835,-0.00390625
18836,7.99609
18837,-8
18838,0.03125
18839,0.0273438
18840,0.0351563
18841,-0.03125
18842,-0.0351563
18843,-0.0273438
18844,2.57813
18845,2.72266
18846,2.86719
18847,3.01172
18848,3.15625
18849,0
18850,0.00390625
18851,-0.00390625
18852,7.99609
18853,-8
18854,0.03125
18855,0.0273438
18856,0.0351563
18857,-0.03125
18858,-0.0351563
18859,-0.0273438
18860,4.89063
18861,5.03516
18862,5.17969
18863,5.32422
18864,5.46875
18865,0
18866,0.00390625
18867,-0.00390625
18868,7.99609
18869,-8
18870,0.03125
18871,0.0273438
18872,0.0351563
18873,-0.03125
18874,-0.0351563
18875,-0.0273438
18876,7.20313
18877,7.34766
18878,7.49219
18879,7.63672
18880,7.78125
18881,0
18882,0.00390625
18883,-0.00390625
18884,7.99609
18885,-8
18886,0.03125
18887,0.0273438
18888,0.0351563
18889,-0.03125
18890,-0.0351563
18891,-0.0273438
18892,-6.48438
18893,-6.33984
18894,-6.19531
18895,-6.05078
18896,-5.90625
18897,0
18898,0.00390625
18899,-0.00390625
18900,7.99609
18901,-8
18902,0.03125
18903,0.0273438
18904,0.0351563
18905,-0.03125
18906,-0.0351563
18907,-0.0273438
18908,-4.17188
18909,-4.02734
18910,-3.88281
18911,-3.73828
18912,-3.59375
18913,0
18914,0.00390625
18915,-0.00390625
18916,7.99609
18917,-8
18918,0.03125
18919,0.0273438
18920,0.0351563
18921,-0.03125
18922,-0.0351563
18923,-0.0273438
18924,-1.85938
18925,-1.71484
18926,-1.57031
18927,-1.42578
18928,-1.28125
18929,0
18930,0.00390625
18931,-0.00390625
18932,7.99609
18933,-8
18934,0.03125
18935,0.0273438
18936,0.0351563
18937,-0.03125
18938,-0.0351563
18939,-0.0273438
18940,0.453125
18941,0.597656
18942,0.742188
18943,0.886719
18944,1.03125
18945,0
18946,0.00390625
18947,-0.00390625
18948,7.99609
18949,-8
18950,0.03125
18951,0.0273438
18952,0.0351563
18953,-0.03125
18954,-0.0351563
18955,-0.0273438
18956,2.76563
18957,2.91016
18958,3.05469
18959,3.19922
18960,3.34375
18961,0
18962,0.00390625
18963,-0.00390625
18964,7.99609
18965,-8
18966,0.03125
18967,0.0273438
18968,0.0351563
18969,-0.03125
18970,-0.0351563
18971,-0.0273438
18972,5.07813
18973,5.22266
18974,5.36719
18975,5.51172
18976,5.65625
18977,0
18978,0.00390625
18979,-0.00390625
18980,7.99609
18981,-8
18982,0.03125
18983,0.0273438
18984,0.0351563
18985,-0.03125
18986,-0.0351563
18987,-0.0273438
18988,7.39063
18989,7.53516
18990,7.67969
18991,7.82422
18992,7.96875
18993,0
18994,0.00390625
18995,-0.00390625
18996,7.99609
18997,-8
18998,0.03125
18999,0.0273438
19000,0.0351563
19001,-0.03125
19002,-0.0351563
19003,-0.0273438
19004,-6.29688
19005,-6.15234
19006,-6.00781
19007,-5.86328
19008,-5.71875
19009,0
19010,0.00390625
19011,-0.00390625
19012,7.99609
19013,-8
19014,0.03125
19015,0.0273438
19016,0.0351563
19017,-0.03125
19018,-0.0351563
19019,-0.0273438
19020,-3.98438
19021,-3.83984
19022,-3.69531
19023,-3.55078
19024,-3.40625
19025,0
19026,0.00390625
19027,-0.00390625
19028,7.99609
19029,-8
19030,0.03125
19031,0.0273438
19032,0.0351563
19033,-0.03125
19034,-0.0351563
19035,-0.0273438
19036,-1.67188
19037,-1.52734
19038,-1.38281
19039,-1.23828
19040,-1.09375
19041,0
19042,0.00390625
19043,-0.00390625
19044,7.99609
19045,-8
19046,0.03125
19047,0.0273438
19048,0.0351563
19049,-0.03125
19050,-0.0351563
19051,-0.0273438
19052,0.640625
19053,0.785156
19054,0.929688
19055,1.07422
19056,1.21875
19057,0
19058,0.00390625
19059,-0.00390625
19060,7.99609
19061,-8
19062,0.03125
19063,0.0273438
19064,0.0351563
19065,-0.03125
19066,-0.0351563
19067,-0.0273438
19068,2.95313
19069,3.09766
19070,3.24219
19071,3.38672
19072,3.53125
19073,0
19074,0.00390625
19075,-0.00390625
19076,7.99609
19077,-8
19078,0.03125
19079,0.0273438
19080,0.0351563
19081,-0.03125
19082,-0.0351563
19083,-0.0273438
19084,5.26563
19085,5.41016
19086,5.55469
19087,5.69922
19088,5.84375
19089,0
19090,0.00390625
19091,-0.00390625
19092,7.99609
19093,-8
19094,0.03125
19095,0.0273438
19096,0.0351563
19097,-0.03125
19098,-0.0351563
19099,-0.0273438
19100,7.57813
19101,7.72266
19102,7.86719
19103,-7.98828
19104,-7.84375
19105,0
19106,0.00390625
19107,-0.00390625
19108,7.99609
19109,-8
19110,0.03125
19111,0.0273438
19112,0.0351563
19113,-0.03125
19114,-0.0351563
19115,-0.0273438
19116,-6.10938
19117,-5.96484
19118,-5.82031
19119,-5.67578
19120,-5.53125
19121,0
19122,0.00390625
19123,-0.00390625
19124,7.99609
19125,-8
19126,0.03125
19127,0.0273438
19128,0.0351563
19129,-0.03125
19130,-0.0351563
19131,-0.0273438
19132,-3.79688
19133,-3.65234
19134,-3.50781
19135,-3.36328
19136,-3.21875
19137,0
19138,0.00390625
19139,-0.00390625
19140,7.99609
19141,-8
19142,0.03125
19143,0.0273438
19144,0.0351563
19145,-0.03125
19146,-0.0351563
19147,-0.0273438
19148,-1.48438
19149,-1.33984
19150,-1.19531
19151,-1.05078
19152,-0.90625
19153,0
19154,0.00390625
19155,-0.00390625
19156,7.99609
19157,-8
19158,0.03125
19159,0.0273438
19160,0.0351563
19161,-0.03125
19162,-0.0351563
19163,-0.0273438
19164,0.828125
19165,0.972656
19166,1.11719
19167,1.26172
19168,1.40625
19169,0
19170,0.00390625
19171,-0.00390625
19172,7.99609
19173,-8
19174,0.03125
19175,0.0273438
19176,0.0351563
19177,-0.03125
19178,-0.0351563
19179,-0.0273438
19180,3.14063
19181,3.28516
19182,3.42969
19183,3.57422
19184,3.71875
19185,0
19186,0.00390625
19187,-0.00390625
19188,7.99609
19189,-8
19190,0.03125
19191,0.0273438
19192,0.0351563
19193,-0.03125
19194,-0.0351563
19195,-0.0273438
19196,5.45313
19197,5.59766
19198,5.74219
19199,5.88672
19200,6.03125
19201,0
19202,0.00390625
19203,-0.00390625
19204,7.99609
19205,-8
19206,0.03125
19207,0.0273438
19208,0.0351563
19209,-0.03125
19210,-0.0351563
19211,-0.0273438
19212,7.76563
19213,7.91016
19214,-7.94531
19215,-7.80078
19216,-7.65625
19217,0
19218,0.00390625
19219,-0.00390625
19220,7.99609
19221,-8
19222,0.03125
19223,0.0273438
19224,0.0351563
19225,-0.03125
19226,-0.0351563
19227,-0.0273438
19228,-5.92188
19229,-5.77734
19230,-5.63281
19231,-5.48828
19232,-5.34375
19233,0
19234,0.00390625
19235,-0.00390625
19236,7.99609
19237,-8
19238,0.03125
19239,0.0273438
19240,0.0351563
19241,-0.03125
19242,-0.0351563
19243,-0.0273438
19244,-3.60938
19245,-3.46484
19246,-3.32031
19247,-3.17578
19248,-3.03125
19249,0
19250,0.00390625
19251,-0.00390625
19252,7.99609
19253,-8
19254,0.03125
19255,0.0273438
19256,0.0351563
19257,-0.03125
19258,-0.0351563
19259,-0.0273438
19260,-1.29688
19261,-1.15234
19262,-1.00781
19263,-0.863281
19264,-0.71875
19265,0
19266,0.00390625
19267,-0.00390625
19268,7.99609
19269,-8
19270,0.03125
19271,0.0273438
19272,0.0351563
19273,-0.03125
19274,-0.0351563
19275,-0.0273438
19276,1.01563
19277,1.16016
19278,1.30469
19279,1.44922
19280,1.59375
19281,0
19282,0.00390625
19283,-0.00390625
19284,7.99609
19285,-8
19286,0.03125
19287,0.0273438
19288,0.0351563
19289,-0.03125
19290,-0.0351563
19291,-0.0273438
19292,3.32813
19293,3.47266
19294,3.61719
19295,3.76172
19296,3.90625
19297,0
19298,0.00390625
19299,-0.00390625
19300,7.99609
19301,-8
19302,0.03125
19303,0.0273438
19304,0.0351563
19305,-0.03125
19306,-0.0351563
19307,-0.0273438
19308,5.64063
19309,5.78516
19310,5.92969
19311,6.07422
19312,6.21875
19313,0
19314,0.00390625
19315,-0.00390625
19316,7.99609
19317,-8
19318,0.03125
19319,0.0273438
19320,0.0351563
19321,-0.03125
19322,-0.0351563
19323,-0.0273438
19324,7.95313
19325,-7.90234
19326,-7.75781
19327,-7.61328
19328,-7.46875
19329,0
19330,0.00390625
19331,-0.00390625
19332,7.99609
19333,-8
19334,0.03125
19335,0.0273438
19336,0.0351563
19337,-0.03125
19338,-0.0351563
19339,-0.0273438
19340,-5.73438
19341,-5.58984
19342,-5.44531
19343,-5.30078
19344,-5.15625
19345,0
19346,0.00390625
19347,-0.00390625
19348,7.99609
19349,-8
19350,0.03125
19351,0.0273438
19352,0.0351563
19353,-0.03125
19354,-0.0351563
19355,-0.0273438
19356,-3.42188
19357,-3.27734
19358,-3.13281
19359,-2.98828
19360,-2.84375
19361,0
19362,0.00390625
19363,-0.00390625
19364,7.99609
19365,-8
19366,0.03125
19367,0.0273438
19368,0.0351563
19369,-0.03125
19370,-0.0351563
19371,-0.0273438
19372,-1.10938
19373,-0.964844
19374,-0.820313
19375,-0.675781
19376,-0.53125
19377,0
19378,0.00390625
19379,-0.00390625
19380,7.99609
19381,-8
19382,0.03125
19383,0.0273438
19384,0.0351563
19385,-0.03125
19386,-0.0351563
19387,-0.0273438
19388,1.20313
19389,1.34766
19390,1.49219
19391,1.63672
19392,1.78125
19393,0
19394,0.00390625
19395,-0.00390625
19396,7.99609
19397,-8
19398,0.03125
19399,0.0273438
19400,0.0351563
19401,-0.03125
19402,-0.0351563
19403,-0.0273438
19404,3.51563
19405,3.66016
19406,3.80469
19407,3.94922
19408,4.09375
19409,0
19410,0.00390625
19411,-0.00390625
19412,7.99609
19413,-8
19414,0.03125
19415,0.0273438
19416,0.0351563
19417,-0.03125
19418,-0.0351563
19419,-0.0273438
19420,5.82813
19421,5.97266
19422,6.11719
19423,6.26172
19424,6.40625
19425,0
19426,0.00390625
19427,-0.00390625
19428,7.99609
19429,-8
19430,0.03125
19431,0.0273438
19432,0.0351563
19433,-0.03125
19434,-0.0351563
19435,-0.0273438
19436,-7.85938
19437,-7.71484
19438,-7.57031
19439,-7.42578
19440,-7.28125
19441,0
19442,0.00390625
19443,-0.00390625
19444,7.99609
19445,-8
19446,0.03125
19447,0.0273438
19448,0.0351563
19449,-0.03125
19450,-0.0351563
19451,-0.0273438
19452,-5.54688
19453,-5.40234
19454,-5.25781
19455,-5.11328
19456,-4.96875
19457,0
19458,0.00390625
19459,-0.00390625
19460,7.99609
19461,-8
19462,0.03125
19463,0.0273438
19464,0.0351563
19465,-0.03125
19466,-0.0351563
19467,-0.0273438
19468,-3.23438
19469,-3.08984
19470,-2.94531
19471,-2.80078
19472,-2.65625
19473,0
19474,0.00390625
19475,-0.00390625
19476,7.99609
19477,-8
19478,0.03125
19479,0.0273438
19480,0.0351563
19481,-0.03125
19482,-0.0351563
19483,-0.0273438
19484,-0.921875
19485,-0.777344
19486,-0.632813
19487,-0.488281
19488,-0.34375
19489,0
19490,0.00390625
19491,-0.00390625
19492,7.99609
19493,-8
19494,0.03125
19495,0.0273438
19496,0.0351563
19497,-0.03125
19498,-0.0351563
19499,-0.0273438
19500,1.39063
19501,1.53516
19502,1.67969
19503,1.82422
19504,1.96875
19505,0
19506,0.00390625
19507,-0.00390625
19508,7.99609
19509,-8
19510,0.03125
19511,0.0273438
19512,0.0351563
19513,-0.03125
19514,-0.0351563
19515,-0.0273438
19516,3.70313
19517,3.84766
19518,3.99219
19519,4.13672
19520,4.28125
19521,0
19522,0.00390625
19523,-0.00390625
19524,7.99609
19525,-8
19526,0.03125
19527,0.0273438
19528,0.0351563
19529,-0.03125
19530,-0.0351563
19531,-0.0273438
19532,6.01563
19533,6.16016
19534,6.30469
19535,6.44922
19536,6.59375
19537,0
19538,0.00390625
19539,-0.00390625
19540,7.99609
19541,-8
19542,0.03125
19543,0.0273438
19544,0.0351563
19545,-0.03125
19546,-0.0351563
19547,-0.0273438
19548,-7.67188
19549,-7.52734
19550,-7.38281
19551,-7.23828
19552,-7.09375
19553,0
19554,0.00390625
19555,-0.00390625
19556,7.99609
19557,-8
19558,0.03125
19559,0.0273438
19560,0.0351563
19561,-0.03125
19562,-0.0351563
19563,-0.0273438
19564,-5.35938
19565,-5.21484
19566,-5.07031
19567,-4.92578
19568,-4.78125
19569,0
19570,0.00390625
19571,-0.00390625
19572,7.99609
19573,-8
19574,0.03125
19575,0.0273438
19576,0.0351563
19577,-0.03125
19578,-0.0351563
19579,-0.0273438
19580,-3.04688
19581,-2.90234
19582,-2.75781
19583,-2.61328
19584,-2.46875
19585,0
19586,0.00390625
19587,-0.00390625
19588,7.99609
19589,-8
19590,0.03125
19591,0.0273438
19592,0.0351563
19593,-0.03125
19594,-0.0351563
19595,-0.0273438
19596,-0.734375
19597,-0.589844
19598,-0.445313
19599,-0.300781
19600,-0.15625
19601,0
19602,0.00390625
19603,-0.00390625
19604,7.99609
19605,-8
19606,0.03125
19607,0.0273438
19608,0.0351563
19609,-0.03125
19610,-0.0351563
19611,-0.0273438
19612,1.57813
19613,1.72266
19614,1.86719
19615,2.01172
19616,2.15625
19617,0
19618,0.00390625
19619,-0.00390625
19620,7.99609
19621,-8
19622,0.03125
19623,0.0273438
19624,0.0351563
19625,-0.03125
19626,-0.0351563
19627,-0.0273438
19628,3.89063
19629,4.03516
19630,4.17969
19631,4.32422
19632,4.46875
19633,0
19634,0.00390625
19635,-0.00390625
19636,7.99609
19637,-8
19638,0.03125
19639,0.0273438
19640,0.0351563
19641,-0.03125
19642,-0.0351563
19643,-0.0273438
19644,6.20313
19645,6.34766
19646,6.49219
19647,6.63672
19648,6.78125
19649,0
19650,0.00390625
19651,-0.00390625
19652,7.99609
19653,-8
19654,0.03125
19655,0.0273438
19656,0.0351563
19657,-0.03125
19658,-0.0351563
19659,-0.0273438
19660,-7.48438
19661,-7.33984
19662,-7.19531
19663,-7.05078
19664,-6.90625
19665,0
19666,0.00390625
19667,-0.00390625
19668,7.99609
19669,-8
19670,0.03125
19671,0.0273438
19672,0.0351563
19673,-0.03125
19674,-0.0351563
19675,-0.0273438
19676,-5.17188
19677,-5.02734
19678,-4.88281
19679,-4.73828
19680,-4.59375
19681,0
19682,0.00390625
19683,-0.00390625
19684,7.99609
19685,-8
19686,0.03125
19687,0.0273438
19688,0.0351563
19689,-0.03125
19690,-0.0351563
19691,-0.0273438
19692,-2.85938
19693,-2.71484
19694,-2.57031
19695,-2.42578
19696,-2.28125
19697,0
19698,0.00390625
19699,-0.00390625
19700,7.99609
19701,-8
19702,0.03125
19703,0.0273438
19704,0.0351563
19705,-0.03125
19706,-0.0351563
19707,-0.0273438
19708,-0.546875
19709,-0.402344
19710,-0.257813
19711,-0.113281
19712,0.03125
19713,0
19714,0.00390625
19715,-0.00390625
19716,7.99609
19717,-8
19718,0.03125
19719,0.0273438
19720,0.0351563
19721,-0.03125
19722,-0.0351563
19723,-0.0273438
19724,1.76563
19725,1.91016
19726,2.05469
19727,2.19922
19728,2.34375
19729,0
19730,0.00390625
19731,-0.00390625
19732,7.99609
19733,-8
19734,0.03125
19735,0.0273438
19736,0.0351563
19737,-0.03125
19738,-0.0351563
19739,-0.0273438
19740,4.07813
19741,4.22266
19742,4.36719
19743,4.51172
19744,4.65625
19745,0
19746,0.00390625
19747,-0.00390625
19748,7.99609
19749,-8
19750,0.03125
19751,0.0273438
19752,0.0351563
19753,-0.03125
19754,-0.0351563
19755,-0.0273438
19756,6.39063
19757,6.53516
19758,6.67969
19759,6.82422
19760,6.96875
19761,0
19762,0.00390625
19763,-0.00390625
19764,7.99609
19765,-8
19766,0.03125
19767,0.0273438
19768,0.0351563
19769,-0.03125
19770,-0.0351563
19771,-0.0273438
19772,-7.29688
19773,-7.15234
19774,-7.00781
19775,-6.86328
19776,-6.71875
19777,0
19778,0.00390625
19779,-0.00390625
19780,7.99609
19781,-8
19782,0.03125
19783,0.0273438
19784,0.0351563
19785,-0.03125
19786,-0.0351563
19787,-0.0273438
19788,-4.98438
19789,-4.83984
19790,-4.69531
19791,-4.55078
19792,-4.40625
19793,0
19794,0.00390625
19795,-0.00390625
19796,7.99609
19797,-8
19798,0.03125
19799,0.0273438
19800,0.0351563
19801,-0.03125
19802,-0.0351563
19803,-0.0273438
19804,-2.67188
19805,-2.52734
19806,-2.38281
19807,-2.23828
19808,-2.09375
19809,0
19810,0.00390625
19811,-0.00390625
19812,7.99609
19813,-8
19814,0.03125
19815,0.0273438
19816,0.0351563
19817,-0.03125
19818,-0.0351563
19819,-0.0273438
19820,-0.359375
19821,-0.214844
19822,-0.0703125
19823,0.0742188
19824,0.21875
19825,0
19826,0.00390625
19827,-0.00390625
19828,7.99609
19829,-8
19830,0.03125
19831,0.0273438
19832,0.0351563
19833,-0.03125
19834,-0.0351563
19835,-0.0273438
19836,1.95313
19837,2.09766
19838,2.24219
19839,2.38672
19840,2.53125
19841,0
19842,0.00390625
19843,-0.00390625
19844,7.99609
19845,-8
19846,0.03125
19847,0.0273438
19848,0.0351563
19849,-0.03125
19850,-0.0351563
19851,-0.0273438
19852,4.26563
19853,4.41016
19854,4.55469
19855,4.69922
19856,4.84375
19857,0
19858,0.00390625
19859,-0.00390625
19860,7.99609
19861,-8
19862,0.03125
19863,0.0273438
19864,0.0351563
19865,-0.03125
19866,-0.0351563
19867,-0.0273438
19868,6.57813
19869,6.72266
19870,6.86719
19871,7.01172
19872,7.15625
19873,0
19874,0.00390625
19875,-0.00390625
19876,7.99609
19877,-8
19878,0.03125
19879,0.0273438
19880,0.0351563
19881,-0.03125
19882,-0.0351563
19883,-0.0273438
19884,-7.10938
19885,-6.96484
19886,-6.82031
19887,-6.67578
19888,-6.53125
19889,0
19890,0.00390625
19891,-0.00390625
19892,7.99609
19893,-8
19894,0.03125
19895,0.0273438
19896,0.0351563
19897,-0.03125
19898,-0.0351563
19899,-0.0273438
19900,-4.79688
19901,-4.65234
19902,-4.50781
19903,-4.36328
19904,-4.21875
19905,0
19906,0.00390625
19907,-0.00390625
19908,7.99609
19909,-8
19910,0.03125
19911,0.0273438
19912,0.0351563
19913,-0.03125
19914,-0.0351563
19915,-0.0273438
19916,-2.48438
19917,-2.33984
19918,-2.19531
19919,-2.05078
19920,-1.90625
19921,0
19922,0.00390625
19923,-0.00390625
19924,7.99609
19925,-8
19926,0.03125
19927,0.0273438
19928,0.0351563
19929,-0.03125
19930,-0.0351563
19931,-0.0273438
19932,-0.171875
19933,-0.0273438
19934,0.117188
19935,0.261719
19936,0.40625
19937,0
19938,0.00390625
19939,-0.00390625
19940,7.99609
19941,-8
19942,0.03125
19943,0.0273438
19944,0.0351563
19945,-0.03125
19946,-0.0351563
19947,-0.0273438
19948,2.14063
19949,2.28516
19950,2.42969
19951,2.57422
19952,2.71875
19953,0
19954,0.00390625
19955,-0.00390625
19956,7.99609
19957,-8
19958,0.03125
19959,0.0273438
19960,0.0351563
19961,-0.03125
19962,-0.0351563
19963,-0.0273438
19964,4.45313
19965,4.59766
19966,4.74219
19967,4.88672
19968,5.03125
19969,0
19970,0.00390625
19971,-0.00390625
19972,7.99609
19973,-8
19974,0.03125
19975,0.0273438
19976,0.0351563
19977,-0.03125
19978,-0.0351563
19979,-0.0273438
19980,6.76563
19981,6.91016
19982,7.05469
19983,7.19922
19984,7.34375
19985,0
19986,0.00390625
19987,-0.00390625
19988,7.99609
19989,-8
19990,0.03125
19991,0.0273438
19992,0.0351563
19993,-0.03125
19994,-0.0351563
19995,-0.0273438
19996,-6.92188
19997,-6.77734
19998,-6.63281
19999,-6.48828
20000,-6.34375
