cycle,o_word
1,0
2,0
3,0
4,7.99609
5,-8
6,0.00390625
7,0
8,0.00390625
9,0
10,-0.00390625
11,0
12,0.046875
13,0.0585938
14,0.0664063
15,0.0742188
16,0.0859375
17,0
18,0
19,0
20,7.99609
21,-8
22,0.00390625
23,0
24,0.00390625
25,0
26,-0.00390625
27,0
28,0.191406
29,0.203125
30,0.210938
31,0.21875
32,0.230469
33,0
34,0
35,0
36,7.99609
37,-8
38,0.00390625
39,0
40,0.00390625
41,0
42,-0.00390625
43,0
44,0.335938
45,0.347656
46,0.355469
47,0.363281
48,0.375
49,0
50,0
51,0
52,7.99609
53,-8
54,0.00390625
55,0
56,0.00390625
57,0
58,-0.00390625
59,0
60,0.480469
61,0.492188
62,0.5
63,0.507813
64,0.519531
65,0
66,0
67,0
68,7.99609
69,-8
70,0.00390625
71,0
72,0.00390625
73,0
74,-0.00390625
75,0
76,0.625
77,0.636719
78,0.644531
79,0.652344
80,0.664063
81,0
82,0
83,0
84,7.99609
85,-8
86,0.00390625
87,0
88,0.00390625
89,0
90,-0.00390625
91,0
92,0.769531
93,0.78125
94,0.789063
95,0.796875
96,0.808594
97,0
98,0
99,0
100,7.99609
101,-8
102,0.00390625
103,0
104,0.00390625
105,0
106,-0.00390625
107,0
108,0.914063
109,0.925781
110,0.933594
111,0.941406
112,0.953125
113,0
114,0
115,0
116,7.99609
117,-8
118,0.00390625
119,0
120,0.00390625
121,0
122,-0.00390625
123,0
124,1.05859
125,1.07031
126,1.07813
127,1.08594
128,1.09766
129,0
130,0
131,0
132,7.99609
133,-8
134,0.00390625
135,0
136,0.00390625
137,0
138,-0.00390625
139,0
140,1.20313
141,1.21484
142,1.22266
143,1.23047
144,1.24219
145,0
146,0
147,0
148,7.99609
149,-8
150,0.00390625
151,0
152,0.00390625
153,0
154,-0.00390625
155,0
156,1.34766
157,1.35938
158,1.36719
159,1.375
160,1.38672
161,0
162,0
163,0
164,7.99609
165,-8
166,0.00390625
167,0
168,0.00390625
169,0
170,-0.00390625
171,0
172,1.49219
173,1.50391
174,1.51172
175,1.51953
176,1.53125
177,0
178,0
179,0
180,7.99609
181,-8
182,0.00390625
183,0
184,0.00390625
185,0
186,-0.00390625
187,0
188,1.63672
189,1.64844
190,1.65625
191,1.66406
192,1.67578
193,0
194,0
195,0
196,7.99609
197,-8
198,0.00390625
199,0
200,0.00390625
201,0
202,-0.00390625
203,0
204,1.78125
205,1.79297
206,1.80078
207,1.80859
208,1.82031
209,0
210,0
211,0
212,7.99609
213,-8
214,0.00390625
215,0
216,0.00390625
217,0
218,-0.00390625
219,0
220,1.92578
221,1.9375
222,1.94531
223,1.95313
224,1.96484
225,0
226,0
227,0
228,7.99609
229,-8
230,0.00390625
231,0
232,0.00390625
233,0
234,-0.00390625
235,0
236,2.07031
237,2.08203
238,2.08984
239,2.09766
240,2.10938
241,0
242,0
243,0
244,7.99609
245,-8
246,0.00390625
247,0
248,0.00390625
249,0
250,-0.00390625
251,0
252,2.21484
253,2.22656
254,2.23438
255,2.24219
256,2.25391
257,0
258,0
259,0
260,7.99609
261,-8
262,0.00390625
263,0
264,0.00390625
265,0
266,-0.00390625
267,0
268,2.35938
269,2.37109
270,2.37891
271,2.38672
272,2.39844
273,0
274,0
275,0
276,7.99609
277,-8
278,0.00390625
279,0
280,0.00390625
281,0
282,-0.00390625
283,0
284,2.50391
285,2.51563
286,2.52344
287,2.53125
288,2.54297
289,0
290,0
291,0
292,7.99609
293,-8
294,0.00390625
295,0
296,0.00390625
297,0
298,-0.00390625
299,0
300,2.64844
301,2.66016
302,2.66797
303,2.67578
304,2.6875
305,0
306,0
307,0
308,7.99609
309,-8
310,0.00390625
311,0
312,0.00390625
313,0
314,-0.00390625
315,0
316,2.79297
317,2.80469
318,2.8125
319,2.82031
320,2.83203
321,0
322,0
323,0
324,7.99609
325,-8
326,0.00390625
327,0
328,0.00390625
329,0
330,-0.00390625
331,0
332,2.9375
333,2.94922
334,2.95703
335,2.96484
336,2.97656
337,0
338,0
339,0
340,7.99609
341,-8
342,0.00390625
343,0
344,0.00390625
345,0
346,-0.00390625
347,0
348,3.08203
349,3.09375
350,3.10156
351,3.10938
352,3.12109
353,0
354,0
355,0
356,7.99609
357,-8
358,0.00390625
359,0
360,0.00390625
361,0
362,-0.00390625
363,0
364,3.22656
365,3.23828
366,3.24609
367,3.25391
368,3.26563
369,0
370,0
371,0
372,7.99609
373,-8
374,0.00390625
375,0
376,0.00390625
377,0
378,-0.00390625
379,0
380,3.37109
381,3.38281
382,3.39063
383,3.39844
384,3.41016
385,0
386,0
387,0
388,7.99609
389,-8
390,0.00390625
391,0
392,0.00390625
393,0
394,-0.00390625
395,0
396,3.51563
397,3.52734
398,3.53516
399,3.54297
400,3.55469
401,0
402,0
403,0
404,7.99609
405,-8
406,0.00390625
407,0
408,0.00390625
409,0
410,-0.00390625
411,0
412,3.66016
413,3.67188
414,3.67969
415,3.6875
416,3.69922
417,0
418,0
419,0
420,7.99609
421,-8
422,0.00390625
423,0
424,0.00390625
425,0
426,-0.00390625
427,0
428,3.80469
429,3.81641
430,3.82422
431,3.83203
432,3.84375
433,0
434,0
435,0
436,7.99609
437,-8
438,0.00390625
439,0
440,0.00390625
441,0
442,-0.00390625
443,0
444,3.94922
445,3.96094
446,3.96875
447,3.97656
448,3.98828
449,0
450,0
451,0
452,7.99609
453,-8
454,0.00390625
455,0
456,0.00390625
457,0
458,-0.00390625
459,0
460,4.09375
461,4.10547
462,4.11328
463,4.12109
464,4.13281
465,0
466,0
467,0
468,7.99609
469,-8
470,0.00390625
471,0
472,0.00390625
473,0
474,-0.00390625
475,0
476,4.23828
477,4.25
478,4.25781
479,4.26563
480,4.27734
481,0
482,0
483,0
484,7.99609
485,-8
486,0.00390625
487,0
488,0.00390625
489,0
490,-0.00390625
491,0
492,4.38281
493,4.39453
494,4.40234
495,4.41016
496,4.42188
497,0
498,0
499,0
500,7.99609
501,-8
502,0.00390625
503,0
504,0.00390625
505,0
506,-0.00390625
507,0
508,4.52734
509,4.53906
510,4.54688
511,4.55469
512,4.56641
513,0
514,0
515,0
516,7.99609
517,-8
518,0.00390625
519,0
520,0.00390625
521,0
522,-0.00390625
523,0
524,4.67188
525,4.68359
526,4.69141
527,4.69922
528,4.71094
529,0
530,0
531,0
532,7.99609
533,-8
534,0.00390625
535,0
536,0.00390625
537,0
538,-0.00390625
539,0
540,4.81641
541,4.82813
542,4.83594
543,4.84375
544,4.85547
545,0
546,0
547,0
548,7.99609
549,-8
550,0.00390625
551,0
552,0.00390625
553,0
554,-0.00390625
555,0
556,4.96094
557,4.97266
558,4.98047
559,4.98828
560,5
561,0
562,0
563,0
564,7.99609
565,-8
566,0.00390625
567,0
568,0.00390625
569,0
570,-0.00390625
571,0
572,5.10547
573,5.11719
574,5.125
575,5.13281
576,5.14453
577,0
578,0
579,0
580,7.99609
581,-8
582,0.00390625
583,0
584,0.00390625
585,0
586,-0.00390625
587,0
588,5.25
589,5.26172
590,5.26953
591,5.27734
592,5.28906
593,0
594,0
595,0
596,7.99609
597,-8
598,0.00390625
599,0
600,0.00390625
601,0
602,-0.00390625
603,0
604,5.39453
605,5.40625
606,5.41406
607,5.42188
608,5.43359
609,0
610,0
611,0
612,7.99609
613,-8
614,0.00390625
615,0
616,0.00390625
617,0
618,-0.00390625
619,0
620,5.53906
621,5.55078
622,5.55859
623,5.56641
624,5.57813
625,0
626,0
627,0
628,7.99609
629,-8
630,0.00390625
631,0
632,0.00390625
633,0
634,-0.00390625
635,0
636,5.68359
637,5.69531
638,5.70313
639,5.71094
640,5.72266
641,0
642,0
643,0
644,7.99609
645,-8
646,0.00390625
647,0
648,0.00390625
649,0
650,-0.00390625
651,0
652,5.82813
653,5.83984
654,5.84766
655,5.85547
656,5.86719
657,0
658,0
659,0
660,7.99609
661,-8
662,0.00390625
663,0
664,0.00390625
665,0
666,-0.00390625
667,0
668,5.97266
669,5.98438
670,5.99219
671,6
672,6.01172
673,0
674,0
675,0
676,7.99609
677,-8
678,0.00390625
679,0
680,0.00390625
681,0
682,-0.00390625
683,0
684,6.11719
685,6.12891
686,6.13672
687,6.14453
688,6.15625
689,0
690,0
691,0
692,7.99609
693,-8
694,0.00390625
695,0
696,0.00390625
697,0
698,-0.00390625
699,0
700,6.26172
701,6.27344
702,6.28125
703,6.28906
704,6.30078
705,0
706,0
707,0
708,7.99609
709,-8
710,0.00390625
711,0
712,0.00390625
713,0
714,-0.00390625
715,0
716,6.40625
717,6.41797
718,6.42578
719,6.43359
720,6.44531
721,0
722,0
723,0
724,7.99609
725,-8
726,0.00390625
727,0
728,0.00390625
729,0
730,-0.00390625
731,0
732,6.55078
733,6.5625
734,6.57031
735,6.57813
736,6.58984
737,0
738,0
739,0
740,7.99609
741,-8
742,0.00390625
743,0
744,0.00390625
745,0
746,-0.00390625
747,0
748,6.69531
749,6.70703
750,6.71484
751,6.72266
752,6.73438
753,0
754,0
755,0
756,7.99609
757,-8
758,0.00390625
759,0
760,0.00390625
761,0
762,-0.00390625
763,0
764,6.83984
765,6.85156
766,6.85938
767,6.86719
768,6.87891
769,0
770,0
771,0
772,7.99609
773,-8
774,0.00390625
775,0
776,0.00390625
777,0
778,-0.00390625
779,0
780,6.98438
781,6.99609
782,7.00391
783,7.01172
784,7.02344
785,0
786,0
787,0
788,7.99609
789,-8
790,0.00390625
791,0
792,0.00390625
793,0
794,-0.00390625
795,0
796,7.12891
797,7.14063
798,7.14844
799,7.15625
800,7.16797
801,0
802,0
803,0
804,7.99609
805,-8
806,0.00390625
807,0
808,0.00390625
809,0
810,-0.00390625
811,0
812,7.27344
813,7.28516
814,7.29297
815,7.30078
816,7.3125
817,0
818,0
819,0
820,7.99609
821,-8
822,0.00390625
823,0
824,0.00390625
825,0
826,-0.00390625
827,0
828,7.41797
829,7.42969
830,7.4375
831,7.44531
832,7.45703
833,0
834,0
835,0
836,7.99609
837,-8
838,0.00390625
839,0
840,0.00390625
841,0
842,-0.00390625
843,0
844,7.5625
845,7.57422
846,7.58203
847,7.58984
848,7.60156
849,0
850,0
851,0
852,7.99609
853,-8
854,0.00390625
855,0
856,0.00390625
857,0
858,-0.00390625
859,0
860,7.70703
861,7.71875
862,7.72656
863,7.73438
864,7.74609
865,0
866,0
867,0
868,7.99609
869,-8
870,0.00390625
871,0
872,0.00390625
873,0
874,-0.00390625
875,0
876,7.85156
877,7.86328
878,7.87109
879,7.87891
880,7.89063
881,0
882,0
883,0
884,7.99609
885,-8
886,0.00390625
887,0
888,0.00390625
889,0
890,-0.00390625
891,0
892,7.99609
893,-7.99219
894,-7.98438
895,-7.97656
896,-7.96484
897,0
898,0
899,0
900,7.99609
901,-8
902,0.00390625
903,0
904,0.00390625
905,0
906,-0.00390625
907,0
908,-7.85938
909,-7.84766
910,-7.83984
911,-7.83203
912,-7.82031
913,0
914,0
915,0
916,7.99609
917,-8
918,0.00390625
919,0
920,0.00390625
921,0
922,-0.00390625
923,0
924,-7.71484
925,-7.70313
926,-7.69531
927,-7.6875
928,-7.67578
929,0
930,0
931,0
932,7.99609
933,-8
934,0.00390625
935,0
936,0.00390625
937,0
938,-0.00390625
939,0
940,-7.57031
941,-7.55859
942,-7.55078
943,-7.54297
944,-7.53125
945,0
946,0
947,0
948,7.99609
949,-8
950,0.00390625
951,0
952,0.00390625
953,0
954,-0.00390625
955,0
956,-7.42578
957,-7.41406
958,-7.40625
959,-7.39844
960,-7.38672
961,0
962,0
963,0
964,7.99609
965,-8
966,0.00390625
967,0
968,0.00390625
969,0
970,-0.00390625
971,0
972,-7.28125
973,-7.26953
974,-7.26172
975,-7.25391
976,-7.24219
977,0
978,0
979,0
980,7.99609
981,-8
982,0.00390625
983,0
984,0.00390625
985,0
986,-0.00390625
987,0
988,-7.13672
989,-7.125
990,-7.11719
991,-7.10938
992,-7.09766
993,0
994,0
995,0
996,7.99609
997,-8
998,0.00390625
999,0
1000,0.00390625
1001,0
1002,-0.00390625
1003,0
1004,-6.99219
1005,-6.98047
1006,-6.97266
1007,-6.96484
1008,-6.95313
1009,0
1010,0
1011,0
1012,7.99609
1013,-8
1014,0.00390625
1015,0
1016,0.00390625
1017,0
1018,-0.00390625
1019,0
1020,-6.84766
1021,-6.83594
1022,-6.82813
1023,-6.82031
1024,-6.80859
1025,0
1026,0
1027,0
1028,7.99609
1029,-8
1030,0.00390625
1031,0
1032,0.00390625
1033,0
1034,-0.00390625
1035,0
1036,-6.70313
1037,-6.69141
1038,-6.68359
1039,-6.67578
1040,-6.66406
1041,0
1042,0
1043,0
1044,7.99609
1045,-8
1046,0.00390625
1047,0
1048,0.00390625
1049,0
1050,-0.00390625
1051,0
1052,-6.55859
1053,-6.54688
1054,-6.53906
1055,-6.53125
1056,-6.51953
1057,0
1058,0
1059,0
1060,7.99609
1061,-8
1062,0.00390625
1063,0
1064,0.00390625
1065,0
1066,-0.00390625
1067,0
1068,-6.41406
1069,-6.40234
1070,-6.39453
1071,-6.38672
1072,-6.375
1073,0
1074,0
1075,0
1076,7.99609
1077,-8
1078,0.00390625
1079,0
1080,0.00390625
1081,0
1082,-0.00390625
1083,0
1084,-6.26953
1085,-6.25781
1086,-6.25
1087,-6.24219
1088,-6.23047
1089,0
1090,0
1091,0
1092,7.99609
1093,-8
1094,0.00390625
1095,0
1096,0.00390625
1097,0
1098,-0.00390625
1099,0
1100,-6.125
1101,-6.11328
1102,-6.10547
1103,-6.09766
1104,-6.08594
1105,0
1106,0
1107,0
1108,7.99609
1109,-8
1110,0.00390625
1111,0
1112,0.00390625
1113,0
1114,-0.00390625
1115,0
1116,-5.98047
1117,-5.96875
1118,-5.96094
1119,-5.95313
1120,-5.94141
1121,0
1122,0
1123,0
1124,7.99609
1125,-8
1126,0.00390625
1127,0
1128,0.00390625
1129,0
1130,-0.00390625
1131,0
1132,-5.83594
1133,-5.82422
1134,-5.81641
1135,-5.80859
1136,-5.79688
1137,0
1138,0
1139,0
1140,7.99609
1141,-8
1142,0.00390625
1143,0
1144,0.00390625
1145,0
1146,-0.00390625
1147,0
1148,-5.69141
1149,-5.67969
1150,-5.67188
1151,-5.66406
1152,-5.65234
1153,0
1154,0
1155,0
1156,7.99609
1157,-8
1158,0.00390625
1159,0
1160,0.00390625
1161,0
1162,-0.00390625
1163,0
1164,-5.54688
1165,-5.53516
1166,-5.52734
1167,-5.51953
1168,-5.50781
1169,0
1170,0
1171,0
1172,7.99609
1173,-8
1174,0.00390625
1175,0
1176,0.00390625
1177,0
1178,-0.00390625
1179,0
1180,-5.40234
1181,-5.39063
1182,-5.38281
1183,-5.375
1184,-5.36328
1185,0
1186,0
1187,0
1188,7.99609
1189,-8
1190,0.00390625
1191,0
1192,0.00390625
1193,0
1194,-0.00390625
1195,0
1196,-5.25781
1197,-5.24609
1198,-5.23828
1199,-5.23047
1200,-5.21875
1201,0
1202,0
1203,0
1204,7.99609
1205,-8
1206,0.00390625
1207,0
1208,0.00390625
1209,0
1210,-0.00390625
1211,0
1212,-5.11328
1213,-5.10156
1214,-5.09375
1215,-5.08594
1216,-5.07422
1217,0
1218,0
1219,0
1220,7.99609
1221,-8
1222,0.00390625
1223,0
1224,0.00390625
1225,0
1226,-0.00390625
1227,0
1228,-4.96875
1229,-4.95703
1230,-4.94922
1231,-4.94141
1232,-4.92969
1233,0
1234,0
1235,0
1236,7.99609
1237,-8
1238,0.00390625
1239,0
1240,0.00390625
1241,0
1242,-0.00390625
1243,0
1244,-4.82422
1245,-4.8125
1246,-4.80469
1247,-4.79688
1248,-4.78516
1249,0
1250,0
1251,0
1252,7.99609
1253,-8
1254,0.00390625
1255,0
1256,0.00390625
1257,0
1258,-0.00390625
1259,0
1260,-4.67969
1261,-4.66797
1262,-4.66016
1263,-4.65234
1264,-4.64063
1265,0
1266,0
1267,0
1268,7.99609
1269,-8
1270,0.00390625
1271,0
1272,0.00390625
1273,0
1274,-0.00390625
1275,0
1276,-4.53516
1277,-4.52344
1278,-4.51563
1279,-4.50781
1280,-4.49609
1281,0
1282,0
1283,0
1284,7.99609
1285,-8
1286,0.00390625
1287,0
1288,0.00390625
1289,0
1290,-0.00390625
1291,0
1292,-4.39063
1293,-4.37891
1294,-4.37109
1295,-4.36328
1296,-4.35156
1297,0
1298,0
1299,0
1300,7.99609
1301,-8
1302,0.00390625
1303,0
1304,0.00390625
1305,0
1306,-0.00390625
1307,0
1308,-4.24609
1309,-4.23438
1310,-4.22656
1311,-4.21875
1312,-4.20703
1313,0
1314,0
1315,0
1316,7.99609
1317,-8
1318,0.00390625
1319,0
1320,0.00390625
1321,0
1322,-0.00390625
1323,0
1324,-4.10156
1325,-4.08984
1326,-4.08203
1327,-4.07422
1328,-4.0625
1329,0
1330,0
1331,0
1332,7.99609
1333,-8
1334,0.00390625
1335,0
1336,0.00390625
1337,0
1338,-0.00390625
1339,0
1340,-3.95703
1341,-3.94531
1342,-3.9375
1343,-3.92969
1344,-3.91797
1345,0
1346,0
1347,0
1348,7.99609
1349,-8
1350,0.00390625
1351,0
1352,0.00390625
1353,0
1354,-0.00390625
1355,0
1356,-3.8125
1357,-3.80078
1358,-3.79297
1359,-3.78516
1360,-3.77344
1361,0
1362,0
1363,0
1364,7.99609
1365,-8
1366,0.00390625
1367,0
1368,0.00390625
1369,0
1370,-0.00390625
1371,0
1372,-3.66797
1373,-3.65625
1374,-3.64844
1375,-3.64063
1376,-3.62891
1377,0
1378,0
1379,0
1380,7.99609
1381,-8
1382,0.00390625
1383,0
1384,0.00390625
1385,0
1386,-0.00390625
1387,0
1388,-3.52344
1389,-3.51172
1390,-3.50391
1391,-3.49609
1392,-3.48438
1393,0
1394,0
1395,0
1396,7.99609
1397,-8
1398,0.00390625
1399,0
1400,0.00390625
1401,0
1402,-0.00390625
1403,0
1404,-3.37891
1405,-3.36719
1406,-3.35938
1407,-3.35156
1408,-3.33984
1409,0
1410,0
1411,0
1412,7.99609
1413,-8
1414,0.00390625
1415,0
1416,0.00390625
1417,0
1418,-0.00390625
1419,0
1420,-3.23438
1421,-3.22266
1422,-3.21484
1423,-3.20703
1424,-3.19531
1425,0
1426,0
1427,0
1428,7.99609
1429,-8
1430,0.00390625
1431,0
1432,0.00390625
1433,0
1434,-0.00390625
1435,0
1436,-3.08984
1437,-3.07813
1438,-3.07031
1439,-3.0625
1440,-3.05078
1441,0
1442,0
1443,0
1444,7.99609
1445,-8
1446,0.00390625
1447,0
1448,0.00390625
1449,0
1450,-0.00390625
1451,0
1452,-2.94531
1453,-2.93359
1454,-2.92578
1455,-2.91797
1456,-2.90625
1457,0
1458,0
1459,0
1460,7.99609
1461,-8
1462,0.00390625
1463,0
1464,0.00390625
1465,0
1466,-0.00390625
1467,0
1468,-2.80078
1469,-2.78906
1470,-2.78125
1471,-2.77344
1472,-2.76172
1473,0
1474,0
1475,0
1476,7.99609
1477,-8
1478,0.00390625
1479,0
1480,0.00390625
1481,0
1482,-0.00390625
1483,0
1484,-2.65625
1485,-2.64453
1486,-2.63672
1487,-2.62891
1488,-2.61719
1489,0
1490,0
1491,0
1492,7.99609
1493,-8
1494,0.00390625
1495,0
1496,0.00390625
1497,0
1498,-0.00390625
1499,0
1500,-2.51172
1501,-2.5
1502,-2.49219
1503,-2.48438
1504,-2.47266
1505,0
1506,0
1507,0
1508,7.99609
1509,-8
1510,0.00390625
1511,0
1512,0.00390625
1513,0
1514,-0.00390625
1515,0
1516,-2.36719
1517,-2.35547
1518,-2.34766
1519,-2.33984
1520,-2.32813
1521,0
1522,0
1523,0
1524,7.99609
1525,-8
1526,0.00390625
1527,0
1528,0.00390625
1529,0
1530,-0.00390625
1531,0
1532,-2.22266
1533,-2.21094
1534,-2.20313
1535,-2.19531
1536,-2.18359
1537,0
1538,0
1539,0
1540,7.99609
1541,-8
1542,0.00390625
1543,0
1544,0.00390625
1545,0
1546,-0.00390625
1547,0
1548,-2.07813
1549,-2.06641
1550,-2.05859
1551,-2.05078
1552,-2.03906
1553,0
1554,0
1555,0
1556,7.99609
1557,-8
1558,0.00390625
1559,0
1560,0.00390625
1561,0
1562,-0.00390625
1563,0
1564,-1.93359
1565,-1.92188
1566,-1.91406
1567,-1.90625
1568,-1.89453
1569,0
1570,0
1571,0
1572,7.99609
1573,-8
1574,0.00390625
1575,0
1576,0.00390625
1577,0
1578,-0.00390625
1579,0
1580,-1.78906
1581,-1.77734
1582,-1.76953
1583,-1.76172
1584,-1.75
1585,0
1586,0
1587,0
1588,7.99609
1589,-8
1590,0.00390625
1591,0
1592,0.00390625
1593,0
1594,-0.00390625
1595,0
1596,-1.64453
1597,-1.63281
1598,-1.625
1599,-1.61719
1600,-1.60547
1601,0
1602,0
1603,0
1604,7.99609
1605,-8
1606,0.00390625
1607,0
1608,0.00390625
1609,0
1610,-0.00390625
1611,0
1612,-1.5
1613,-1.48828
1614,-1.48047
1615,-1.47266
1616,-1.46094
1617,0
1618,0
1619,0
1620,7.99609
1621,-8
1622,0.00390625
1623,0
1624,0.00390625
1625,0
1626,-0.00390625
1627,0
1628,-1.35547
1629,-1.34375
1630,-1.33594
1631,-1.32813
1632,-1.31641
1633,0
1634,0
1635,0
1636,7.99609
1637,-8
1638,0.00390625
1639,0
1640,0.00390625
1641,0
1642,-0.00390625
1643,0
1644,-1.21094
1645,-1.19922
1646,-1.19141
1647,-1.18359
1648,-1.17188
1649,0
1650,0
1651,0
1652,7.99609
1653,-8
1654,0.00390625
1655,0
1656,0.00390625
1657,0
1658,-0.00390625
1659,0
1660,-1.06641
1661,-1.05469
1662,-1.04688
1663,-1.03906
1664,-1.02734
1665,0
1666,0
1667,0
1668,7.99609
1669,-8
1670,0.00390625
1671,0
1672,0.00390625
1673,0
1674,-0.00390625
1675,0
1676,-0.921875
1677,-0.910156
1678,-0.902344
1679,-0.894531
1680,-0.882813
1681,0
1682,0
1683,0
1684,7.99609
1685,-8
1686,0.00390625
1687,0
1688,0.00390625
1689,0
1690,-0.00390625
1691,0
1692,-0.777344
1693,-0.765625
1694,-0.757813
1695,-0.75
1696,-0.738281
1697,0
1698,0
1699,0
1700,7.99609
1701,-8
1702,0.00390625
1703,0
1704,0.00390625
1705,0
1706,-0.00390625
1707,0
1708,-0.632813
1709,-0.621094
1710,-0.613281
1711,-0.605469
1712,-0.59375
1713,0
1714,0
1715,0
1716,7.99609
1717,-8
1718,0.00390625
1719,0
1720,0.00390625
1721,0
1722,-0.00390625
1723,0
1724,-0.488281
1725,-0.476563
1726,-0.46875
1727,-0.460938
1728,-0.449219
1729,0
1730,0
1731,0
1732,7.99609
1733,-8
1734,0.00390625
1735,0
1736,0.00390625
1737,0
1738,-0.00390625
1739,0
1740,-0.34375
1741,-0.332031
1742,-0.324219
1743,-0.316406
1744,-0.304688
1745,0
1746,0
1747,0
1748,7.99609
1749,-8
1750,0.00390625
1751,0
1752,0.00390625
1753,0
1754,-0.00390625
1755,0
1756,-0.199219
1757,-0.1875
1758,-0.179688
1759,-0.171875
1760,-0.160156
1761,0
1762,0
1763,0
1764,7.99609
1765,-8
1766,0.00390625
1767,0
1768,0.00390625
1769,0
1770,-0.00390625
1771,0
1772,-0.0546875
1773,-0.0429688
1774,-0.0351563
1775,-0.0273438
1776,-0.015625
1777,0
1778,0
1779,0
1780,7.99609
1781,-8
1782,0.00390625
1783,0
1784,0.00390625
1785,0
1786,-0.00390625
1787,0
1788,0.0898438
1789,0.101563
1790,0.109375
1791,0.117188
1792,0.128906
1793,0
1794,0
1795,0
1796,7.99609
1797,-8
1798,0.00390625
1799,0
1800,0.00390625
1801,0
1802,-0.00390625
1803,0
1804,0.234375
1805,0.246094
1806,0.253906
1807,0.261719
1808,0.273438
1809,0
1810,0
1811,0
1812,7.99609
1813,-8
1814,0.00390625
1815,0
1816,0.00390625
1817,0
1818,-0.00390625
1819,0
1820,0.378906
1821,0.390625
1822,0.398438
1823,0.40625
1824,0.417969
1825,0
1826,0
1827,0
1828,7.99609
1829,-8
1830,0.00390625
1831,0
1832,0.00390625
1833,0
1834,-0.00390625
1835,0
1836,0.523438
1837,0.535156
1838,0.542969
1839,0.550781
1840,0.5625
1841,0
1842,0
1843,0
1844,7.99609
1845,-8
1846,0.00390625
1847,0
1848,0.00390625
1849,0
1850,-0.00390625
1851,0
1852,0.667969
1853,0.679688
1854,0.6875
1855,0.695313
1856,0.707031
1857,0
1858,0
1859,0
1860,7.99609
1861,-8
1862,0.00390625
1863,0
1864,0.00390625
1865,0
1866,-0.00390625
1867,0
1868,0.8125
1869,0.824219
1870,0.832031
1871,0.839844
1872,0.851563
1873,0
1874,0
1875,0
1876,7.99609
1877,-8
1878,0.00390625
1879,0
1880,0.00390625
1881,0
1882,-0.00390625
1883,0
1884,0.957031
1885,0.96875
1886,0.976563
1887,0.984375
1888,0.996094
1889,0
1890,0
1891,0
1892,7.99609
1893,-8
1894,0.00390625
1895,0
1896,0.00390625
1897,0
1898,-0.00390625
1899,0
1900,1.10156
1901,1.11328
1902,1.12109
1903,1.12891
1904,1.14063
1905,0
1906,0
1907,0
1908,7.99609
1909,-8
1910,0.00390625
1911,0
1912,0.00390625
1913,0
1914,-0.00390625
1915,0
1916,1.24609
1917,1.25781
1918,1.26563
1919,1.27344
1920,1.28516
1921,0
1922,0
1923,0
1924,7.99609
1925,-8
1926,0.00390625
1927,0
1928,0.00390625
1929,0
1930,-0.00390625
1931,0
1932,1.39063
1933,1.40234
1934,1.41016
1935,1.41797
1936,1.42969
1937,0
1938,0
1939,0
1940,7.99609
1941,-8
1942,0.00390625
1943,0
1944,0.00390625
1945,0
1946,-0.00390625
1947,0
1948,1.53516
1949,1.54688
1950,1.55469
1951,1.5625
1952,1.57422
1953,0
1954,0
1955,0
1956,7.99609
1957,-8
1958,0.00390625
1959,0
1960,0.00390625
1961,0
1962,-0.00390625
1963,0
1964,1.67969
1965,1.69141
1966,1.69922
1967,1.70703
1968,1.71875
1969,0
1970,0
1971,0
1972,7.99609
1973,-8
1974,0.00390625
1975,0
1976,0.00390625
1977,0
1978,-0.00390625
1979,0
1980,1.82422
1981,1.83594
1982,1.84375
1983,1.85156
1984,1.86328
1985,0
1986,0
1987,0
1988,7.99609
1989,-8
1990,0.00390625
1991,0
1992,0.00390625
1993,0
1994,-0.00390625
1995,0
1996,1.96875
1997,1.98047
1998,1.98828
1999,1.99609
2000,2.00781
2001,0
2002,0
2003,0
2004,7.99609
2005,-8
2006,0.00390625
2007,0
2008,0.00390625
2009,0
2010,-0.00390625
2011,0
2012,2.11328
2013,2.125
2014,2.13281
2015,2.14063
2016,2.15234
2017,0
2018,0
2019,0
2020,7.99609
2021,-8
2022,0.00390625
2023,0
2024,0.00390625
2025,0
2026,-0.00390625
2027,0
2028,2.25781
2029,2.26953
2030,2.27734
2031,2.28516
2032,2.29688
2033,0
2034,0
2035,0
2036,7.99609
2037,-8
2038,0.00390625
2039,0
2040,0.00390625
2041,0
2042,-0.00390625
2043,0
2044,2.40234
2045,2.41406
2046,2.42188
2047,2.42969
2048,2.44141
2049,0
2050,0
2051,0
2052,7.99609
2053,-8
2054,0.00390625
2055,0
2056,0.00390625
2057,0
2058,-0.00390625
2059,0
2060,2.54688
2061,2.55859
2062,2.56641
2063,2.57422
2064,2.58594
2065,0
2066,0
2067,0
2068,7.99609
2069,-8
2070,0.00390625
2071,0
2072,0.00390625
2073,0
2074,-0.00390625
2075,0
2076,2.69141
2077,2.70313
2078,2.71094
2079,2.71875
2080,2.73047
2081,0
2082,0
2083,0
2084,7.99609
2085,-8
2086,0.00390625
2087,0
2088,0.00390625
2089,0
2090,-0.00390625
2091,0
2092,2.83594
2093,2.84766
2094,2.85547
2095,2.86328
2096,2.875
2097,0
2098,0
2099,0
2100,7.99609
2101,-8
2102,0.00390625
2103,0
2104,0.00390625
2105,0
2106,-0.00390625
2107,0
2108,2.98047
2109,2.99219
2110,3
2111,3.00781
2112,3.01953
2113,0
2114,0
2115,0
2116,7.99609
2117,-8
2118,0.00390625
2119,0
2120,0.00390625
2121,0
2122,-0.00390625
2123,0
2124,3.125
2125,3.13672
2126,3.14453
2127,3.15234
2128,3.16406
2129,0
2130,0
2131,0
2132,7.99609
2133,-8
2134,0.00390625
2135,0
2136,0.00390625
2137,0
2138,-0.00390625
2139,0
2140,3.26953
2141,3.28125
2142,3.28906
2143,3.29688
2144,3.30859
2145,0
2146,0
2147,0
2148,7.99609
2149,-8
2150,0.00390625
2151,0
2152,0.00390625
2153,0
2154,-0.00390625
2155,0
2156,3.41406
2157,3.42578
2158,3.43359
2159,3.44141
2160,3.45313
2161,0
2162,0
2163,0
2164,7.99609
2165,-8
2166,0.00390625
2167,0
2168,0.00390625
2169,0
2170,-0.00390625
2171,0
2172,3.55859
2173,3.57031
2174,3.57813
2175,3.58594
2176,3.59766
2177,0
2178,0
2179,0
2180,7.99609
2181,-8
2182,0.00390625
2183,0
2184,0.00390625
2185,0
2186,-0.00390625
2187,0
2188,3.70313
2189,3.71484
2190,3.72266
2191,3.73047
2192,3.74219
2193,0
2194,0
2195,0
2196,7.99609
2197,-8
2198,0.00390625
2199,0
2200,0.00390625
2201,0
2202,-0.00390625
2203,0
2204,3.84766
2205,3.85938
2206,3.86719
2207,3.875
2208,3.88672
2209,0
2210,0
2211,0
2212,7.99609
2213,-8
2214,0.00390625
2215,0
2216,0.00390625
2217,0
2218,-0.00390625
2219,0
2220,3.99219
2221,4.00391
2222,4.01172
2223,4.01953
2224,4.03125
2225,0
2226,0
2227,0
2228,7.99609
2229,-8
2230,0.00390625
2231,0
2232,0.00390625
2233,0
2234,-0.00390625
2235,0
2236,4.13672
2237,4.14844
2238,4.15625
2239,4.16406
2240,4.17578
2241,0
2242,0
2243,0
2244,7.99609
2245,-8
2246,0.00390625
2247,0
2248,0.00390625
2249,0
2250,-0.00390625
2251,0
2252,4.28125
2253,4.29297
2254,4.30078
2255,4.30859
2256,4.32031
2257,0
2258,0
2259,0
2260,7.99609
2261,-8
2262,0.00390625
2263,0
2264,0.00390625
2265,0
2266,-0.00390625
2267,0
2268,4.42578
2269,4.4375
2270,4.44531
2271,4.45313
2272,4.46484
2273,0
2274,0
2275,0
2276,7.99609
2277,-8
2278,0.00390625
2279,0
2280,0.00390625
2281,0
2282,-0.00390625
2283,0
2284,4.57031
2285,4.58203
2286,4.58984
2287,4.59766
2288,4.60938
2289,0
2290,0
2291,0
2292,7.99609
2293,-8
2294,0.00390625
2295,0
2296,0.00390625
2297,0
2298,-0.00390625
2299,0
2300,4.71484
2301,4.72656
2302,4.73438
2303,4.74219
2304,4.75391
2305,0
2306,0
2307,0
2308,7.99609
2309,-8
2310,0.00390625
2311,0
2312,0.00390625
2313,0
2314,-0.00390625
2315,0
2316,4.85938
2317,4.87109
2318,4.87891
2319,4.88672
2320,4.89844
2321,0
2322,0
2323,0
2324,7.99609
2325,-8
2326,0.00390625
2327,0
2328,0.00390625
2329,0
2330,-0.00390625
2331,0
2332,5.00391
2333,5.01563
2334,5.02344
2335,5.03125
2336,5.04297
2337,0
2338,0
2339,0
2340,7.99609
2341,-8
2342,0.00390625
2343,0
2344,0.00390625
2345,0
2346,-0.00390625
2347,0
2348,5.14844
2349,5.16016
2350,5.16797
2351,5.17578
2352,5.1875
2353,0
2354,0
2355,0
2356,7.99609
2357,-8
2358,0.00390625
2359,0
2360,0.00390625
2361,0
2362,-0.00390625
2363,0
2364,5.29297
2365,5.30469
2366,5.3125
2367,5.32031
2368,5.33203
2369,0
2370,0
2371,0
2372,7.99609
2373,-8
2374,0.00390625
2375,0
2376,0.00390625
2377,0
2378,-0.00390625
2379,0
2380,5.4375
2381,5.44922
2382,5.45703
2383,5.46484
2384,5.47656
2385,0
2386,0
2387,0
2388,7.99609
2389,-8
2390,0.00390625
2391,0
2392,0.00390625
2393,0
2394,-0.00390625
2395,0
2396,5.58203
2397,5.59375
2398,5.60156
2399,5.60938
2400,5.62109
2401,0
2402,0
2403,0
2404,7.99609
2405,-8
2406,0.00390625
2407,0
2408,0.00390625
2409,0
2410,-0.00390625
2411,0
2412,5.72656
2413,5.73828
2414,5.74609
2415,5.75391
2416,5.76563
2417,0
2418,0
2419,0
2420,7.99609
2421,-8
2422,0.00390625
2423,0
2424,0.00390625
2425,0
2426,-0.00390625
2427,0
2428,5.87109
2429,5.88281
2430,5.89063
2431,5.89844
2432,5.91016
2433,0
2434,0
2435,0
2436,7.99609
2437,-8
2438,0.00390625
2439,0
2440,0.00390625
2441,0
2442,-0.00390625
2443,0
2444,6.01563
2445,6.02734
2446,6.03516
2447,6.04297
2448,6.05469
2449,0
2450,0
2451,0
2452,7.99609
2453,-8
2454,0.00390625
2455,0
2456,0.00390625
2457,0
2458,-0.00390625
2459,0
2460,6.16016
2461,6.17188
2462,6.17969
2463,6.1875
2464,6.19922
2465,0
2466,0
2467,0
2468,7.99609
2469,-8
2470,0.00390625
2471,0
2472,0.00390625
2473,0
2474,-0.00390625
2475,0
2476,6.30469
2477,6.31641
2478,6.32422
2479,6.33203
2480,6.34375
2481,0
2482,0
2483,0
2484,7.99609
2485,-8
2486,0.00390625
2487,0
2488,0.00390625
2489,0
2490,-0.00390625
2491,0
2492,6.44922
2493,6.46094
2494,6.46875
2495,6.47656
2496,6.48828
2497,0
2498,0
2499,0
2500,7.99609
2501,-8
2502,0.00390625
2503,0
2504,0.00390625
2505,0
2506,-0.00390625
2507,0
2508,6.59375
2509,6.60547
2510,6.61328
2511,6.62109
2512,6.63281
2513,0
2514,0
2515,0
2516,7.99609
2517,-8
2518,0.00390625
2519,0
2520,0.00390625
2521,0
2522,-0.00390625
2523,0
2524,6.73828
2525,6.75
2526,6.75781
2527,6.76563
2528,6.77734
2529,0
2530,0
2531,0
2532,7.99609
2533,-8
2534,0.00390625
2535,0
2536,0.00390625
2537,0
2538,-0.00390625
2539,0
2540,6.88281
2541,6.89453
2542,6.90234
2543,6.91016
2544,6.92188
2545,0
2546,0
2547,0
2548,7.99609
2549,-8
2550,0.00390625
2551,0
2552,0.00390625
2553,0
2554,-0.00390625
2555,0
2556,7.02734
2557,7.03906
2558,7.04688
2559,7.05469
2560,7.06641
2561,0
2562,0
2563,0
2564,7.99609
2565,-8
2566,0.00390625
2567,0
2568,0.00390625
2569,0
2570,-0.00390625
2571,0
2572,7.17188
2573,7.18359
2574,7.19141
2575,7.19922
2576,7.21094
2577,0
2578,0
2579,0
2580,7.99609
2581,-8
2582,0.00390625
2583,0
2584,0.00390625
2585,0
2586,-0.00390625
2587,0
2588,7.31641
2589,7.32813
2590,7.33594
2591,7.34375
2592,7.35547
2593,0
2594,0
2595,0
2596,7.99609
2597,-8
2598,0.00390625
2599,0
2600,0.00390625
2601,0
2602,-0.00390625
2603,0
2604,7.46094
2605,7.47266
2606,7.48047
2607,7.48828
2608,7.5
2609,0
2610,0
2611,0
2612,7.99609
2613,-8
2614,0.00390625
2615,0
2616,0.00390625
2617,0
2618,-0.00390625
2619,0
2620,7.60547
2621,7.61719
2622,7.625
2623,7.63281
2624,7.64453
2625,0
2626,0
2627,0
2628,7.99609
2629,-8
2630,0.00390625
2631,0
2632,0.00390625
2633,0
2634,-0.00390625
2635,0
2636,7.75
2637,7.76172
2638,7.76953
2639,7.77734
2640,7.78906
2641,0
2642,0
2643,0
2644,7.99609
2645,-8
2646,0.00390625
2647,0
2648,0.00390625
2649,0
2650,-0.00390625
2651,0
2652,7.89453
2653,7.90625
2654,7.91406
2655,7.92188
2656,7.93359
2657,0
2658,0
2659,0
2660,7.99609
2661,-8
2662,0.00390625
2663,0
2664,0.00390625
2665,0
2666,-0.00390625
2667,0
2668,-7.96094
2669,-7.94922
2670,-7.94141
2671,-7.93359
2672,-7.92188
2673,0
2674,0
2675,0
2676,7.99609
2677,-8
2678,0.00390625
2679,0
2680,0.00390625
2681,0
2682,-0.00390625
2683,0
2684,-7.81641
2685,-7.80469
2686,-7.79688
2687,-7.78906
2688,-7.77734
2689,0
2690,0
2691,0
2692,7.99609
2693,-8
2694,0.00390625
2695,0
2696,0.00390625
2697,0
2698,-0.00390625
2699,0
2700,-7.67188
2701,-7.66016
2702,-7.65234
2703,-7.64453
2704,-7.63281
2705,0
2706,0
2707,0
2708,7.99609
2709,-8
2710,0.00390625
2711,0
2712,0.00390625
2713,0
2714,-0.00390625
2715,0
2716,-7.52734
2717,-7.51563
2718,-7.50781
2719,-7.5
2720,-7.48828
2721,0
2722,0
2723,0
2724,7.99609
2725,-8
2726,0.00390625
2727,0
2728,0.00390625
2729,0
2730,-0.00390625
2731,0
2732,-7.38281
2733,-7.37109
2734,-7.36328
2735,-7.35547
2736,-7.34375
2737,0
2738,0
2739,0
2740,7.99609
2741,-8
2742,0.00390625
2743,0
2744,0.00390625
2745,0
2746,-0.00390625
2747,0
2748,-7.23828
2749,-7.22656
2750,-7.21875
2751,-7.21094
2752,-7.19922
2753,0
2754,0
2755,0
2756,7.99609
2757,-8
2758,0.00390625
2759,0
2760,0.00390625
2761,0
2762,-0.00390625
2763,0
2764,-7.09375
2765,-7.08203
2766,-7.07422
2767,-7.06641
2768,-7.05469
2769,0
2770,0
2771,0
2772,7.99609
2773,-8
2774,0.00390625
2775,0
2776,0.00390625
2777,0
2778,-0.00390625
2779,0
2780,-6.94922
2781,-6.9375
2782,-6.92969
2783,-6.92188
2784,-6.91016
2785,0
2786,0
2787,0
2788,7.99609
2789,-8
2790,0.00390625
2791,0
2792,0.00390625
2793,0
2794,-0.00390625
2795,0
2796,-6.80469
2797,-6.79297
2798,-6.78516
2799,-6.77734
2800,-6.76563
2801,0
2802,0
2803,0
2804,7.99609
2805,-8
2806,0.00390625
2807,0
2808,0.00390625
2809,0
2810,-0.00390625
2811,0
2812,-6.66016
2813,-6.64844
2814,-6.64063
2815,-6.63281
2816,-6.62109
2817,0
2818,0
2819,0
2820,7.99609
2821,-8
2822,0.00390625
2823,0
2824,0.00390625
2825,0
2826,-0.00390625
2827,0
2828,-6.51563
2829,-6.50391
2830,-6.49609
2831,-6.48828
2832,-6.47656
2833,0
2834,0
2835,0
2836,7.99609
2837,-8
2838,0.00390625
2839,0
2840,0.00390625
2841,0
2842,-0.00390625
2843,0
2844,-6.37109
2845,-6.35938
2846,-6.35156
2847,-6.34375
2848,-6.33203
2849,0
2850,0
2851,0
2852,7.99609
2853,-8
2854,0.00390625
2855,0
2856,0.00390625
2857,0
2858,-0.00390625
2859,0
2860,-6.22656
2861,-6.21484
2862,-6.20703
2863,-6.19922
2864,-6.1875
2865,0
2866,0
2867,0
2868,7.99609
2869,-8
2870,0.00390625
2871,0
2872,0.00390625
2873,0
2874,-0.00390625
2875,0
2876,-6.08203
2877,-6.07031
2878,-6.0625
2879,-6.05469
2880,-6.04297
2881,0
2882,0
2883,0
2884,7.99609
2885,-8
2886,0.00390625
2887,0
2888,0.00390625
2889,0
2890,-0.00390625
2891,0
2892,-5.9375
2893,-5.92578
2894,-5.91797
2895,-5.91016
2896,-5.89844
2897,0
2898,0
2899,0
2900,7.99609
2901,-8
2902,0.00390625
2903,0
2904,0.00390625
2905,0
2906,-0.00390625
2907,0
2908,-5.79297
2909,-5.78125
2910,-5.77344
2911,-5.76563
2912,-5.75391
2913,0
2914,0
2915,0
2916,7.99609
2917,-8
2918,0.00390625
2919,0
2920,0.00390625
2921,0
2922,-0.00390625
2923,0
2924,-5.64844
2925,-5.63672
2926,-5.62891
2927,-5.62109
2928,-5.60938
2929,0
2930,0
2931,0
2932,7.99609
2933,-8
2934,0.00390625
2935,0
2936,0.00390625
2937,0
2938,-0.00390625
2939,0
2940,-5.50391
2941,-5.49219
2942,-5.48438
2943,-5.47656
2944,-5.46484
2945,0
2946,0
2947,0
2948,7.99609
2949,-8
2950,0.00390625
2951,0
2952,0.00390625
2953,0
2954,-0.00390625
2955,0
2956,-5.35938
2957,-5.34766
2958,-5.33984
2959,-5.33203
2960,-5.32031
2961,0
2962,0
2963,0
2964,7.99609
2965,-8
2966,0.00390625
2967,0
2968,0.00390625
2969,0
2970,-0.00390625
2971,0
2972,-5.21484
2973,-5.20313
2974,-5.19531
2975,-5.1875
2976,-5.17578
2977,0
2978,0
2979,0
2980,7.99609
2981,-8
2982,0.00390625
2983,0
2984,0.00390625
2985,0
2986,-0.00390625
2987,0
2988,-5.07031
2989,-5.05859
2990,-5.05078
2991,-5.04297
2992,-5.03125
2993,0
2994,0
2995,0
2996,7.99609
2997,-8
2998,0.00390625
2999,0
3000,0.00390625
3001,0
3002,-0.00390625
3003,0
3004,-4.92578
3005,-4.91406
3006,-4.90625
3007,-4.89844
3008,-4.88672
3009,0
3010,0
3011,0
3012,7.99609
3013,-8
3014,0.00390625
3015,0
3016,0.00390625
3017,0
3018,-0.00390625
3019,0
3020,-4.78125
3021,-4.76953
3022,-4.76172
3023,-4.75391
3024,-4.74219
3025,0
3026,0
3027,0
3028,7.99609
3029,-8
3030,0.00390625
3031,0
3032,0.00390625
3033,0
3034,-0.00390625
3035,0
3036,-4.63672
3037,-4.625
3038,-4.61719
3039,-4.60938
3040,-4.59766
3041,0
3042,0
3043,0
3044,7.99609
3045,-8
3046,0.00390625
3047,0
3048,0.00390625
3049,0
3050,-0.00390625
3051,0
3052,-4.49219
3053,-4.48047
3054,-4.47266
3055,-4.46484
3056,-4.45313
3057,0
3058,0
3059,0
3060,7.99609
3061,-8
3062,0.00390625
3063,0
3064,0.00390625
3065,0
3066,-0.00390625
3067,0
3068,-4.34766
3069,-4.33594
3070,-4.32813
3071,-4.32031
3072,-4.30859
3073,0
3074,0
3075,0
3076,7.99609
3077,-8
3078,0.00390625
3079,0
3080,0.00390625
3081,0
3082,-0.00390625
3083,0
3084,-4.20313
3085,-4.19141
3086,-4.18359
3087,-4.17578
3088,-4.16406
3089,0
3090,0
3091,0
3092,7.99609
3093,-8
3094,0.00390625
3095,0
3096,0.00390625
3097,0
3098,-0.00390625
3099,0
3100,-4.05859
3101,-4.04688
3102,-4.03906
3103,-4.03125
3104,-4.01953
3105,0
3106,0
3107,0
3108,7.99609
3109,-8
3110,0.00390625
3111,0
3112,0.00390625
3113,0
3114,-0.00390625
3115,0
3116,-3.91406
3117,-3.90234
3118,-3.89453
3119,-3.88672
3120,-3.875
3121,0
3122,0
3123,0
3124,7.99609
3125,-8
3126,0.00390625
3127,0
3128,0.00390625
3129,0
3130,-0.00390625
3131,0
3132,-3.76953
3133,-3.75781
3134,-3.75
3135,-3.74219
3136,-3.73047
3137,0
3138,0
3139,0
3140,7.99609
3141,-8
3142,0.00390625
3143,0
3144,0.00390625
3145,0
3146,-0.00390625
3147,0
3148,-3.625
3149,-3.61328
3150,-3.60547
3151,-3.59766
3152,-3.58594
3153,0
3154,0
3155,0
3156,7.99609
3157,-8
3158,0.00390625
3159,0
3160,0.00390625
3161,0
3162,-0.00390625
3163,0
3164,-3.48047
3165,-3.46875
3166,-3.46094
3167,-3.45313
3168,-3.44141
3169,0
3170,0
3171,0
3172,7.99609
3173,-8
3174,0.00390625
3175,0
3176,0.00390625
3177,0
3178,-0.00390625
3179,0
3180,-3.33594
3181,-3.32422
3182,-3.31641
3183,-3.30859
3184,-3.29688
3185,0
3186,0
3187,0
3188,7.99609
3189,-8
3190,0.00390625
3191,0
3192,0.00390625
3193,0
3194,-0.00390625
3195,0
3196,-3.19141
3197,-3.17969
3198,-3.17188
3199,-3.16406
3200,-3.15234
3201,0
3202,0
3203,0
3204,7.99609
3205,-8
3206,0.00390625
3207,0
3208,0.00390625
3209,0
3210,-0.00390625
3211,0
3212,-3.04688
3213,-3.03516
3214,-3.02734
3215,-3.01953
3216,-3.00781
3217,0
3218,0
3219,0
3220,7.99609
3221,-8
3222,0.00390625
3223,0
3224,0.00390625
3225,0
3226,-0.00390625
3227,0
3228,-2.90234
3229,-2.89063
3230,-2.88281
3231,-2.875
3232,-2.86328
3233,0
3234,0
3235,0
3236,7.99609
3237,-8
3238,0.00390625
3239,0
3240,0.00390625
3241,0
3242,-0.00390625
3243,0
3244,-2.75781
3245,-2.74609
3246,-2.73828
3247,-2.73047
3248,-2.71875
3249,0
3250,0
3251,0
3252,7.99609
3253,-8
3254,0.00390625
3255,0
3256,0.00390625
3257,0
3258,-0.00390625
3259,0
3260,-2.61328
3261,-2.60156
3262,-2.59375
3263,-2.58594
3264,-2.57422
3265,0
3266,0
3267,0
3268,7.99609
3269,-8
3270,0.00390625
3271,0
3272,0.00390625
3273,0
3274,-0.00390625
3275,0
3276,-2.46875
3277,-2.45703
3278,-2.44922
3279,-2.44141
3280,-2.42969
3281,0
3282,0
3283,0
3284,7.99609
3285,-8
3286,0.00390625
3287,0
3288,0.00390625
3289,0
3290,-0.00390625
3291,0
3292,-2.32422
3293,-2.3125
3294,-2.30469
3295,-2.29688
3296,-2.28516
3297,0
3298,0
3299,0
3300,7.99609
3301,-8
3302,0.00390625
3303,0
3304,0.00390625
3305,0
3306,-0.00390625
3307,0
3308,-2.17969
3309,-2.16797
3310,-2.16016
3311,-2.15234
3312,-2.14063
3313,0
3314,0
3315,0
3316,7.99609
3317,-8
3318,0.00390625
3319,0
3320,0.00390625
3321,0
3322,-0.00390625
3323,0
3324,-2.03516
3325,-2.02344
3326,-2.01563
3327,-2.00781
3328,-1.99609
3329,0
3330,0
3331,0
3332,7.99609
3333,-8
3334,0.00390625
3335,0
3336,0.00390625
3337,0
3338,-0.00390625
3339,0
3340,-1.89063
3341,-1.87891
3342,-1.87109
3343,-1.86328
3344,-1.85156
3345,0
3346,0
3347,0
3348,7.99609
3349,-8
3350,0.00390625
3351,0
3352,0.00390625
3353,0
3354,-0.00390625
3355,0
3356,-1.74609
3357,-1.73438
3358,-1.72656
3359,-1.71875
3360,-1.70703
3361,0
3362,0
3363,0
3364,7.99609
3365,-8
3366,0.00390625
3367,0
3368,0.00390625
3369,0
3370,-0.00390625
3371,0
3372,-1.60156
3373,-1.58984
3374,-1.58203
3375,-1.57422
3376,-1.5625
3377,0
3378,0
3379,0
3380,7.99609
3381,-8
3382,0.00390625
3383,0
3384,0.00390625
3385,0
3386,-0.00390625
3387,0
3388,-1.45703
3389,-1.44531
3390,-1.4375
3391,-1.42969
3392,-1.41797
3393,0
3394,0
3395,0
3396,7.99609
3397,-8
3398,0.00390625
3399,0
3400,0.00390625
3401,0
3402,-0.00390625
3403,0
3404,-1.3125
3405,-1.30078
3406,-1.29297
3407,-1.28516
3408,-1.27344
3409,0
3410,0
3411,0
3412,7.99609
3413,-8
3414,0.00390625
3415,0
3416,0.00390625
3417,0
3418,-0.00390625
3419,0
3420,-1.16797
3421,-1.15625
3422,-1.14844
3423,-1.14063
3424,-1.12891
3425,0
3426,0
3427,0
3428,7.99609
3429,-8
3430,0.00390625
3431,0
3432,0.00390625
3433,0
3434,-0.00390625
3435,0
3436,-1.02344
3437,-1.01172
3438,-1.00391
3439,-0.996094
3440,-0.984375
3441,0
3442,0
3443,0
3444,7.99609
3445,-8
3446,0.00390625
3447,0
3448,0.00390625
3449,0
3450,-0.00390625
3451,0
3452,-0.878906
3453,-0.867188
3454,-0.859375
3455,-0.851563
3456,-0.839844
3457,0
3458,0
3459,0
3460,7.99609
3461,-8
3462,0.00390625
3463,0
3464,0.00390625
3465,0
3466,-0.00390625
3467,0
3468,-0.734375
3469,-0.722656
3470,-0.714844
3471,-0.707031
3472,-0.695313
3473,0
3474,0
3475,0
3476,7.99609
3477,-8
3478,0.00390625
3479,0
3480,0.00390625
3481,0
3482,-0.00390625
3483,0
3484,-0.589844
3485,-0.578125
3486,-0.570313
3487,-0.5625
3488,-0.550781
3489,0
3490,0
3491,0
3492,7.99609
3493,-8
3494,0.00390625
3495,0
3496,0.00390625
3497,0
3498,-0.00390625
3499,0
3500,-0.445313
3501,-0.433594
3502,-0.425781
3503,-0.417969
3504,-0.40625
3505,0
3506,0
3507,0
3508,7.99609
3509,-8
3510,0.00390625
3511,0
3512,0.00390625
3513,0
3514,-0.00390625
3515,0
3516,-0.300781
3517,-0.289063
3518,-0.28125
3519,-0.273438
3520,-0.261719
3521,0
3522,0
3523,0
3524,7.99609
3525,-8
3526,0.00390625
3527,0
3528,0.00390625
3529,0
3530,-0.00390625
3531,0
3532,-0.15625
3533,-0.144531
3534,-0.136719
3535,-0.128906
3536,-0.117188
3537,0
3538,0
3539,0
3540,7.99609
3541,-8
3542,0.00390625
3543,0
3544,0.00390625
3545,0
3546,-0.00390625
3547,0
3548,-0.0117188
3549,0
3550,0.0078125
3551,0.015625
3552,0.0273438
3553,0
3554,0
3555,0
3556,7.99609
3557,-8
3558,0.00390625
3559,0
3560,0.00390625
3561,0
3562,-0.00390625
3563,0
3564,0.132813
3565,0.144531
3566,0.152344
3567,0.160156
3568,0.171875
3569,0
3570,0
3571,0
3572,7.99609
3573,-8
3574,0.00390625
3575,0
3576,0.00390625
3577,0
3578,-0.00390625
3579,0
3580,0.277344
3581,0.289063
3582,0.296875
3583,0.304688
3584,0.316406
3585,0
3586,0
3587,0
3588,7.99609
3589,-8
3590,0.00390625
3591,0
3592,0.00390625
3593,0
3594,-0.00390625
3595,0
3596,0.421875
3597,0.433594
3598,0.441406
3599,0.449219
3600,0.460938
3601,0
3602,0
3603,0
3604,7.99609
3605,-8
3606,0.00390625
3607,0
3608,0.00390625
3609,0
3610,-0.00390625
3611,0
3612,0.566406
3613,0.578125
3614,0.585938
3615,0.59375
3616,0.605469
3617,0
3618,0
3619,0
3620,7.99609
3621,-8
3622,0.00390625
3623,0
3624,0.00390625
3625,0
3626,-0.00390625
3627,0
3628,0.710938
3629,0.722656
3630,0.730469
3631,0.738281
3632,0.75
3633,0
3634,0
3635,0
3636,7.99609
3637,-8
3638,0.00390625
3639,0
3640,0.00390625
3641,0
3642,-0.00390625
3643,0
3644,0.855469
3645,0.867188
3646,0.875
3647,0.882813
3648,0.894531
3649,0
3650,0
3651,0
3652,7.99609
3653,-8
3654,0.00390625
3655,0
3656,0.00390625
3657,0
3658,-0.00390625
3659,0
3660,1
3661,1.01172
3662,1.01953
3663,1.02734
3664,1.03906
3665,0
3666,0
3667,0
3668,7.99609
3669,-8
3670,0.00390625
3671,0
3672,0.00390625
3673,0
3674,-0.00390625
3675,0
3676,1.14453
3677,1.15625
3678,1.16406
3679,1.17188
3680,1.18359
3681,0
3682,0
3683,0
3684,7.99609
3685,-8
3686,0.00390625
3687,0
3688,0.00390625
3689,0
3690,-0.00390625
3691,0
3692,1.28906
3693,1.30078
3694,1.30859
3695,1.31641
3696,1.32813
3697,0
3698,0
3699,0
3700,7.99609
3701,-8
3702,0.00390625
3703,0
3704,0.00390625
3705,0
3706,-0.00390625
3707,0
3708,1.43359
3709,1.44531
3710,1.45313
3711,1.46094
3712,1.47266
3713,0
3714,0
3715,0
3716,7.99609
3717,-8
3718,0.00390625
3719,0
3720,0.00390625
3721,0
3722,-0.00390625
3723,0
3724,1.57813
3725,1.58984
3726,1.59766
3727,1.60547
3728,1.61719
3729,0
3730,0
3731,0
3732,7.99609
3733,-8
3734,0.00390625
3735,0
3736,0.00390625
3737,0
3738,-0.00390625
3739,0
3740,1.72266
3741,1.73438
3742,1.74219
3743,1.75
3744,1.76172
3745,0
3746,0
3747,0
3748,7.99609
3749,-8
3750,0.00390625
3751,0
3752,0.00390625
3753,0
3754,-0.00390625
3755,0
3756,1.86719
3757,1.87891
3758,1.88672
3759,1.89453
3760,1.90625
3761,0
3762,0
3763,0
3764,7.99609
3765,-8
3766,0.00390625
3767,0
3768,0.00390625
3769,0
3770,-0.00390625
3771,0
3772,2.01172
3773,2.02344
3774,2.03125
3775,2.03906
3776,2.05078
3777,0
3778,0
3779,0
3780,7.99609
3781,-8
3782,0.00390625
3783,0
3784,0.00390625
3785,0
3786,-0.00390625
3787,0
3788,2.15625
3789,2.16797
3790,2.17578
3791,2.18359
3792,2.19531
3793,0
3794,0
3795,0
3796,7.99609
3797,-8
3798,0.00390625
3799,0
3800,0.00390625
3801,0
3802,-0.00390625
3803,0
3804,2.30078
3805,2.3125
3806,2.32031
3807,2.32813
3808,2.33984
3809,0
3810,0
3811,0
3812,7.99609
3813,-8
3814,0.00390625
3815,0
3816,0.00390625
3817,0
3818,-0.00390625
3819,0
3820,2.44531
3821,2.45703
3822,2.46484
3823,2.47266
3824,2.48438
3825,0
3826,0
3827,0
3828,7.99609
3829,-8
3830,0.00390625
3831,0
3832,0.00390625
3833,0
3834,-0.00390625
3835,0
3836,2.58984
3837,2.60156
3838,2.60938
3839,2.61719
3840,2.62891
3841,0
3842,0
3843,0
3844,7.99609
3845,-8
3846,0.00390625
3847,0
3848,0.00390625
3849,0
3850,-0.00390625
3851,0
3852,2.73438
3853,2.74609
3854,2.75391
3855,2.76172
3856,2.77344
3857,0
3858,0
3859,0
3860,7.99609
3861,-8
3862,0.00390625
3863,0
3864,0.00390625
3865,0
3866,-0.00390625
3867,0
3868,2.87891
3869,2.89063
3870,2.89844
3871,2.90625
3872,2.91797
3873,0
3874,0
3875,0
3876,7.99609
3877,-8
3878,0.00390625
3879,0
3880,0.00390625
3881,0
3882,-0.00390625
3883,0
3884,3.02344
3885,3.03516
3886,3.04297
3887,3.05078
3888,3.0625
3889,0
3890,0
3891,0
3892,7.99609
3893,-8
3894,0.00390625
3895,0
3896,0.00390625
3897,0
3898,-0.00390625
3899,0
3900,3.16797
3901,3.17969
3902,3.1875
3903,3.19531
3904,3.20703
3905,0
3906,0
3907,0
3908,7.99609
3909,-8
3910,0.00390625
3911,0
3912,0.00390625
3913,0
3914,-0.00390625
3915,0
3916,3.3125
3917,3.32422
3918,3.33203
3919,3.33984
3920,3.35156
3921,0
3922,0
3923,0
3924,7.99609
3925,-8
3926,0.00390625
3927,0
3928,0.00390625
3929,0
3930,-0.00390625
3931,0
3932,3.45703
3933,3.46875
3934,3.47656
3935,3.48438
3936,3.49609
3937,0
3938,0
3939,0
3940,7.99609
3941,-8
3942,0.00390625
3943,0
3944,0.00390625
3945,0
3946,-0.00390625
3947,0
3948,3.60156
3949,3.61328
3950,3.62109
3951,3.62891
3952,3.64063
3953,0
3954,0
3955,0
3956,7.99609
3957,-8
3958,0.00390625
3959,0
3960,0.00390625
3961,0
3962,-0.00390625
3963,0
3964,3.74609
3965,3.75781
3966,3.76563
3967,3.77344
3968,3.78516
3969,0
3970,0
3971,0
3972,7.99609
3973,-8
3974,0.00390625
3975,0
3976,0.00390625
3977,0
3978,-0.00390625
3979,0
3980,3.89063
3981,3.90234
3982,3.91016
3983,3.91797
3984,3.92969
3985,0
3986,0
3987,0
3988,7.99609
3989,-8
3990,0.00390625
3991,0
3992,0.00390625
3993,0
3994,-0.00390625
3995,0
3996,4.03516
3997,4.04688
3998,4.05469
3999,4.0625
4000,4.07422
4001,0
4002,0
4003,0
4004,7.99609
4005,-8
4006,0.00390625
4007,0
4008,0.00390625
4009,0
4010,-0.00390625
4011,0
4012,4.17969
4013,4.19141
4014,4.19922
4015,4.20703
4016,4.21875
4017,0
4018,0
4019,0
4020,7.99609
4021,-8
4022,0.00390625
4023,0
4024,0.00390625
4025,0
4026,-0.00390625
4027,0
4028,4.32422
4029,4.33594
4030,4.34375
4031,4.35156
4032,4.36328
4033,0
4034,0
4035,0
4036,7.99609
4037,-8
4038,0.00390625
4039,0
4040,0.00390625
4041,0
4042,-0.00390625
4043,0
4044,4.46875
4045,4.48047
4046,4.48828
4047,4.49609
4048,4.50781
4049,0
4050,0
4051,0
4052,7.99609
4053,-8
4054,0.00390625
4055,0
4056,0.00390625
4057,0
4058,-0.00390625
4059,0
4060,4.61328
4061,4.625
4062,4.63281
4063,4.64063
4064,4.65234
4065,0
4066,0
4067,0
4068,7.99609
4069,-8
4070,0.00390625
4071,0
4072,0.00390625
4073,0
4074,-0.00390625
4075,0
4076,4.75781
4077,4.76953
4078,4.77734
4079,4.78516
4080,4.79688
4081,0
4082,0
4083,0
4084,7.99609
4085,-8
4086,0.00390625
4087,0
4088,0.00390625
4089,0
4090,-0.00390625
4091,0
4092,4.90234
4093,4.91406
4094,4.92188
4095,4.92969
4096,4.94141
4097,0
4098,0
4099,0
4100,7.99609
4101,-8
4102,0.00390625
4103,0
4104,0.00390625
4105,0
4106,-0.00390625
4107,0
4108,5.04688
4109,5.05859
4110,5.06641
4111,5.07422
4112,5.08594
4113,0
4114,0
4115,0
4116,7.99609
4117,-8
4118,0.00390625
4119,0
4120,0.00390625
4121,0
4122,-0.00390625
4123,0
4124,5.19141
4125,5.20313
4126,5.21094
4127,5.21875
4128,5.23047
4129,0
4130,0
4131,0
4132,7.99609
4133,-8
4134,0.00390625
4135,0
4136,0.00390625
4137,0
4138,-0.00390625
4139,0
4140,5.33594
4141,5.34766
4142,5.35547
4143,5.36328
4144,5.375
4145,0
4146,0
4147,0
4148,7.99609
4149,-8
4150,0.00390625
4151,0
4152,0.00390625
4153,0
4154,-0.00390625
4155,0
4156,5.48047
4157,5.49219
4158,5.5
4159,5.50781
4160,5.51953
4161,0
4162,0
4163,0
4164,7.99609
4165,-8
4166,0.00390625
4167,0
4168,0.00390625
4169,0
4170,-0.00390625
4171,0
4172,5.625
4173,5.63672
4174,5.64453
4175,5.65234
4176,5.66406
4177,0
4178,0
4179,0
4180,7.99609
4181,-8
4182,0.00390625
4183,0
4184,0.00390625
4185,0
4186,-0.00390625
4187,0
4188,5.76953
4189,5.78125
4190,5.78906
4191,5.79688
4192,5.80859
4193,0
4194,0
4195,0
4196,7.99609
4197,-8
4198,0.00390625
4199,0
4200,0.00390625
4201,0
4202,-0.00390625
4203,0
4204,5.91406
4205,5.92578
4206,5.93359
4207,5.94141
4208,5.95313
4209,0
4210,0
4211,0
4212,7.99609
4213,-8
4214,0.00390625
4215,0
4216,0.00390625
4217,0
4218,-0.00390625
4219,0
4220,6.05859
4221,6.07031
4222,6.07813
4223,6.08594
4224,6.09766
4225,0
4226,0
4227,0
4228,7.99609
4229,-8
4230,0.00390625
4231,0
4232,0.00390625
4233,0
4234,-0.00390625
4235,0
4236,6.20313
4237,6.21484
4238,6.22266
4239,6.23047
4240,6.24219
4241,0
4242,0
4243,0
4244,7.99609
4245,-8
4246,0.00390625
4247,0
4248,0.00390625
4249,0
4250,-0.00390625
4251,0
4252,6.34766
4253,6.35938
4254,6.36719
4255,6.375
4256,6.38672
4257,0
4258,0
4259,0
4260,7.99609
4261,-8
4262,0.00390625
4263,0
4264,0.00390625
4265,0
4266,-0.00390625
4267,0
4268,6.49219
4269,6.50391
4270,6.51172
4271,6.51953
4272,6.53125
4273,0
4274,0
4275,0
4276,7.99609
4277,-8
4278,0.00390625
4279,0
4280,0.00390625
4281,0
4282,-0.00390625
4283,0
4284,6.63672
4285,6.64844
4286,6.65625
4287,6.66406
4288,6.67578
4289,0
4290,0
4291,0
4292,7.99609
4293,-8
4294,0.00390625
4295,0
4296,0.00390625
4297,0
4298,-0.00390625
4299,0
4300,6.78125
4301,6.79297
4302,6.80078
4303,6.80859
4304,6.82031
4305,0
4306,0
4307,0
4308,7.99609
4309,-8
4310,0.00390625
4311,0
4312,0.00390625
4313,0
4314,-0.00390625
4315,0
4316,6.92578
4317,6.9375
4318,6.94531
4319,6.95313
4320,6.96484
4321,0
4322,0
4323,0
4324,7.99609
4325,-8
4326,0.00390625
4327,0
4328,0.00390625
4329,0
4330,-0.00390625
4331,0
4332,7.07031
4333,7.08203
4334,7.08984
4335,7.09766
4336,7.10938
4337,0
4338,0
4339,0
4340,7.99609
4341,-8
4342,0.00390625
4343,0
4344,0.00390625
4345,0
4346,-0.00390625
4347,0
4348,7.21484
4349,7.22656
4350,7.23438
4351,7.24219
4352,7.25391
4353,0
4354,0
4355,0
4356,7.99609
4357,-8
4358,0.00390625
4359,0
4360,0.00390625
4361,0
4362,-0.00390625
4363,0
4364,7.35938
4365,7.37109
4366,7.37891
4367,7.38672
4368,7.39844
4369,0
4370,0
4371,0
4372,7.99609
4373,-8
4374,0.00390625
4375,0
4376,0.00390625
4377,0
4378,-0.00390625
4379,0
4380,7.50391
4381,7.51563
4382,7.52344
4383,7.53125
4384,7.54297
4385,0
4386,0
4387,0
4388,7.99609
4389,-8
4390,0.00390625
4391,0
4392,0.00390625
4393,0
4394,-0.00390625
4395,0
4396,7.64844
4397,7.66016
4398,7.66797
4399,7.67578
4400,7.6875
4401,0
4402,0
4403,0
4404,7.99609
4405,-8
4406,0.00390625
4407,0
4408,0.00390625
4409,0
4410,-0.00390625
4411,0
4412,7.79297
4413,7.80469
4414,7.8125
4415,7.82031
4416,7.83203
4417,0
4418,0
4419,0
4420,7.99609
4421,-8
4422,0.00390625
4423,0
4424,0.00390625
4425,0
4426,-0.00390625
4427,0
4428,7.9375
4429,7.94922
4430,7.95703
4431,7.96484
4432,7.97656
4433,0
4434,0
4435,0
4436,7.99609
4437,-8
4438,0.00390625
4439,0
4440,0.00390625
4441,0
4442,-0.00390625
4443,0
4444,-7.91797
4445,-7.90625
4446,-7.89844
4447,-7.89063
4448,-7.87891
4449,0
4450,0
4451,0
4452,7.99609
4453,-8
4454,0.00390625
4455,0
4456,0.00390625
4457,0
4458,-0.00390625
4459,0
4460,-7.77344
4461,-7.76172
4462,-7.75391
4463,-7.74609
4464,-7.73438
4465,0
4466,0
4467,0
4468,7.99609
4469,-8
4470,0.00390625
4471,0
4472,0.00390625
4473,0
4474,-0.00390625
4475,0
4476,-7.62891
4477,-7.61719
4478,-7.60938
4479,-7.60156
4480,-7.58984
4481,0
4482,0
4483,0
4484,7.99609
4485,-8
4486,0.00390625
4487,0
4488,0.00390625
4489,0
4490,-0.00390625
4491,0
4492,-7.48438
4493,-7.47266
4494,-7.46484
4495,-7.45703
4496,-7.44531
4497,0
4498,0
4499,0
4500,7.99609
4501,-8
4502,0.00390625
4503,0
4504,0.00390625
4505,0
4506,-0.00390625
4507,0
4508,-7.33984
4509,-7.32813
4510,-7.32031
4511,-7.3125
4512,-7.30078
4513,0
4514,0
4515,0
4516,7.99609
4517,-8
4518,0.00390625
4519,0
4520,0.00390625
4521,0
4522,-0.00390625
4523,0
4524,-7.19531
4525,-7.18359
4526,-7.17578
4527,-7.16797
4528,-7.15625
4529,0
4530,0
4531,0
4532,7.99609
4533,-8
4534,0.00390625
4535,0
4536,0.00390625
4537,0
4538,-0.00390625
4539,0
4540,-7.05078
4541,-7.03906
4542,-7.03125
4543,-7.02344
4544,-7.01172
4545,0
4546,0
4547,0
4548,7.99609
4549,-8
4550,0.00390625
4551,0
4552,0.00390625
4553,0
4554,-0.00390625
4555,0
4556,-6.90625
4557,-6.89453
4558,-6.88672
4559,-6.87891
4560,-6.86719
4561,0
4562,0
4563,0
4564,7.99609
4565,-8
4566,0.00390625
4567,0
4568,0.00390625
4569,0
4570,-0.00390625
4571,0
4572,-6.76172
4573,-6.75
4574,-6.74219
4575,-6.73438
4576,-6.72266
4577,0
4578,0
4579,0
4580,7.99609
4581,-8
4582,0.00390625
4583,0
4584,0.00390625
4585,0
4586,-0.00390625
4587,0
4588,-6.61719
4589,-6.60547
4590,-6.59766
4591,-6.58984
4592,-6.57813
4593,0
4594,0
4595,0
4596,7.99609
4597,-8
4598,0.00390625
4599,0
4600,0.00390625
4601,0
4602,-0.00390625
4603,0
4604,-6.47266
4605,-6.46094
4606,-6.45313
4607,-6.44531
4608,-6.43359
4609,0
4610,0
4611,0
4612,7.99609
4613,-8
4614,0.00390625
4615,0
4616,0.00390625
4617,0
4618,-0.00390625
4619,0
4620,-6.32813
4621,-6.31641
4622,-6.30859
4623,-6.30078
4624,-6.28906
4625,0
4626,0
4627,0
4628,7.99609
4629,-8
4630,0.00390625
4631,0
4632,0.00390625
4633,0
4634,-0.00390625
4635,0
4636,-6.18359
4637,-6.17188
4638,-6.16406
4639,-6.15625
4640,-6.14453
4641,0
4642,0
4643,0
4644,7.99609
4645,-8
4646,0.00390625
4647,0
4648,0.00390625
4649,0
4650,-0.00390625
4651,0
4652,-6.03906
4653,-6.02734
4654,-6.01953
4655,-6.01172
4656,-6
4657,0
4658,0
4659,0
4660,7.99609
4661,-8
4662,0.00390625
4663,0
4664,0.00390625
4665,0
4666,-0.00390625
4667,0
4668,-5.89453
4669,-5.88281
4670,-5.875
4671,-5.86719
4672,-5.85547
4673,0
4674,0
4675,0
4676,7.99609
4677,-8
4678,0.00390625
4679,0
4680,0.00390625
4681,0
4682,-0.00390625
4683,0
4684,-5.75
4685,-5.73828
4686,-5.73047
4687,-5.72266
4688,-5.71094
4689,0
4690,0
4691,0
4692,7.99609
4693,-8
4694,0.00390625
4695,0
4696,0.00390625
4697,0
4698,-0.00390625
4699,0
4700,-5.60547
4701,-5.59375
4702,-5.58594
4703,-5.57813
4704,-5.56641
4705,0
4706,0
4707,0
4708,7.99609
4709,-8
4710,0.00390625
4711,0
4712,0.00390625
4713,0
4714,-0.00390625
4715,0
4716,-5.46094
4717,-5.44922
4718,-5.44141
4719,-5.43359
4720,-5.42188
4721,0
4722,0
4723,0
4724,7.99609
4725,-8
4726,0.00390625
4727,0
4728,0.00390625
4729,0
4730,-0.00390625
4731,0
4732,-5.31641
4733,-5.30469
4734,-5.29688
4735,-5.28906
4736,-5.27734
4737,0
4738,0
4739,0
4740,7.99609
4741,-8
4742,0.00390625
4743,0
4744,0.00390625
4745,0
4746,-0.00390625
4747,0
4748,-5.17188
4749,-5.16016
4750,-5.15234
4751,-5.14453
4752,-5.13281
4753,0
4754,0
4755,0
4756,7.99609
4757,-8
4758,0.00390625
4759,0
4760,0.00390625
4761,0
4762,-0.00390625
4763,0
4764,-5.02734
4765,-5.01563
4766,-5.00781
4767,-5
4768,-4.98828
4769,0
4770,0
4771,0
4772,7.99609
4773,-8
4774,0.00390625
4775,0
4776,0.00390625
4777,0
4778,-0.00390625
4779,0
4780,-4.88281
4781,-4.87109
4782,-4.86328
4783,-4.85547
4784,-4.84375
4785,0
4786,0
4787,0
4788,7.99609
4789,-8
4790,0.00390625
4791,0
4792,0.00390625
4793,0
4794,-0.00390625
4795,0
4796,-4.73828
4797,-4.72656
4798,-4.71875
4799,-4.71094
4800,-4.69922
4801,0
4802,0
4803,0
4804,7.99609
4805,-8
4806,0.00390625
4807,0
4808,0.00390625
4809,0
4810,-0.00390625
4811,0
4812,-4.59375
4813,-4.58203
4814,-4.57422
4815,-4.56641
4816,-4.55469
4817,0
4818,0
4819,0
4820,7.99609
4821,-8
4822,0.00390625
4823,0
4824,0.00390625
4825,0
4826,-0.00390625
4827,0
4828,-4.44922
4829,-4.4375
4830,-4.42969
4831,-4.42188
4832,-4.41016
4833,0
4834,0
4835,0
4836,7.99609
4837,-8
4838,0.00390625
4839,0
4840,0.00390625
4841,0
4842,-0.00390625
4843,0
4844,-4.30469
4845,-4.29297
4846,-4.28516
4847,-4.27734
4848,-4.26563
4849,0
4850,0
4851,0
4852,7.99609
4853,-8
4854,0.00390625
4855,0
4856,0.00390625
4857,0
4858,-0.00390625
4859,0
4860,-4.16016
4861,-4.14844
4862,-4.14063
4863,-4.13281
4864,-4.12109
4865,0
4866,0
4867,0
4868,7.99609
4869,-8
4870,0.00390625
4871,0
4872,0.00390625
4873,0
4874,-0.00390625
4875,0
4876,-4.01563
4877,-4.00391
4878,-3.99609
4879,-3.98828
4880,-3.97656
4881,0
4882,0
4883,0
4884,7.99609
4885,-8
4886,0.00390625
4887,0
4888,0.00390625
4889,0
4890,-0.00390625
4891,0
4892,-3.87109
4893,-3.85938
4894,-3.85156
4895,-3.84375
4896,-3.83203
4897,0
4898,0
4899,0
4900,7.99609
4901,-8
4902,0.00390625
4903,0
4904,0.00390625
4905,0
4906,-0.00390625
4907,0
4908,-3.72656
4909,-3.71484
4910,-3.70703
4911,-3.69922
4912,-3.6875
4913,0
4914,0
4915,0
4916,7.99609
4917,-8
4918,0.00390625
4919,0
4920,0.00390625
4921,0
4922,-0.00390625
4923,0
4924,-3.58203
4925,-3.57031
4926,-3.5625
4927,-3.55469
4928,-3.54297
4929,0
4930,0
4931,0
4932,7.99609
4933,-8
4934,0.00390625
4935,0
4936,0.00390625
4937,0
4938,-0.00390625
4939,0
4940,-3.4375
4941,-3.42578
4942,-3.41797
4943,-3.41016
4944,-3.39844
4945,0
4946,0
4947,0
4948,7.99609
4949,-8
4950,0.00390625
4951,0
4952,0.00390625
4953,0
4954,-0.00390625
4955,0
4956,-3.29297
4957,-3.28125
4958,-3.27344
4959,-3.26563
4960,-3.25391
4961,0
4962,0
4963,0
4964,7.99609
4965,-8
4966,0.00390625
4967,0
4968,0.00390625
4969,0
4970,-0.00390625
4971,0
4972,-3.14844
4973,-3.13672
4974,-3.12891
4975,-3.12109
4976,-3.10938
4977,0
4978,0
4979,0
4980,7.99609
4981,-8
4982,0.00390625
4983,0
4984,0.00390625
4985,0
4986,-0.00390625
4987,0
4988,-3.00391
4989,-2.99219
4990,-2.98438
4991,-2.97656
4992,-2.96484
4993,0
4994,0
4995,0
4996,7.99609
4997,-8
4998,0.00390625
4999,0
5000,0.00390625
5001,0
5002,-0.00390625
5003,0
5004,-2.85938
5005,-2.84766
5006,-2.83984
5007,-2.83203
5008,-2.82031
5009,0
5010,0
5011,0
5012,7.99609
5013,-8
5014,0.00390625
5015,0
5016,0.00390625
5017,0
5018,-0.00390625
5019,0
5020,-2.71484
5021,-2.70313
5022,-2.69531
5023,-2.6875
5024,-2.67578
5025,0
5026,0
5027,0
5028,7.99609
5029,-8
5030,0.00390625
5031,0
5032,0.00390625
5033,0
5034,-0.00390625
5035,0
5036,-2.57031
5037,-2.55859
5038,-2.55078
5039,-2.54297
5040,-2.53125
5041,0
5042,0
5043,0
5044,7.99609
5045,-8
5046,0.00390625
5047,0
5048,0.00390625
5049,0
5050,-0.00390625
5051,0
5052,-2.42578
5053,-2.41406
5054,-2.40625
5055,-2.39844
5056,-2.38672
5057,0
5058,0
5059,0
5060,7.99609
5061,-8
5062,0.00390625
5063,0
5064,0.00390625
5065,0
5066,-0.00390625
5067,0
5068,-2.28125
5069,-2.26953
5070,-2.26172
5071,-2.25391
5072,-2.24219
5073,0
5074,0
5075,0
5076,7.99609
5077,-8
5078,0.00390625
5079,0
5080,0.00390625
5081,0
5082,-0.00390625
5083,0
5084,-2.13672
5085,-2.125
5086,-2.11719
5087,-2.10938
5088,-2.09766
5089,0
5090,0
5091,0
5092,7.99609
5093,-8
5094,0.00390625
5095,0
5096,0.00390625
5097,0
5098,-0.00390625
5099,0
5100,-1.99219
5101,-1.98047
5102,-1.97266
5103,-1.96484
5104,-1.95313
5105,0
5106,0
5107,0
5108,7.99609
5109,-8
5110,0.00390625
5111,0
5112,0.00390625
5113,0
5114,-0.00390625
5115,0
5116,-1.84766
5117,-1.83594
5118,-1.82813
5119,-1.82031
5120,-1.80859
5121,0
5122,0
5123,0
5124,7.99609
5125,-8
5126,0.00390625
5127,0
5128,0.00390625
5129,0
5130,-0.00390625
5131,0
5132,-1.70313
5133,-1.69141
5134,-1.68359
5135,-1.67578
5136,-1.66406
5137,0
5138,0
5139,0
5140,7.99609
5141,-8
5142,0.00390625
5143,0
5144,0.00390625
5145,0
5146,-0.00390625
5147,0
5148,-1.55859
5149,-1.54688
5150,-1.53906
5151,-1.53125
5152,-1.51953
5153,0
5154,0
5155,0
5156,7.99609
5157,-8
5158,0.00390625
5159,0
5160,0.00390625
5161,0
5162,-0.00390625
5163,0
5164,-1.41406
5165,-1.40234
5166,-1.39453
5167,-1.38672
5168,-1.375
5169,0
5170,0
5171,0
5172,7.99609
5173,-8
5174,0.00390625
5175,0
5176,0.00390625
5177,0
5178,-0.00390625
5179,0
5180,-1.26953
5181,-1.25781
5182,-1.25
5183,-1.24219
5184,-1.23047
5185,0
5186,0
5187,0
5188,7.99609
5189,-8
5190,0.00390625
5191,0
5192,0.00390625
5193,0
5194,-0.00390625
5195,0
5196,-1.125
5197,-1.11328
5198,-1.10547
5199,-1.09766
5200,-1.08594
5201,0
5202,0
5203,0
5204,7.99609
5205,-8
5206,0.00390625
5207,0
5208,0.00390625
5209,0
5210,-0.00390625
5211,0
5212,-0.980469
5213,-0.96875
5214,-0.960938
5215,-0.953125
5216,-0.941406
5217,0
5218,0
5219,0
5220,7.99609
5221,-8
5222,0.00390625
5223,0
5224,0.00390625
5225,0
5226,-0.00390625
5227,0
5228,-0.835938
5229,-0.824219
5230,-0.816406
5231,-0.808594
5232,-0.796875
5233,0
5234,0
5235,0
5236,7.99609
5237,-8
5238,0.00390625
5239,0
5240,0.00390625
5241,0
5242,-0.00390625
5243,0
5244,-0.691406
5245,-0.679688
5246,-0.671875
5247,-0.664063
5248,-0.652344
5249,0
5250,0
5251,0
5252,7.99609
5253,-8
5254,0.00390625
5255,0
5256,0.00390625
5257,0
5258,-0.00390625
5259,0
5260,-0.546875
5261,-0.535156
5262,-0.527344
5263,-0.519531
5264,-0.507813
5265,0
5266,0
5267,0
5268,7.99609
5269,-8
5270,0.00390625
5271,0
5272,0.00390625
5273,0
5274,-0.00390625
5275,0
5276,-0.402344
5277,-0.390625
5278,-0.382813
5279,-0.375
5280,-0.363281
5281,0
5282,0
5283,0
5284,7.99609
5285,-8
5286,0.00390625
5287,0
5288,0.00390625
5289,0
5290,-0.00390625
5291,0
5292,-0.257813
5293,-0.246094
5294,-0.238281
5295,-0.230469
5296,-0.21875
5297,0
5298,0
5299,0
5300,7.99609
5301,-8
5302,0.00390625
5303,0
5304,0.00390625
5305,0
5306,-0.00390625
5307,0
5308,-0.113281
5309,-0.101563
5310,-0.09375
5311,-0.0859375
5312,-0.0742188
5313,0
5314,0
5315,0
5316,7.99609
5317,-8
5318,0.00390625
5319,0
5320,0.00390625
5321,0
5322,-0.00390625
5323,0
5324,0.03125
5325,0.0429688
5326,0.0507813
5327,0.0585938
5328,0.0703125
5329,0
5330,0
5331,0
5332,7.99609
5333,-8
5334,0.00390625
5335,0
5336,0.00390625
5337,0
5338,-0.00390625
5339,0
5340,0.175781
5341,0.1875
5342,0.195313
5343,0.203125
5344,0.214844
5345,0
5346,0
5347,0
5348,7.99609
5349,-8
5350,0.00390625
5351,0
5352,0.00390625
5353,0
5354,-0.00390625
5355,0
5356,0.320313
5357,0.332031
5358,0.339844
5359,0.347656
5360,0.359375
5361,0
5362,0
5363,0
5364,7.99609
5365,-8
5366,0.00390625
5367,0
5368,0.00390625
5369,0
5370,-0.00390625
5371,0
5372,0.464844
5373,0.476563
5374,0.484375
5375,0.492188
5376,0.503906
5377,0
5378,0
5379,0
5380,7.99609
5381,-8
5382,0.00390625
5383,0
5384,0.00390625
5385,0
5386,-0.00390625
5387,0
5388,0.609375
5389,0.621094
5390,0.628906
5391,0.636719
5392,0.648438
5393,0
5394,0
5395,0
5396,7.99609
5397,-8
5398,0.00390625
5399,0
5400,0.00390625
5401,0
5402,-0.00390625
5403,0
5404,0.753906
5405,0.765625
5406,0.773438
5407,0.78125
5408,0.792969
5409,0
5410,0
5411,0
5412,7.99609
5413,-8
5414,0.00390625
5415,0
5416,0.00390625
5417,0
5418,-0.00390625
5419,0
5420,0.898438
5421,0.910156
5422,0.917969
5423,0.925781
5424,0.9375
5425,0
5426,0
5427,0
5428,7.99609
5429,-8
5430,0.00390625
5431,0
5432,0.00390625
5433,0
5434,-0.00390625
5435,0
5436,1.04297
5437,1.05469
5438,1.0625
5439,1.07031
5440,1.08203
5441,0
5442,0
5443,0
5444,7.99609
5445,-8
5446,0.00390625
5447,0
5448,0.00390625
5449,0
5450,-0.00390625
5451,0
5452,1.1875
5453,1.19922
5454,1.20703
5455,1.21484
5456,1.22656
5457,0
5458,0
5459,0
5460,7.99609
5461,-8
5462,0.00390625
5463,0
5464,0.00390625
5465,0
5466,-0.00390625
5467,0
5468,1.33203
5469,1.34375
5470,1.35156
5471,1.35938
5472,1.37109
5473,0
5474,0
5475,0
5476,7.99609
5477,-8
5478,0.00390625
5479,0
5480,0.00390625
5481,0
5482,-0.00390625
5483,0
5484,1.47656
5485,1.48828
5486,1.49609
5487,1.50391
5488,1.51563
5489,0
5490,0
5491,0
5492,7.99609
5493,-8
5494,0.00390625
5495,0
5496,0.00390625
5497,0
5498,-0.00390625
5499,0
5500,1.62109
5501,1.63281
5502,1.64063
5503,1.64844
5504,1.66016
5505,0
5506,0
5507,0
5508,7.99609
5509,-8
5510,0.00390625
5511,0
5512,0.00390625
5513,0
5514,-0.00390625
5515,0
5516,1.76563
5517,1.77734
5518,1.78516
5519,1.79297
5520,1.80469
5521,0
5522,0
5523,0
5524,7.99609
5525,-8
5526,0.00390625
5527,0
5528,0.00390625
5529,0
5530,-0.00390625
5531,0
5532,1.91016
5533,1.92188
5534,1.92969
5535,1.9375
5536,1.94922
5537,0
5538,0
5539,0
5540,7.99609
5541,-8
5542,0.00390625
5543,0
5544,0.00390625
5545,0
5546,-0.00390625
5547,0
5548,2.05469
5549,2.06641
5550,2.07422
5551,2.08203
5552,2.09375
5553,0
5554,0
5555,0
5556,7.99609
5557,-8
5558,0.00390625
5559,0
5560,0.00390625
5561,0
5562,-0.00390625
5563,0
5564,2.19922
5565,2.21094
5566,2.21875
5567,2.22656
5568,2.23828
5569,0
5570,0
5571,0
5572,7.99609
5573,-8
5574,0.00390625
5575,0
5576,0.00390625
5577,0
5578,-0.00390625
5579,0
5580,2.34375
5581,2.35547
5582,2.36328
5583,2.37109
5584,2.38281
5585,0
5586,0
5587,0
5588,7.99609
5589,-8
5590,0.00390625
5591,0
5592,0.00390625
5593,0
5594,-0.00390625
5595,0
5596,2.48828
5597,2.5
5598,2.50781
5599,2.51563
5600,2.52734
5601,0
5602,0
5603,0
5604,7.99609
5605,-8
5606,0.00390625
5607,0
5608,0.00390625
5609,0
5610,-0.00390625
5611,0
5612,2.63281
5613,2.64453
5614,2.65234
5615,2.66016
5616,2.67188
5617,0
5618,0
5619,0
5620,7.99609
5621,-8
5622,0.00390625
5623,0
5624,0.00390625
5625,0
5626,-0.00390625
5627,0
5628,2.77734
5629,2.78906
5630,2.79688
5631,2.80469
5632,2.81641
5633,0
5634,0
5635,0
5636,7.99609
5637,-8
5638,0.00390625
5639,0
5640,0.00390625
5641,0
5642,-0.00390625
5643,0
5644,2.92188
5645,2.93359
5646,2.94141
5647,2.94922
5648,2.96094
5649,0
5650,0
5651,0
5652,7.99609
5653,-8
5654,0.00390625
5655,0
5656,0.00390625
5657,0
5658,-0.00390625
5659,0
5660,3.06641
5661,3.07813
5662,3.08594
5663,3.09375
5664,3.10547
5665,0
5666,0
5667,0
5668,7.99609
5669,-8
5670,0.00390625
5671,0
5672,0.00390625
5673,0
5674,-0.00390625
5675,0
5676,3.21094
5677,3.22266
5678,3.23047
5679,3.23828
5680,3.25
5681,0
5682,0
5683,0
5684,7.99609
5685,-8
5686,0.00390625
5687,0
5688,0.00390625
5689,0
5690,-0.00390625
5691,0
5692,3.35547
5693,3.36719
5694,3.375
5695,3.38281
5696,3.39453
5697,0
5698,0
5699,0
5700,7.99609
5701,-8
5702,0.00390625
5703,0
5704,0.00390625
5705,0
5706,-0.00390625
5707,0
5708,3.5
5709,3.51172
5710,3.51953
5711,3.52734
5712,3.53906
5713,0
5714,0
5715,0
5716,7.99609
5717,-8
5718,0.00390625
5719,0
5720,0.00390625
5721,0
5722,-0.00390625
5723,0
5724,3.64453
5725,3.65625
5726,3.66406
5727,3.67188
5728,3.68359
5729,0
5730,0
5731,0
5732,7.99609
5733,-8
5734,0.00390625
5735,0
5736,0.00390625
5737,0
5738,-0.00390625
5739,0
5740,3.78906
5741,3.80078
5742,3.80859
5743,3.81641
5744,3.82813
5745,0
5746,0
5747,0
5748,7.99609
5749,-8
5750,0.00390625
5751,0
5752,0.00390625
5753,0
5754,-0.00390625
5755,0
5756,3.93359
5757,3.94531
5758,3.95313
5759,3.96094
5760,3.97266
5761,0
5762,0
5763,0
5764,7.99609
5765,-8
5766,0.00390625
5767,0
5768,0.00390625
5769,0
5770,-0.00390625
5771,0
5772,4.07813
5773,4.08984
5774,4.09766
5775,4.10547
5776,4.11719
5777,0
5778,0
5779,0
5780,7.99609
5781,-8
5782,0.00390625
5783,0
5784,0.00390625
5785,0
5786,-0.00390625
5787,0
5788,4.22266
5789,4.23438
5790,4.24219
5791,4.25
5792,4.26172
5793,0
5794,0
5795,0
5796,7.99609
5797,-8
5798,0.00390625
5799,0
5800,0.00390625
5801,0
5802,-0.00390625
5803,0
5804,4.36719
5805,4.37891
5806,4.38672
5807,4.39453
5808,4.40625
5809,0
5810,0
5811,0
5812,7.99609
5813,-8
5814,0.00390625
5815,0
5816,0.00390625
5817,0
5818,-0.00390625
5819,0
5820,4.51172
5821,4.52344
5822,4.53125
5823,4.53906
5824,4.55078
5825,0
5826,0
5827,0
5828,7.99609
5829,-8
5830,0.00390625
5831,0
5832,0.00390625
5833,0
5834,-0.00390625
5835,0
5836,4.65625
5837,4.66797
5838,4.67578
5839,4.68359
5840,4.69531
5841,0
5842,0
5843,0
5844,7.99609
5845,-8
5846,0.00390625
5847,0
5848,0.00390625
5849,0
5850,-0.00390625
5851,0
5852,4.80078
5853,4.8125
5854,4.82031
5855,4.82813
5856,4.83984
5857,0
5858,0
5859,0
5860,7.99609
5861,-8
5862,0.00390625
5863,0
5864,0.00390625
5865,0
5866,-0.00390625
5867,0
5868,4.94531
5869,4.95703
5870,4.96484
5871,4.97266
5872,4.98438
5873,0
5874,0
5875,0
5876,7.99609
5877,-8
5878,0.00390625
5879,0
5880,0.00390625
5881,0
5882,-0.00390625
5883,0
5884,5.08984
5885,5.10156
5886,5.10938
5887,5.11719
5888,5.12891
5889,0
5890,0
5891,0
5892,7.99609
5893,-8
5894,0.00390625
5895,0
5896,0.00390625
5897,0
5898,-0.00390625
5899,0
5900,5.23438
5901,5.24609
5902,5.25391
5903,5.26172
5904,5.27344
5905,0
5906,0
5907,0
5908,7.99609
5909,-8
5910,0.00390625
5911,0
5912,0.00390625
5913,0
5914,-0.00390625
5915,0
5916,5.37891
5917,5.39063
5918,5.39844
5919,5.40625
5920,5.41797
5921,0
5922,0
5923,0
5924,7.99609
5925,-8
5926,0.00390625
5927,0
5928,0.00390625
5929,0
5930,-0.00390625
5931,0
5932,5.52344
5933,5.53516
5934,5.54297
5935,5.55078
5936,5.5625
5937,0
5938,0
5939,0
5940,7.99609
5941,-8
5942,0.00390625
5943,0
5944,0.00390625
5945,0
5946,-0.00390625
5947,0
5948,5.66797
5949,5.67969
5950,5.6875
5951,5.69531
5952,5.70703
5953,0
5954,0
5955,0
5956,7.99609
5957,-8
5958,0.00390625
5959,0
5960,0.00390625
5961,0
5962,-0.00390625
5963,0
5964,5.8125
5965,5.82422
5966,5.83203
5967,5.83984
5968,5.85156
5969,0
5970,0
5971,0
5972,7.99609
5973,-8
5974,0.00390625
5975,0
5976,0.00390625
5977,0
5978,-0.00390625
5979,0
5980,5.95703
5981,5.96875
5982,5.97656
5983,5.98438
5984,5.99609
5985,0
5986,0
5987,0
5988,7.99609
5989,-8
5990,0.00390625
5991,0
5992,0.00390625
5993,0
5994,-0.00390625
5995,0
5996,6.10156
5997,6.11328
5998,6.12109
5999,6.12891
6000,6.14063
6001,0
6002,0
6003,0
6004,7.99609
6005,-8
6006,0.00390625
6007,0
6008,0.00390625
6009,0
6010,-0.00390625
6011,0
6012,6.24609
6013,6.25781
6014,6.26563
6015,6.27344
6016,6.28516
6017,0
6018,0
6019,0
6020,7.99609
6021,-8
6022,0.00390625
6023,0
6024,0.00390625
6025,0
6026,-0.00390625
6027,0
6028,6.39063
6029,6.40234
6030,6.41016
6031,6.41797
6032,6.42969
6033,0
6034,0
6035,0
6036,7.99609
6037,-8
6038,0.00390625
6039,0
6040,0.00390625
6041,0
6042,-0.00390625
6043,0
6044,6.53516
6045,6.54688
6046,6.55469
6047,6.5625
6048,6.57422
6049,0
6050,0
6051,0
6052,7.99609
6053,-8
6054,0.00390625
6055,0
6056,0.00390625
6057,0
6058,-0.00390625
6059,0
6060,6.67969
6061,6.69141
6062,6.69922
6063,6.70703
6064,6.71875
6065,0
6066,0
6067,0
6068,7.99609
6069,-8
6070,0.00390625
6071,0
6072,0.00390625
6073,0
6074,-0.00390625
6075,0
6076,6.82422
6077,6.83594
6078,6.84375
6079,6.85156
6080,6.86328
6081,0
6082,0
6083,0
6084,7.99609
6085,-8
6086,0.00390625
6087,0
6088,0.00390625
6089,0
6090,-0.00390625
6091,0
6092,6.96875
6093,6.98047
6094,6.98828
6095,6.99609
6096,7.00781
6097,0
6098,0
6099,0
6100,7.99609
6101,-8
6102,0.00390625
6103,0
6104,0.00390625
6105,0
6106,-0.00390625
6107,0
6108,7.11328
6109,7.125
6110,7.13281
6111,7.14063
6112,7.15234
6113,0
6114,0
6115,0
6116,7.99609
6117,-8
6118,0.00390625
6119,0
6120,0.00390625
6121,0
6122,-0.00390625
6123,0
6124,7.25781
6125,7.26953
6126,7.27734
6127,7.28516
6128,7.29688
6129,0
6130,0
6131,0
6132,7.99609
6133,-8
6134,0.00390625
6135,0
6136,0.00390625
6137,0
6138,-0.00390625
6139,0
6140,7.40234
6141,7.41406
6142,7.42188
6143,7.42969
6144,7.44141
6145,0
6146,0
6147,0
6148,7.99609
6149,-8
6150,0.00390625
6151,0
6152,0.00390625
6153,0
6154,-0.00390625
6155,0
6156,7.54688
6157,7.55859
6158,7.56641
6159,7.57422
6160,7.58594
6161,0
6162,0
6163,0
6164,7.99609
6165,-8
6166,0.00390625
6167,0
6168,0.00390625
6169,0
6170,-0.00390625
6171,0
6172,7.69141
6173,7.70313
6174,7.71094
6175,7.71875
6176,7.73047
6177,0
6178,0
6179,0
6180,7.99609
6181,-8
6182,0.00390625
6183,0
6184,0.00390625
6185,0
6186,-0.00390625
6187,0
6188,7.83594
6189,7.84766
6190,7.85547
6191,7.86328
6192,7.875
6193,0
6194,0
6195,0
6196,7.99609
6197,-8
6198,0.00390625
6199,0
6200,0.00390625
6201,0
6202,-0.00390625
6203,0
6204,7.98047
6205,7.99219
6206,7.99609
6207,-7.99219
6208,-7.98047
6209,0
6210,0
6211,0
6212,7.99609
6213,-8
6214,0.00390625
6215,0
6216,0.00390625
6217,0
6218,-0.00390625
6219,0
6220,-7.875
6221,-7.86328
6222,-7.85547
6223,-7.84766
6224,-7.83594
6225,0
6226,0
6227,0
6228,7.99609
6229,-8
6230,0.00390625
6231,0
6232,0.00390625
6233,0
6234,-0.00390625
6235,0
6236,-7.73047
6237,-7.71875
6238,-7.71094
6239,-7.70313
6240,-7.69141
6241,0
6242,0
6243,0
6244,7.99609
6245,-8
6246,0.00390625
6247,0
6248,0.00390625
6249,0
6250,-0.00390625
6251,0
6252,-7.58594
6253,-7.57422
6254,-7.56641
6255,-7.55859
6256,-7.54688
6257,0
6258,0
6259,0
6260,7.99609
6261,-8
6262,0.00390625
6263,0
6264,0.00390625
6265,0
6266,-0.00390625
6267,0
6268,-7.44141
6269,-7.42969
6270,-7.42188
6271,-7.41406
6272,-7.40234
6273,0
6274,0
6275,0
6276,7.99609
6277,-8
6278,0.00390625
6279,0
6280,0.00390625
6281,0
6282,-0.00390625
6283,0
6284,-7.29688
6285,-7.28516
6286,-7.27734
6287,-7.26953
6288,-7.25781
6289,0
6290,0
6291,0
6292,7.99609
6293,-8
6294,0.00390625
6295,0
6296,0.00390625
6297,0
6298,-0.00390625
6299,0
6300,-7.15234
6301,-7.14063
6302,-7.13281
6303,-7.125
6304,-7.11328
6305,0
6306,0
6307,0
6308,7.99609
6309,-8
6310,0.00390625
6311,0
6312,0.00390625
6313,0
6314,-0.00390625
6315,0
6316,-7.00781
6317,-6.99609
6318,-6.98828
6319,-6.98047
6320,-6.96875
6321,0
6322,0
6323,0
6324,7.99609
6325,-8
6326,0.00390625
6327,0
6328,0.00390625
6329,0
6330,-0.00390625
6331,0
6332,-6.86328
6333,-6.85156
6334,-6.84375
6335,-6.83594
6336,-6.82422
6337,0
6338,0
6339,0
6340,7.99609
6341,-8
6342,0.00390625
6343,0
6344,0.00390625
6345,0
6346,-0.00390625
6347,0
6348,-6.71875
6349,-6.70703
6350,-6.69922
6351,-6.69141
6352,-6.67969
6353,0
6354,0
6355,0
6356,7.99609
6357,-8
6358,0.00390625
6359,0
6360,0.00390625
6361,0
6362,-0.00390625
6363,0
6364,-6.57422
6365,-6.5625
6366,-6.55469
6367,-6.54688
6368,-6.53516
6369,0
6370,0
6371,0
6372,7.99609
6373,-8
6374,0.00390625
6375,0
6376,0.00390625
6377,0
6378,-0.00390625
6379,0
6380,-6.42969
6381,-6.41797
6382,-6.41016
6383,-6.40234
6384,-6.39063
6385,0
6386,0
6387,0
6388,7.99609
6389,-8
6390,0.00390625
6391,0
6392,0.00390625
6393,0
6394,-0.00390625
6395,0
6396,-6.28516
6397,-6.27344
6398,-6.26563
6399,-6.25781
6400,-6.24609
6401,0
6402,0
6403,0
6404,7.99609
6405,-8
6406,0.00390625
6407,0
6408,0.00390625
6409,0
6410,-0.00390625
6411,0
6412,-6.14063
6413,-6.12891
6414,-6.12109
6415,-6.11328
6416,-6.10156
6417,0
6418,0
6419,0
6420,7.99609
6421,-8
6422,0.00390625
6423,0
6424,0.00390625
6425,0
6426,-0.00390625
6427,0
6428,-5.99609
6429,-5.98438
6430,-5.97656
6431,-5.96875
6432,-5.95703
6433,0
6434,0
6435,0
6436,7.99609
6437,-8
6438,0.00390625
6439,0
6440,0.00390625
6441,0
6442,-0.00390625
6443,0
6444,-5.85156
6445,-5.83984
6446,-5.83203
6447,-5.82422
6448,-5.8125
6449,0
6450,0
6451,0
6452,7.99609
6453,-8
6454,0.00390625
6455,0
6456,0.00390625
6457,0
6458,-0.00390625
6459,0
6460,-5.70703
6461,-5.69531
6462,-5.6875
6463,-5.67969
6464,-5.66797
6465,0
6466,0
6467,0
6468,7.99609
6469,-8
6470,0.00390625
6471,0
6472,0.00390625
6473,0
6474,-0.00390625
6475,0
6476,-5.5625
6477,-5.55078
6478,-5.54297
6479,-5.53516
6480,-5.52344
6481,0
6482,0
6483,0
6484,7.99609
6485,-8
6486,0.00390625
6487,0
6488,0.00390625
6489,0
6490,-0.00390625
6491,0
6492,-5.41797
6493,-5.40625
6494,-5.39844
6495,-5.39063
6496,-5.37891
6497,0
6498,0
6499,0
6500,7.99609
6501,-8
6502,0.00390625
6503,0
6504,0.00390625
6505,0
6506,-0.00390625
6507,0
6508,-5.27344
6509,-5.26172
6510,-5.25391
6511,-5.24609
6512,-5.23438
6513,0
6514,0
6515,0
6516,7.99609
6517,-8
6518,0.00390625
6519,0
6520,0.00390625
6521,0
6522,-0.00390625
6523,0
6524,-5.12891
6525,-5.11719
6526,-5.10938
6527,-5.10156
6528,-5.08984
6529,0
6530,0
6531,0
6532,7.99609
6533,-8
6534,0.00390625
6535,0
6536,0.00390625
6537,0
6538,-0.00390625
6539,0
6540,-4.98438
6541,-4.97266
6542,-4.96484
6543,-4.95703
6544,-4.94531
6545,0
6546,0
6547,0
6548,7.99609
6549,-8
6550,0.00390625
6551,0
6552,0.00390625
6553,0
6554,-0.00390625
6555,0
6556,-4.83984
6557,-4.82813
6558,-4.82031
6559,-4.8125
6560,-4.80078
6561,0
6562,0
6563,0
6564,7.99609
6565,-8
6566,0.00390625
6567,0
6568,0.00390625
6569,0
6570,-0.00390625
6571,0
6572,-4.69531
6573,-4.68359
6574,-4.67578
6575,-4.66797
6576,-4.65625
6577,0
6578,0
6579,0
6580,7.99609
6581,-8
6582,0.00390625
6583,0
6584,0.00390625
6585,0
6586,-0.00390625
6587,0
6588,-4.55078
6589,-4.53906
6590,-4.53125
6591,-4.52344
6592,-4.51172
6593,0
6594,0
6595,0
6596,7.99609
6597,-8
6598,0.00390625
6599,0
6600,0.00390625
6601,0
6602,-0.00390625
6603,0
6604,-4.40625
6605,-4.39453
6606,-4.38672
6607,-4.37891
6608,-4.36719
6609,0
6610,0
6611,0
6612,7.99609
6613,-8
6614,0.00390625
6615,0
6616,0.00390625
6617,0
6618,-0.00390625
6619,0
6620,-4.26172
6621,-4.25
6622,-4.24219
6623,-4.23438
6624,-4.22266
6625,0
6626,0
6627,0
6628,7.99609
6629,-8
6630,0.00390625
6631,0
6632,0.00390625
6633,0
6634,-0.00390625
6635,0
6636,-4.11719
6637,-4.10547
6638,-4.09766
6639,-4.08984
6640,-4.07813
6641,0
6642,0
6643,0
6644,7.99609
6645,-8
6646,0.00390625
6647,0
6648,0.00390625
6649,0
6650,-0.00390625
6651,0
6652,-3.97266
6653,-3.96094
6654,-3.95313
6655,-3.94531
6656,-3.93359
6657,0
6658,0
6659,0
6660,7.99609
6661,-8
6662,0.00390625
6663,0
6664,0.00390625
6665,0
6666,-0.00390625
6667,0
6668,-3.82813
6669,-3.81641
6670,-3.80859
6671,-3.80078
6672,-3.78906
6673,0
6674,0
6675,0
6676,7.99609
6677,-8
6678,0.00390625
6679,0
6680,0.00390625
6681,0
6682,-0.00390625
6683,0
6684,-3.68359
6685,-3.67188
6686,-3.66406
6687,-3.65625
6688,-3.64453
6689,0
6690,0
6691,0
6692,7.99609
6693,-8
6694,0.00390625
6695,0
6696,0.00390625
6697,0
6698,-0.00390625
6699,0
6700,-3.53906
6701,-3.52734
6702,-3.51953
6703,-3.51172
6704,-3.5
6705,0
6706,0
6707,0
6708,7.99609
6709,-8
6710,0.00390625
6711,0
6712,0.00390625
6713,0
6714,-0.00390625
6715,0
6716,-3.39453
6717,-3.38281
6718,-3.375
6719,-3.36719
6720,-3.35547
6721,0
6722,0
6723,0
6724,7.99609
6725,-8
6726,0.00390625
6727,0
6728,0.00390625
6729,0
6730,-0.00390625
6731,0
6732,-3.25
6733,-3.23828
6734,-3.23047
6735,-3.22266
6736,-3.21094
6737,0
6738,0
6739,0
6740,7.99609
6741,-8
6742,0.00390625
6743,0
6744,0.00390625
6745,0
6746,-0.00390625
6747,0
6748,-3.10547
6749,-3.09375
6750,-3.08594
6751,-3.07813
6752,-3.06641
6753,0
6754,0
6755,0
6756,7.99609
6757,-8
6758,0.00390625
6759,0
6760,0.00390625
6761,0
6762,-0.00390625
6763,0
6764,-2.96094
6765,-2.94922
6766,-2.94141
6767,-2.93359
6768,-2.92188
6769,0
6770,0
6771,0
6772,7.99609
6773,-8
6774,0.00390625
6775,0
6776,0.00390625
6777,0
6778,-0.00390625
6779,0
6780,-2.81641
6781,-2.80469
6782,-2.79688
6783,-2.78906
6784,-2.77734
6785,0
6786,0
6787,0
6788,7.99609
6789,-8
6790,0.00390625
6791,0
6792,0.00390625
6793,0
6794,-0.00390625
6795,0
6796,-2.67188
6797,-2.66016
6798,-2.65234
6799,-2.64453
6800,-2.63281
6801,0
6802,0
6803,0
6804,7.99609
6805,-8
6806,0.00390625
6807,0
6808,0.00390625
6809,0
6810,-0.00390625
6811,0
6812,-2.52734
6813,-2.51563
6814,-2.50781
6815,-2.5
6816,-2.48828
6817,0
6818,0
6819,0
6820,7.99609
6821,-8
6822,0.00390625
6823,0
6824,0.00390625
6825,0
6826,-0.00390625
6827,0
6828,-2.38281
6829,-2.37109
6830,-2.36328
6831,-2.35547
6832,-2.34375
6833,0
6834,0
6835,0
6836,7.99609
6837,-8
6838,0.00390625
6839,0
6840,0.00390625
6841,0
6842,-0.00390625
6843,0
6844,-2.23828
6845,-2.22656
6846,-2.21875
6847,-2.21094
6848,-2.19922
6849,0
6850,0
6851,0
6852,7.99609
6853,-8
6854,0.00390625
6855,0
6856,0.00390625
6857,0
6858,-0.00390625
6859,0
6860,-2.09375
6861,-2.08203
6862,-2.07422
6863,-2.06641
6864,-2.05469
6865,0
6866,0
6867,0
6868,7.99609
6869,-8
6870,0.00390625
6871,0
6872,0.00390625
6873,0
6874,-0.00390625
6875,0
6876,-1.94922
6877,-1.9375
6878,-1.92969
6879,-1.92188
6880,-1.91016
6881,0
6882,0
6883,0
6884,7.99609
6885,-8
6886,0.00390625
6887,0
6888,0.00390625
6889,0
6890,-0.00390625
6891,0
6892,-1.80469
6893,-1.79297
6894,-1.78516
6895,-1.77734
6896,-1.76563
6897,0
6898,0
6899,0
6900,7.99609
6901,-8
6902,0.00390625
6903,0
6904,0.00390625
6905,0
6906,-0.00390625
6907,0
6908,-1.66016
6909,-1.64844
6910,-1.64063
6911,-1.63281
6912,-1.62109
6913,0
6914,0
6915,0
6916,7.99609
6917,-8
6918,0.00390625
6919,0
6920,0.00390625
6921,0
6922,-0.00390625
6923,0
6924,-1.51563
6925,-1.50391
6926,-1.49609
6927,-1.48828
6928,-1.47656
6929,0
6930,0
6931,0
6932,7.99609
6933,-8
6934,0.00390625
6935,0
6936,0.00390625
6937,0
6938,-0.00390625
6939,0
6940,-1.37109
6941,-1.35938
6942,-1.35156
6943,-1.34375
6944,-1.33203
6945,0
6946,0
6947,0
6948,7.99609
6949,-8
6950,0.00390625
6951,0
6952,0.00390625
6953,0
6954,-0.00390625
6955,0
6956,-1.22656
6957,-1.21484
6958,-1.20703
6959,-1.19922
6960,-1.1875
6961,0
6962,0
6963,0
6964,7.99609
6965,-8
6966,0.00390625
6967,0
6968,0.00390625
6969,0
6970,-0.00390625
6971,0
6972,-1.08203
6973,-1.07031
6974,-1.0625
6975,-1.05469
6976,-1.04297
6977,0
6978,0
6979,0
6980,7.99609
6981,-8
6982,0.00390625
6983,0
6984,0.00390625
6985,0
6986,-0.00390625
6987,0
6988,-0.9375
6989,-0.925781
6990,-0.917969
6991,-0.910156
6992,-0.898438
6993,0
6994,0
6995,0
6996,7.99609
6997,-8
6998,0.00390625
6999,0
7000,0.00390625
7001,0
7002,-0.00390625
7003,0
7004,-0.792969
7005,-0.78125
7006,-0.773438
7007,-0.765625
7008,-0.753906
7009,0
7010,0
7011,0
7012,7.99609
7013,-8
7014,0.00390625
7015,0
7016,0.00390625
7017,0
7018,-0.00390625
7019,0
7020,-0.648438
7021,-0.636719
7022,-0.628906
7023,-0.621094
7024,-0.609375
7025,0
7026,0
7027,0
7028,7.99609
7029,-8
7030,0.00390625
7031,0
7032,0.00390625
7033,0
7034,-0.00390625
7035,0
7036,-0.503906
7037,-0.492188
7038,-0.484375
7039,-0.476563
7040,-0.464844
7041,0
7042,0
7043,0
7044,7.99609
7045,-8
7046,0.00390625
7047,0
7048,0.00390625
7049,0
7050,-0.00390625
7051,0
7052,-0.359375
7053,-0.347656
7054,-0.339844
7055,-0.332031
7056,-0.320313
7057,0
7058,0
7059,0
7060,7.99609
7061,-8
7062,0.00390625
7063,0
7064,0.00390625
7065,0
7066,-0.00390625
7067,0
7068,-0.214844
7069,-0.203125
7070,-0.195313
7071,-0.1875
7072,-0.175781
7073,0
7074,0
7075,0
7076,7.99609
7077,-8
7078,0.00390625
7079,0
7080,0.00390625
7081,0
7082,-0.00390625
7083,0
7084,-0.0703125
7085,-0.0585938
7086,-0.0507813
7087,-0.0429688
7088,-0.03125
7089,0
7090,0
7091,0
7092,7.99609
7093,-8
7094,0.00390625
7095,0
7096,0.00390625
7097,0
7098,-0.00390625
7099,0
7100,0.0742188
7101,0.0859375
7102,0.09375
7103,0.101563
7104,0.113281
7105,0
7106,0
7107,0
7108,7.99609
7109,-8
7110,0.00390625
7111,0
7112,0.00390625
7113,0
7114,-0.00390625
7115,0
7116,0.21875
7117,0.230469
7118,0.238281
7119,0.246094
7120,0.257813
7121,0
7122,0
7123,0
7124,7.99609
7125,-8
7126,0.00390625
7127,0
7128,0.00390625
7129,0
7130,-0.00390625
7131,0
7132,0.363281
7133,0.375
7134,0.382813
7135,0.390625
7136,0.402344
7137,0
7138,0
7139,0
7140,7.99609
7141,-8
7142,0.00390625
7143,0
7144,0.00390625
7145,0
7146,-0.00390625
7147,0
7148,0.507813
7149,0.519531
7150,0.527344
7151,0.535156
7152,0.546875
7153,0
7154,0
7155,0
7156,7.99609
7157,-8
7158,0.00390625
7159,0
7160,0.00390625
7161,0
7162,-0.00390625
7163,0
7164,0.652344
7165,0.664063
7166,0.671875
7167,0.679688
7168,0.691406
7169,0
7170,0
7171,0
7172,7.99609
7173,-8
7174,0.00390625
7175,0
7176,0.00390625
7177,0
7178,-0.00390625
7179,0
7180,0.796875
7181,0.808594
7182,0.816406
7183,0.824219
7184,0.835938
7185,0
7186,0
7187,0
7188,7.99609
7189,-8
7190,0.00390625
7191,0
7192,0.00390625
7193,0
7194,-0.00390625
7195,0
7196,0.941406
7197,0.953125
7198,0.960938
7199,0.96875
7200,0.980469
7201,0
7202,0
7203,0
7204,7.99609
7205,-8
7206,0.00390625
7207,0
7208,0.00390625
7209,0
7210,-0.00390625
7211,0
7212,1.08594
7213,1.09766
7214,1.10547
7215,1.11328
7216,1.125
7217,0
7218,0
7219,0
7220,7.99609
7221,-8
7222,0.00390625
7223,0
7224,0.00390625
7225,0
7226,-0.00390625
7227,0
7228,1.23047
7229,1.24219
7230,1.25
7231,1.25781
7232,1.26953
7233,0
7234,0
7235,0
7236,7.99609
7237,-8
7238,0.00390625
7239,0
7240,0.00390625
7241,0
7242,-0.00390625
7243,0
7244,1.375
7245,1.38672
7246,1.39453
7247,1.40234
7248,1.41406
7249,0
7250,0
7251,0
7252,7.99609
7253,-8
7254,0.00390625
7255,0
7256,0.00390625
7257,0
7258,-0.00390625
7259,0
7260,1.51953
7261,1.53125
7262,1.53906
7263,1.54688
7264,1.55859
7265,0
7266,0
7267,0
7268,7.99609
7269,-8
7270,0.00390625
7271,0
7272,0.00390625
7273,0
7274,-0.00390625
7275,0
7276,1.66406
7277,1.67578
7278,1.68359
7279,1.69141
7280,1.70313
7281,0
7282,0
7283,0
7284,7.99609
7285,-8
7286,0.00390625
7287,0
7288,0.00390625
7289,0
7290,-0.00390625
7291,0
7292,1.80859
7293,1.82031
7294,1.82813
7295,1.83594
7296,1.84766
7297,0
7298,0
7299,0
7300,7.99609
7301,-8
7302,0.00390625
7303,0
7304,0.00390625
7305,0
7306,-0.00390625
7307,0
7308,1.95313
7309,1.96484
7310,1.97266
7311,1.98047
7312,1.99219
7313,0
7314,0
7315,0
7316,7.99609
7317,-8
7318,0.00390625
7319,0
7320,0.00390625
7321,0
7322,-0.00390625
7323,0
7324,2.09766
7325,2.10938
7326,2.11719
7327,2.125
7328,2.13672
7329,0
7330,0
7331,0
7332,7.99609
7333,-8
7334,0.00390625
7335,0
7336,0.00390625
7337,0
7338,-0.00390625
7339,0
7340,2.24219
7341,2.25391
7342,2.26172
7343,2.26953
7344,2.28125
7345,0
7346,0
7347,0
7348,7.99609
7349,-8
7350,0.00390625
7351,0
7352,0.00390625
7353,0
7354,-0.00390625
7355,0
7356,2.38672
7357,2.39844
7358,2.40625
7359,2.41406
7360,2.42578
7361,0
7362,0
7363,0
7364,7.99609
7365,-8
7366,0.00390625
7367,0
7368,0.00390625
7369,0
7370,-0.00390625
7371,0
7372,2.53125
7373,2.54297
7374,2.55078
7375,2.55859
7376,2.57031
7377,0
7378,0
7379,0
7380,7.99609
7381,-8
7382,0.00390625
7383,0
7384,0.00390625
7385,0
7386,-0.00390625
7387,0
7388,2.67578
7389,2.6875
7390,2.69531
7391,2.70313
7392,2.71484
7393,0
7394,0
7395,0
7396,7.99609
7397,-8
7398,0.00390625
7399,0
7400,0.00390625
7401,0
7402,-0.00390625
7403,0
7404,2.82031
7405,2.83203
7406,2.83984
7407,2.84766
7408,2.85938
7409,0
7410,0
7411,0
7412,7.99609
7413,-8
7414,0.00390625
7415,0
7416,0.00390625
7417,0
7418,-0.00390625
7419,0
7420,2.96484
7421,2.97656
7422,2.98438
7423,2.99219
7424,3.00391
7425,0
7426,0
7427,0
7428,7.99609
7429,-8
7430,0.00390625
7431,0
7432,0.00390625
7433,0
7434,-0.00390625
7435,0
7436,3.10938
7437,3.12109
7438,3.12891
7439,3.13672
7440,3.14844
7441,0
7442,0
7443,0
7444,7.99609
7445,-8
7446,0.00390625
7447,0
7448,0.00390625
7449,0
7450,-0.00390625
7451,0
7452,3.25391
7453,3.26563
7454,3.27344
7455,3.28125
7456,3.29297
7457,0
7458,0
7459,0
7460,7.99609
7461,-8
7462,0.00390625
7463,0
7464,0.00390625
7465,0
7466,-0.00390625
7467,0
7468,3.39844
7469,3.41016
7470,3.41797
7471,3.42578
7472,3.4375
7473,0
7474,0
7475,0
7476,7.99609
7477,-8
7478,0.00390625
7479,0
7480,0.00390625
7481,0
7482,-0.00390625
7483,0
7484,3.54297
7485,3.55469
7486,3.5625
7487,3.57031
7488,3.58203
7489,0
7490,0
7491,0
7492,7.99609
7493,-8
7494,0.00390625
7495,0
7496,0.00390625
7497,0
7498,-0.00390625
7499,0
7500,3.6875
7501,3.69922
7502,3.70703
7503,3.71484
7504,3.72656
7505,0
7506,0
7507,0
7508,7.99609
7509,-8
7510,0.00390625
7511,0
7512,0.00390625
7513,0
7514,-0.00390625
7515,0
7516,3.83203
7517,3.84375
7518,3.85156
7519,3.85938
7520,3.87109
7521,0
7522,0
7523,0
7524,7.99609
7525,-8
7526,0.00390625
7527,0
7528,0.00390625
7529,0
7530,-0.00390625
7531,0
7532,3.97656
7533,3.98828
7534,3.99609
7535,4.00391
7536,4.01563
7537,0
7538,0
7539,0
7540,7.99609
7541,-8
7542,0.00390625
7543,0
7544,0.00390625
7545,0
7546,-0.00390625
7547,0
7548,4.12109
7549,4.13281
7550,4.14063
7551,4.14844
7552,4.16016
7553,0
7554,0
7555,0
7556,7.99609
7557,-8
7558,0.00390625
7559,0
7560,0.00390625
7561,0
7562,-0.00390625
7563,0
7564,4.26563
7565,4.27734
7566,4.28516
7567,4.29297
7568,4.30469
7569,0
7570,0
7571,0
7572,7.99609
7573,-8
7574,0.00390625
7575,0
7576,0.00390625
7577,0
7578,-0.00390625
7579,0
7580,4.41016
7581,4.42188
7582,4.42969
7583,4.4375
7584,4.44922
7585,0
7586,0
7587,0
7588,7.99609
7589,-8
7590,0.00390625
7591,0
7592,0.00390625
7593,0
7594,-0.00390625
7595,0
7596,4.55469
7597,4.56641
7598,4.57422
7599,4.58203
7600,4.59375
7601,0
7602,0
7603,0
7604,7.99609
7605,-8
7606,0.00390625
7607,0
7608,0.00390625
7609,0
7610,-0.00390625
7611,0
7612,4.69922
7613,4.71094
7614,4.71875
7615,4.72656
7616,4.73828
7617,0
7618,0
7619,0
7620,7.99609
7621,-8
7622,0.00390625
7623,0
7624,0.00390625
7625,0
7626,-0.00390625
7627,0
7628,4.84375
7629,4.85547
7630,4.86328
7631,4.87109
7632,4.88281
7633,0
7634,0
7635,0
7636,7.99609
7637,-8
7638,0.00390625
7639,0
7640,0.00390625
7641,0
7642,-0.00390625
7643,0
7644,4.98828
7645,5
7646,5.00781
7647,5.01563
7648,5.02734
7649,0
7650,0
7651,0
7652,7.99609
7653,-8
7654,0.00390625
7655,0
7656,0.00390625
7657,0
7658,-0.00390625
7659,0
7660,5.13281
7661,5.14453
7662,5.15234
7663,5.16016
7664,5.17188
7665,0
7666,0
7667,0
7668,7.99609
7669,-8
7670,0.00390625
7671,0
7672,0.00390625
7673,0
7674,-0.00390625
7675,0
7676,5.27734
7677,5.28906
7678,5.29688
7679,5.30469
7680,5.31641
7681,0
7682,0
7683,0
7684,7.99609
7685,-8
7686,0.00390625
7687,0
7688,0.00390625
7689,0
7690,-0.00390625
7691,0
7692,5.42188
7693,5.43359
7694,5.44141
7695,5.44922
7696,5.46094
7697,0
7698,0
7699,0
7700,7.99609
7701,-8
7702,0.00390625
7703,0
7704,0.00390625
7705,0
7706,-0.00390625
7707,0
7708,5.56641
7709,5.57813
7710,5.58594
7711,5.59375
7712,5.60547
7713,0
7714,0
7715,0
7716,7.99609
7717,-8
7718,0.00390625
7719,0
7720,0.00390625
7721,0
7722,-0.00390625
7723,0
7724,5.71094
7725,5.72266
7726,5.73047
7727,5.73828
7728,5.75
7729,0
7730,0
7731,0
7732,7.99609
7733,-8
7734,0.00390625
7735,0
7736,0.00390625
7737,0
7738,-0.00390625
7739,0
7740,5.85547
7741,5.86719
7742,5.875
7743,5.88281
7744,5.89453
7745,0
7746,0
7747,0
7748,7.99609
7749,-8
7750,0.00390625
7751,0
7752,0.00390625
7753,0
7754,-0.00390625
7755,0
7756,6
7757,6.01172
7758,6.01953
7759,6.02734
7760,6.03906
7761,0
7762,0
7763,0
7764,7.99609
7765,-8
7766,0.00390625
7767,0
7768,0.00390625
7769,0
7770,-0.00390625
7771,0
7772,6.14453
7773,6.15625
7774,6.16406
7775,6.17188
7776,6.18359
7777,0
7778,0
7779,0
7780,7.99609
7781,-8
7782,0.00390625
7783,0
7784,0.00390625
7785,0
7786,-0.00390625
7787,0
7788,6.28906
7789,6.30078
7790,6.30859
7791,6.31641
7792,6.32813
7793,0
7794,0
7795,0
7796,7.99609
7797,-8
7798,0.00390625
7799,0
7800,0.00390625
7801,0
7802,-0.00390625
7803,0
7804,6.43359
7805,6.44531
7806,6.45313
7807,6.46094
7808,6.47266
7809,0
7810,0
7811,0
7812,7.99609
7813,-8
7814,0.00390625
7815,0
7816,0.00390625
7817,0
7818,-0.00390625
7819,0
7820,6.57813
7821,6.58984
7822,6.59766
7823,6.60547
7824,6.61719
7825,0
7826,0
7827,0
7828,7.99609
7829,-8
7830,0.00390625
7831,0
7832,0.00390625
7833,0
7834,-0.00390625
7835,0
7836,6.72266
7837,6.73438
7838,6.74219
7839,6.75
7840,6.76172
7841,0
7842,0
7843,0
7844,7.99609
7845,-8
7846,0.00390625
7847,0
7848,0.00390625
7849,0
7850,-0.00390625
7851,0
7852,6.86719
7853,6.87891
7854,6.88672
7855,6.89453
7856,6.90625
7857,0
7858,0
7859,0
7860,7.99609
7861,-8
7862,0.00390625
7863,0
7864,0.00390625
7865,0
7866,-0.00390625
7867,0
7868,7.01172
7869,7.02344
7870,7.03125
7871,7.03906
7872,7.05078
7873,0
7874,0
7875,0
7876,7.99609
7877,-8
7878,0.00390625
7879,0
7880,0.00390625
7881,0
7882,-0.00390625
7883,0
7884,7.15625
7885,7.16797
7886,7.17578
7887,7.18359
7888,7.19531
7889,0
7890,0
7891,0
7892,7.99609
7893,-8
7894,0.00390625
7895,0
7896,0.00390625
7897,0
7898,-0.00390625
7899,0
7900,7.30078
7901,7.3125
7902,7.32031
7903,7.32813
7904,7.33984
7905,0
7906,0
7907,0
7908,7.99609
7909,-8
7910,0.00390625
7911,0
7912,0.00390625
7913,0
7914,-0.00390625
7915,0
7916,7.44531
7917,7.45703
7918,7.46484
7919,7.47266
7920,7.48438
7921,0
7922,0
7923,0
7924,7.99609
7925,-8
7926,0.00390625
7927,0
7928,0.00390625
7929,0
7930,-0.00390625
7931,0
7932,7.58984
7933,7.60156
7934,7.60938
7935,7.61719
7936,7.62891
7937,0
7938,0
7939,0
7940,7.99609
7941,-8
7942,0.00390625
7943,0
7944,0.00390625
7945,0
7946,-0.00390625
7947,0
7948,7.73438
7949,7.74609
7950,7.75391
7951,7.76172
7952,7.77344
7953,0
7954,0
7955,0
7956,7.99609
7957,-8
7958,0.00390625
7959,0
7960,0.00390625
7961,0
7962,-0.00390625
7963,0
7964,7.87891
7965,7.89063
7966,7.89844
7967,7.90625
7968,7.91797
7969,0
7970,0
7971,0
7972,7.99609
7973,-8
7974,0.00390625
7975,0
7976,0.00390625
7977,0
7978,-0.00390625
7979,0
7980,-7.97656
7981,-7.96484
7982,-7.95703
7983,-7.94922
7984,-7.9375
7985,0
7986,0
7987,0
7988,7.99609
7989,-8
7990,0.00390625
7991,0
7992,0.00390625
7993,0
7994,-0.00390625
7995,0
7996,-7.83203
7997,-7.82031
7998,-7.8125
7999,-7.80469
8000,-7.79297
8001,0
8002,0
8003,0
8004,7.99609
8005,-8
8006,0.00390625
8007,0
8008,0.00390625
8009,0
8010,-0.00390625
8011,0
8012,-7.6875
8013,-7.67578
8014,-7.66797
8015,-7.66016
8016,-7.64844
8017,0
8018,0
8019,0
8020,7.99609
8021,-8
8022,0.00390625
8023,0
8024,0.00390625
8025,0
8026,-0.00390625
8027,0
8028,-7.54297
8029,-7.53125
8030,-7.52344
8031,-7.51563
8032,-7.50391
8033,0
8034,0
8035,0
8036,7.99609
8037,-8
8038,0.00390625
8039,0
8040,0.00390625
8041,0
8042,-0.00390625
8043,0
8044,-7.39844
8045,-7.38672
8046,-7.37891
8047,-7.37109
8048,-7.35938
8049,0
8050,0
8051,0
8052,7.99609
8053,-8
8054,0.00390625
8055,0
8056,0.00390625
8057,0
8058,-0.00390625
8059,0
8060,-7.25391
8061,-7.24219
8062,-7.23438
8063,-7.22656
8064,-7.21484
8065,0
8066,0
8067,0
8068,7.99609
8069,-8
8070,0.00390625
8071,0
8072,0.00390625
8073,0
8074,-0.00390625
8075,0
8076,-7.10938
8077,-7.09766
8078,-7.08984
8079,-7.08203
8080,-7.07031
8081,0
8082,0
8083,0
8084,7.99609
8085,-8
8086,0.00390625
8087,0
8088,0.00390625
8089,0
8090,-0.00390625
8091,0
8092,-6.96484
8093,-6.95313
8094,-6.94531
8095,-6.9375
8096,-6.92578
8097,0
8098,0
8099,0
8100,7.99609
8101,-8
8102,0.00390625
8103,0
8104,0.00390625
8105,0
8106,-0.00390625
8107,0
8108,-6.82031
8109,-6.80859
8110,-6.80078
8111,-6.79297
8112,-6.78125
8113,0
8114,0
8115,0
8116,7.99609
8117,-8
8118,0.00390625
8119,0
8120,0.00390625
8121,0
8122,-0.00390625
8123,0
8124,-6.67578
8125,-6.66406
8126,-6.65625
8127,-6.64844
8128,-6.63672
8129,0
8130,0
8131,0
8132,7.99609
8133,-8
8134,0.00390625
8135,0
8136,0.00390625
8137,0
8138,-0.00390625
8139,0
8140,-6.53125
8141,-6.51953
8142,-6.51172
8143,-6.50391
8144,-6.49219
8145,0
8146,0
8147,0
8148,7.99609
8149,-8
8150,0.00390625
8151,0
8152,0.00390625
8153,0
8154,-0.00390625
8155,0
8156,-6.38672
8157,-6.375
8158,-6.36719
8159,-6.35938
8160,-6.34766
8161,0
8162,0
8163,0
8164,7.99609
8165,-8
8166,0.00390625
8167,0
8168,0.00390625
8169,0
8170,-0.00390625
8171,0
8172,-6.24219
8173,-6.23047
8174,-6.22266
8175,-6.21484
8176,-6.20313
8177,0
8178,0
8179,0
8180,7.99609
8181,-8
8182,0.00390625
8183,0
8184,0.00390625
8185,0
8186,-0.00390625
8187,0
8188,-6.09766
8189,-6.08594
8190,-6.07813
8191,-6.07031
8192,-6.05859
8193,0
8194,0
8195,0
8196,7.99609
8197,-8
8198,0.00390625
8199,0
8200,0.00390625
8201,0
8202,-0.00390625
8203,0
8204,-5.95313
8205,-5.94141
8206,-5.93359
8207,-5.92578
8208,-5.91406
8209,0
8210,0
8211,0
8212,7.99609
8213,-8
8214,0.00390625
8215,0
8216,0.00390625
8217,0
8218,-0.00390625
8219,0
8220,-5.80859
8221,-5.79688
8222,-5.78906
8223,-5.78125
8224,-5.76953
8225,0
8226,0
8227,0
8228,7.99609
8229,-8
8230,0.00390625
8231,0
8232,0.00390625
8233,0
8234,-0.00390625
8235,0
8236,-5.66406
8237,-5.65234
8238,-5.64453
8239,-5.63672
8240,-5.625
8241,0
8242,0
8243,0
8244,7.99609
8245,-8
8246,0.00390625
8247,0
8248,0.00390625
8249,0
8250,-0.00390625
8251,0
8252,-5.51953
8253,-5.50781
8254,-5.5
8255,-5.49219
8256,-5.48047
8257,0
8258,0
8259,0
8260,7.99609
8261,-8
8262,0.00390625
8263,0
8264,0.00390625
8265,0
8266,-0.00390625
8267,0
8268,-5.375
8269,-5.36328
8270,-5.35547
8271,-5.34766
8272,-5.33594
8273,0
8274,0
8275,0
8276,7.99609
8277,-8
8278,0.00390625
8279,0
8280,0.00390625
8281,0
8282,-0.00390625
8283,0
8284,-5.23047
8285,-5.21875
8286,-5.21094
8287,-5.20313
8288,-5.19141
8289,0
8290,0
8291,0
8292,7.99609
8293,-8
8294,0.00390625
8295,0
8296,0.00390625
8297,0
8298,-0.00390625
8299,0
8300,-5.08594
8301,-5.07422
8302,-5.06641
8303,-5.05859
8304,-5.04688
8305,0
8306,0
8307,0
8308,7.99609
8309,-8
8310,0.00390625
8311,0
8312,0.00390625
8313,0
8314,-0.00390625
8315,0
8316,-4.94141
8317,-4.92969
8318,-4.92188
8319,-4.91406
8320,-4.90234
8321,0
8322,0
8323,0
8324,7.99609
8325,-8
8326,0.00390625
8327,0
8328,0.00390625
8329,0
8330,-0.00390625
8331,0
8332,-4.79688
8333,-4.78516
8334,-4.77734
8335,-4.76953
8336,-4.75781
8337,0
8338,0
8339,0
8340,7.99609
8341,-8
8342,0.00390625
8343,0
8344,0.00390625
8345,0
8346,-0.00390625
8347,0
8348,-4.65234
8349,-4.64063
8350,-4.63281
8351,-4.625
8352,-4.61328
8353,0
8354,0
8355,0
8356,7.99609
8357,-8
8358,0.00390625
8359,0
8360,0.00390625
8361,0
8362,-0.00390625
8363,0
8364,-4.50781
8365,-4.49609
8366,-4.48828
8367,-4.48047
8368,-4.46875
8369,0
8370,0
8371,0
8372,7.99609
8373,-8
8374,0.00390625
8375,0
8376,0.00390625
8377,0
8378,-0.00390625
8379,0
8380,-4.36328
8381,-4.35156
8382,-4.34375
8383,-4.33594
8384,-4.32422
8385,0
8386,0
8387,0
8388,7.99609
8389,-8
8390,0.00390625
8391,0
8392,0.00390625
8393,0
8394,-0.00390625
8395,0
8396,-4.21875
8397,-4.20703
8398,-4.19922
8399,-4.19141
8400,-4.17969
8401,0
8402,0
8403,0
8404,7.99609
8405,-8
8406,0.00390625
8407,0
8408,0.00390625
8409,0
8410,-0.00390625
8411,0
8412,-4.07422
8413,-4.0625
8414,-4.05469
8415,-4.04688
8416,-4.03516
8417,0
8418,0
8419,0
8420,7.99609
8421,-8
8422,0.00390625
8423,0
8424,0.00390625
8425,0
8426,-0.00390625
8427,0
8428,-3.92969
8429,-3.91797
8430,-3.91016
8431,-3.90234
8432,-3.89063
8433,0
8434,0
8435,0
8436,7.99609
8437,-8
8438,0.00390625
8439,0
8440,0.00390625
8441,0
8442,-0.00390625
8443,0
8444,-3.78516
8445,-3.77344
8446,-3.76563
8447,-3.75781
8448,-3.74609
8449,0
8450,0
8451,0
8452,7.99609
8453,-8
8454,0.00390625
8455,0
8456,0.00390625
8457,0
8458,-0.00390625
8459,0
8460,-3.64063
8461,-3.62891
8462,-3.62109
8463,-3.61328
8464,-3.60156
8465,0
8466,0
8467,0
8468,7.99609
8469,-8
8470,0.00390625
8471,0
8472,0.00390625
8473,0
8474,-0.00390625
8475,0
8476,-3.49609
8477,-3.48438
8478,-3.47656
8479,-3.46875
8480,-3.45703
8481,0
8482,0
8483,0
8484,7.99609
8485,-8
8486,0.00390625
8487,0
8488,0.00390625
8489,0
8490,-0.00390625
8491,0
8492,-3.35156
8493,-3.33984
8494,-3.33203
8495,-3.32422
8496,-3.3125
8497,0
8498,0
8499,0
8500,7.99609
8501,-8
8502,0.00390625
8503,0
8504,0.00390625
8505,0
8506,-0.00390625
8507,0
8508,-3.20703
8509,-3.19531
8510,-3.1875
8511,-3.17969
8512,-3.16797
8513,0
8514,0
8515,0
8516,7.99609
8517,-8
8518,0.00390625
8519,0
8520,0.00390625
8521,0
8522,-0.00390625
8523,0
8524,-3.0625
8525,-3.05078
8526,-3.04297
8527,-3.03516
8528,-3.02344
8529,0
8530,0
8531,0
8532,7.99609
8533,-8
8534,0.00390625
8535,0
8536,0.00390625
8537,0
8538,-0.00390625
8539,0
8540,-2.91797
8541,-2.90625
8542,-2.89844
8543,-2.89063
8544,-2.87891
8545,0
8546,0
8547,0
8548,7.99609
8549,-8
8550,0.00390625
8551,0
8552,0.00390625
8553,0
8554,-0.00390625
8555,0
8556,-2.77344
8557,-2.76172
8558,-2.75391
8559,-2.74609
8560,-2.73438
8561,0
8562,0
8563,0
8564,7.99609
8565,-8
8566,0.00390625
8567,0
8568,0.00390625
8569,0
8570,-0.00390625
8571,0
8572,-2.62891
8573,-2.61719
8574,-2.60938
8575,-2.60156
8576,-2.58984
8577,0
8578,0
8579,0
8580,7.99609
8581,-8
8582,0.00390625
8583,0
8584,0.00390625
8585,0
8586,-0.00390625
8587,0
8588,-2.48438
8589,-2.47266
8590,-2.46484
8591,-2.45703
8592,-2.44531
8593,0
8594,0
8595,0
8596,7.99609
8597,-8
8598,0.00390625
8599,0
8600,0.00390625
8601,0
8602,-0.00390625
8603,0
8604,-2.33984
8605,-2.32813
8606,-2.32031
8607,-2.3125
8608,-2.30078
8609,0
8610,0
8611,0
8612,7.99609
8613,-8
8614,0.00390625
8615,0
8616,0.00390625
8617,0
8618,-0.00390625
8619,0
8620,-2.19531
8621,-2.18359
8622,-2.17578
8623,-2.16797
8624,-2.15625
8625,0
8626,0
8627,0
8628,7.99609
8629,-8
8630,0.00390625
8631,0
8632,0.00390625
8633,0
8634,-0.00390625
8635,0
8636,-2.05078
8637,-2.03906
8638,-2.03125
8639,-2.02344
8640,-2.01172
8641,0
8642,0
8643,0
8644,7.99609
8645,-8
8646,0.00390625
8647,0
8648,0.00390625
8649,0
8650,-0.00390625
8651,0
8652,-1.90625
8653,-1.89453
8654,-1.88672
8655,-1.87891
8656,-1.86719
8657,0
8658,0
8659,0
8660,7.99609
8661,-8
8662,0.00390625
8663,0
8664,0.00390625
8665,0
8666,-0.00390625
8667,0
8668,-1.76172
8669,-1.75
8670,-1.74219
8671,-1.73438
8672,-1.72266
8673,0
8674,0
8675,0
8676,7.99609
8677,-8
8678,0.00390625
8679,0
8680,0.00390625
8681,0
8682,-0.00390625
8683,0
8684,-1.61719
8685,-1.60547
8686,-1.59766
8687,-1.58984
8688,-1.57813
8689,0
8690,0
8691,0
8692,7.99609
8693,-8
8694,0.00390625
8695,0
8696,0.00390625
8697,0
8698,-0.00390625
8699,0
8700,-1.47266
8701,-1.46094
8702,-1.45313
8703,-1.44531
8704,-1.43359
8705,0
8706,0
8707,0
8708,7.99609
8709,-8
8710,0.00390625
8711,0
8712,0.00390625
8713,0
8714,-0.00390625
8715,0
8716,-1.32813
8717,-1.31641
8718,-1.30859
8719,-1.30078
8720,-1.28906
8721,0
8722,0
8723,0
8724,7.99609
8725,-8
8726,0.00390625
8727,0
8728,0.00390625
8729,0
8730,-0.00390625
8731,0
8732,-1.18359
8733,-1.17188
8734,-1.16406
8735,-1.15625
8736,-1.14453
8737,0
8738,0
8739,0
8740,7.99609
8741,-8
8742,0.00390625
8743,0
8744,0.00390625
8745,0
8746,-0.00390625
8747,0
8748,-1.03906
8749,-1.02734
8750,-1.01953
8751,-1.01172
8752,-1
8753,0
8754,0
8755,0
8756,7.99609
8757,-8
8758,0.00390625
8759,0
8760,0.00390625
8761,0
8762,-0.00390625
8763,0
8764,-0.894531
8765,-0.882813
8766,-0.875
8767,-0.867188
8768,-0.855469
8769,0
8770,0
8771,0
8772,7.99609
8773,-8
8774,0.00390625
8775,0
8776,0.00390625
8777,0
8778,-0.00390625
8779,0
8780,-0.75
8781,-0.738281
8782,-0.730469
8783,-0.722656
8784,-0.710938
8785,0
8786,0
8787,0
8788,7.99609
8789,-8
8790,0.00390625
8791,0
8792,0.00390625
8793,0
8794,-0.00390625
8795,0
8796,-0.605469
8797,-0.59375
8798,-0.585938
8799,-0.578125
8800,-0.566406
8801,0
8802,0
8803,0
8804,7.99609
8805,-8
8806,0.00390625
8807,0
8808,0.00390625
8809,0
8810,-0.00390625
8811,0
8812,-0.460938
8813,-0.449219
8814,-0.441406
8815,-0.433594
8816,-0.421875
8817,0
8818,0
8819,0
8820,7.99609
8821,-8
8822,0.00390625
8823,0
8824,0.00390625
8825,0
8826,-0.00390625
8827,0
8828,-0.316406
8829,-0.304688
8830,-0.296875
8831,-0.289063
8832,-0.277344
8833,0
8834,0
8835,0
8836,7.99609
8837,-8
8838,0.00390625
8839,0
8840,0.00390625
8841,0
8842,-0.00390625
8843,0
8844,-0.171875
8845,-0.160156
8846,-0.152344
8847,-0.144531
8848,-0.132813
8849,0
8850,0
8851,0
8852,7.99609
8853,-8
8854,0.00390625
8855,0
8856,0.00390625
8857,0
8858,-0.00390625
8859,0
8860,-0.0273438
8861,-0.015625
8862,-0.0078125
8863,0
8864,0.0117188
8865,0
8866,0
8867,0
8868,7.99609
8869,-8
8870,0.00390625
8871,0
8872,0.00390625
8873,0
8874,-0.00390625
8875,0
8876,0.117188
8877,0.128906
8878,0.136719
8879,0.144531
8880,0.15625
8881,0
8882,0
8883,0
8884,7.99609
8885,-8
8886,0.00390625
8887,0
8888,0.00390625
8889,0
8890,-0.00390625
8891,0
8892,0.261719
8893,0.273438
8894,0.28125
8895,0.289063
8896,0.300781
8897,0
8898,0
8899,0
8900,7.99609
8901,-8
8902,0.00390625
8903,0
8904,0.00390625
8905,0
8906,-0.00390625
8907,0
8908,0.40625
8909,0.417969
8910,0.425781
8911,0.433594
8912,0.445313
8913,0
8914,0
8915,0
8916,7.99609
8917,-8
8918,0.00390625
8919,0
8920,0.00390625
8921,0
8922,-0.00390625
8923,0
8924,0.550781
8925,0.5625
8926,0.570313
8927,0.578125
8928,0.589844
8929,0
8930,0
8931,0
8932,7.99609
8933,-8
8934,0.00390625
8935,0
8936,0.00390625
8937,0
8938,-0.00390625
8939,0
8940,0.695313
8941,0.707031
8942,0.714844
8943,0.722656
8944,0.734375
8945,0
8946,0
8947,0
8948,7.99609
8949,-8
8950,0.00390625
8951,0
8952,0.00390625
8953,0
8954,-0.00390625
8955,0
8956,0.839844
8957,0.851563
8958,0.859375
8959,0.867188
8960,0.878906
8961,0
8962,0
8963,0
8964,7.99609
8965,-8
8966,0.00390625
8967,0
8968,0.00390625
8969,0
8970,-0.00390625
8971,0
8972,0.984375
8973,0.996094
8974,1.00391
8975,1.01172
8976,1.02344
8977,0
8978,0
8979,0
8980,7.99609
8981,-8
8982,0.00390625
8983,0
8984,0.00390625
8985,0
8986,-0.00390625
8987,0
8988,1.12891
8989,1.14063
8990,1.14844
8991,1.15625
8992,1.16797
8993,0
8994,0
8995,0
8996,7.99609
8997,-8
8998,0.00390625
8999,0
9000,0.00390625
9001,0
9002,-0.00390625
9003,0
9004,1.27344
9005,1.28516
9006,1.29297
9007,1.30078
9008,1.3125
9009,0
9010,0
9011,0
9012,7.99609
9013,-8
9014,0.00390625
9015,0
9016,0.00390625
9017,0
9018,-0.00390625
9019,0
9020,1.41797
9021,1.42969
9022,1.4375
9023,1.44531
9024,1.45703
9025,0
9026,0
9027,0
9028,7.99609
9029,-8
9030,0.00390625
9031,0
9032,0.00390625
9033,0
9034,-0.00390625
9035,0
9036,1.5625
9037,1.57422
9038,1.58203
9039,1.58984
9040,1.60156
9041,0
9042,0
9043,0
9044,7.99609
9045,-8
9046,0.00390625
9047,0
9048,0.00390625
9049,0
9050,-0.00390625
9051,0
9052,1.70703
9053,1.71875
9054,1.72656
9055,1.73438
9056,1.74609
9057,0
9058,0
9059,0
9060,7.99609
9061,-8
9062,0.00390625
9063,0
9064,0.00390625
9065,0
9066,-0.00390625
9067,0
9068,1.85156
9069,1.86328
9070,1.87109
9071,1.87891
9072,1.89063
9073,0
9074,0
9075,0
9076,7.99609
9077,-8
9078,0.00390625
9079,0
9080,0.00390625
9081,0
9082,-0.00390625
9083,0
9084,1.99609
9085,2.00781
9086,2.01563
9087,2.02344
9088,2.03516
9089,0
9090,0
9091,0
9092,7.99609
9093,-8
9094,0.00390625
9095,0
9096,0.00390625
9097,0
9098,-0.00390625
9099,0
9100,2.14063
9101,2.15234
9102,2.16016
9103,2.16797
9104,2.17969
9105,0
9106,0
9107,0
9108,7.99609
9109,-8
9110,0.00390625
9111,0
9112,0.00390625
9113,0
9114,-0.00390625
9115,0
9116,2.28516
9117,2.29688
9118,2.30469
9119,2.3125
9120,2.32422
9121,0
9122,0
9123,0
9124,7.99609
9125,-8
9126,0.00390625
9127,0
9128,0.00390625
9129,0
9130,-0.00390625
9131,0
9132,2.42969
9133,2.44141
9134,2.44922
9135,2.45703
9136,2.46875
9137,0
9138,0
9139,0
9140,7.99609
9141,-8
9142,0.00390625
9143,0
9144,0.00390625
9145,0
9146,-0.00390625
9147,0
9148,2.57422
9149,2.58594
9150,2.59375
9151,2.60156
9152,2.61328
9153,0
9154,0
9155,0
9156,7.99609
9157,-8
9158,0.00390625
9159,0
9160,0.00390625
9161,0
9162,-0.00390625
9163,0
9164,2.71875
9165,2.73047
9166,2.73828
9167,2.74609
9168,2.75781
9169,0
9170,0
9171,0
9172,7.99609
9173,-8
9174,0.00390625
9175,0
9176,0.00390625
9177,0
9178,-0.00390625
9179,0
9180,2.86328
9181,2.875
9182,2.88281
9183,2.89063
9184,2.90234
9185,0
9186,0
9187,0
9188,7.99609
9189,-8
9190,0.00390625
9191,0
9192,0.00390625
9193,0
9194,-0.00390625
9195,0
9196,3.00781
9197,3.01953
9198,3.02734
9199,3.03516
9200,3.04688
9201,0
9202,0
9203,0
9204,7.99609
9205,-8
9206,0.00390625
9207,0
9208,0.00390625
9209,0
9210,-0.00390625
9211,0
9212,3.15234
9213,3.16406
9214,3.17188
9215,3.17969
9216,3.19141
9217,0
9218,0
9219,0
9220,7.99609
9221,-8
9222,0.00390625
9223,0
9224,0.00390625
9225,0
9226,-0.00390625
9227,0
9228,3.29688
9229,3.30859
9230,3.31641
9231,3.32422
9232,3.33594
9233,0
9234,0
9235,0
9236,7.99609
9237,-8
9238,0.00390625
9239,0
9240,0.00390625
9241,0
9242,-0.00390625
9243,0
9244,3.44141
9245,3.45313
9246,3.46094
9247,3.46875
9248,3.48047
9249,0
9250,0
9251,0
9252,7.99609
9253,-8
9254,0.00390625
9255,0
9256,0.00390625
9257,0
9258,-0.00390625
9259,0
9260,3.58594
9261,3.59766
9262,3.60547
9263,3.61328
9264,3.625
9265,0
9266,0
9267,0
9268,7.99609
9269,-8
9270,0.00390625
9271,0
9272,0.00390625
9273,0
9274,-0.00390625
9275,0
9276,3.73047
9277,3.74219
9278,3.75
9279,3.75781
9280,3.76953
9281,0
9282,0
9283,0
9284,7.99609
9285,-8
9286,0.00390625
9287,0
9288,0.00390625
9289,0
9290,-0.00390625
9291,0
9292,3.875
9293,3.88672
9294,3.89453
9295,3.90234
9296,3.91406
9297,0
9298,0
9299,0
9300,7.99609
9301,-8
9302,0.00390625
9303,0
9304,0.00390625
9305,0
9306,-0.00390625
9307,0
9308,4.01953
9309,4.03125
9310,4.03906
9311,4.04688
9312,4.05859
9313,0
9314,0
9315,0
9316,7.99609
9317,-8
9318,0.00390625
9319,0
9320,0.00390625
9321,0
9322,-0.00390625
9323,0
9324,4.16406
9325,4.17578
9326,4.18359
9327,4.19141
9328,4.20313
9329,0
9330,0
9331,0
9332,7.99609
9333,-8
9334,0.00390625
9335,0
9336,0.00390625
9337,0
9338,-0.00390625
9339,0
9340,4.30859
9341,4.32031
9342,4.32813
9343,4.33594
9344,4.34766
9345,0
9346,0
9347,0
9348,7.99609
9349,-8
9350,0.00390625
9351,0
9352,0.00390625
9353,0
9354,-0.00390625
9355,0
9356,4.45313
9357,4.46484
9358,4.47266
9359,4.48047
9360,4.49219
9361,0
9362,0
9363,0
9364,7.99609
9365,-8
9366,0.00390625
9367,0
9368,0.00390625
9369,0
9370,-0.00390625
9371,0
9372,4.59766
9373,4.60938
9374,4.61719
9375,4.625
9376,4.63672
9377,0
9378,0
9379,0
9380,7.99609
9381,-8
9382,0.00390625
9383,0
9384,0.00390625
9385,0
9386,-0.00390625
9387,0
9388,4.74219
9389,4.75391
9390,4.76172
9391,4.76953
9392,4.78125
9393,0
9394,0
9395,0
9396,7.99609
9397,-8
9398,0.00390625
9399,0
9400,0.00390625
9401,0
9402,-0.00390625
9403,0
9404,4.88672
9405,4.89844
9406,4.90625
9407,4.91406
9408,4.92578
9409,0
9410,0
9411,0
9412,7.99609
9413,-8
9414,0.00390625
9415,0
9416,0.00390625
9417,0
9418,-0.00390625
9419,0
9420,5.03125
9421,5.04297
9422,5.05078
9423,5.05859
9424,5.07031
9425,0
9426,0
9427,0
9428,7.99609
9429,-8
9430,0.00390625
9431,0
9432,0.00390625
9433,0
9434,-0.00390625
9435,0
9436,5.17578
9437,5.1875
9438,5.19531
9439,5.20313
9440,5.21484
9441,0
9442,0
9443,0
9444,7.99609
9445,-8
9446,0.00390625
9447,0
9448,0.00390625
9449,0
9450,-0.00390625
9451,0
9452,5.32031
9453,5.33203
9454,5.33984
9455,5.34766
9456,5.35938
9457,0
9458,0
9459,0
9460,7.99609
9461,-8
9462,0.00390625
9463,0
9464,0.00390625
9465,0
9466,-0.00390625
9467,0
9468,5.46484
9469,5.47656
9470,5.48438
9471,5.49219
9472,5.50391
9473,0
9474,0
9475,0
9476,7.99609
9477,-8
9478,0.00390625
9479,0
9480,0.00390625
9481,0
9482,-0.00390625
9483,0
9484,5.60938
9485,5.62109
9486,5.62891
9487,5.63672
9488,5.64844
9489,0
9490,0
9491,0
9492,7.99609
9493,-8
9494,0.00390625
9495,0
9496,0.00390625
9497,0
9498,-0.00390625
9499,0
9500,5.75391
9501,5.76563
9502,5.77344
9503,5.78125
9504,5.79297
9505,0
9506,0
9507,0
9508,7.99609
9509,-8
9510,0.00390625
9511,0
9512,0.00390625
9513,0
9514,-0.00390625
9515,0
9516,5.89844
9517,5.91016
9518,5.91797
9519,5.92578
9520,5.9375
9521,0
9522,0
9523,0
9524,7.99609
9525,-8
9526,0.00390625
9527,0
9528,0.00390625
9529,0
9530,-0.00390625
9531,0
9532,6.04297
9533,6.05469
9534,6.0625
9535,6.07031
9536,6.08203
9537,0
9538,0
9539,0
9540,7.99609
9541,-8
9542,0.00390625
9543,0
9544,0.00390625
9545,0
9546,-0.00390625
9547,0
9548,6.1875
9549,6.19922
9550,6.20703
9551,6.21484
9552,6.22656
9553,0
9554,0
9555,0
9556,7.99609
9557,-8
9558,0.00390625
9559,0
9560,0.00390625
9561,0
9562,-0.00390625
9563,0
9564,6.33203
9565,6.34375
9566,6.35156
9567,6.35938
9568,6.37109
9569,0
9570,0
9571,0
9572,7.99609
9573,-8
9574,0.00390625
9575,0
9576,0.00390625
9577,0
9578,-0.00390625
9579,0
9580,6.47656
9581,6.48828
9582,6.49609
9583,6.50391
9584,6.51563
9585,0
9586,0
9587,0
9588,7.99609
9589,-8
9590,0.00390625
9591,0
9592,0.00390625
9593,0
9594,-0.00390625
9595,0
9596,6.62109
9597,6.63281
9598,6.64063
9599,6.64844
9600,6.66016
9601,0
9602,0
9603,0
9604,7.99609
9605,-8
9606,0.00390625
9607,0
9608,0.00390625
9609,0
9610,-0.00390625
9611,0
9612,6.76563
9613,6.77734
9614,6.78516
9615,6.79297
9616,6.80469
9617,0
9618,0
9619,0
9620,7.99609
9621,-8
9622,0.00390625
9623,0
9624,0.00390625
9625,0
9626,-0.00390625
9627,0
9628,6.91016
9629,6.92188
9630,6.92969
9631,6.9375
9632,6.94922
9633,0
9634,0
9635,0
9636,7.99609
9637,-8
9638,0.00390625
9639,0
9640,0.00390625
9641,0
9642,-0.00390625
9643,0
9644,7.05469
9645,7.06641
9646,7.07422
9647,7.08203
9648,7.09375
9649,0
9650,0
9651,0
9652,7.99609
9653,-8
9654,0.00390625
9655,0
9656,0.00390625
9657,0
9658,-0.00390625
9659,0
9660,7.19922
9661,7.21094
9662,7.21875
9663,7.22656
9664,7.23828
9665,0
9666,0
9667,0
9668,7.99609
9669,-8
9670,0.00390625
9671,0
9672,0.00390625
9673,0
9674,-0.00390625
9675,0
9676,7.34375
9677,7.35547
9678,7.36328
9679,7.37109
9680,7.38281
9681,0
9682,0
9683,0
9684,7.99609
9685,-8
9686,0.00390625
9687,0
9688,0.00390625
9689,0
9690,-0.00390625
9691,0
9692,7.48828
9693,7.5
9694,7.50781
9695,7.51563
9696,7.52734
9697,0
9698,0
9699,0
9700,7.99609
9701,-8
9702,0.00390625
9703,0
9704,0.00390625
9705,0
9706,-0.00390625
9707,0
9708,7.63281
9709,7.64453
9710,7.65234
9711,7.66016
9712,7.67188
9713,0
9714,0
9715,0
9716,7.99609
9717,-8
9718,0.00390625
9719,0
9720,0.00390625
9721,0
9722,-0.00390625
9723,0
9724,7.77734
9725,7.78906
9726,7.79688
9727,7.80469
9728,7.81641
9729,0
9730,0
9731,0
9732,7.99609
9733,-8
9734,0.00390625
9735,0
9736,0.00390625
9737,0
9738,-0.00390625
9739,0
9740,7.92188
9741,7.93359
9742,7.94141
9743,7.94922
9744,7.96094
9745,0
9746,0
9747,0
9748,7.99609
9749,-8
9750,0.00390625
9751,0
9752,0.00390625
9753,0
9754,-0.00390625
9755,0
9756,-7.93359
9757,-7.92188
9758,-7.91406
9759,-7.90625
9760,-7.89453
9761,0
9762,0
9763,0
9764,7.99609
9765,-8
9766,0.00390625
9767,0
9768,0.00390625
9769,0
9770,-0.00390625
9771,0
9772,-7.78906
9773,-7.77734
9774,-7.76953
9775,-7.76172
9776,-7.75
9777,0
9778,0
9779,0
9780,7.99609
9781,-8
9782,0.00390625
9783,0
9784,0.00390625
9785,0
9786,-0.00390625
9787,0
9788,-7.64453
9789,-7.63281
9790,-7.625
9791,-7.61719
9792,-7.60547
9793,0
9794,0
9795,0
9796,7.99609
9797,-8
9798,0.00390625
9799,0
9800,0.00390625
9801,0
9802,-0.00390625
9803,0
9804,-7.5
9805,-7.48828
9806,-7.48047
9807,-7.47266
9808,-7.46094
9809,0
9810,0
9811,0
9812,7.99609
9813,-8
9814,0.00390625
9815,0
9816,0.00390625
9817,0
9818,-0.00390625
9819,0
9820,-7.35547
9821,-7.34375
9822,-7.33594
9823,-7.32813
9824,-7.31641
9825,0
9826,0
9827,0
9828,7.99609
9829,-8
9830,0.00390625
9831,0
9832,0.00390625
9833,0
9834,-0.00390625
9835,0
9836,-7.21094
9837,-7.19922
9838,-7.19141
9839,-7.18359
9840,-7.17188
9841,0
9842,0
9843,0
9844,7.99609
9845,-8
9846,0.00390625
9847,0
9848,0.00390625
9849,0
9850,-0.00390625
9851,0
9852,-7.06641
9853,-7.05469
9854,-7.04688
9855,-7.03906
9856,-7.02734
9857,0
9858,0
9859,0
9860,7.99609
9861,-8
9862,0.00390625
9863,0
9864,0.00390625
9865,0
9866,-0.00390625
9867,0
9868,-6.92188
9869,-6.91016
9870,-6.90234
9871,-6.89453
9872,-6.88281
9873,0
9874,0
9875,0
9876,7.99609
9877,-8
9878,0.00390625
9879,0
9880,0.00390625
9881,0
9882,-0.00390625
9883,0
9884,-6.77734
9885,-6.76563
9886,-6.75781
9887,-6.75
9888,-6.73828
9889,0
9890,0
9891,0
9892,7.99609
9893,-8
9894,0.00390625
9895,0
9896,0.00390625
9897,0
9898,-0.00390625
9899,0
9900,-6.63281
9901,-6.62109
9902,-6.61328
9903,-6.60547
9904,-6.59375
9905,0
9906,0
9907,0
9908,7.99609
9909,-8
9910,0.00390625
9911,0
9912,0.00390625
9913,0
9914,-0.00390625
9915,0
9916,-6.48828
9917,-6.47656
9918,-6.46875
9919,-6.46094
9920,-6.44922
9921,0
9922,0
9923,0
9924,7.99609
9925,-8
9926,0.00390625
9927,0
9928,0.00390625
9929,0
9930,-0.00390625
9931,0
9932,-6.34375
9933,-6.33203
9934,-6.32422
9935,-6.31641
9936,-6.30469
9937,0
9938,0
9939,0
9940,7.99609
9941,-8
9942,0.00390625
9943,0
9944,0.00390625
9945,0
9946,-0.00390625
9947,0
9948,-6.19922
9949,-6.1875
9950,-6.17969
9951,-6.17188
9952,-6.16016
9953,0
9954,0
9955,0
9956,7.99609
9957,-8
9958,0.00390625
9959,0
9960,0.00390625
9961,0
9962,-0.00390625
9963,0
9964,-6.05469
9965,-6.04297
9966,-6.03516
9967,-6.02734
9968,-6.01563
9969,0
9970,0
9971,0
9972,7.99609
9973,-8
9974,0.00390625
9975,0
9976,0.00390625
9977,0
9978,-0.00390625
9979,0
9980,-5.91016
9981,-5.89844
9982,-5.89063
9983,-5.88281
9984,-5.87109
9985,0
9986,0
9987,0
9988,7.99609
9989,-8
9990,0.00390625
9991,0
9992,0.00390625
9993,0
9994,-0.00390625
9995,0
9996,-5.76563
9997,-5.75391
9998,-5.74609
9999,-5.73828
10000,-5.72656
10001,0
10002,0
10003,0
10004,7.99609
10005,-8
10006,0.00390625
10007,0
10008,0.00390625
10009,0
10010,-0.00390625
10011,0
10012,-5.62109
10013,-5.60938
10014,-5.60156
10015,-5.59375
10016,-5.58203
10017,0
10018,0
10019,0
10020,7.99609
10021,-8
10022,0.00390625
10023,0
10024,0.00390625
10025,0
10026,-0.00390625
10027,0
10028,-5.47656
10029,-5.46484
10030,-5.45703
10031,-5.44922
10032,-5.4375
10033,0
10034,0
10035,0
10036,7.99609
10037,-8
10038,0.00390625
10039,0
10040,0.00390625
10041,0
10042,-0.00390625
10043,0
10044,-5.33203
10045,-5.32031
10046,-5.3125
10047,-5.30469
10048,-5.29297
10049,0
10050,0
10051,0
10052,7.99609
10053,-8
10054,0.00390625
10055,0
10056,0.00390625
10057,0
10058,-0.00390625
10059,0
10060,-5.1875
10061,-5.17578
10062,-5.16797
10063,-5.16016
10064,-5.14844
10065,0
10066,0
10067,0
10068,7.99609
10069,-8
10070,0.00390625
10071,0
10072,0.00390625
10073,0
10074,-0.00390625
10075,0
10076,-5.04297
10077,-5.03125
10078,-5.02344
10079,-5.01563
10080,-5.00391
10081,0
10082,0
10083,0
10084,7.99609
10085,-8
10086,0.00390625
10087,0
10088,0.00390625
10089,0
10090,-0.00390625
10091,0
10092,-4.89844
10093,-4.88672
10094,-4.87891
10095,-4.87109
10096,-4.85938
10097,0
10098,0
10099,0
10100,7.99609
10101,-8
10102,0.00390625
10103,0
10104,0.00390625
10105,0
10106,-0.00390625
10107,0
10108,-4.75391
10109,-4.74219
10110,-4.73438
10111,-4.72656
10112,-4.71484
10113,0
10114,0
10115,0
10116,7.99609
10117,-8
10118,0.00390625
10119,0
10120,0.00390625
10121,0
10122,-0.00390625
10123,0
10124,-4.60938
10125,-4.59766
10126,-4.58984
10127,-4.58203
10128,-4.57031
10129,0
10130,0
10131,0
10132,7.99609
10133,-8
10134,0.00390625
10135,0
10136,0.00390625
10137,0
10138,-0.00390625
10139,0
10140,-4.46484
10141,-4.45313
10142,-4.44531
10143,-4.4375
10144,-4.42578
10145,0
10146,0
10147,0
10148,7.99609
10149,-8
10150,0.00390625
10151,0
10152,0.00390625
10153,0
10154,-0.00390625
10155,0
10156,-4.32031
10157,-4.30859
10158,-4.30078
10159,-4.29297
10160,-4.28125
10161,0
10162,0
10163,0
10164,7.99609
10165,-8
10166,0.00390625
10167,0
10168,0.00390625
10169,0
10170,-0.00390625
10171,0
10172,-4.17578
10173,-4.16406
10174,-4.15625
10175,-4.14844
10176,-4.13672
10177,0
10178,0
10179,0
10180,7.99609
10181,-8
10182,0.00390625
10183,0
10184,0.00390625
10185,0
10186,-0.00390625
10187,0
10188,-4.03125
10189,-4.01953
10190,-4.01172
10191,-4.00391
10192,-3.99219
10193,0
10194,0
10195,0
10196,7.99609
10197,-8
10198,0.00390625
10199,0
10200,0.00390625
10201,0
10202,-0.00390625
10203,0
10204,-3.88672
10205,-3.875
10206,-3.86719
10207,-3.85938
10208,-3.84766
10209,0
10210,0
10211,0
10212,7.99609
10213,-8
10214,0.00390625
10215,0
10216,0.00390625
10217,0
10218,-0.00390625
10219,0
10220,-3.74219
10221,-3.73047
10222,-3.72266
10223,-3.71484
10224,-3.70313
10225,0
10226,0
10227,0
10228,7.99609
10229,-8
10230,0.00390625
10231,0
10232,0.00390625
10233,0
10234,-0.00390625
10235,0
10236,-3.59766
10237,-3.58594
10238,-3.57813
10239,-3.57031
10240,-3.55859
10241,0
10242,0
10243,0
10244,7.99609
10245,-8
10246,0.00390625
10247,0
10248,0.00390625
10249,0
10250,-0.00390625
10251,0
10252,-3.45313
10253,-3.44141
10254,-3.43359
10255,-3.42578
10256,-3.41406
10257,0
10258,0
10259,0
10260,7.99609
10261,-8
10262,0.00390625
10263,0
10264,0.00390625
10265,0
10266,-0.00390625
10267,0
10268,-3.30859
10269,-3.29688
10270,-3.28906
10271,-3.28125
10272,-3.26953
10273,0
10274,0
10275,0
10276,7.99609
10277,-8
10278,0.00390625
10279,0
10280,0.00390625
10281,0
10282,-0.00390625
10283,0
10284,-3.16406
10285,-3.15234
10286,-3.14453
10287,-3.13672
10288,-3.125
10289,0
10290,0
10291,0
10292,7.99609
10293,-8
10294,0.00390625
10295,0
10296,0.00390625
10297,0
10298,-0.00390625
10299,0
10300,-3.01953
10301,-3.00781
10302,-3
10303,-2.99219
10304,-2.98047
10305,0
10306,0
10307,0
10308,7.99609
10309,-8
10310,0.00390625
10311,0
10312,0.00390625
10313,0
10314,-0.00390625
10315,0
10316,-2.875
10317,-2.86328
10318,-2.85547
10319,-2.84766
10320,-2.83594
10321,0
10322,0
10323,0
10324,7.99609
10325,-8
10326,0.00390625
10327,0
10328,0.00390625
10329,0
10330,-0.00390625
10331,0
10332,-2.73047
10333,-2.71875
10334,-2.71094
10335,-2.70313
10336,-2.69141
10337,0
10338,0
10339,0
10340,7.99609
10341,-8
10342,0.00390625
10343,0
10344,0.00390625
10345,0
10346,-0.00390625
10347,0
10348,-2.58594
10349,-2.57422
10350,-2.56641
10351,-2.55859
10352,-2.54688
10353,0
10354,0
10355,0
10356,7.99609
10357,-8
10358,0.00390625
10359,0
10360,0.00390625
10361,0
10362,-0.00390625
10363,0
10364,-2.44141
10365,-2.42969
10366,-2.42188
10367,-2.41406
10368,-2.40234
10369,0
10370,0
10371,0
10372,7.99609
10373,-8
10374,0.00390625
10375,0
10376,0.00390625
10377,0
10378,-0.00390625
10379,0
10380,-2.29688
10381,-2.28516
10382,-2.27734
10383,-2.26953
10384,-2.25781
10385,0
10386,0
10387,0
10388,7.99609
10389,-8
10390,0.00390625
10391,0
10392,0.00390625
10393,0
10394,-0.00390625
10395,0
10396,-2.15234
10397,-2.14063
10398,-2.13281
10399,-2.125
10400,-2.11328
10401,0
10402,0
10403,0
10404,7.99609
10405,-8
10406,0.00390625
10407,0
10408,0.00390625
10409,0
10410,-0.00390625
10411,0
10412,-2.00781
10413,-1.99609
10414,-1.98828
10415,-1.98047
10416,-1.96875
10417,0
10418,0
10419,0
10420,7.99609
10421,-8
10422,0.00390625
10423,0
10424,0.00390625
10425,0
10426,-0.00390625
10427,0
10428,-1.86328
10429,-1.85156
10430,-1.84375
10431,-1.83594
10432,-1.82422
10433,0
10434,0
10435,0
10436,7.99609
10437,-8
10438,0.00390625
10439,0
10440,0.00390625
10441,0
10442,-0.00390625
10443,0
10444,-1.71875
10445,-1.70703
10446,-1.69922
10447,-1.69141
10448,-1.67969
10449,0
10450,0
10451,0
10452,7.99609
10453,-8
10454,0.00390625
10455,0
10456,0.00390625
10457,0
10458,-0.00390625
10459,0
10460,-1.57422
10461,-1.5625
10462,-1.55469
10463,-1.54688
10464,-1.53516
10465,0
10466,0
10467,0
10468,7.99609
10469,-8
10470,0.00390625
10471,0
10472,0.00390625
10473,0
10474,-0.00390625
10475,0
10476,-1.42969
10477,-1.41797
10478,-1.41016
10479,-1.40234
10480,-1.39063
10481,0
10482,0
10483,0
10484,7.99609
10485,-8
10486,0.00390625
10487,0
10488,0.00390625
10489,0
10490,-0.00390625
10491,0
10492,-1.28516
10493,-1.27344
10494,-1.26563
10495,-1.25781
10496,-1.24609
10497,0
10498,0
10499,0
10500,7.99609
10501,-8
10502,0.00390625
10503,0
10504,0.00390625
10505,0
10506,-0.00390625
10507,0
10508,-1.14063
10509,-1.12891
10510,-1.12109
10511,-1.11328
10512,-1.10156
10513,0
10514,0
10515,0
10516,7.99609
10517,-8
10518,0.00390625
10519,0
10520,0.00390625
10521,0
10522,-0.00390625
10523,0
10524,-0.996094
10525,-0.984375
10526,-0.976563
10527,-0.96875
10528,-0.957031
10529,0
10530,0
10531,0
10532,7.99609
10533,-8
10534,0.00390625
10535,0
10536,0.00390625
10537,0
10538,-0.00390625
10539,0
10540,-0.851563
10541,-0.839844
10542,-0.832031
10543,-0.824219
10544,-0.8125
10545,0
10546,0
10547,0
10548,7.99609
10549,-8
10550,0.00390625
10551,0
10552,0.00390625
10553,0
10554,-0.00390625
10555,0
10556,-0.707031
10557,-0.695313
10558,-0.6875
10559,-0.679688
10560,-0.667969
10561,0
10562,0
10563,0
10564,7.99609
10565,-8
10566,0.00390625
10567,0
10568,0.00390625
10569,0
10570,-0.00390625
10571,0
10572,-0.5625
10573,-0.550781
10574,-0.542969
10575,-0.535156
10576,-0.523438
10577,0
10578,0
10579,0
10580,7.99609
10581,-8
10582,0.00390625
10583,0
10584,0.00390625
10585,0
10586,-0.00390625
10587,0
10588,-0.417969
10589,-0.40625
10590,-0.398438
10591,-0.390625
10592,-0.378906
10593,0
10594,0
10595,0
10596,7.99609
10597,-8
10598,0.00390625
10599,0
10600,0.00390625
10601,0
10602,-0.00390625
10603,0
10604,-0.273438
10605,-0.261719
10606,-0.253906
10607,-0.246094
10608,-0.234375
10609,0
10610,0
10611,0
10612,7.99609
10613,-8
10614,0.00390625
10615,0
10616,0.00390625
10617,0
10618,-0.00390625
10619,0
10620,-0.128906
10621,-0.117188
10622,-0.109375
10623,-0.101563
10624,-0.0898438
10625,0
10626,0
10627,0
10628,7.99609
10629,-8
10630,0.00390625
10631,0
10632,0.00390625
10633,0
10634,-0.00390625
10635,0
10636,0.015625
10637,0.0273438
10638,0.0351563
10639,0.0429688
10640,0.0546875
10641,0
10642,0
10643,0
10644,7.99609
10645,-8
10646,0.00390625
10647,0
10648,0.00390625
10649,0
10650,-0.00390625
10651,0
10652,0.160156
10653,0.171875
10654,0.179688
10655,0.1875
10656,0.199219
10657,0
10658,0
10659,0
10660,7.99609
10661,-8
10662,0.00390625
10663,0
10664,0.00390625
10665,0
10666,-0.00390625
10667,0
10668,0.304688
10669,0.316406
10670,0.324219
10671,0.332031
10672,0.34375
10673,0
10674,0
10675,0
10676,7.99609
10677,-8
10678,0.00390625
10679,0
10680,0.00390625
10681,0
10682,-0.00390625
10683,0
10684,0.449219
10685,0.460938
10686,0.46875
10687,0.476563
10688,0.488281
10689,0
10690,0
10691,0
10692,7.99609
10693,-8
10694,0.00390625
10695,0
10696,0.00390625
10697,0
10698,-0.00390625
10699,0
10700,0.59375
10701,0.605469
10702,0.613281
10703,0.621094
10704,0.632813
10705,0
10706,0
10707,0
10708,7.99609
10709,-8
10710,0.00390625
10711,0
10712,0.00390625
10713,0
10714,-0.00390625
10715,0
10716,0.738281
10717,0.75
10718,0.757813
10719,0.765625
10720,0.777344
10721,0
10722,0
10723,0
10724,7.99609
10725,-8
10726,0.00390625
10727,0
10728,0.00390625
10729,0
10730,-0.00390625
10731,0
10732,0.882813
10733,0.894531
10734,0.902344
10735,0.910156
10736,0.921875
10737,0
10738,0
10739,0
10740,7.99609
10741,-8
10742,0.00390625
10743,0
10744,0.00390625
10745,0
10746,-0.00390625
10747,0
10748,1.02734
10749,1.03906
10750,1.04688
10751,1.05469
10752,1.06641
10753,0
10754,0
10755,0
10756,7.99609
10757,-8
10758,0.00390625
10759,0
10760,0.00390625
10761,0
10762,-0.00390625
10763,0
10764,1.17188
10765,1.18359
10766,1.19141
10767,1.19922
10768,1.21094
10769,0
10770,0
10771,0
10772,7.99609
10773,-8
10774,0.00390625
10775,0
10776,0.00390625
10777,0
10778,-0.00390625
10779,0
10780,1.31641
10781,1.32813
10782,1.33594
10783,1.34375
10784,1.35547
10785,0
10786,0
10787,0
10788,7.99609
10789,-8
10790,0.00390625
10791,0
10792,0.00390625
10793,0
10794,-0.00390625
10795,0
10796,1.46094
10797,1.47266
10798,1.48047
10799,1.48828
10800,1.5
10801,0
10802,0
10803,0
10804,7.99609
10805,-8
10806,0.00390625
10807,0
10808,0.00390625
10809,0
10810,-0.00390625
10811,0
10812,1.60547
10813,1.61719
10814,1.625
10815,1.63281
10816,1.64453
10817,0
10818,0
10819,0
10820,7.99609
10821,-8
10822,0.00390625
10823,0
10824,0.00390625
10825,0
10826,-0.00390625
10827,0
10828,1.75
10829,1.76172
10830,1.76953
10831,1.77734
10832,1.78906
10833,0
10834,0
10835,0
10836,7.99609
10837,-8
10838,0.00390625
10839,0
10840,0.00390625
10841,0
10842,-0.00390625
10843,0
10844,1.89453
10845,1.90625
10846,1.91406
10847,1.92188
10848,1.93359
10849,0
10850,0
10851,0
10852,7.99609
10853,-8
10854,0.00390625
10855,0
10856,0.00390625
10857,0
10858,-0.00390625
10859,0
10860,2.03906
10861,2.05078
10862,2.05859
10863,2.06641
10864,2.07813
10865,0
10866,0
10867,0
10868,7.99609
10869,-8
10870,0.00390625
10871,0
10872,0.00390625
10873,0
10874,-0.00390625
10875,0
10876,2.18359
10877,2.19531
10878,2.20313
10879,2.21094
10880,2.22266
10881,0
10882,0
10883,0
10884,7.99609
10885,-8
10886,0.00390625
10887,0
10888,0.00390625
10889,0
10890,-0.00390625
10891,0
10892,2.32813
10893,2.33984
10894,2.34766
10895,2.35547
10896,2.36719
10897,0
10898,0
10899,0
10900,7.99609
10901,-8
10902,0.00390625
10903,0
10904,0.00390625
10905,0
10906,-0.00390625
10907,0
10908,2.47266
10909,2.48438
10910,2.49219
10911,2.5
10912,2.51172
10913,0
10914,0
10915,0
10916,7.99609
10917,-8
10918,0.00390625
10919,0
10920,0.00390625
10921,0
10922,-0.00390625
10923,0
10924,2.61719
10925,2.62891
10926,2.63672
10927,2.64453
10928,2.65625
10929,0
10930,0
10931,0
10932,7.99609
10933,-8
10934,0.00390625
10935,0
10936,0.00390625
10937,0
10938,-0.00390625
10939,0
10940,2.76172
10941,2.77344
10942,2.78125
10943,2.78906
10944,2.80078
10945,0
10946,0
10947,0
10948,7.99609
10949,-8
10950,0.00390625
10951,0
10952,0.00390625
10953,0
10954,-0.00390625
10955,0
10956,2.90625
10957,2.91797
10958,2.92578
10959,2.93359
10960,2.94531
10961,0
10962,0
10963,0
10964,7.99609
10965,-8
10966,0.00390625
10967,0
10968,0.00390625
10969,0
10970,-0.00390625
10971,0
10972,3.05078
10973,3.0625
10974,3.07031
10975,3.07813
10976,3.08984
10977,0
10978,0
10979,0
10980,7.99609
10981,-8
10982,0.00390625
10983,0
10984,0.00390625
10985,0
10986,-0.00390625
10987,0
10988,3.19531
10989,3.20703
10990,3.21484
10991,3.22266
10992,3.23438
10993,0
10994,0
10995,0
10996,7.99609
10997,-8
10998,0.00390625
10999,0
11000,0.00390625
11001,0
11002,-0.00390625
11003,0
11004,3.33984
11005,3.35156
11006,3.35938
11007,3.36719
11008,3.37891
11009,0
11010,0
11011,0
11012,7.99609
11013,-8
11014,0.00390625
11015,0
11016,0.00390625
11017,0
11018,-0.00390625
11019,0
11020,3.48438
11021,3.49609
11022,3.50391
11023,3.51172
11024,3.52344
11025,0
11026,0
11027,0
11028,7.99609
11029,-8
11030,0.00390625
11031,0
11032,0.00390625
11033,0
11034,-0.00390625
11035,0
11036,3.62891
11037,3.64063
11038,3.64844
11039,3.65625
11040,3.66797
11041,0
11042,0
11043,0
11044,7.99609
11045,-8
11046,0.00390625
11047,0
11048,0.00390625
11049,0
11050,-0.00390625
11051,0
11052,3.77344
11053,3.78516
11054,3.79297
11055,3.80078
11056,3.8125
11057,0
11058,0
11059,0
11060,7.99609
11061,-8
11062,0.00390625
11063,0
11064,0.00390625
11065,0
11066,-0.00390625
11067,0
11068,3.91797
11069,3.92969
11070,3.9375
11071,3.94531
11072,3.95703
11073,0
11074,0
11075,0
11076,7.99609
11077,-8
11078,0.00390625
11079,0
11080,0.00390625
11081,0
11082,-0.00390625
11083,0
11084,4.0625
11085,4.07422
11086,4.08203
11087,4.08984
11088,4.10156
11089,0
11090,0
11091,0
11092,7.99609
11093,-8
11094,0.00390625
11095,0
11096,0.00390625
11097,0
11098,-0.00390625
11099,0
11100,4.20703
11101,4.21875
11102,4.22656
11103,4.23438
11104,4.24609
11105,0
11106,0
11107,0
11108,7.99609
11109,-8
11110,0.00390625
11111,0
11112,0.00390625
11113,0
11114,-0.00390625
11115,0
11116,4.35156
11117,4.36328
11118,4.37109
11119,4.37891
11120,4.39063
11121,0
11122,0
11123,0
11124,7.99609
11125,-8
11126,0.00390625
11127,0
11128,0.00390625
11129,0
11130,-0.00390625
11131,0
11132,4.49609
11133,4.50781
11134,4.51563
11135,4.52344
11136,4.53516
11137,0
11138,0
11139,0
11140,7.99609
11141,-8
11142,0.00390625
11143,0
11144,0.00390625
11145,0
11146,-0.00390625
11147,0
11148,4.64063
11149,4.65234
11150,4.66016
11151,4.66797
11152,4.67969
11153,0
11154,0
11155,0
11156,7.99609
11157,-8
11158,0.00390625
11159,0
11160,0.00390625
11161,0
11162,-0.00390625
11163,0
11164,4.78516
11165,4.79688
11166,4.80469
11167,4.8125
11168,4.82422
11169,0
11170,0
11171,0
11172,7.99609
11173,-8
11174,0.00390625
11175,0
11176,0.00390625
11177,0
11178,-0.00390625
11179,0
11180,4.92969
11181,4.94141
11182,4.94922
11183,4.95703
11184,4.96875
11185,0
11186,0
11187,0
11188,7.99609
11189,-8
11190,0.00390625
11191,0
11192,0.00390625
11193,0
11194,-0.00390625
11195,0
11196,5.07422
11197,5.08594
11198,5.09375
11199,5.10156
11200,5.11328
11201,0
11202,0
11203,0
11204,7.99609
11205,-8
11206,0.00390625
11207,0
11208,0.00390625
11209,0
11210,-0.00390625
11211,0
11212,5.21875
11213,5.23047
11214,5.23828
11215,5.24609
11216,5.25781
11217,0
11218,0
11219,0
11220,7.99609
11221,-8
11222,0.00390625
11223,0
11224,0.00390625
11225,0
11226,-0.00390625
11227,0
11228,5.36328
11229,5.375
11230,5.38281
11231,5.39063
11232,5.40234
11233,0
11234,0
11235,0
11236,7.99609
11237,-8
11238,0.00390625
11239,0
11240,0.00390625
11241,0
11242,-0.00390625
11243,0
11244,5.50781
11245,5.51953
11246,5.52734
11247,5.53516
11248,5.54688
11249,0
11250,0
11251,0
11252,7.99609
11253,-8
11254,0.00390625
11255,0
11256,0.00390625
11257,0
11258,-0.00390625
11259,0
11260,5.65234
11261,5.66406
11262,5.67188
11263,5.67969
11264,5.69141
11265,0
11266,0
11267,0
11268,7.99609
11269,-8
11270,0.00390625
11271,0
11272,0.00390625
11273,0
11274,-0.00390625
11275,0
11276,5.79688
11277,5.80859
11278,5.81641
11279,5.82422
11280,5.83594
11281,0
11282,0
11283,0
11284,7.99609
11285,-8
11286,0.00390625
11287,0
11288,0.00390625
11289,0
11290,-0.00390625
11291,0
11292,5.94141
11293,5.95313
11294,5.96094
11295,5.96875
11296,5.98047
11297,0
11298,0
11299,0
11300,7.99609
11301,-8
11302,0.00390625
11303,0
11304,0.00390625
11305,0
11306,-0.00390625
11307,0
11308,6.08594
11309,6.09766
11310,6.10547
11311,6.11328
11312,6.125
11313,0
11314,0
11315,0
11316,7.99609
11317,-8
11318,0.00390625
11319,0
11320,0.00390625
11321,0
11322,-0.00390625
11323,0
11324,6.23047
11325,6.24219
11326,6.25
11327,6.25781
11328,6.26953
11329,0
11330,0
11331,0
11332,7.99609
11333,-8
11334,0.00390625
11335,0
11336,0.00390625
11337,0
11338,-0.00390625
11339,0
11340,6.375
11341,6.38672
11342,6.39453
11343,6.40234
11344,6.41406
11345,0
11346,0
11347,0
11348,7.99609
11349,-8
11350,0.00390625
11351,0
11352,0.00390625
11353,0
11354,-0.00390625
11355,0
11356,6.51953
11357,6.53125
11358,6.53906
11359,6.54688
11360,6.55859
11361,0
11362,0
11363,0
11364,7.99609
11365,-8
11366,0.00390625
11367,0
11368,0.00390625
11369,0
11370,-0.00390625
11371,0
11372,6.66406
11373,6.67578
11374,6.68359
11375,6.69141
11376,6.70313
11377,0
11378,0
11379,0
11380,7.99609
11381,-8
11382,0.00390625
11383,0
11384,0.00390625
11385,0
11386,-0.00390625
11387,0
11388,6.80859
11389,6.82031
11390,6.82813
11391,6.83594
11392,6.84766
11393,0
11394,0
11395,0
11396,7.99609
11397,-8
11398,0.00390625
11399,0
11400,0.00390625
11401,0
11402,-0.00390625
11403,0
11404,6.95313
11405,6.96484
11406,6.97266
11407,6.98047
11408,6.99219
11409,0
11410,0
11411,0
11412,7.99609
11413,-8
11414,0.00390625
11415,0
11416,0.00390625
11417,0
11418,-0.00390625
11419,0
11420,7.09766
11421,7.10938
11422,7.11719
11423,7.125
11424,7.13672
11425,0
11426,0
11427,0
11428,7.99609
11429,-8
11430,0.00390625
11431,0
11432,0.00390625
11433,0
11434,-0.00390625
11435,0
11436,7.24219
11437,7.25391
11438,7.26172
11439,7.26953
11440,7.28125
11441,0
11442,0
11443,0
11444,7.99609
11445,-8
11446,0.00390625
11447,0
11448,0.00390625
11449,0
11450,-0.00390625
11451,0
11452,7.38672
11453,7.39844
11454,7.40625
11455,7.41406
11456,7.42578
11457,0
11458,0
11459,0
11460,7.99609
11461,-8
11462,0.00390625
11463,0
11464,0.00390625
11465,0
11466,-0.00390625
11467,0
11468,7.53125
11469,7.54297
11470,7.55078
11471,7.55859
11472,7.57031
11473,0
11474,0
11475,0
11476,7.99609
11477,-8
11478,0.00390625
11479,0
11480,0.00390625
11481,0
11482,-0.00390625
11483,0
11484,7.67578
11485,7.6875
11486,7.69531
11487,7.70313
11488,7.71484
11489,0
11490,0
11491,0
11492,7.99609
11493,-8
11494,0.00390625
11495,0
11496,0.00390625
11497,0
11498,-0.00390625
11499,0
11500,7.82031
11501,7.83203
11502,7.83984
11503,7.84766
11504,7.85938
11505,0
11506,0
11507,0
11508,7.99609
11509,-8
11510,0.00390625
11511,0
11512,0.00390625
11513,0
11514,-0.00390625
11515,0
11516,7.96484
11517,7.97656
11518,7.98438
11519,7.99219
11520,-7.99609
11521,0
11522,0
11523,0
11524,7.99609
11525,-8
11526,0.00390625
11527,0
11528,0.00390625
11529,0
11530,-0.00390625
11531,0
11532,-7.89063
11533,-7.87891
11534,-7.87109
11535,-7.86328
11536,-7.85156
11537,0
11538,0
11539,0
11540,7.99609
11541,-8
11542,0.00390625
11543,0
11544,0.00390625
11545,0
11546,-0.00390625
11547,0
11548,-7.74609
11549,-7.73438
11550,-7.72656
11551,-7.71875
11552,-7.70703
11553,0
11554,0
11555,0
11556,7.99609
11557,-8
11558,0.00390625
11559,0
11560,0.00390625
11561,0
11562,-0.00390625
11563,0
11564,-7.60156
11565,-7.58984
11566,-7.58203
11567,-7.57422
11568,-7.5625
11569,0
11570,0
11571,0
11572,7.99609
11573,-8
11574,0.00390625
11575,0
11576,0.00390625
11577,0
11578,-0.00390625
11579,0
11580,-7.45703
11581,-7.44531
11582,-7.4375
11583,-7.42969
11584,-7.41797
11585,0
11586,0
11587,0
11588,7.99609
11589,-8
11590,0.00390625
11591,0
11592,0.00390625
11593,0
11594,-0.00390625
11595,0
11596,-7.3125
11597,-7.30078
11598,-7.29297
11599,-7.28516
11600,-7.27344
11601,0
11602,0
11603,0
11604,7.99609
11605,-8
11606,0.00390625
11607,0
11608,0.00390625
11609,0
11610,-0.00390625
11611,0
11612,-7.16797
11613,-7.15625
11614,-7.14844
11615,-7.14063
11616,-7.12891
11617,0
11618,0
11619,0
11620,7.99609
11621,-8
11622,0.00390625
11623,0
11624,0.00390625
11625,0
11626,-0.00390625
11627,0
11628,-7.02344
11629,-7.01172
11630,-7.00391
11631,-6.99609
11632,-6.98438
11633,0
11634,0
11635,0
11636,7.99609
11637,-8
11638,0.00390625
11639,0
11640,0.00390625
11641,0
11642,-0.00390625
11643,0
11644,-6.87891
11645,-6.86719
11646,-6.85938
11647,-6.85156
11648,-6.83984
11649,0
11650,0
11651,0
11652,7.99609
11653,-8
11654,0.00390625
11655,0
11656,0.00390625
11657,0
11658,-0.00390625
11659,0
11660,-6.73438
11661,-6.72266
11662,-6.71484
11663,-6.70703
11664,-6.69531
11665,0
11666,0
11667,0
11668,7.99609
11669,-8
11670,0.00390625
11671,0
11672,0.00390625
11673,0
11674,-0.00390625
11675,0
11676,-6.58984
11677,-6.57813
11678,-6.57031
11679,-6.5625
11680,-6.55078
11681,0
11682,0
11683,0
11684,7.99609
11685,-8
11686,0.00390625
11687,0
11688,0.00390625
11689,0
11690,-0.00390625
11691,0
11692,-6.44531
11693,-6.43359
11694,-6.42578
11695,-6.41797
11696,-6.40625
11697,0
11698,0
11699,0
11700,7.99609
11701,-8
11702,0.00390625
11703,0
11704,0.00390625
11705,0
11706,-0.00390625
11707,0
11708,-6.30078
11709,-6.28906
11710,-6.28125
11711,-6.27344
11712,-6.26172
11713,0
11714,0
11715,0
11716,7.99609
11717,-8
11718,0.00390625
11719,0
11720,0.00390625
11721,0
11722,-0.00390625
11723,0
11724,-6.15625
11725,-6.14453
11726,-6.13672
11727,-6.12891
11728,-6.11719
11729,0
11730,0
11731,0
11732,7.99609
11733,-8
11734,0.00390625
11735,0
11736,0.00390625
11737,0
11738,-0.00390625
11739,0
11740,-6.01172
11741,-6
11742,-5.99219
11743,-5.98438
11744,-5.97266
11745,0
11746,0
11747,0
11748,7.99609
11749,-8
11750,0.00390625
11751,0
11752,0.00390625
11753,0
11754,-0.00390625
11755,0
11756,-5.86719
11757,-5.85547
11758,-5.84766
11759,-5.83984
11760,-5.82813
11761,0
11762,0
11763,0
11764,7.99609
11765,-8
11766,0.00390625
11767,0
11768,0.00390625
11769,0
11770,-0.00390625
11771,0
11772,-5.72266
11773,-5.71094
11774,-5.70313
11775,-5.69531
11776,-5.68359
11777,0
11778,0
11779,0
11780,7.99609
11781,-8
11782,0.00390625
11783,0
11784,0.00390625
11785,0
11786,-0.00390625
11787,0
11788,-5.57813
11789,-5.56641
11790,-5.55859
11791,-5.55078
11792,-5.53906
11793,0
11794,0
11795,0
11796,7.99609
11797,-8
11798,0.00390625
11799,0
11800,0.00390625
11801,0
11802,-0.00390625
11803,0
11804,-5.43359
11805,-5.42188
11806,-5.41406
11807,-5.40625
11808,-5.39453
11809,0
11810,0
11811,0
11812,7.99609
11813,-8
11814,0.00390625
11815,0
11816,0.00390625
11817,0
11818,-0.00390625
11819,0
11820,-5.28906
11821,-5.27734
11822,-5.26953
11823,-5.26172
11824,-5.25
11825,0
11826,0
11827,0
11828,7.99609
11829,-8
11830,0.00390625
11831,0
11832,0.00390625
11833,0
11834,-0.00390625
11835,0
11836,-5.14453
11837,-5.13281
11838,-5.125
11839,-5.11719
11840,-5.10547
11841,0
11842,0
11843,0
11844,7.99609
11845,-8
11846,0.00390625
11847,0
11848,0.00390625
11849,0
11850,-0.00390625
11851,0
11852,-5
11853,-4.98828
11854,-4.98047
11855,-4.97266
11856,-4.96094
11857,0
11858,0
11859,0
11860,7.99609
11861,-8
11862,0.00390625
11863,0
11864,0.00390625
11865,0
11866,-0.00390625
11867,0
11868,-4.85547
11869,-4.84375
11870,-4.83594
11871,-4.82813
11872,-4.81641
11873,0
11874,0
11875,0
11876,7.99609
11877,-8
11878,0.00390625
11879,0
11880,0.00390625
11881,0
11882,-0.00390625
11883,0
11884,-4.71094
11885,-4.69922
11886,-4.69141
11887,-4.68359
11888,-4.67188
11889,0
11890,0
11891,0
11892,7.99609
11893,-8
11894,0.00390625
11895,0
11896,0.00390625
11897,0
11898,-0.00390625
11899,0
11900,-4.56641
11901,-4.55469
11902,-4.54688
11903,-4.53906
11904,-4.52734
11905,0
11906,0
11907,0
11908,7.99609
11909,-8
11910,0.00390625
11911,0
11912,0.00390625
11913,0
11914,-0.00390625
11915,0
11916,-4.42188
11917,-4.41016
11918,-4.40234
11919,-4.39453
11920,-4.38281
11921,0
11922,0
11923,0
11924,7.99609
11925,-8
11926,0.00390625
11927,0
11928,0.00390625
11929,0
11930,-0.00390625
11931,0
11932,-4.27734
11933,-4.26563
11934,-4.25781
11935,-4.25
11936,-4.23828
11937,0
11938,0
11939,0
11940,7.99609
11941,-8
11942,0.00390625
11943,0
11944,0.00390625
11945,0
11946,-0.00390625
11947,0
11948,-4.13281
11949,-4.12109
11950,-4.11328
11951,-4.10547
11952,-4.09375
11953,0
11954,0
11955,0
11956,7.99609
11957,-8
11958,0.00390625
11959,0
11960,0.00390625
11961,0
11962,-0.00390625
11963,0
11964,-3.98828
11965,-3.97656
11966,-3.96875
11967,-3.96094
11968,-3.94922
11969,0
11970,0
11971,0
11972,7.99609
11973,-8
11974,0.00390625
11975,0
11976,0.00390625
11977,0
11978,-0.00390625
11979,0
11980,-3.84375
11981,-3.83203
11982,-3.82422
11983,-3.81641
11984,-3.80469
11985,0
11986,0
11987,0
11988,7.99609
11989,-8
11990,0.00390625
11991,0
11992,0.00390625
11993,0
11994,-0.00390625
11995,0
11996,-3.69922
11997,-3.6875
11998,-3.67969
11999,-3.67188
12000,-3.66016
12001,0
12002,0
12003,0
12004,7.99609
12005,-8
12006,0.00390625
12007,0
12008,0.00390625
12009,0
12010,-0.00390625
12011,0
12012,-3.55469
12013,-3.54297
12014,-3.53516
12015,-3.52734
12016,-3.51563
12017,0
12018,0
12019,0
12020,7.99609
12021,-8
12022,0.00390625
12023,0
12024,0.00390625
12025,0
12026,-0.00390625
12027,0
12028,-3.41016
12029,-3.39844
12030,-3.39063
12031,-3.38281
12032,-3.37109
12033,0
12034,0
12035,0
12036,7.99609
12037,-8
12038,0.00390625
12039,0
12040,0.00390625
12041,0
12042,-0.00390625
12043,0
12044,-3.26563
12045,-3.25391
12046,-3.24609
12047,-3.23828
12048,-3.22656
12049,0
12050,0
12051,0
12052,7.99609
12053,-8
12054,0.00390625
12055,0
12056,0.00390625
12057,0
12058,-0.00390625
12059,0
12060,-3.12109
12061,-3.10938
12062,-3.10156
12063,-3.09375
12064,-3.08203
12065,0
12066,0
12067,0
12068,7.99609
12069,-8
12070,0.00390625
12071,0
12072,0.00390625
12073,0
12074,-0.00390625
12075,0
12076,-2.97656
12077,-2.96484
12078,-2.95703
12079,-2.94922
12080,-2.9375
12081,0
12082,0
12083,0
12084,7.99609
12085,-8
12086,0.00390625
12087,0
12088,0.00390625
12089,0
12090,-0.00390625
12091,0
12092,-2.83203
12093,-2.82031
12094,-2.8125
12095,-2.80469
12096,-2.79297
12097,0
12098,0
12099,0
12100,7.99609
12101,-8
12102,0.00390625
12103,0
12104,0.00390625
12105,0
12106,-0.00390625
12107,0
12108,-2.6875
12109,-2.67578
12110,-2.66797
12111,-2.66016
12112,-2.64844
12113,0
12114,0
12115,0
12116,7.99609
12117,-8
12118,0.00390625
12119,0
12120,0.00390625
12121,0
12122,-0.00390625
12123,0
12124,-2.54297
12125,-2.53125
12126,-2.52344
12127,-2.51563
12128,-2.50391
12129,0
12130,0
12131,0
12132,7.99609
12133,-8
12134,0.00390625
12135,0
12136,0.00390625
12137,0
12138,-0.00390625
12139,0
12140,-2.39844
12141,-2.38672
12142,-2.37891
12143,-2.37109
12144,-2.35938
12145,0
12146,0
12147,0
12148,7.99609
12149,-8
12150,0.00390625
12151,0
12152,0.00390625
12153,0
12154,-0.00390625
12155,0
12156,-2.25391
12157,-2.24219
12158,-2.23438
12159,-2.22656
12160,-2.21484
12161,0
12162,0
12163,0
12164,7.99609
12165,-8
12166,0.00390625
12167,0
12168,0.00390625
12169,0
12170,-0.00390625
12171,0
12172,-2.10938
12173,-2.09766
12174,-2.08984
12175,-2.08203
12176,-2.07031
12177,0
12178,0
12179,0
12180,7.99609
12181,-8
12182,0.00390625
12183,0
12184,0.00390625
12185,0
12186,-0.00390625
12187,0
12188,-1.96484
12189,-1.95313
12190,-1.94531
12191,-1.9375
12192,-1.92578
12193,0
12194,0
12195,0
12196,7.99609
12197,-8
12198,0.00390625
12199,0
12200,0.00390625
12201,0
12202,-0.00390625
12203,0
12204,-1.82031
12205,-1.80859
12206,-1.80078
12207,-1.79297
12208,-1.78125
12209,0
12210,0
12211,0
12212,7.99609
12213,-8
12214,0.00390625
12215,0
12216,0.00390625
12217,0
12218,-0.00390625
12219,0
12220,-1.67578
12221,-1.66406
12222,-1.65625
12223,-1.64844
12224,-1.63672
12225,0
12226,0
12227,0
12228,7.99609
12229,-8
12230,0.00390625
12231,0
12232,0.00390625
12233,0
12234,-0.00390625
12235,0
12236,-1.53125
12237,-1.51953
12238,-1.51172
12239,-1.50391
12240,-1.49219
12241,0
12242,0
12243,0
12244,7.99609
12245,-8
12246,0.00390625
12247,0
12248,0.00390625
12249,0
12250,-0.00390625
12251,0
12252,-1.38672
12253,-1.375
12254,-1.36719
12255,-1.35938
12256,-1.34766
12257,0
12258,0
12259,0
12260,7.99609
12261,-8
12262,0.00390625
12263,0
12264,0.00390625
12265,0
12266,-0.00390625
12267,0
12268,-1.24219
12269,-1.23047
12270,-1.22266
12271,-1.21484
12272,-1.20313
12273,0
12274,0
12275,0
12276,7.99609
12277,-8
12278,0.00390625
12279,0
12280,0.00390625
12281,0
12282,-0.00390625
12283,0
12284,-1.09766
12285,-1.08594
12286,-1.07813
12287,-1.07031
12288,-1.05859
12289,0
12290,0
12291,0
12292,7.99609
12293,-8
12294,0.00390625
12295,0
12296,0.00390625
12297,0
12298,-0.00390625
12299,0
12300,-0.953125
12301,-0.941406
12302,-0.933594
12303,-0.925781
12304,-0.914063
12305,0
12306,0
12307,0
12308,7.99609
12309,-8
12310,0.00390625
12311,0
12312,0.00390625
12313,0
12314,-0.00390625
12315,0
12316,-0.808594
12317,-0.796875
12318,-0.789063
12319,-0.78125
12320,-0.769531
12321,0
12322,0
12323,0
12324,7.99609
12325,-8
12326,0.00390625
12327,0
12328,0.00390625
12329,0
12330,-0.00390625
12331,0
12332,-0.664063
12333,-0.652344
12334,-0.644531
12335,-0.636719
12336,-0.625
12337,0
12338,0
12339,0
12340,7.99609
12341,-8
12342,0.00390625
12343,0
12344,0.00390625
12345,0
12346,-0.00390625
12347,0
12348,-0.519531
12349,-0.507813
12350,-0.5
12351,-0.492188
12352,-0.480469
12353,0
12354,0
12355,0
12356,7.99609
12357,-8
12358,0.00390625
12359,0
12360,0.00390625
12361,0
12362,-0.00390625
12363,0
12364,-0.375
12365,-0.363281
12366,-0.355469
12367,-0.347656
12368,-0.335938
12369,0
12370,0
12371,0
12372,7.99609
12373,-8
12374,0.00390625
12375,0
12376,0.00390625
12377,0
12378,-0.00390625
12379,0
12380,-0.230469
12381,-0.21875
12382,-0.210938
12383,-0.203125
12384,-0.191406
12385,0
12386,0
12387,0
12388,7.99609
12389,-8
12390,0.00390625
12391,0
12392,0.00390625
12393,0
12394,-0.00390625
12395,0
12396,-0.0859375
12397,-0.0742188
12398,-0.0664063
12399,-0.0585938
12400,-0.046875
12401,0
12402,0
12403,0
12404,7.99609
12405,-8
12406,0.00390625
12407,0
12408,0.00390625
12409,0
12410,-0.00390625
12411,0
12412,0.0585938
12413,0.0703125
12414,0.078125
12415,0.0859375
12416,0.0976563
12417,0
12418,0
12419,0
12420,7.99609
12421,-8
12422,0.00390625
12423,0
12424,0.00390625
12425,0
12426,-0.00390625
12427,0
12428,0.203125
12429,0.214844
12430,0.222656
12431,0.230469
12432,0.242188
12433,0
12434,0
12435,0
12436,7.99609
12437,-8
12438,0.00390625
12439,0
12440,0.00390625
12441,0
12442,-0.00390625
12443,0
12444,0.347656
12445,0.359375
12446,0.367188
12447,0.375
12448,0.386719
12449,0
12450,0
12451,0
12452,7.99609
12453,-8
12454,0.00390625
12455,0
12456,0.00390625
12457,0
12458,-0.00390625
12459,0
12460,0.492188
12461,0.503906
12462,0.511719
12463,0.519531
12464,0.53125
12465,0
12466,0
12467,0
12468,7.99609
12469,-8
12470,0.00390625
12471,0
12472,0.00390625
12473,0
12474,-0.00390625
12475,0
12476,0.636719
12477,0.648438
12478,0.65625
12479,0.664063
12480,0.675781
12481,0
12482,0
12483,0
12484,7.99609
12485,-8
12486,0.00390625
12487,0
12488,0.00390625
12489,0
12490,-0.00390625
12491,0
12492,0.78125
12493,0.792969
12494,0.800781
12495,0.808594
12496,0.820313
12497,0
12498,0
12499,0
12500,7.99609
12501,-8
12502,0.00390625
12503,0
12504,0.00390625
12505,0
12506,-0.00390625
12507,0
12508,0.925781
12509,0.9375
12510,0.945313
12511,0.953125
12512,0.964844
12513,0
12514,0
12515,0
12516,7.99609
12517,-8
12518,0.00390625
12519,0
12520,0.00390625
12521,0
12522,-0.00390625
12523,0
12524,1.07031
12525,1.08203
12526,1.08984
12527,1.09766
12528,1.10938
12529,0
12530,0
12531,0
12532,7.99609
12533,-8
12534,0.00390625
12535,0
12536,0.00390625
12537,0
12538,-0.00390625
12539,0
12540,1.21484
12541,1.22656
12542,1.23438
12543,1.24219
12544,1.25391
12545,0
12546,0
12547,0
12548,7.99609
12549,-8
12550,0.00390625
12551,0
12552,0.00390625
12553,0
12554,-0.00390625
12555,0
12556,1.35938
12557,1.37109
12558,1.37891
12559,1.38672
12560,1.39844
12561,0
12562,0
12563,0
12564,7.99609
12565,-8
12566,0.00390625
12567,0
12568,0.00390625
12569,0
12570,-0.00390625
12571,0
12572,1.50391
12573,1.51563
12574,1.52344
12575,1.53125
12576,1.54297
12577,0
12578,0
12579,0
12580,7.99609
12581,-8
12582,0.00390625
12583,0
12584,0.00390625
12585,0
12586,-0.00390625
12587,0
12588,1.64844
12589,1.66016
12590,1.66797
12591,1.67578
12592,1.6875
12593,0
12594,0
12595,0
12596,7.99609
12597,-8
12598,0.00390625
12599,0
12600,0.00390625
12601,0
12602,-0.00390625
12603,0
12604,1.79297
12605,1.80469
12606,1.8125
12607,1.82031
12608,1.83203
12609,0
12610,0
12611,0
12612,7.99609
12613,-8
12614,0.00390625
12615,0
12616,0.00390625
12617,0
12618,-0.00390625
12619,0
12620,1.9375
12621,1.94922
12622,1.95703
12623,1.96484
12624,1.97656
12625,0
12626,0
12627,0
12628,7.99609
12629,-8
12630,0.00390625
12631,0
12632,0.00390625
12633,0
12634,-0.00390625
12635,0
12636,2.08203
12637,2.09375
12638,2.10156
12639,2.10938
12640,2.12109
12641,0
12642,0
12643,0
12644,7.99609
12645,-8
12646,0.00390625
12647,0
12648,0.00390625
12649,0
12650,-0.00390625
12651,0
12652,2.22656
12653,2.23828
12654,2.24609
12655,2.25391
12656,2.26563
12657,0
12658,0
12659,0
12660,7.99609
12661,-8
12662,0.00390625
12663,0
12664,0.00390625
12665,0
12666,-0.00390625
12667,0
12668,2.37109
12669,2.38281
12670,2.39063
12671,2.39844
12672,2.41016
12673,0
12674,0
12675,0
12676,7.99609
12677,-8
12678,0.00390625
12679,0
12680,0.00390625
12681,0
12682,-0.00390625
12683,0
12684,2.51563
12685,2.52734
12686,2.53516
12687,2.54297
12688,2.55469
12689,0
12690,0
12691,0
12692,7.99609
12693,-8
12694,0.00390625
12695,0
12696,0.00390625
12697,0
12698,-0.00390625
12699,0
12700,2.66016
12701,2.67188
12702,2.67969
12703,2.6875
12704,2.69922
12705,0
12706,0
12707,0
12708,7.99609
12709,-8
12710,0.00390625
12711,0
12712,0.00390625
12713,0
12714,-0.00390625
12715,0
12716,2.80469
12717,2.81641
12718,2.82422
12719,2.83203
12720,2.84375
12721,0
12722,0
12723,0
12724,7.99609
12725,-8
12726,0.00390625
12727,0
12728,0.00390625
12729,0
12730,-0.00390625
12731,0
12732,2.94922
12733,2.96094
12734,2.96875
12735,2.97656
12736,2.98828
12737,0
12738,0
12739,0
12740,7.99609
12741,-8
12742,0.00390625
12743,0
12744,0.00390625
12745,0
12746,-0.00390625
12747,0
12748,3.09375
12749,3.10547
12750,3.11328
12751,3.12109
12752,3.13281
12753,0
12754,0
12755,0
12756,7.99609
12757,-8
12758,0.00390625
12759,0
12760,0.00390625
12761,0
12762,-0.00390625
12763,0
12764,3.23828
12765,3.25
12766,3.25781
12767,3.26563
12768,3.27734
12769,0
12770,0
12771,0
12772,7.99609
12773,-8
12774,0.00390625
12775,0
12776,0.00390625
12777,0
12778,-0.00390625
12779,0
12780,3.38281
12781,3.39453
12782,3.40234
12783,3.41016
12784,3.42188
12785,0
12786,0
12787,0
12788,7.99609
12789,-8
12790,0.00390625
12791,0
12792,0.00390625
12793,0
12794,-0.00390625
12795,0
12796,3.52734
12797,3.53906
12798,3.54688
12799,3.55469
12800,3.56641
12801,0
12802,0
12803,0
12804,7.99609
12805,-8
12806,0.00390625
12807,0
12808,0.00390625
12809,0
12810,-0.00390625
12811,0
12812,3.67188
12813,3.68359
12814,3.69141
12815,3.69922
12816,3.71094
12817,0
12818,0
12819,0
12820,7.99609
12821,-8
12822,0.00390625
12823,0
12824,0.00390625
12825,0
12826,-0.00390625
12827,0
12828,3.81641
12829,3.82813
12830,3.83594
12831,3.84375
12832,3.85547
12833,0
12834,0
12835,0
12836,7.99609
12837,-8
12838,0.00390625
12839,0
12840,0.00390625
12841,0
12842,-0.00390625
12843,0
12844,3.96094
12845,3.97266
12846,3.98047
12847,3.98828
12848,4
12849,0
12850,0
12851,0
12852,7.99609
12853,-8
12854,0.00390625
12855,0
12856,0.00390625
12857,0
12858,-0.00390625
12859,0
12860,4.10547
12861,4.11719
12862,4.125
12863,4.13281
12864,4.14453
12865,0
12866,0
12867,0
12868,7.99609
12869,-8
12870,0.00390625
12871,0
12872,0.00390625
12873,0
12874,-0.00390625
12875,0
12876,4.25
12877,4.26172
12878,4.26953
12879,4.27734
12880,4.28906
12881,0
12882,0
12883,0
12884,7.99609
12885,-8
12886,0.00390625
12887,0
12888,0.00390625
12889,0
12890,-0.00390625
12891,0
12892,4.39453
12893,4.40625
12894,4.41406
12895,4.42188
12896,4.43359
12897,0
12898,0
12899,0
12900,7.99609
12901,-8
12902,0.00390625
12903,0
12904,0.00390625
12905,0
12906,-0.00390625
12907,0
12908,4.53906
12909,4.55078
12910,4.55859
12911,4.56641
12912,4.57813
12913,0
12914,0
12915,0
12916,7.99609
12917,-8
12918,0.00390625
12919,0
12920,0.00390625
12921,0
12922,-0.00390625
12923,0
12924,4.68359
12925,4.69531
12926,4.70313
12927,4.71094
12928,4.72266
12929,0
12930,0
12931,0
12932,7.99609
12933,-8
12934,0.00390625
12935,0
12936,0.00390625
12937,0
12938,-0.00390625
12939,0
12940,4.82813
12941,4.83984
12942,4.84766
12943,4.85547
12944,4.86719
12945,0
12946,0
12947,0
12948,7.99609
12949,-8
12950,0.00390625
12951,0
12952,0.00390625
12953,0
12954,-0.00390625
12955,0
12956,4.97266
12957,4.98438
12958,4.99219
12959,5
12960,5.01172
12961,0
12962,0
12963,0
12964,7.99609
12965,-8
12966,0.00390625
12967,0
12968,0.00390625
12969,0
12970,-0.00390625
12971,0
12972,5.11719
12973,5.12891
12974,5.13672
12975,5.14453
12976,5.15625
12977,0
12978,0
12979,0
12980,7.99609
12981,-8
12982,0.00390625
12983,0
12984,0.00390625
12985,0
12986,-0.00390625
12987,0
12988,5.26172
12989,5.27344
12990,5.28125
12991,5.28906
12992,5.30078
12993,0
12994,0
12995,0
12996,7.99609
12997,-8
12998,0.00390625
12999,0
13000,0.00390625
13001,0
13002,-0.00390625
13003,0
13004,5.40625
13005,5.41797
13006,5.42578
13007,5.43359
13008,5.44531
13009,0
13010,0
13011,0
13012,7.99609
13013,-8
13014,0.00390625
13015,0
13016,0.00390625
13017,0
13018,-0.00390625
13019,0
13020,5.55078
13021,5.5625
13022,5.57031
13023,5.57813
13024,5.58984
13025,0
13026,0
13027,0
13028,7.99609
13029,-8
13030,0.00390625
13031,0
13032,0.00390625
13033,0
13034,-0.00390625
13035,0
13036,5.69531
13037,5.70703
13038,5.71484
13039,5.72266
13040,5.73438
13041,0
13042,0
13043,0
13044,7.99609
13045,-8
13046,0.00390625
13047,0
13048,0.00390625
13049,0
13050,-0.00390625
13051,0
13052,5.83984
13053,5.85156
13054,5.85938
13055,5.86719
13056,5.87891
13057,0
13058,0
13059,0
13060,7.99609
13061,-8
13062,0.00390625
13063,0
13064,0.00390625
13065,0
13066,-0.00390625
13067,0
13068,5.98438
13069,5.99609
13070,6.00391
13071,6.01172
13072,6.02344
13073,0
13074,0
13075,0
13076,7.99609
13077,-8
13078,0.00390625
13079,0
13080,0.00390625
13081,0
13082,-0.00390625
13083,0
13084,6.12891
13085,6.14063
13086,6.14844
13087,6.15625
13088,6.16797
13089,0
13090,0
13091,0
13092,7.99609
13093,-8
13094,0.00390625
13095,0
13096,0.00390625
13097,0
13098,-0.00390625
13099,0
13100,6.27344
13101,6.28516
13102,6.29297
13103,6.30078
13104,6.3125
13105,0
13106,0
13107,0
13108,7.99609
13109,-8
13110,0.00390625
13111,0
13112,0.00390625
13113,0
13114,-0.00390625
13115,0
13116,6.41797
13117,6.42969
13118,6.4375
13119,6.44531
13120,6.45703
13121,0
13122,0
13123,0
13124,7.99609
13125,-8
13126,0.00390625
13127,0
13128,0.00390625
13129,0
13130,-0.00390625
13131,0
13132,6.5625
13133,6.57422
13134,6.58203
13135,6.58984
13136,6.60156
13137,0
13138,0
13139,0
13140,7.99609
13141,-8
13142,0.00390625
13143,0
13144,0.00390625
13145,0
13146,-0.00390625
13147,0
13148,6.70703
13149,6.71875
13150,6.72656
13151,6.73438
13152,6.74609
13153,0
13154,0
13155,0
13156,7.99609
13157,-8
13158,0.00390625
13159,0
13160,0.00390625
13161,0
13162,-0.00390625
13163,0
13164,6.85156
13165,6.86328
13166,6.87109
13167,6.87891
13168,6.89063
13169,0
13170,0
13171,0
13172,7.99609
13173,-8
13174,0.00390625
13175,0
13176,0.00390625
13177,0
13178,-0.00390625
13179,0
13180,6.99609
13181,7.00781
13182,7.01563
13183,7.02344
13184,7.03516
13185,0
13186,0
13187,0
13188,7.99609
13189,-8
13190,0.00390625
13191,0
13192,0.00390625
13193,0
13194,-0.00390625
13195,0
13196,7.14063
13197,7.15234
13198,7.16016
13199,7.16797
13200,7.17969
13201,0
13202,0
13203,0
13204,7.99609
13205,-8
13206,0.00390625
13207,0
13208,0.00390625
13209,0
13210,-0.00390625
13211,0
13212,7.28516
13213,7.29688
13214,7.30469
13215,7.3125
13216,7.32422
13217,0
13218,0
13219,0
13220,7.99609
13221,-8
13222,0.00390625
13223,0
13224,0.00390625
13225,0
13226,-0.00390625
13227,0
13228,7.42969
13229,7.44141
13230,7.44922
13231,7.45703
13232,7.46875
13233,0
13234,0
13235,0
13236,7.99609
13237,-8
13238,0.00390625
13239,0
13240,0.00390625
13241,0
13242,-0.00390625
13243,0
13244,7.57422
13245,7.58594
13246,7.59375
13247,7.60156
13248,7.61328
13249,0
13250,0
13251,0
13252,7.99609
13253,-8
13254,0.00390625
13255,0
13256,0.00390625
13257,0
13258,-0.00390625
13259,0
13260,7.71875
13261,7.73047
13262,7.73828
13263,7.74609
13264,7.75781
13265,0
13266,0
13267,0
13268,7.99609
13269,-8
13270,0.00390625
13271,0
13272,0.00390625
13273,0
13274,-0.00390625
13275,0
13276,7.86328
13277,7.875
13278,7.88281
13279,7.89063
13280,7.90234
13281,0
13282,0
13283,0
13284,7.99609
13285,-8
13286,0.00390625
13287,0
13288,0.00390625
13289,0
13290,-0.00390625
13291,0
13292,-7.99219
13293,-7.98047
13294,-7.97266
13295,-7.96484
13296,-7.95313
13297,0
13298,0
13299,0
13300,7.99609
13301,-8
13302,0.00390625
13303,0
13304,0.00390625
13305,0
13306,-0.00390625
13307,0
13308,-7.84766
13309,-7.83594
13310,-7.82813
13311,-7.82031
13312,-7.80859
13313,0
13314,0
13315,0
13316,7.99609
13317,-8
13318,0.00390625
13319,0
13320,0.00390625
13321,0
13322,-0.00390625
13323,0
13324,-7.70313
13325,-7.69141
13326,-7.68359
13327,-7.67578
13328,-7.66406
13329,0
13330,0
13331,0
13332,7.99609
13333,-8
13334,0.00390625
13335,0
13336,0.00390625
13337,0
13338,-0.00390625
13339,0
13340,-7.55859
13341,-7.54688
13342,-7.53906
13343,-7.53125
13344,-7.51953
13345,0
13346,0
13347,0
13348,7.99609
13349,-8
13350,0.00390625
13351,0
13352,0.00390625
13353,0
13354,-0.00390625
13355,0
13356,-7.41406
13357,-7.40234
13358,-7.39453
13359,-7.38672
13360,-7.375
13361,0
13362,0
13363,0
13364,7.99609
13365,-8
13366,0.00390625
13367,0
13368,0.00390625
13369,0
13370,-0.00390625
13371,0
13372,-7.26953
13373,-7.25781
13374,-7.25
13375,-7.24219
13376,-7.23047
13377,0
13378,0
13379,0
13380,7.99609
13381,-8
13382,0.00390625
13383,0
13384,0.00390625
13385,0
13386,-0.00390625
13387,0
13388,-7.125
13389,-7.11328
13390,-7.10547
13391,-7.09766
13392,-7.08594
13393,0
13394,0
13395,0
13396,7.99609
13397,-8
13398,0.00390625
13399,0
13400,0.00390625
13401,0
13402,-0.00390625
13403,0
13404,-6.98047
13405,-6.96875
13406,-6.96094
13407,-6.95313
13408,-6.94141
13409,0
13410,0
13411,0
13412,7.99609
13413,-8
13414,0.00390625
13415,0
13416,0.00390625
13417,0
13418,-0.00390625
13419,0
13420,-6.83594
13421,-6.82422
13422,-6.81641
13423,-6.80859
13424,-6.79688
13425,0
13426,0
13427,0
13428,7.99609
13429,-8
13430,0.00390625
13431,0
13432,0.00390625
13433,0
13434,-0.00390625
13435,0
13436,-6.69141
13437,-6.67969
13438,-6.67188
13439,-6.66406
13440,-6.65234
13441,0
13442,0
13443,0
13444,7.99609
13445,-8
13446,0.00390625
13447,0
13448,0.00390625
13449,0
13450,-0.00390625
13451,0
13452,-6.54688
13453,-6.53516
13454,-6.52734
13455,-6.51953
13456,-6.50781
13457,0
13458,0
13459,0
13460,7.99609
13461,-8
13462,0.00390625
13463,0
13464,0.00390625
13465,0
13466,-0.00390625
13467,0
13468,-6.40234
13469,-6.39063
13470,-6.38281
13471,-6.375
13472,-6.36328
13473,0
13474,0
13475,0
13476,7.99609
13477,-8
13478,0.00390625
13479,0
13480,0.00390625
13481,0
13482,-0.00390625
13483,0
13484,-6.25781
13485,-6.24609
13486,-6.23828
13487,-6.23047
13488,-6.21875
13489,0
13490,0
13491,0
13492,7.99609
13493,-8
13494,0.00390625
13495,0
13496,0.00390625
13497,0
13498,-0.00390625
13499,0
13500,-6.11328
13501,-6.10156
13502,-6.09375
13503,-6.08594
13504,-6.07422
13505,0
13506,0
13507,0
13508,7.99609
13509,-8
13510,0.00390625
13511,0
13512,0.00390625
13513,0
13514,-0.00390625
13515,0
13516,-5.96875
13517,-5.95703
13518,-5.94922
13519,-5.94141
13520,-5.92969
13521,0
13522,0
13523,0
13524,7.99609
13525,-8
13526,0.00390625
13527,0
13528,0.00390625
13529,0
13530,-0.00390625
13531,0
13532,-5.82422
13533,-5.8125
13534,-5.80469
13535,-5.79688
13536,-5.78516
13537,0
13538,0
13539,0
13540,7.99609
13541,-8
13542,0.00390625
13543,0
13544,0.00390625
13545,0
13546,-0.00390625
13547,0
13548,-5.67969
13549,-5.66797
13550,-5.66016
13551,-5.65234
13552,-5.64063
13553,0
13554,0
13555,0
13556,7.99609
13557,-8
13558,0.00390625
13559,0
13560,0.00390625
13561,0
13562,-0.00390625
13563,0
13564,-5.53516
13565,-5.52344
13566,-5.51563
13567,-5.50781
13568,-5.49609
13569,0
13570,0
13571,0
13572,7.99609
13573,-8
13574,0.00390625
13575,0
13576,0.00390625
13577,0
13578,-0.00390625
13579,0
13580,-5.39063
13581,-5.37891
13582,-5.37109
13583,-5.36328
13584,-5.35156
13585,0
13586,0
13587,0
13588,7.99609
13589,-8
13590,0.00390625
13591,0
13592,0.00390625
13593,0
13594,-0.00390625
13595,0
13596,-5.24609
13597,-5.23438
13598,-5.22656
13599,-5.21875
13600,-5.20703
13601,0
13602,0
13603,0
13604,7.99609
13605,-8
13606,0.00390625
13607,0
13608,0.00390625
13609,0
13610,-0.00390625
13611,0
13612,-5.10156
13613,-5.08984
13614,-5.08203
13615,-5.07422
13616,-5.0625
13617,0
13618,0
13619,0
13620,7.99609
13621,-8
13622,0.00390625
13623,0
13624,0.00390625
13625,0
13626,-0.00390625
13627,0
13628,-4.95703
13629,-4.94531
13630,-4.9375
13631,-4.92969
13632,-4.91797
13633,0
13634,0
13635,0
13636,7.99609
13637,-8
13638,0.00390625
13639,0
13640,0.00390625
13641,0
13642,-0.00390625
13643,0
13644,-4.8125
13645,-4.80078
13646,-4.79297
13647,-4.78516
13648,-4.77344
13649,0
13650,0
13651,0
13652,7.99609
13653,-8
13654,0.00390625
13655,0
13656,0.00390625
13657,0
13658,-0.00390625
13659,0
13660,-4.66797
13661,-4.65625
13662,-4.64844
13663,-4.64063
13664,-4.62891
13665,0
13666,0
13667,0
13668,7.99609
13669,-8
13670,0.00390625
13671,0
13672,0.00390625
13673,0
13674,-0.00390625
13675,0
13676,-4.52344
13677,-4.51172
13678,-4.50391
13679,-4.49609
13680,-4.48438
13681,0
13682,0
13683,0
13684,7.99609
13685,-8
13686,0.00390625
13687,0
13688,0.00390625
13689,0
13690,-0.00390625
13691,0
13692,-4.37891
13693,-4.36719
13694,-4.35938
13695,-4.35156
13696,-4.33984
13697,0
13698,0
13699,0
13700,7.99609
13701,-8
13702,0.00390625
13703,0
13704,0.00390625
13705,0
13706,-0.00390625
13707,0
13708,-4.23438
13709,-4.22266
13710,-4.21484
13711,-4.20703
13712,-4.19531
13713,0
13714,0
13715,0
13716,7.99609
13717,-8
13718,0.00390625
13719,0
13720,0.00390625
13721,0
13722,-0.00390625
13723,0
13724,-4.08984
13725,-4.07813
13726,-4.07031
13727,-4.0625
13728,-4.05078
13729,0
13730,0
13731,0
13732,7.99609
13733,-8
13734,0.00390625
13735,0
13736,0.00390625
13737,0
13738,-0.00390625
13739,0
13740,-3.94531
13741,-3.93359
13742,-3.92578
13743,-3.91797
13744,-3.90625
13745,0
13746,0
13747,0
13748,7.99609
13749,-8
13750,0.00390625
13751,0
13752,0.00390625
13753,0
13754,-0.00390625
13755,0
13756,-3.80078
13757,-3.78906
13758,-3.78125
13759,-3.77344
13760,-3.76172
13761,0
13762,0
13763,0
13764,7.99609
13765,-8
13766,0.00390625
13767,0
13768,0.00390625
13769,0
13770,-0.00390625
13771,0
13772,-3.65625
13773,-3.64453
13774,-3.63672
13775,-3.62891
13776,-3.61719
13777,0
13778,0
13779,0
13780,7.99609
13781,-8
13782,0.00390625
13783,0
13784,0.00390625
13785,0
13786,-0.00390625
13787,0
13788,-3.51172
13789,-3.5
13790,-3.49219
13791,-3.48438
13792,-3.47266
13793,0
13794,0
13795,0
13796,7.99609
13797,-8
13798,0.00390625
13799,0
13800,0.00390625
13801,0
13802,-0.00390625
13803,0
13804,-3.36719
13805,-3.35547
13806,-3.34766
13807,-3.33984
13808,-3.32813
13809,0
13810,0
13811,0
13812,7.99609
13813,-8
13814,0.00390625
13815,0
13816,0.00390625
13817,0
13818,-0.00390625
13819,0
13820,-3.22266
13821,-3.21094
13822,-3.20313
13823,-3.19531
13824,-3.18359
13825,0
13826,0
13827,0
13828,7.99609
13829,-8
13830,0.00390625
13831,0
13832,0.00390625
13833,0
13834,-0.00390625
13835,0
13836,-3.07813
13837,-3.06641
13838,-3.05859
13839,-3.05078
13840,-3.03906
13841,0
13842,0
13843,0
13844,7.99609
13845,-8
13846,0.00390625
13847,0
13848,0.00390625
13849,0
13850,-0.00390625
13851,0
13852,-2.93359
13853,-2.92188
13854,-2.91406
13855,-2.90625
13856,-2.89453
13857,0
13858,0
13859,0
13860,7.99609
13861,-8
13862,0.00390625
13863,0
13864,0.00390625
13865,0
13866,-0.00390625
13867,0
13868,-2.78906
13869,-2.77734
13870,-2.76953
13871,-2.76172
13872,-2.75
13873,0
13874,0
13875,0
13876,7.99609
13877,-8
13878,0.00390625
13879,0
13880,0.00390625
13881,0
13882,-0.00390625
13883,0
13884,-2.64453
13885,-2.63281
13886,-2.625
13887,-2.61719
13888,-2.60547
13889,0
13890,0
13891,0
13892,7.99609
13893,-8
13894,0.00390625
13895,0
13896,0.00390625
13897,0
13898,-0.00390625
13899,0
13900,-2.5
13901,-2.48828
13902,-2.48047
13903,-2.47266
13904,-2.46094
13905,0
13906,0
13907,0
13908,7.99609
13909,-8
13910,0.00390625
13911,0
13912,0.00390625
13913,0
13914,-0.00390625
13915,0
13916,-2.35547
13917,-2.34375
13918,-2.33594
13919,-2.32813
13920,-2.31641
13921,0
13922,0
13923,0
13924,7.99609
13925,-8
13926,0.00390625
13927,0
13928,0.00390625
13929,0
13930,-0.00390625
13931,0
13932,-2.21094
13933,-2.19922
13934,-2.19141
13935,-2.18359
13936,-2.17188
13937,0
13938,0
13939,0
13940,7.99609
13941,-8
13942,0.00390625
13943,0
13944,0.00390625
13945,0
13946,-0.00390625
13947,0
13948,-2.06641
13949,-2.05469
13950,-2.04688
13951,-2.03906
13952,-2.02734
13953,0
13954,0
13955,0
13956,7.99609
13957,-8
13958,0.00390625
13959,0
13960,0.00390625
13961,0
13962,-0.00390625
13963,0
13964,-1.92188
13965,-1.91016
13966,-1.90234
13967,-1.89453
13968,-1.88281
13969,0
13970,0
13971,0
13972,7.99609
13973,-8
13974,0.00390625
13975,0
13976,0.00390625
13977,0
13978,-0.00390625
13979,0
13980,-1.77734
13981,-1.76563
13982,-1.75781
13983,-1.75
13984,-1.73828
13985,0
13986,0
13987,0
13988,7.99609
13989,-8
13990,0.00390625
13991,0
13992,0.00390625
13993,0
13994,-0.00390625
13995,0
13996,-1.63281
13997,-1.62109
13998,-1.61328
13999,-1.60547
14000,-1.59375
14001,0
14002,0
14003,0
14004,7.99609
14005,-8
14006,0.00390625
14007,0
14008,0.00390625
14009,0
14010,-0.00390625
14011,0
14012,-1.48828
14013,-1.47656
14014,-1.46875
14015,-1.46094
14016,-1.44922
14017,0
14018,0
14019,0
14020,7.99609
14021,-8
14022,0.00390625
14023,0
14024,0.00390625
14025,0
14026,-0.00390625
14027,0
14028,-1.34375
14029,-1.33203
14030,-1.32422
14031,-1.31641
14032,-1.30469
14033,0
14034,0
14035,0
14036,7.99609
14037,-8
14038,0.00390625
14039,0
14040,0.00390625
14041,0
14042,-0.00390625
14043,0
14044,-1.19922
14045,-1.1875
14046,-1.17969
14047,-1.17188
14048,-1.16016
14049,0
14050,0
14051,0
14052,7.99609
14053,-8
14054,0.00390625
14055,0
14056,0.00390625
14057,0
14058,-0.00390625
14059,0
14060,-1.05469
14061,-1.04297
14062,-1.03516
14063,-1.02734
14064,-1.01563
14065,0
14066,0
14067,0
14068,7.99609
14069,-8
14070,0.00390625
14071,0
14072,0.00390625
14073,0
14074,-0.00390625
14075,0
14076,-0.910156
14077,-0.898438
14078,-0.890625
14079,-0.882813
14080,-0.871094
14081,0
14082,0
14083,0
14084,7.99609
14085,-8
14086,0.00390625
14087,0
14088,0.00390625
14089,0
14090,-0.00390625
14091,0
14092,-0.765625
14093,-0.753906
14094,-0.746094
14095,-0.738281
14096,-0.726563
14097,0
14098,0
14099,0
14100,7.99609
14101,-8
14102,0.00390625
14103,0
14104,0.00390625
14105,0
14106,-0.00390625
14107,0
14108,-0.621094
14109,-0.609375
14110,-0.601563
14111,-0.59375
14112,-0.582031
14113,0
14114,0
14115,0
14116,7.99609
14117,-8
14118,0.00390625
14119,0
14120,0.00390625
14121,0
14122,-0.00390625
14123,0
14124,-0.476563
14125,-0.464844
14126,-0.457031
14127,-0.449219
14128,-0.4375
14129,0
14130,0
14131,0
14132,7.99609
14133,-8
14134,0.00390625
14135,0
14136,0.00390625
14137,0
14138,-0.00390625
14139,0
14140,-0.332031
14141,-0.320313
14142,-0.3125
14143,-0.304688
14144,-0.292969
14145,0
14146,0
14147,0
14148,7.99609
14149,-8
14150,0.00390625
14151,0
14152,0.00390625
14153,0
14154,-0.00390625
14155,0
14156,-0.1875
14157,-0.175781
14158,-0.167969
14159,-0.160156
14160,-0.148438
14161,0
14162,0
14163,0
14164,7.99609
14165,-8
14166,0.00390625
14167,0
14168,0.00390625
14169,0
14170,-0.00390625
14171,0
14172,-0.0429688
14173,-0.03125
14174,-0.0234375
14175,-0.015625
14176,-0.00390625
14177,0
14178,0
14179,0
14180,7.99609
14181,-8
14182,0.00390625
14183,0
14184,0.00390625
14185,0
14186,-0.00390625
14187,0
14188,0.101563
14189,0.113281
14190,0.121094
14191,0.128906
14192,0.140625
14193,0
14194,0
14195,0
14196,7.99609
14197,-8
14198,0.00390625
14199,0
14200,0.00390625
14201,0
14202,-0.00390625
14203,0
14204,0.246094
14205,0.257813
14206,0.265625
14207,0.273438
14208,0.285156
14209,0
14210,0
14211,0
14212,7.99609
14213,-8
14214,0.00390625
14215,0
14216,0.00390625
14217,0
14218,-0.00390625
14219,0
14220,0.390625
14221,0.402344
14222,0.410156
14223,0.417969
14224,0.429688
14225,0
14226,0
14227,0
14228,7.99609
14229,-8
14230,0.00390625
14231,0
14232,0.00390625
14233,0
14234,-0.00390625
14235,0
14236,0.535156
14237,0.546875
14238,0.554688
14239,0.5625
14240,0.574219
14241,0
14242,0
14243,0
14244,7.99609
14245,-8
14246,0.00390625
14247,0
14248,0.00390625
14249,0
14250,-0.00390625
14251,0
14252,0.679688
14253,0.691406
14254,0.699219
14255,0.707031
14256,0.71875
14257,0
14258,0
14259,0
14260,7.99609
14261,-8
14262,0.00390625
14263,0
14264,0.00390625
14265,0
14266,-0.00390625
14267,0
14268,0.824219
14269,0.835938
14270,0.84375
14271,0.851563
14272,0.863281
14273,0
14274,0
14275,0
14276,7.99609
14277,-8
14278,0.00390625
14279,0
14280,0.00390625
14281,0
14282,-0.00390625
14283,0
14284,0.96875
14285,0.980469
14286,0.988281
14287,0.996094
14288,1.00781
14289,0
14290,0
14291,0
14292,7.99609
14293,-8
14294,0.00390625
14295,0
14296,0.00390625
14297,0
14298,-0.00390625
14299,0
14300,1.11328
14301,1.125
14302,1.13281
14303,1.14063
14304,1.15234
14305,0
14306,0
14307,0
14308,7.99609
14309,-8
14310,0.00390625
14311,0
14312,0.00390625
14313,0
14314,-0.00390625
14315,0
14316,1.25781
14317,1.26953
14318,1.27734
14319,1.28516
14320,1.29688
14321,0
14322,0
14323,0
14324,7.99609
14325,-8
14326,0.00390625
14327,0
14328,0.00390625
14329,0
14330,-0.00390625
14331,0
14332,1.40234
14333,1.41406
14334,1.42188
14335,1.42969
14336,1.44141
14337,0
14338,0
14339,0
14340,7.99609
14341,-8
14342,0.00390625
14343,0
14344,0.00390625
14345,0
14346,-0.00390625
14347,0
14348,1.54688
14349,1.55859
14350,1.56641
14351,1.57422
14352,1.58594
14353,0
14354,0
14355,0
14356,7.99609
14357,-8
14358,0.00390625
14359,0
14360,0.00390625
14361,0
14362,-0.00390625
14363,0
14364,1.69141
14365,1.70313
14366,1.71094
14367,1.71875
14368,1.73047
14369,0
14370,0
14371,0
14372,7.99609
14373,-8
14374,0.00390625
14375,0
14376,0.00390625
14377,0
14378,-0.00390625
14379,0
14380,1.83594
14381,1.84766
14382,1.85547
14383,1.86328
14384,1.875
14385,0
14386,0
14387,0
14388,7.99609
14389,-8
14390,0.00390625
14391,0
14392,0.00390625
14393,0
14394,-0.00390625
14395,0
14396,1.98047
14397,1.99219
14398,2
14399,2.00781
14400,2.01953
14401,0
14402,0
14403,0
14404,7.99609
14405,-8
14406,0.00390625
14407,0
14408,0.00390625
14409,0
14410,-0.00390625
14411,0
14412,2.125
14413,2.13672
14414,2.14453
14415,2.15234
14416,2.16406
14417,0
14418,0
14419,0
14420,7.99609
14421,-8
14422,0.00390625
14423,0
14424,0.00390625
14425,0
14426,-0.00390625
14427,0
14428,2.26953
14429,2.28125
14430,2.28906
14431,2.29688
14432,2.30859
14433,0
14434,0
14435,0
14436,7.99609
14437,-8
14438,0.00390625
14439,0
14440,0.00390625
14441,0
14442,-0.00390625
14443,0
14444,2.41406
14445,2.42578
14446,2.43359
14447,2.44141
14448,2.45313
14449,0
14450,0
14451,0
14452,7.99609
14453,-8
14454,0.00390625
14455,0
14456,0.00390625
14457,0
14458,-0.00390625
14459,0
14460,2.55859
14461,2.57031
14462,2.57813
14463,2.58594
14464,2.59766
14465,0
14466,0
14467,0
14468,7.99609
14469,-8
14470,0.00390625
14471,0
14472,0.00390625
14473,0
14474,-0.00390625
14475,0
14476,2.70313
14477,2.71484
14478,2.72266
14479,2.73047
14480,2.74219
14481,0
14482,0
14483,0
14484,7.99609
14485,-8
14486,0.00390625
14487,0
14488,0.00390625
14489,0
14490,-0.00390625
14491,0
14492,2.84766
14493,2.85938
14494,2.86719
14495,2.875
14496,2.88672
14497,0
14498,0
14499,0
14500,7.99609
14501,-8
14502,0.00390625
14503,0
14504,0.00390625
14505,0
14506,-0.00390625
14507,0
14508,2.99219
14509,3.00391
14510,3.01172
14511,3.01953
14512,3.03125
14513,0
14514,0
14515,0
14516,7.99609
14517,-8
14518,0.00390625
14519,0
14520,0.00390625
14521,0
14522,-0.00390625
14523,0
14524,3.13672
14525,3.14844
14526,3.15625
14527,3.16406
14528,3.17578
14529,0
14530,0
14531,0
14532,7.99609
14533,-8
14534,0.00390625
14535,0
14536,0.00390625
14537,0
14538,-0.00390625
14539,0
14540,3.28125
14541,3.29297
14542,3.30078
14543,3.30859
14544,3.32031
14545,0
14546,0
14547,0
14548,7.99609
14549,-8
14550,0.00390625
14551,0
14552,0.00390625
14553,0
14554,-0.00390625
14555,0
14556,3.42578
14557,3.4375
14558,3.44531
14559,3.45313
14560,3.46484
14561,0
14562,0
14563,0
14564,7.99609
14565,-8
14566,0.00390625
14567,0
14568,0.00390625
14569,0
14570,-0.00390625
14571,0
14572,3.57031
14573,3.58203
14574,3.58984
14575,3.59766
14576,3.60938
14577,0
14578,0
14579,0
14580,7.99609
14581,-8
14582,0.00390625
14583,0
14584,0.00390625
14585,0
14586,-0.00390625
14587,0
14588,3.71484
14589,3.72656
14590,3.73438
14591,3.74219
14592,3.75391
14593,0
14594,0
14595,0
14596,7.99609
14597,-8
14598,0.00390625
14599,0
14600,0.00390625
14601,0
14602,-0.00390625
14603,0
14604,3.85938
14605,3.87109
14606,3.87891
14607,3.88672
14608,3.89844
14609,0
14610,0
14611,0
14612,7.99609
14613,-8
14614,0.00390625
14615,0
14616,0.00390625
14617,0
14618,-0.00390625
14619,0
14620,4.00391
14621,4.01563
14622,4.02344
14623,4.03125
14624,4.04297
14625,0
14626,0
14627,0
14628,7.99609
14629,-8
14630,0.00390625
14631,0
14632,0.00390625
14633,0
14634,-0.00390625
14635,0
14636,4.14844
14637,4.16016
14638,4.16797
14639,4.17578
14640,4.1875
14641,0
14642,0
14643,0
14644,7.99609
14645,-8
14646,0.00390625
14647,0
14648,0.00390625
14649,0
14650,-0.00390625
14651,0
14652,4.29297
14653,4.30469
14654,4.3125
14655,4.32031
14656,4.33203
14657,0
14658,0
14659,0
14660,7.99609
14661,-8
14662,0.00390625
14663,0
14664,0.00390625
14665,0
14666,-0.00390625
14667,0
14668,4.4375
14669,4.44922
14670,4.45703
14671,4.46484
14672,4.47656
14673,0
14674,0
14675,0
14676,7.99609
14677,-8
14678,0.00390625
14679,0
14680,0.00390625
14681,0
14682,-0.00390625
14683,0
14684,4.58203
14685,4.59375
14686,4.60156
14687,4.60938
14688,4.62109
14689,0
14690,0
14691,0
14692,7.99609
14693,-8
14694,0.00390625
14695,0
14696,0.00390625
14697,0
14698,-0.00390625
14699,0
14700,4.72656
14701,4.73828
14702,4.74609
14703,4.75391
14704,4.76563
14705,0
14706,0
14707,0
14708,7.99609
14709,-8
14710,0.00390625
14711,0
14712,0.00390625
14713,0
14714,-0.00390625
14715,0
14716,4.87109
14717,4.88281
14718,4.89063
14719,4.89844
14720,4.91016
14721,0
14722,0
14723,0
14724,7.99609
14725,-8
14726,0.00390625
14727,0
14728,0.00390625
14729,0
14730,-0.00390625
14731,0
14732,5.01563
14733,5.02734
14734,5.03516
14735,5.04297
14736,5.05469
14737,0
14738,0
14739,0
14740,7.99609
14741,-8
14742,0.00390625
14743,0
14744,0.00390625
14745,0
14746,-0.00390625
14747,0
14748,5.16016
14749,5.17188
14750,5.17969
14751,5.1875
14752,5.19922
14753,0
14754,0
14755,0
14756,7.99609
14757,-8
14758,0.00390625
14759,0
14760,0.00390625
14761,0
14762,-0.00390625
14763,0
14764,5.30469
14765,5.31641
14766,5.32422
14767,5.33203
14768,5.34375
14769,0
14770,0
14771,0
14772,7.99609
14773,-8
14774,0.00390625
14775,0
14776,0.00390625
14777,0
14778,-0.00390625
14779,0
14780,5.44922
14781,5.46094
14782,5.46875
14783,5.47656
14784,5.48828
14785,0
14786,0
14787,0
14788,7.99609
14789,-8
14790,0.00390625
14791,0
14792,0.00390625
14793,0
14794,-0.00390625
14795,0
14796,5.59375
14797,5.60547
14798,5.61328
14799,5.62109
14800,5.63281
14801,0
14802,0
14803,0
14804,7.99609
14805,-8
14806,0.00390625
14807,0
14808,0.00390625
14809,0
14810,-0.00390625
14811,0
14812,5.73828
14813,5.75
14814,5.75781
14815,5.76563
14816,5.77734
14817,0
14818,0
14819,0
14820,7.99609
14821,-8
14822,0.00390625
14823,0
14824,0.00390625
14825,0
14826,-0.00390625
14827,0
14828,5.88281
14829,5.89453
14830,5.90234
14831,5.91016
14832,5.92188
14833,0
14834,0
14835,0
14836,7.99609
14837,-8
14838,0.00390625
14839,0
14840,0.00390625
14841,0
14842,-0.00390625
14843,0
14844,6.02734
14845,6.03906
14846,6.04688
14847,6.05469
14848,6.06641
14849,0
14850,0
14851,0
14852,7.99609
14853,-8
14854,0.00390625
14855,0
14856,0.00390625
14857,0
14858,-0.00390625
14859,0
14860,6.17188
14861,6.18359
14862,6.19141
14863,6.19922
14864,6.21094
14865,0
14866,0
14867,0
14868,7.99609
14869,-8
14870,0.00390625
14871,0
14872,0.00390625
14873,0
14874,-0.00390625
14875,0
14876,6.31641
14877,6.32813
14878,6.33594
14879,6.34375
14880,6.35547
14881,0
14882,0
14883,0
14884,7.99609
14885,-8
14886,0.00390625
14887,0
14888,0.00390625
14889,0
14890,-0.00390625
14891,0
14892,6.46094
14893,6.47266
14894,6.48047
14895,6.48828
14896,6.5
14897,0
14898,0
14899,0
14900,7.99609
14901,-8
14902,0.00390625
14903,0
14904,0.00390625
14905,0
14906,-0.00390625
14907,0
14908,6.60547
14909,6.61719
14910,6.625
14911,6.63281
14912,6.64453
14913,0
14914,0
14915,0
14916,7.99609
14917,-8
14918,0.00390625
14919,0
14920,0.00390625
14921,0
14922,-0.00390625
14923,0
14924,6.75
14925,6.76172
14926,6.76953
14927,6.77734
14928,6.78906
14929,0
14930,0
14931,0
14932,7.99609
14933,-8
14934,0.00390625
14935,0
14936,0.00390625
14937,0
14938,-0.00390625
14939,0
14940,6.89453
14941,6.90625
14942,6.91406
14943,6.92188
14944,6.93359
14945,0
14946,0
14947,0
14948,7.99609
14949,-8
14950,0.00390625
14951,0
14952,0.00390625
14953,0
14954,-0.00390625
14955,0
14956,7.03906
14957,7.05078
14958,7.05859
14959,7.06641
14960,7.07813
14961,0
14962,0
14963,0
14964,7.99609
14965,-8
14966,0.00390625
14967,0
14968,0.00390625
14969,0
14970,-0.00390625
14971,0
14972,7.18359
14973,7.19531
14974,7.20313
14975,7.21094
14976,7.22266
14977,0
14978,0
14979,0
14980,7.99609
14981,-8
14982,0.00390625
14983,0
14984,0.00390625
14985,0
14986,-0.00390625
14987,0
14988,7.32813
14989,7.33984
14990,7.34766
14991,7.35547
14992,7.36719
14993,0
14994,0
14995,0
14996,7.99609
14997,-8
14998,0.00390625
14999,0
15000,0.00390625
15001,0
15002,-0.00390625
15003,0
15004,7.47266
15005,7.48438
15006,7.49219
15007,7.5
15008,7.51172
15009,0
15010,0
15011,0
15012,7.99609
15013,-8
15014,0.00390625
15015,0
15016,0.00390625
15017,0
15018,-0.00390625
15019,0
15020,7.61719
15021,7.62891
15022,7.63672
15023,7.64453
15024,7.65625
15025,0
15026,0
15027,0
15028,7.99609
15029,-8
15030,0.00390625
15031,0
15032,0.00390625
15033,0
15034,-0.00390625
15035,0
15036,7.76172
15037,7.77344
15038,7.78125
15039,7.78906
15040,7.80078
15041,0
15042,0
15043,0
15044,7.99609
15045,-8
15046,0.00390625
15047,0
15048,0.00390625
15049,0
15050,-0.00390625
15051,0
15052,7.90625
15053,7.91797
15054,7.92578
15055,7.93359
15056,7.94531
15057,0
15058,0
15059,0
15060,7.99609
15061,-8
15062,0.00390625
15063,0
15064,0.00390625
15065,0
15066,-0.00390625
15067,0
15068,-7.94922
15069,-7.9375
15070,-7.92969
15071,-7.92188
15072,-7.91016
15073,0
15074,0
15075,0
15076,7.99609
15077,-8
15078,0.00390625
15079,0
15080,0.00390625
15081,0
15082,-0.00390625
15083,0
15084,-7.80469
15085,-7.79297
15086,-7.78516
15087,-7.77734
15088,-7.76563
15089,0
15090,0
15091,0
15092,7.99609
15093,-8
15094,0.00390625
15095,0
15096,0.00390625
15097,0
15098,-0.00390625
15099,0
15100,-7.66016
15101,-7.64844
15102,-7.64063
15103,-7.63281
15104,-7.62109
15105,0
15106,0
15107,0
15108,7.99609
15109,-8
15110,0.00390625
15111,0
15112,0.00390625
15113,0
15114,-0.00390625
15115,0
15116,-7.51563
15117,-7.50391
15118,-7.49609
15119,-7.48828
15120,-7.47656
15121,0
15122,0
15123,0
15124,7.99609
15125,-8
15126,0.00390625
15127,0
15128,0.00390625
15129,0
15130,-0.00390625
15131,0
15132,-7.37109
15133,-7.35938
15134,-7.35156
15135,-7.34375
15136,-7.33203
15137,0
15138,0
15139,0
15140,7.99609
15141,-8
15142,0.00390625
15143,0
15144,0.00390625
15145,0
15146,-0.00390625
15147,0
15148,-7.22656
15149,-7.21484
15150,-7.20703
15151,-7.19922
15152,-7.1875
15153,0
15154,0
15155,0
15156,7.99609
15157,-8
15158,0.00390625
15159,0
15160,0.00390625
15161,0
15162,-0.00390625
15163,0
15164,-7.08203
15165,-7.07031
15166,-7.0625
15167,-7.05469
15168,-7.04297
15169,0
15170,0
15171,0
15172,7.99609
15173,-8
15174,0.00390625
15175,0
15176,0.00390625
15177,0
15178,-0.00390625
15179,0
15180,-6.9375
15181,-6.92578
15182,-6.91797
15183,-6.91016
15184,-6.89844
15185,0
15186,0
15187,0
15188,7.99609
15189,-8
15190,0.00390625
15191,0
15192,0.00390625
15193,0
15194,-0.00390625
15195,0
15196,-6.79297
15197,-6.78125
15198,-6.77344
15199,-6.76563
15200,-6.75391
15201,0
15202,0
15203,0
15204,7.99609
15205,-8
15206,0.00390625
15207,0
15208,0.00390625
15209,0
15210,-0.00390625
15211,0
15212,-6.64844
15213,-6.63672
15214,-6.62891
15215,-6.62109
15216,-6.60938
15217,0
15218,0
15219,0
15220,7.99609
15221,-8
15222,0.00390625
15223,0
15224,0.00390625
15225,0
15226,-0.00390625
15227,0
15228,-6.50391
15229,-6.49219
15230,-6.48438
15231,-6.47656
15232,-6.46484
15233,0
15234,0
15235,0
15236,7.99609
15237,-8
15238,0.00390625
15239,0
15240,0.00390625
15241,0
15242,-0.00390625
15243,0
15244,-6.35938
15245,-6.34766
15246,-6.33984
15247,-6.33203
15248,-6.32031
15249,0
15250,0
15251,0
15252,7.99609
15253,-8
15254,0.00390625
15255,0
15256,0.00390625
15257,0
15258,-0.00390625
15259,0
15260,-6.21484
15261,-6.20313
15262,-6.19531
15263,-6.1875
15264,-6.17578
15265,0
15266,0
15267,0
15268,7.99609
15269,-8
15270,0.00390625
15271,0
15272,0.00390625
15273,0
15274,-0.00390625
15275,0
15276,-6.07031
15277,-6.05859
15278,-6.05078
15279,-6.04297
15280,-6.03125
15281,0
15282,0
15283,0
15284,7.99609
15285,-8
15286,0.00390625
15287,0
15288,0.00390625
15289,0
15290,-0.00390625
15291,0
15292,-5.92578
15293,-5.91406
15294,-5.90625
15295,-5.89844
15296,-5.88672
15297,0
15298,0
15299,0
15300,7.99609
15301,-8
15302,0.00390625
15303,0
15304,0.00390625
15305,0
15306,-0.00390625
15307,0
15308,-5.78125
15309,-5.76953
15310,-5.76172
15311,-5.75391
15312,-5.74219
15313,0
15314,0
15315,0
15316,7.99609
15317,-8
15318,0.00390625
15319,0
15320,0.00390625
15321,0
15322,-0.00390625
15323,0
15324,-5.63672
15325,-5.625
15326,-5.61719
15327,-5.60938
15328,-5.59766
15329,0
15330,0
15331,0
15332,7.99609
15333,-8
15334,0.00390625
15335,0
15336,0.00390625
15337,0
15338,-0.00390625
15339,0
15340,-5.49219
15341,-5.48047
15342,-5.47266
15343,-5.46484
15344,-5.45313
15345,0
15346,0
15347,0
15348,7.99609
15349,-8
15350,0.00390625
15351,0
15352,0.00390625
15353,0
15354,-0.00390625
15355,0
15356,-5.34766
15357,-5.33594
15358,-5.32813
15359,-5.32031
15360,-5.30859
15361,0
15362,0
15363,0
15364,7.99609
15365,-8
15366,0.00390625
15367,0
15368,0.00390625
15369,0
15370,-0.00390625
15371,0
15372,-5.20313
15373,-5.19141
15374,-5.18359
15375,-5.17578
15376,-5.16406
15377,0
15378,0
15379,0
15380,7.99609
15381,-8
15382,0.00390625
15383,0
15384,0.00390625
15385,0
15386,-0.00390625
15387,0
15388,-5.05859
15389,-5.04688
15390,-5.03906
15391,-5.03125
15392,-5.01953
15393,0
15394,0
15395,0
15396,7.99609
15397,-8
15398,0.00390625
15399,0
15400,0.00390625
15401,0
15402,-0.00390625
15403,0
15404,-4.91406
15405,-4.90234
15406,-4.89453
15407,-4.88672
15408,-4.875
15409,0
15410,0
15411,0
15412,7.99609
15413,-8
15414,0.00390625
15415,0
15416,0.00390625
15417,0
15418,-0.00390625
15419,0
15420,-4.76953
15421,-4.75781
15422,-4.75
15423,-4.74219
15424,-4.73047
15425,0
15426,0
15427,0
15428,7.99609
15429,-8
15430,0.00390625
15431,0
15432,0.00390625
15433,0
15434,-0.00390625
15435,0
15436,-4.625
15437,-4.61328
15438,-4.60547
15439,-4.59766
15440,-4.58594
15441,0
15442,0
15443,0
15444,7.99609
15445,-8
15446,0.00390625
15447,0
15448,0.00390625
15449,0
15450,-0.00390625
15451,0
15452,-4.48047
15453,-4.46875
15454,-4.46094
15455,-4.45313
15456,-4.44141
15457,0
15458,0
15459,0
15460,7.99609
15461,-8
15462,0.00390625
15463,0
15464,0.00390625
15465,0
15466,-0.00390625
15467,0
15468,-4.33594
15469,-4.32422
15470,-4.31641
15471,-4.30859
15472,-4.29688
15473,0
15474,0
15475,0
15476,7.99609
15477,-8
15478,0.00390625
15479,0
15480,0.00390625
15481,0
15482,-0.00390625
15483,0
15484,-4.19141
15485,-4.17969
15486,-4.17188
15487,-4.16406
15488,-4.15234
15489,0
15490,0
15491,0
15492,7.99609
15493,-8
15494,0.00390625
15495,0
15496,0.00390625
15497,0
15498,-0.00390625
15499,0
15500,-4.04688
15501,-4.03516
15502,-4.02734
15503,-4.01953
15504,-4.00781
15505,0
15506,0
15507,0
15508,7.99609
15509,-8
15510,0.00390625
15511,0
15512,0.00390625
15513,0
15514,-0.00390625
15515,0
15516,-3.90234
15517,-3.89063
15518,-3.88281
15519,-3.875
15520,-3.86328
15521,0
15522,0
15523,0
15524,7.99609
15525,-8
15526,0.00390625
15527,0
15528,0.00390625
15529,0
15530,-0.00390625
15531,0
15532,-3.75781
15533,-3.74609
15534,-3.73828
15535,-3.73047
15536,-3.71875
15537,0
15538,0
15539,0
15540,7.99609
15541,-8
15542,0.00390625
15543,0
15544,0.00390625
15545,0
15546,-0.00390625
15547,0
15548,-3.61328
15549,-3.60156
15550,-3.59375
15551,-3.58594
15552,-3.57422
15553,0
15554,0
15555,0
15556,7.99609
15557,-8
15558,0.00390625
15559,0
15560,0.00390625
15561,0
15562,-0.00390625
15563,0
15564,-3.46875
15565,-3.45703
15566,-3.44922
15567,-3.44141
15568,-3.42969
15569,0
15570,0
15571,0
15572,7.99609
15573,-8
15574,0.00390625
15575,0
15576,0.00390625
15577,0
15578,-0.00390625
15579,0
15580,-3.32422
15581,-3.3125
15582,-3.30469
15583,-3.29688
15584,-3.28516
15585,0
15586,0
15587,0
15588,7.99609
15589,-8
15590,0.00390625
15591,0
15592,0.00390625
15593,0
15594,-0.00390625
15595,0
15596,-3.17969
15597,-3.16797
15598,-3.16016
15599,-3.15234
15600,-3.14063
15601,0
15602,0
15603,0
15604,7.99609
15605,-8
15606,0.00390625
15607,0
15608,0.00390625
15609,0
15610,-0.00390625
15611,0
15612,-3.03516
15613,-3.02344
15614,-3.01563
15615,-3.00781
15616,-2.99609
15617,0
15618,0
15619,0
15620,7.99609
15621,-8
15622,0.00390625
15623,0
15624,0.00390625
15625,0
15626,-0.00390625
15627,0
15628,-2.89063
15629,-2.87891
15630,-2.87109
15631,-2.86328
15632,-2.85156
15633,0
15634,0
15635,0
15636,7.99609
15637,-8
15638,0.00390625
15639,0
15640,0.00390625
15641,0
15642,-0.00390625
15643,0
15644,-2.74609
15645,-2.73438
15646,-2.72656
15647,-2.71875
15648,-2.70703
15649,0
15650,0
15651,0
15652,7.99609
15653,-8
15654,0.00390625
15655,0
15656,0.00390625
15657,0
15658,-0.00390625
15659,0
15660,-2.60156
15661,-2.58984
15662,-2.58203
15663,-2.57422
15664,-2.5625
15665,0
15666,0
15667,0
15668,7.99609
15669,-8
15670,0.00390625
15671,0
15672,0.00390625
15673,0
15674,-0.00390625
15675,0
15676,-2.45703
15677,-2.44531
15678,-2.4375
15679,-2.42969
15680,-2.41797
15681,0
15682,0
15683,0
15684,7.99609
15685,-8
15686,0.00390625
15687,0
15688,0.00390625
15689,0
15690,-0.00390625
15691,0
15692,-2.3125
15693,-2.30078
15694,-2.29297
15695,-2.28516
15696,-2.27344
15697,0
15698,0
15699,0
15700,7.99609
15701,-8
15702,0.00390625
15703,0
15704,0.00390625
15705,0
15706,-0.00390625
15707,0
15708,-2.16797
15709,-2.15625
15710,-2.14844
15711,-2.14063
15712,-2.12891
15713,0
15714,0
15715,0
15716,7.99609
15717,-8
15718,0.00390625
15719,0
15720,0.00390625
15721,0
15722,-0.00390625
15723,0
15724,-2.02344
15725,-2.01172
15726,-2.00391
15727,-1.99609
15728,-1.98438
15729,0
15730,0
15731,0
15732,7.99609
15733,-8
15734,0.00390625
15735,0
15736,0.00390625
15737,0
15738,-0.00390625
15739,0
15740,-1.87891
15741,-1.86719
15742,-1.85938
15743,-1.85156
15744,-1.83984
15745,0
15746,0
15747,0
15748,7.99609
15749,-8
15750,0.00390625
15751,0
15752,0.00390625
15753,0
15754,-0.00390625
15755,0
15756,-1.73438
15757,-1.72266
15758,-1.71484
15759,-1.70703
15760,-1.69531
15761,0
15762,0
15763,0
15764,7.99609
15765,-8
15766,0.00390625
15767,0
15768,0.00390625
15769,0
15770,-0.00390625
15771,0
15772,-1.58984
15773,-1.57813
15774,-1.57031
15775,-1.5625
15776,-1.55078
15777,0
15778,0
15779,0
15780,7.99609
15781,-8
15782,0.00390625
15783,0
15784,0.00390625
15785,0
15786,-0.00390625
15787,0
15788,-1.44531
15789,-1.43359
15790,-1.42578
15791,-1.41797
15792,-1.40625
15793,0
15794,0
15795,0
15796,7.99609
15797,-8
15798,0.00390625
15799,0
15800,0.00390625
15801,0
15802,-0.00390625
15803,0
15804,-1.30078
15805,-1.28906
15806,-1.28125
15807,-1.27344
15808,-1.26172
15809,0
15810,0
15811,0
15812,7.99609
15813,-8
15814,0.00390625
15815,0
15816,0.00390625
15817,0
15818,-0.00390625
15819,0
15820,-1.15625
15821,-1.14453
15822,-1.13672
15823,-1.12891
15824,-1.11719
15825,0
15826,0
15827,0
15828,7.99609
15829,-8
15830,0.00390625
15831,0
15832,0.00390625
15833,0
15834,-0.00390625
15835,0
15836,-1.01172
15837,-1
15838,-0.992188
15839,-0.984375
15840,-0.972656
15841,0
15842,0
15843,0
15844,7.99609
15845,-8
15846,0.00390625
15847,0
15848,0.00390625
15849,0
15850,-0.00390625
15851,0
15852,-0.867188
15853,-0.855469
15854,-0.847656
15855,-0.839844
15856,-0.828125
15857,0
15858,0
15859,0
15860,7.99609
15861,-8
15862,0.00390625
15863,0
15864,0.00390625
15865,0
15866,-0.00390625
15867,0
15868,-0.722656
15869,-0.710938
15870,-0.703125
15871,-0.695313
15872,-0.683594
15873,0
15874,0
15875,0
15876,7.99609
15877,-8
15878,0.00390625
15879,0
15880,0.00390625
15881,0
15882,-0.00390625
15883,0
15884,-0.578125
15885,-0.566406
15886,-0.558594
15887,-0.550781
15888,-0.539063
15889,0
15890,0
15891,0
15892,7.99609
15893,-8
15894,0.00390625
15895,0
15896,0.00390625
15897,0
15898,-0.00390625
15899,0
15900,-0.433594
15901,-0.421875
15902,-0.414063
15903,-0.40625
15904,-0.394531
15905,0
15906,0
15907,0
15908,7.99609
15909,-8
15910,0.00390625
15911,0
15912,0.00390625
15913,0
15914,-0.00390625
15915,0
15916,-0.289063
15917,-0.277344
15918,-0.269531
15919,-0.261719
15920,-0.25
15921,0
15922,0
15923,0
15924,7.99609
15925,-8
15926,0.00390625
15927,0
15928,0.00390625
15929,0
15930,-0.00390625
15931,0
15932,-0.144531
15933,-0.132813
15934,-0.125
15935,-0.117188
15936,-0.105469
15937,0
15938,0
15939,0
15940,7.99609
15941,-8
15942,0.00390625
15943,0
15944,0.00390625
15945,0
15946,-0.00390625
15947,0
15948,0
15949,0.0117188
15950,0.0195313
15951,0.0273438
15952,0.0390625
15953,0
15954,0
15955,0
15956,7.99609
15957,-8
15958,0.00390625
15959,0
15960,0.00390625
15961,0
15962,-0.00390625
15963,0
15964,0.144531
15965,0.15625
15966,0.164063
15967,0.171875
15968,0.183594
15969,0
15970,0
15971,0
15972,7.99609
15973,-8
15974,0.00390625
15975,0
15976,0.00390625
15977,0
15978,-0.00390625
15979,0
15980,0.289063
15981,0.300781
15982,0.308594
15983,0.316406
15984,0.328125
15985,0
15986,0
15987,0
15988,7.99609
15989,-8
15990,0.00390625
15991,0
15992,0.00390625
15993,0
15994,-0.00390625
15995,0
15996,0.433594
15997,0.445313
15998,0.453125
15999,0.460938
16000,0.472656
16001,0
16002,0
16003,0
16004,7.99609
16005,-8
16006,0.00390625
16007,0
16008,0.00390625
16009,0
16010,-0.00390625
16011,0
16012,0.578125
16013,0.589844
16014,0.597656
16015,0.605469
16016,0.617188
16017,0
16018,0
16019,0
16020,7.99609
16021,-8
16022,0.00390625
16023,0
16024,0.00390625
16025,0
16026,-0.00390625
16027,0
16028,0.722656
16029,0.734375
16030,0.742188
16031,0.75
16032,0.761719
16033,0
16034,0
16035,0
16036,7.99609
16037,-8
16038,0.00390625
16039,0
16040,0.00390625
16041,0
16042,-0.00390625
16043,0
16044,0.867188
16045,0.878906
16046,0.886719
16047,0.894531
16048,0.90625
16049,0
16050,0
16051,0
16052,7.99609
16053,-8
16054,0.00390625
16055,0
16056,0.00390625
16057,0
16058,-0.00390625
16059,0
16060,1.01172
16061,1.02344
16062,1.03125
16063,1.03906
16064,1.05078
16065,0
16066,0
16067,0
16068,7.99609
16069,-8
16070,0.00390625
16071,0
16072,0.00390625
16073,0
16074,-0.00390625
16075,0
16076,1.15625
16077,1.16797
16078,1.17578
16079,1.18359
16080,1.19531
16081,0
16082,0
16083,0
16084,7.99609
16085,-8
16086,0.00390625
16087,0
16088,0.00390625
16089,0
16090,-0.00390625
16091,0
16092,1.30078
16093,1.3125
16094,1.32031
16095,1.32813
16096,1.33984
16097,0
16098,0
16099,0
16100,7.99609
16101,-8
16102,0.00390625
16103,0
16104,0.00390625
16105,0
16106,-0.00390625
16107,0
16108,1.44531
16109,1.45703
16110,1.46484
16111,1.47266
16112,1.48438
16113,0
16114,0
16115,0
16116,7.99609
16117,-8
16118,0.00390625
16119,0
16120,0.00390625
16121,0
16122,-0.00390625
16123,0
16124,1.58984
16125,1.60156
16126,1.60938
16127,1.61719
16128,1.62891
16129,0
16130,0
16131,0
16132,7.99609
16133,-8
16134,0.00390625
16135,0
16136,0.00390625
16137,0
16138,-0.00390625
16139,0
16140,1.73438
16141,1.74609
16142,1.75391
16143,1.76172
16144,1.77344
16145,0
16146,0
16147,0
16148,7.99609
16149,-8
16150,0.00390625
16151,0
16152,0.00390625
16153,0
16154,-0.00390625
16155,0
16156,1.87891
16157,1.89063
16158,1.89844
16159,1.90625
16160,1.91797
16161,0
16162,0
16163,0
16164,7.99609
16165,-8
16166,0.00390625
16167,0
16168,0.00390625
16169,0
16170,-0.00390625
16171,0
16172,2.02344
16173,2.03516
16174,2.04297
16175,2.05078
16176,2.0625
16177,0
16178,0
16179,0
16180,7.99609
16181,-8
16182,0.00390625
16183,0
16184,0.00390625
16185,0
16186,-0.00390625
16187,0
16188,2.16797
16189,2.17969
16190,2.1875
16191,2.19531
16192,2.20703
16193,0
16194,0
16195,0
16196,7.99609
16197,-8
16198,0.00390625
16199,0
16200,0.00390625
16201,0
16202,-0.00390625
16203,0
16204,2.3125
16205,2.32422
16206,2.33203
16207,2.33984
16208,2.35156
16209,0
16210,0
16211,0
16212,7.99609
16213,-8
16214,0.00390625
16215,0
16216,0.00390625
16217,0
16218,-0.00390625
16219,0
16220,2.45703
16221,2.46875
16222,2.47656
16223,2.48438
16224,2.49609
16225,0
16226,0
16227,0
16228,7.99609
16229,-8
16230,0.00390625
16231,0
16232,0.00390625
16233,0
16234,-0.00390625
16235,0
16236,2.60156
16237,2.61328
16238,2.62109
16239,2.62891
16240,2.64063
16241,0
16242,0
16243,0
16244,7.99609
16245,-8
16246,0.00390625
16247,0
16248,0.00390625
16249,0
16250,-0.00390625
16251,0
16252,2.74609
16253,2.75781
16254,2.76563
16255,2.77344
16256,2.78516
16257,0
16258,0
16259,0
16260,7.99609
16261,-8
16262,0.00390625
16263,0
16264,0.00390625
16265,0
16266,-0.00390625
16267,0
16268,2.89063
16269,2.90234
16270,2.91016
16271,2.91797
16272,2.92969
16273,0
16274,0
16275,0
16276,7.99609
16277,-8
16278,0.00390625
16279,0
16280,0.00390625
16281,0
16282,-0.00390625
16283,0
16284,3.03516
16285,3.04688
16286,3.05469
16287,3.0625
16288,3.07422
16289,0
16290,0
16291,0
16292,7.99609
16293,-8
16294,0.00390625
16295,0
16296,0.00390625
16297,0
16298,-0.00390625
16299,0
16300,3.17969
16301,3.19141
16302,3.19922
16303,3.20703
16304,3.21875
16305,0
16306,0
16307,0
16308,7.99609
16309,-8
16310,0.00390625
16311,0
16312,0.00390625
16313,0
16314,-0.00390625
16315,0
16316,3.32422
16317,3.33594
16318,3.34375
16319,3.35156
16320,3.36328
16321,0
16322,0
16323,0
16324,7.99609
16325,-8
16326,0.00390625
16327,0
16328,0.00390625
16329,0
16330,-0.00390625
16331,0
16332,3.46875
16333,3.48047
16334,3.48828
16335,3.49609
16336,3.50781
16337,0
16338,0
16339,0
16340,7.99609
16341,-8
16342,0.00390625
16343,0
16344,0.00390625
16345,0
16346,-0.00390625
16347,0
16348,3.61328
16349,3.625
16350,3.63281
16351,3.64063
16352,3.65234
16353,0
16354,0
16355,0
16356,7.99609
16357,-8
16358,0.00390625
16359,0
16360,0.00390625
16361,0
16362,-0.00390625
16363,0
16364,3.75781
16365,3.76953
16366,3.77734
16367,3.78516
16368,3.79688
16369,0
16370,0
16371,0
16372,7.99609
16373,-8
16374,0.00390625
16375,0
16376,0.00390625
16377,0
16378,-0.00390625
16379,0
16380,3.90234
16381,3.91406
16382,3.92188
16383,3.92969
16384,3.94141
16385,0
16386,0
16387,0
16388,7.99609
16389,-8
16390,0.00390625
16391,0
16392,0.00390625
16393,0
16394,-0.00390625
16395,0
16396,4.04688
16397,4.05859
16398,4.06641
16399,4.07422
16400,4.08594
16401,0
16402,0
16403,0
16404,7.99609
16405,-8
16406,0.00390625
16407,0
16408,0.00390625
16409,0
16410,-0.00390625
16411,0
16412,4.19141
16413,4.20313
16414,4.21094
16415,4.21875
16416,4.23047
16417,0
16418,0
16419,0
16420,7.99609
16421,-8
16422,0.00390625
16423,0
16424,0.00390625
16425,0
16426,-0.00390625
16427,0
16428,4.33594
16429,4.34766
16430,4.35547
16431,4.36328
16432,4.375
16433,0
16434,0
16435,0
16436,7.99609
16437,-8
16438,0.00390625
16439,0
16440,0.00390625
16441,0
16442,-0.00390625
16443,0
16444,4.48047
16445,4.49219
16446,4.5
16447,4.50781
16448,4.51953
16449,0
16450,0
16451,0
16452,7.99609
16453,-8
16454,0.00390625
16455,0
16456,0.00390625
16457,0
16458,-0.00390625
16459,0
16460,4.625
16461,4.63672
16462,4.64453
16463,4.65234
16464,4.66406
16465,0
16466,0
16467,0
16468,7.99609
16469,-8
16470,0.00390625
16471,0
16472,0.00390625
16473,0
16474,-0.00390625
16475,0
16476,4.76953
16477,4.78125
16478,4.78906
16479,4.79688
16480,4.80859
16481,0
16482,0
16483,0
16484,7.99609
16485,-8
16486,0.00390625
16487,0
16488,0.00390625
16489,0
16490,-0.00390625
16491,0
16492,4.91406
16493,4.92578
16494,4.93359
16495,4.94141
16496,4.95313
16497,0
16498,0
16499,0
16500,7.99609
16501,-8
16502,0.00390625
16503,0
16504,0.00390625
16505,0
16506,-0.00390625
16507,0
16508,5.05859
16509,5.07031
16510,5.07813
16511,5.08594
16512,5.09766
16513,0
16514,0
16515,0
16516,7.99609
16517,-8
16518,0.00390625
16519,0
16520,0.00390625
16521,0
16522,-0.00390625
16523,0
16524,5.20313
16525,5.21484
16526,5.22266
16527,5.23047
16528,5.24219
16529,0
16530,0
16531,0
16532,7.99609
16533,-8
16534,0.00390625
16535,0
16536,0.00390625
16537,0
16538,-0.00390625
16539,0
16540,5.34766
16541,5.35938
16542,5.36719
16543,5.375
16544,5.38672
16545,0
16546,0
16547,0
16548,7.99609
16549,-8
16550,0.00390625
16551,0
16552,0.00390625
16553,0
16554,-0.00390625
16555,0
16556,5.49219
16557,5.50391
16558,5.51172
16559,5.51953
16560,5.53125
16561,0
16562,0
16563,0
16564,7.99609
16565,-8
16566,0.00390625
16567,0
16568,0.00390625
16569,0
16570,-0.00390625
16571,0
16572,5.63672
16573,5.64844
16574,5.65625
16575,5.66406
16576,5.67578
16577,0
16578,0
16579,0
16580,7.99609
16581,-8
16582,0.00390625
16583,0
16584,0.00390625
16585,0
16586,-0.00390625
16587,0
16588,5.78125
16589,5.79297
16590,5.80078
16591,5.80859
16592,5.82031
16593,0
16594,0
16595,0
16596,7.99609
16597,-8
16598,0.00390625
16599,0
16600,0.00390625
16601,0
16602,-0.00390625
16603,0
16604,5.92578
16605,5.9375
16606,5.94531
16607,5.95313
16608,5.96484
16609,0
16610,0
16611,0
16612,7.99609
16613,-8
16614,0.00390625
16615,0
16616,0.00390625
16617,0
16618,-0.00390625
16619,0
16620,6.07031
16621,6.08203
16622,6.08984
16623,6.09766
16624,6.10938
16625,0
16626,0
16627,0
16628,7.99609
16629,-8
16630,0.00390625
16631,0
16632,0.00390625
16633,0
16634,-0.00390625
16635,0
16636,6.21484
16637,6.22656
16638,6.23438
16639,6.24219
16640,6.25391
16641,0
16642,0
16643,0
16644,7.99609
16645,-8
16646,0.00390625
16647,0
16648,0.00390625
16649,0
16650,-0.00390625
16651,0
16652,6.35938
16653,6.37109
16654,6.37891
16655,6.38672
16656,6.39844
16657,0
16658,0
16659,0
16660,7.99609
16661,-8
16662,0.00390625
16663,0
16664,0.00390625
16665,0
16666,-0.00390625
16667,0
16668,6.50391
16669,6.51563
16670,6.52344
16671,6.53125
16672,6.54297
16673,0
16674,0
16675,0
16676,7.99609
16677,-8
16678,0.00390625
16679,0
16680,0.00390625
16681,0
16682,-0.00390625
16683,0
16684,6.64844
16685,6.66016
16686,6.66797
16687,6.67578
16688,6.6875
16689,0
16690,0
16691,0
16692,7.99609
16693,-8
16694,0.00390625
16695,0
16696,0.00390625
16697,0
16698,-0.00390625
16699,0
16700,6.79297
16701,6.80469
16702,6.8125
16703,6.82031
16704,6.83203
16705,0
16706,0
16707,0
16708,7.99609
16709,-8
16710,0.00390625
16711,0
16712,0.00390625
16713,0
16714,-0.00390625
16715,0
16716,6.9375
16717,6.94922
16718,6.95703
16719,6.96484
16720,6.97656
16721,0
16722,0
16723,0
16724,7.99609
16725,-8
16726,0.00390625
16727,0
16728,0.00390625
16729,0
16730,-0.00390625
16731,0
16732,7.08203
16733,7.09375
16734,7.10156
16735,7.10938
16736,7.12109
16737,0
16738,0
16739,0
16740,7.99609
16741,-8
16742,0.00390625
16743,0
16744,0.00390625
16745,0
16746,-0.00390625
16747,0
16748,7.22656
16749,7.23828
16750,7.24609
16751,7.25391
16752,7.26563
16753,0
16754,0
16755,0
16756,7.99609
16757,-8
16758,0.00390625
16759,0
16760,0.00390625
16761,0
16762,-0.00390625
16763,0
16764,7.37109
16765,7.38281
16766,7.39063
16767,7.39844
16768,7.41016
16769,0
16770,0
16771,0
16772,7.99609
16773,-8
16774,0.00390625
16775,0
16776,0.00390625
16777,0
16778,-0.00390625
16779,0
16780,7.51563
16781,7.52734
16782,7.53516
16783,7.54297
16784,7.55469
16785,0
16786,0
16787,0
16788,7.99609
16789,-8
16790,0.00390625
16791,0
16792,0.00390625
16793,0
16794,-0.00390625
16795,0
16796,7.66016
16797,7.67188
16798,7.67969
16799,7.6875
16800,7.69922
16801,0
16802,0
16803,0
16804,7.99609
16805,-8
16806,0.00390625
16807,0
16808,0.00390625
16809,0
16810,-0.00390625
16811,0
16812,7.80469
16813,7.81641
16814,7.82422
16815,7.83203
16816,7.84375
16817,0
16818,0
16819,0
16820,7.99609
16821,-8
16822,0.00390625
16823,0
16824,0.00390625
16825,0
16826,-0.00390625
16827,0
16828,7.94922
16829,7.96094
16830,7.96875
16831,7.97656
16832,7.98828
16833,0
16834,0
16835,0
16836,7.99609
16837,-8
16838,0.00390625
16839,0
16840,0.00390625
16841,0
16842,-0.00390625
16843,0
16844,-7.90625
16845,-7.89453
16846,-7.88672
16847,-7.87891
16848,-7.86719
16849,0
16850,0
16851,0
16852,7.99609
16853,-8
16854,0.00390625
16855,0
16856,0.00390625
16857,0
16858,-0.00390625
16859,0
16860,-7.76172
16861,-7.75
16862,-7.74219
16863,-7.73438
16864,-7.72266
16865,0
16866,0
16867,0
16868,7.99609
16869,-8
16870,0.00390625
16871,0
16872,0.00390625
16873,0
16874,-0.00390625
16875,0
16876,-7.61719
16877,-7.60547
16878,-7.59766
16879,-7.58984
16880,-7.57813
16881,0
16882,0
16883,0
16884,7.99609
16885,-8
16886,0.00390625
16887,0
16888,0.00390625
16889,0
16890,-0.00390625
16891,0
16892,-7.47266
16893,-7.46094
16894,-7.45313
16895,-7.44531
16896,-7.43359
16897,0
16898,0
16899,0
16900,7.99609
16901,-8
16902,0.00390625
16903,0
16904,0.00390625
16905,0
16906,-0.00390625
16907,0
16908,-7.32813
16909,-7.31641
16910,-7.30859
16911,-7.30078
16912,-7.28906
16913,0
16914,0
16915,0
16916,7.99609
16917,-8
16918,0.00390625
16919,0
16920,0.00390625
16921,0
16922,-0.00390625
16923,0
16924,-7.18359
16925,-7.17188
16926,-7.16406
16927,-7.15625
16928,-7.14453
16929,0
16930,0
16931,0
16932,7.99609
16933,-8
16934,0.00390625
16935,0
16936,0.00390625
16937,0
16938,-0.00390625
16939,0
16940,-7.03906
16941,-7.02734
16942,-7.01953
16943,-7.01172
16944,-7
16945,0
16946,0
16947,0
16948,7.99609
16949,-8
16950,0.00390625
16951,0
16952,0.00390625
16953,0
16954,-0.00390625
16955,0
16956,-6.89453
16957,-6.88281
16958,-6.875
16959,-6.86719
16960,-6.85547
16961,0
16962,0
16963,0
16964,7.99609
16965,-8
16966,0.00390625
16967,0
16968,0.00390625
16969,0
16970,-0.00390625
16971,0
16972,-6.75
16973,-6.73828
16974,-6.73047
16975,-6.72266
16976,-6.71094
16977,0
16978,0
16979,0
16980,7.99609
16981,-8
16982,0.00390625
16983,0
16984,0.00390625
16985,0
16986,-0.00390625
16987,0
16988,-6.60547
16989,-6.59375
16990,-6.58594
16991,-6.57813
16992,-6.56641
16993,0
16994,0
16995,0
16996,7.99609
16997,-8
16998,0.00390625
16999,0
17000,0.00390625
17001,0
17002,-0.00390625
17003,0
17004,-6.46094
17005,-6.44922
17006,-6.44141
17007,-6.43359
17008,-6.42188
17009,0
17010,0
17011,0
17012,7.99609
17013,-8
17014,0.00390625
17015,0
17016,0.00390625
17017,0
17018,-0.00390625
17019,0
17020,-6.31641
17021,-6.30469
17022,-6.29688
17023,-6.28906
17024,-6.27734
17025,0
17026,0
17027,0
17028,7.99609
17029,-8
17030,0.00390625
17031,0
17032,0.00390625
17033,0
17034,-0.00390625
17035,0
17036,-6.17188
17037,-6.16016
17038,-6.15234
17039,-6.14453
17040,-6.13281
17041,0
17042,0
17043,0
17044,7.99609
17045,-8
17046,0.00390625
17047,0
17048,0.00390625
17049,0
17050,-0.00390625
17051,0
17052,-6.02734
17053,-6.01563
17054,-6.00781
17055,-6
17056,-5.98828
17057,0
17058,0
17059,0
17060,7.99609
17061,-8
17062,0.00390625
17063,0
17064,0.00390625
17065,0
17066,-0.00390625
17067,0
17068,-5.88281
17069,-5.87109
17070,-5.86328
17071,-5.85547
17072,-5.84375
17073,0
17074,0
17075,0
17076,7.99609
17077,-8
17078,0.00390625
17079,0
17080,0.00390625
17081,0
17082,-0.00390625
17083,0
17084,-5.73828
17085,-5.72656
17086,-5.71875
17087,-5.71094
17088,-5.69922
17089,0
17090,0
17091,0
17092,7.99609
17093,-8
17094,0.00390625
17095,0
17096,0.00390625
17097,0
17098,-0.00390625
17099,0
17100,-5.59375
17101,-5.58203
17102,-5.57422
17103,-5.56641
17104,-5.55469
17105,0
17106,0
17107,0
17108,7.99609
17109,-8
17110,0.00390625
17111,0
17112,0.00390625
17113,0
17114,-0.00390625
17115,0
17116,-5.44922
17117,-5.4375
17118,-5.42969
17119,-5.42188
17120,-5.41016
17121,0
17122,0
17123,0
17124,7.99609
17125,-8
17126,0.00390625
17127,0
17128,0.00390625
17129,0
17130,-0.00390625
17131,0
17132,-5.30469
17133,-5.29297
17134,-5.28516
17135,-5.27734
17136,-5.26563
17137,0
17138,0
17139,0
17140,7.99609
17141,-8
17142,0.00390625
17143,0
17144,0.00390625
17145,0
17146,-0.00390625
17147,0
17148,-5.16016
17149,-5.14844
17150,-5.14063
17151,-5.13281
17152,-5.12109
17153,0
17154,0
17155,0
17156,7.99609
17157,-8
17158,0.00390625
17159,0
17160,0.00390625
17161,0
17162,-0.00390625
17163,0
17164,-5.01563
17165,-5.00391
17166,-4.99609
17167,-4.98828
17168,-4.97656
17169,0
17170,0
17171,0
17172,7.99609
17173,-8
17174,0.00390625
17175,0
17176,0.00390625
17177,0
17178,-0.00390625
17179,0
17180,-4.87109
17181,-4.85938
17182,-4.85156
17183,-4.84375
17184,-4.83203
17185,0
17186,0
17187,0
17188,7.99609
17189,-8
17190,0.00390625
17191,0
17192,0.00390625
17193,0
17194,-0.00390625
17195,0
17196,-4.72656
17197,-4.71484
17198,-4.70703
17199,-4.69922
17200,-4.6875
17201,0
17202,0
17203,0
17204,7.99609
17205,-8
17206,0.00390625
17207,0
17208,0.00390625
17209,0
17210,-0.00390625
17211,0
17212,-4.58203
17213,-4.57031
17214,-4.5625
17215,-4.55469
17216,-4.54297
17217,0
17218,0
17219,0
17220,7.99609
17221,-8
17222,0.00390625
17223,0
17224,0.00390625
17225,0
17226,-0.00390625
17227,0
17228,-4.4375
17229,-4.42578
17230,-4.41797
17231,-4.41016
17232,-4.39844
17233,0
17234,0
17235,0
17236,7.99609
17237,-8
17238,0.00390625
17239,0
17240,0.00390625
17241,0
17242,-0.00390625
17243,0
17244,-4.29297
17245,-4.28125
17246,-4.27344
17247,-4.26563
17248,-4.25391
17249,0
17250,0
17251,0
17252,7.99609
17253,-8
17254,0.00390625
17255,0
17256,0.00390625
17257,0
17258,-0.00390625
17259,0
17260,-4.14844
17261,-4.13672
17262,-4.12891
17263,-4.12109
17264,-4.10938
17265,0
17266,0
17267,0
17268,7.99609
17269,-8
17270,0.00390625
17271,0
17272,0.00390625
17273,0
17274,-0.00390625
17275,0
17276,-4.00391
17277,-3.99219
17278,-3.98438
17279,-3.97656
17280,-3.96484
17281,0
17282,0
17283,0
17284,7.99609
17285,-8
17286,0.00390625
17287,0
17288,0.00390625
17289,0
17290,-0.00390625
17291,0
17292,-3.85938
17293,-3.84766
17294,-3.83984
17295,-3.83203
17296,-3.82031
17297,0
17298,0
17299,0
17300,7.99609
17301,-8
17302,0.00390625
17303,0
17304,0.00390625
17305,0
17306,-0.00390625
17307,0
17308,-3.71484
17309,-3.70313
17310,-3.69531
17311,-3.6875
17312,-3.67578
17313,0
17314,0
17315,0
17316,7.99609
17317,-8
17318,0.00390625
17319,0
17320,0.00390625
17321,0
17322,-0.00390625
17323,0
17324,-3.57031
17325,-3.55859
17326,-3.55078
17327,-3.54297
17328,-3.53125
17329,0
17330,0
17331,0
17332,7.99609
17333,-8
17334,0.00390625
17335,0
17336,0.00390625
17337,0
17338,-0.00390625
17339,0
17340,-3.42578
17341,-3.41406
17342,-3.40625
17343,-3.39844
17344,-3.38672
17345,0
17346,0
17347,0
17348,7.99609
17349,-8
17350,0.00390625
17351,0
17352,0.00390625
17353,0
17354,-0.00390625
17355,0
17356,-3.28125
17357,-3.26953
17358,-3.26172
17359,-3.25391
17360,-3.24219
17361,0
17362,0
17363,0
17364,7.99609
17365,-8
17366,0.00390625
17367,0
17368,0.00390625
17369,0
17370,-0.00390625
17371,0
17372,-3.13672
17373,-3.125
17374,-3.11719
17375,-3.10938
17376,-3.09766
17377,0
17378,0
17379,0
17380,7.99609
17381,-8
17382,0.00390625
17383,0
17384,0.00390625
17385,0
17386,-0.00390625
17387,0
17388,-2.99219
17389,-2.98047
17390,-2.97266
17391,-2.96484
17392,-2.95313
17393,0
17394,0
17395,0
17396,7.99609
17397,-8
17398,0.00390625
17399,0
17400,0.00390625
17401,0
17402,-0.00390625
17403,0
17404,-2.84766
17405,-2.83594
17406,-2.82813
17407,-2.82031
17408,-2.80859
17409,0
17410,0
17411,0
17412,7.99609
17413,-8
17414,0.00390625
17415,0
17416,0.00390625
17417,0
17418,-0.00390625
17419,0
17420,-2.70313
17421,-2.69141
17422,-2.68359
17423,-2.67578
17424,-2.66406
17425,0
17426,0
17427,0
17428,7.99609
17429,-8
17430,0.00390625
17431,0
17432,0.00390625
17433,0
17434,-0.00390625
17435,0
17436,-2.55859
17437,-2.54688
17438,-2.53906
17439,-2.53125
17440,-2.51953
17441,0
17442,0
17443,0
17444,7.99609
17445,-8
17446,0.00390625
17447,0
17448,0.00390625
17449,0
17450,-0.00390625
17451,0
17452,-2.41406
17453,-2.40234
17454,-2.39453
17455,-2.38672
17456,-2.375
17457,0
17458,0
17459,0
17460,7.99609
17461,-8
17462,0.00390625
17463,0
17464,0.00390625
17465,0
17466,-0.00390625
17467,0
17468,-2.26953
17469,-2.25781
17470,-2.25
17471,-2.24219
17472,-2.23047
17473,0
17474,0
17475,0
17476,7.99609
17477,-8
17478,0.00390625
17479,0
17480,0.00390625
17481,0
17482,-0.00390625
17483,0
17484,-2.125
17485,-2.11328
17486,-2.10547
17487,-2.09766
17488,-2.08594
17489,0
17490,0
17491,0
17492,7.99609
17493,-8
17494,0.00390625
17495,0
17496,0.00390625
17497,0
17498,-0.00390625
17499,0
17500,-1.98047
17501,-1.96875
17502,-1.96094
17503,-1.95313
17504,-1.94141
17505,0
17506,0
17507,0
17508,7.99609
17509,-8
17510,0.00390625
17511,0
17512,0.00390625
17513,0
17514,-0.00390625
17515,0
17516,-1.83594
17517,-1.82422
17518,-1.81641
17519,-1.80859
17520,-1.79688
17521,0
17522,0
17523,0
17524,7.99609
17525,-8
17526,0.00390625
17527,0
17528,0.00390625
17529,0
17530,-0.00390625
17531,0
17532,-1.69141
17533,-1.67969
17534,-1.67188
17535,-1.66406
17536,-1.65234
17537,0
17538,0
17539,0
17540,7.99609
17541,-8
17542,0.00390625
17543,0
17544,0.00390625
17545,0
17546,-0.00390625
17547,0
17548,-1.54688
17549,-1.53516
17550,-1.52734
17551,-1.51953
17552,-1.50781
17553,0
17554,0
17555,0
17556,7.99609
17557,-8
17558,0.00390625
17559,0
17560,0.00390625
17561,0
17562,-0.00390625
17563,0
17564,-1.40234
17565,-1.39063
17566,-1.38281
17567,-1.375
17568,-1.36328
17569,0
17570,0
17571,0
17572,7.99609
17573,-8
17574,0.00390625
17575,0
17576,0.00390625
17577,0
17578,-0.00390625
17579,0
17580,-1.25781
17581,-1.24609
17582,-1.23828
17583,-1.23047
17584,-1.21875
17585,0
17586,0
17587,0
17588,7.99609
17589,-8
17590,0.00390625
17591,0
17592,0.00390625
17593,0
17594,-0.00390625
17595,0
17596,-1.11328
17597,-1.10156
17598,-1.09375
17599,-1.08594
17600,-1.07422
17601,0
17602,0
17603,0
17604,7.99609
17605,-8
17606,0.00390625
17607,0
17608,0.00390625
17609,0
17610,-0.00390625
17611,0
17612,-0.96875
17613,-0.957031
17614,-0.949219
17615,-0.941406
17616,-0.929688
17617,0
17618,0
17619,0
17620,7.99609
17621,-8
17622,0.00390625
17623,0
17624,0.00390625
17625,0
17626,-0.00390625
17627,0
17628,-0.824219
17629,-0.8125
17630,-0.804688
17631,-0.796875
17632,-0.785156
17633,0
17634,0
17635,0
17636,7.99609
17637,-8
17638,0.00390625
17639,0
17640,0.00390625
17641,0
17642,-0.00390625
17643,0
17644,-0.679688
17645,-0.667969
17646,-0.660156
17647,-0.652344
17648,-0.640625
17649,0
17650,0
17651,0
17652,7.99609
17653,-8
17654,0.00390625
17655,0
17656,0.00390625
17657,0
17658,-0.00390625
17659,0
17660,-0.535156
17661,-0.523438
17662,-0.515625
17663,-0.507813
17664,-0.496094
17665,0
17666,0
17667,0
17668,7.99609
17669,-8
17670,0.00390625
17671,0
17672,0.00390625
17673,0
17674,-0.00390625
17675,0
17676,-0.390625
17677,-0.378906
17678,-0.371094
17679,-0.363281
17680,-0.351563
17681,0
17682,0
17683,0
17684,7.99609
17685,-8
17686,0.00390625
17687,0
17688,0.00390625
17689,0
17690,-0.00390625
17691,0
17692,-0.246094
17693,-0.234375
17694,-0.226563
17695,-0.21875
17696,-0.207031
17697,0
17698,0
17699,0
17700,7.99609
17701,-8
17702,0.00390625
17703,0
17704,0.00390625
17705,0
17706,-0.00390625
17707,0
17708,-0.101563
17709,-0.0898438
17710,-0.0820313
17711,-0.0742188
17712,-0.0625
17713,0
17714,0
17715,0
17716,7.99609
17717,-8
17718,0.00390625
17719,0
17720,0.00390625
17721,0
17722,-0.00390625
17723,0
17724,0.0429688
17725,0.0546875
17726,0.0625
17727,0.0703125
17728,0.0820313
17729,0
17730,0
17731,0
17732,7.99609
17733,-8
17734,0.00390625
17735,0
17736,0.00390625
17737,0
17738,-0.00390625
17739,0
17740,0.1875
17741,0.199219
17742,0.207031
17743,0.214844
17744,0.226563
17745,0
17746,0
17747,0
17748,7.99609
17749,-8
17750,0.00390625
17751,0
17752,0.00390625
17753,0
17754,-0.00390625
17755,0
17756,0.332031
17757,0.34375
17758,0.351563
17759,0.359375
17760,0.371094
17761,0
17762,0
17763,0
17764,7.99609
17765,-8
17766,0.00390625
17767,0
17768,0.00390625
17769,0
17770,-0.00390625
17771,0
17772,0.476563
17773,0.488281
17774,0.496094
17775,0.503906
17776,0.515625
17777,0
17778,0
17779,0
17780,7.99609
17781,-8
17782,0.00390625
17783,0
17784,0.00390625
17785,0
17786,-0.00390625
17787,0
17788,0.621094
17789,0.632813
17790,0.640625
17791,0.648438
17792,0.660156
17793,0
17794,0
17795,0
17796,7.99609
17797,-8
17798,0.00390625
17799,0
17800,0.00390625
17801,0
17802,-0.00390625
17803,0
17804,0.765625
17805,0.777344
17806,0.785156
17807,0.792969
17808,0.804688
17809,0
17810,0
17811,0
17812,7.99609
17813,-8
17814,0.00390625
17815,0
17816,0.00390625
17817,0
17818,-0.00390625
17819,0
17820,0.910156
17821,0.921875
17822,0.929688
17823,0.9375
17824,0.949219
17825,0
17826,0
17827,0
17828,7.99609
17829,-8
17830,0.00390625
17831,0
17832,0.00390625
17833,0
17834,-0.00390625
17835,0
17836,1.05469
17837,1.06641
17838,1.07422
17839,1.08203
17840,1.09375
17841,0
17842,0
17843,0
17844,7.99609
17845,-8
17846,0.00390625
17847,0
17848,0.00390625
17849,0
17850,-0.00390625
17851,0
17852,1.19922
17853,1.21094
17854,1.21875
17855,1.22656
17856,1.23828
17857,0
17858,0
17859,0
17860,7.99609
17861,-8
17862,0.00390625
17863,0
17864,0.00390625
17865,0
17866,-0.00390625
17867,0
17868,1.34375
17869,1.35547
17870,1.36328
17871,1.37109
17872,1.38281
17873,0
17874,0
17875,0
17876,7.99609
17877,-8
17878,0.00390625
17879,0
17880,0.00390625
17881,0
17882,-0.00390625
17883,0
17884,1.48828
17885,1.5
17886,1.50781
17887,1.51563
17888,1.52734
17889,0
17890,0
17891,0
17892,7.99609
17893,-8
17894,0.00390625
17895,0
17896,0.00390625
17897,0
17898,-0.00390625
17899,0
17900,1.63281
17901,1.64453
17902,1.65234
17903,1.66016
17904,1.67188
17905,0
17906,0
17907,0
17908,7.99609
17909,-8
17910,0.00390625
17911,0
17912,0.00390625
17913,0
17914,-0.00390625
17915,0
17916,1.77734
17917,1.78906
17918,1.79688
17919,1.80469
17920,1.81641
17921,0
17922,0
17923,0
17924,7.99609
17925,-8
17926,0.00390625
17927,0
17928,0.00390625
17929,0
17930,-0.00390625
17931,0
17932,1.92188
17933,1.93359
17934,1.94141
17935,1.94922
17936,1.96094
17937,0
17938,0
17939,0
17940,7.99609
17941,-8
17942,0.00390625
17943,0
17944,0.00390625
17945,0
17946,-0.00390625
17947,0
17948,2.06641
17949,2.07813
17950,2.08594
17951,2.09375
17952,2.10547
17953,0
17954,0
17955,0
17956,7.99609
17957,-8
17958,0.00390625
17959,0
17960,0.00390625
17961,0
17962,-0.00390625
17963,0
17964,2.21094
17965,2.22266
17966,2.23047
17967,2.23828
17968,2.25
17969,0
17970,0
17971,0
17972,7.99609
17973,-8
17974,0.00390625
17975,0
17976,0.00390625
17977,0
17978,-0.00390625
17979,0
17980,2.35547
17981,2.36719
17982,2.375
17983,2.38281
17984,2.39453
17985,0
17986,0
17987,0
17988,7.99609
17989,-8
17990,0.00390625
17991,0
17992,0.00390625
17993,0
17994,-0.00390625
17995,0
17996,2.5
17997,2.51172
17998,2.51953
17999,2.52734
18000,2.53906
18001,0
18002,0
18003,0
18004,7.99609
18005,-8
18006,0.00390625
18007,0
18008,0.00390625
18009,0
18010,-0.00390625
18011,0
18012,2.64453
18013,2.65625
18014,2.66406
18015,2.67188
18016,2.68359
18017,0
18018,0
18019,0
18020,7.99609
18021,-8
18022,0.00390625
18023,0
18024,0.00390625
18025,0
18026,-0.00390625
18027,0
18028,2.78906
18029,2.80078
18030,2.80859
18031,2.81641
18032,2.82813
18033,0
18034,0
18035,0
18036,7.99609
18037,-8
18038,0.00390625
18039,0
18040,0.00390625
18041,0
18042,-0.00390625
18043,0
18044,2.93359
18045,2.94531
18046,2.95313
18047,2.96094
18048,2.97266
18049,0
18050,0
18051,0
18052,7.99609
18053,-8
18054,0.00390625
18055,0
18056,0.00390625
18057,0
18058,-0.00390625
18059,0
18060,3.07813
18061,3.08984
18062,3.09766
18063,3.10547
18064,3.11719
18065,0
18066,0
18067,0
18068,7.99609
18069,-8
18070,0.00390625
18071,0
18072,0.00390625
18073,0
18074,-0.00390625
18075,0
18076,3.22266
18077,3.23438
18078,3.24219
18079,3.25
18080,3.26172
18081,0
18082,0
18083,0
18084,7.99609
18085,-8
18086,0.00390625
18087,0
18088,0.00390625
18089,0
18090,-0.00390625
18091,0
18092,3.36719
18093,3.37891
18094,3.38672
18095,3.39453
18096,3.40625
18097,0
18098,0
18099,0
18100,7.99609
18101,-8
18102,0.00390625
18103,0
18104,0.00390625
18105,0
18106,-0.00390625
18107,0
18108,3.51172
18109,3.52344
18110,3.53125
18111,3.53906
18112,3.55078
18113,0
18114,0
18115,0
18116,7.99609
18117,-8
18118,0.00390625
18119,0
18120,0.00390625
18121,0
18122,-0.00390625
18123,0
18124,3.65625
18125,3.66797
18126,3.67578
18127,3.68359
18128,3.69531
18129,0
18130,0
18131,0
18132,7.99609
18133,-8
18134,0.00390625
18135,0
18136,0.00390625
18137,0
18138,-0.00390625
18139,0
18140,3.80078
18141,3.8125
18142,3.82031
18143,3.82813
18144,3.83984
18145,0
18146,0
18147,0
18148,7.99609
18149,-8
18150,0.00390625
18151,0
18152,0.00390625
18153,0
18154,-0.00390625
18155,0
18156,3.94531
18157,3.95703
18158,3.96484
18159,3.97266
18160,3.98438
18161,0
18162,0
18163,0
18164,7.99609
18165,-8
18166,0.00390625
18167,0
18168,0.00390625
18169,0
18170,-0.00390625
18171,0
18172,4.08984
18173,4.10156
18174,4.10938
18175,4.11719
18176,4.12891
18177,0
18178,0
18179,0
18180,7.99609
18181,-8
18182,0.00390625
18183,0
18184,0.00390625
18185,0
18186,-0.00390625
18187,0
18188,4.23438
18189,4.24609
18190,4.25391
18191,4.26172
18192,4.27344
18193,0
18194,0
18195,0
18196,7.99609
18197,-8
18198,0.00390625
18199,0
18200,0.00390625
18201,0
18202,-0.00390625
18203,0
18204,4.37891
18205,4.39063
18206,4.39844
18207,4.40625
18208,4.41797
18209,0
18210,0
18211,0
18212,7.99609
18213,-8
18214,0.00390625
18215,0
18216,0.00390625
18217,0
18218,-0.00390625
18219,0
18220,4.52344
18221,4.53516
18222,4.54297
18223,4.55078
18224,4.5625
18225,0
18226,0
18227,0
18228,7.99609
18229,-8
18230,0.00390625
18231,0
18232,0.00390625
18233,0
18234,-0.00390625
18235,0
18236,4.66797
18237,4.67969
18238,4.6875
18239,4.69531
18240,4.70703
18241,0
18242,0
18243,0
18244,7.99609
18245,-8
18246,0.00390625
18247,0
18248,0.00390625
18249,0
18250,-0.00390625
18251,0
18252,4.8125
18253,4.82422
18254,4.83203
18255,4.83984
18256,4.85156
18257,0
18258,0
18259,0
18260,7.99609
18261,-8
18262,0.00390625
18263,0
18264,0.00390625
18265,0
18266,-0.00390625
18267,0
18268,4.95703
18269,4.96875
18270,4.97656
18271,4.98438
18272,4.99609
18273,0
18274,0
18275,0
18276,7.99609
18277,-8
18278,0.00390625
18279,0
18280,0.00390625
18281,0
18282,-0.00390625
18283,0
18284,5.10156
18285,5.11328
18286,5.12109
18287,5.12891
18288,5.14063
18289,0
18290,0
18291,0
18292,7.99609
18293,-8
18294,0.00390625
18295,0
18296,0.00390625
18297,0
18298,-0.00390625
18299,0
18300,5.24609
18301,5.25781
18302,5.26563
18303,5.27344
18304,5.28516
18305,0
18306,0
18307,0
18308,7.99609
18309,-8
18310,0.00390625
18311,0
18312,0.00390625
18313,0
18314,-0.00390625
18315,0
18316,5.39063
18317,5.40234
18318,5.41016
18319,5.41797
18320,5.42969
18321,0
18322,0
18323,0
18324,7.99609
18325,-8
18326,0.00390625
18327,0
18328,0.00390625
18329,0
18330,-0.00390625
18331,0
18332,5.53516
18333,5.54688
18334,5.55469
18335,5.5625
18336,5.57422
18337,0
18338,0
18339,0
18340,7.99609
18341,-8
18342,0.00390625
18343,0
18344,0.00390625
18345,0
18346,-0.00390625
18347,0
18348,5.67969
18349,5.69141
18350,5.69922
18351,5.70703
18352,5.71875
18353,0
18354,0
18355,0
18356,7.99609
18357,-8
18358,0.00390625
18359,0
18360,0.00390625
18361,0
18362,-0.00390625
18363,0
18364,5.82422
18365,5.83594
18366,5.84375
18367,5.85156
18368,5.86328
18369,0
18370,0
18371,0
18372,7.99609
18373,-8
18374,0.00390625
18375,0
18376,0.00390625
18377,0
18378,-0.00390625
18379,0
18380,5.96875
18381,5.98047
18382,5.98828
18383,5.99609
18384,6.00781
18385,0
18386,0
18387,0
18388,7.99609
18389,-8
18390,0.00390625
18391,0
18392,0.00390625
18393,0
18394,-0.00390625
18395,0
18396,6.11328
18397,6.125
18398,6.13281
18399,6.14063
18400,6.15234
18401,0
18402,0
18403,0
18404,7.99609
18405,-8
18406,0.00390625
18407,0
18408,0.00390625
18409,0
18410,-0.00390625
18411,0
18412,6.25781
18413,6.26953
18414,6.27734
18415,6.28516
18416,6.29688
18417,0
18418,0
18419,0
18420,7.99609
18421,-8
18422,0.00390625
18423,0
18424,0.00390625
18425,0
18426,-0.00390625
18427,0
18428,6.40234
18429,6.41406
18430,6.42188
18431,6.42969
18432,6.44141
18433,0
18434,0
18435,0
18436,7.99609
18437,-8
18438,0.00390625
18439,0
18440,0.00390625
18441,0
18442,-0.00390625
18443,0
18444,6.54688
18445,6.55859
18446,6.56641
18447,6.57422
18448,6.58594
18449,0
18450,0
18451,0
18452,7.99609
18453,-8
18454,0.00390625
18455,0
18456,0.00390625
18457,0
18458,-0.00390625
18459,0
18460,6.69141
18461,6.70313
18462,6.71094
18463,6.71875
18464,6.73047
18465,0
18466,0
18467,0
18468,7.99609
18469,-8
18470,0.00390625
18471,0
18472,0.00390625
18473,0
18474,-0.00390625
18475,0
18476,6.83594
18477,6.84766
18478,6.85547
18479,6.86328
18480,6.875
18481,0
18482,0
18483,0
18484,7.99609
18485,-8
18486,0.00390625
18487,0
18488,0.00390625
18489,0
18490,-0.00390625
18491,0
18492,6.98047
18493,6.99219
18494,7
18495,7.00781
18496,7.01953
18497,0
18498,0
18499,0
18500,7.99609
18501,-8
18502,0.00390625
18503,0
18504,0.00390625
18505,0
18506,-0.00390625
18507,0
18508,7.125
18509,7.13672
18510,7.14453
18511,7.15234
18512,7.16406
18513,0
18514,0
18515,0
18516,7.99609
18517,-8
18518,0.00390625
18519,0
18520,0.00390625
18521,0
18522,-0.00390625
18523,0
18524,7.26953
18525,7.28125
18526,7.28906
18527,7.29688
18528,7.30859
18529,0
18530,0
18531,0
18532,7.99609
18533,-8
18534,0.00390625
18535,0
18536,0.00390625
18537,0
18538,-0.00390625
18539,0
18540,7.41406
18541,7.42578
18542,7.43359
18543,7.44141
18544,7.45313
18545,0
18546,0
18547,0
18548,7.99609
18549,-8
18550,0.00390625
18551,0
18552,0.00390625
18553,0
18554,-0.00390625
18555,0
18556,7.55859
18557,7.57031
18558,7.57813
18559,7.58594
18560,7.59766
18561,0
18562,0
18563,0
18564,7.99609
18565,-8
18566,0.00390625
18567,0
18568,0.00390625
18569,0
18570,-0.00390625
18571,0
18572,7.70313
18573,7.71484
18574,7.72266
18575,7.73047
18576,7.74219
18577,0
18578,0
18579,0
18580,7.99609
18581,-8
18582,0.00390625
18583,0
18584,0.00390625
18585,0
18586,-0.00390625
18587,0
18588,7.84766
18589,7.85938
18590,7.86719
18591,7.875
18592,7.88672
18593,0
18594,0
18595,0
18596,7.99609
18597,-8
18598,0.00390625
18599,0
18600,0.00390625
18601,0
18602,-0.00390625
18603,0
18604,7.99219
18605,-7.99609
18606,-7.98828
18607,-7.98047
18608,-7.96875
18609,0
18610,0
18611,0
18612,7.99609
18613,-8
18614,0.00390625
18615,0
18616,0.00390625
18617,0
18618,-0.00390625
18619,0
18620,-7.86328
18621,-7.85156
18622,-7.84375
18623,-7.83594
18624,-7.82422
18625,0
18626,0
18627,0
18628,7.99609
18629,-8
18630,0.00390625
18631,0
18632,0.00390625
18633,0
18634,-0.00390625
18635,0
18636,-7.71875
18637,-7.70703
18638,-7.69922
18639,-7.69141
18640,-7.67969
18641,0
18642,0
18643,0
18644,7.99609
18645,-8
18646,0.00390625
18647,0
18648,0.00390625
18649,0
18650,-0.00390625
18651,0
18652,-7.57422
18653,-7.5625
18654,-7.55469
18655,-7.54688
18656,-7.53516
18657,0
18658,0
18659,0
18660,7.99609
18661,-8
18662,0.00390625
18663,0
18664,0.00390625
18665,0
18666,-0.00390625
18667,0
18668,-7.42969
18669,-7.41797
18670,-7.41016
18671,-7.40234
18672,-7.39063
18673,0
18674,0
18675,0
18676,7.99609
18677,-8
18678,0.00390625
18679,0
18680,0.00390625
18681,0
18682,-0.00390625
18683,0
18684,-7.28516
18685,-7.27344
18686,-7.26563
18687,-7.25781
18688,-7.24609
18689,0
18690,0
18691,0
18692,7.99609
18693,-8
18694,0.00390625
18695,0
18696,0.00390625
18697,0
18698,-0.00390625
18699,0
18700,-7.14063
18701,-7.12891
18702,-7.12109
18703,-7.11328
18704,-7.10156
18705,0
18706,0
18707,0
18708,7.99609
18709,-8
18710,0.00390625
18711,0
18712,0.00390625
18713,0
18714,-0.00390625
18715,0
18716,-6.99609
18717,-6.98438
18718,-6.97656
18719,-6.96875
18720,-6.95703
18721,0
18722,0
18723,0
18724,7.99609
18725,-8
18726,0.00390625
18727,0
18728,0.00390625
18729,0
18730,-0.00390625
18731,0
18732,-6.85156
18733,-6.83984
18734,-6.83203
18735,-6.82422
18736,-6.8125
18737,0
18738,0
18739,0
18740,7.99609
18741,-8
18742,0.00390625
18743,0
18744,0.00390625
18745,0
18746,-0.00390625
18747,0
18748,-6.70703
18749,-6.69531
18750,-6.6875
18751,-6.67969
18752,-6.66797
18753,0
18754,0
18755,0
18756,7.99609
18757,-8
18758,0.00390625
18759,0
18760,0.00390625
18761,0
18762,-0.00390625
18763,0
18764,-6.5625
18765,-6.55078
18766,-6.54297
18767,-6.53516
18768,-6.52344
18769,0
18770,0
18771,0
18772,7.99609
18773,-8
18774,0.00390625
18775,0
18776,0.00390625
18777,0
18778,-0.00390625
18779,0
18780,-6.41797
18781,-6.40625
18782,-6.39844
18783,-6.39063
18784,-6.37891
18785,0
18786,0
18787,0
18788,7.99609
18789,-8
18790,0.00390625
18791,0
18792,0.00390625
18793,0
18794,-0.00390625
18795,0
18796,-6.27344
18797,-6.26172
18798,-6.25391
18799,-6.24609
18800,-6.23438
18801,0
18802,0
18803,0
18804,7.99609
18805,-8
18806,0.00390625
18807,0
18808,0.00390625
18809,0
18810,-0.00390625
18811,0
18812,-6.12891
18813,-6.11719
18814,-6.10938
18815,-6.10156
18816,-6.08984
18817,0
18818,0
18819,0
18820,7.99609
18821,-8
18822,0.00390625
18823,0
18824,0.00390625
18825,0
18826,-0.00390625
18827,0
18828,-5.98438
18829,-5.97266
18830,-5.96484
18831,-5.95703
18832,-5.94531
18833,0
18834,0
18835,0
18836,7.99609
18837,-8
18838,0.00390625
18839,0
18840,0.00390625
18841,0
18842,-0.00390625
18843,0
18844,-5.83984
18845,-5.82813
18846,-5.82031
18847,-5.8125
18848,-5.80078
18849,0
18850,0
18851,0
18852,7.99609
18853,-8
18854,0.00390625
18855,0
18856,0.00390625
18857,0
18858,-0.00390625
18859,0
18860,-5.69531
18861,-5.68359
18862,-5.67578
18863,-5.66797
18864,-5.65625
18865,0
18866,0
18867,0
18868,7.99609
18869,-8
18870,0.00390625
18871,0
18872,0.00390625
18873,0
18874,-0.00390625
18875,0
18876,-5.55078
18877,-5.53906
18878,-5.53125
18879,-5.52344
18880,-5.51172
18881,0
18882,0
18883,0
18884,7.99609
18885,-8
18886,0.00390625
18887,0
18888,0.00390625
18889,0
18890,-0.00390625
18891,0
18892,-5.40625
18893,-5.39453
18894,-5.38672
18895,-5.37891
18896,-5.36719
18897,0
18898,0
18899,0
18900,7.99609
18901,-8
18902,0.00390625
18903,0
18904,0.00390625
18905,0
18906,-0.00390625
18907,0
18908,-5.26172
18909,-5.25
18910,-5.24219
18911,-5.23438
18912,-5.22266
18913,0
18914,0
18915,0
18916,7.99609
18917,-8
18918,0.00390625
18919,0
18920,0.00390625
18921,0
18922,-0.00390625
18923,0
18924,-5.11719
18925,-5.10547
18926,-5.09766
18927,-5.08984
18928,-5.07813
18929,0
18930,0
18931,0
18932,7.99609
18933,-8
18934,0.00390625
18935,0
18936,0.00390625
18937,0
18938,-0.00390625
18939,0
18940,-4.97266
18941,-4.96094
18942,-4.95313
18943,-4.94531
18944,-4.93359
18945,0
18946,0
18947,0
18948,7.99609
18949,-8
18950,0.00390625
18951,0
18952,0.00390625
18953,0
18954,-0.00390625
18955,0
18956,-4.82813
18957,-4.81641
18958,-4.80859
18959,-4.80078
18960,-4.78906
18961,0
18962,0
18963,0
18964,7.99609
18965,-8
18966,0.00390625
18967,0
18968,0.00390625
18969,0
18970,-0.00390625
18971,0
18972,-4.68359
18973,-4.67188
18974,-4.66406
18975,-4.65625
18976,-4.64453
18977,0
18978,0
18979,0
18980,7.99609
18981,-8
18982,0.00390625
18983,0
18984,0.00390625
18985,0
18986,-0.00390625
18987,0
18988,-4.53906
18989,-4.52734
18990,-4.51953
18991,-4.51172
18992,-4.5
18993,0
18994,0
18995,0
18996,7.99609
18997,-8
18998,0.00390625
18999,0
19000,0.00390625
19001,0
19002,-0.00390625
19003,0
19004,-4.39453
19005,-4.38281
19006,-4.375
19007,-4.36719
19008,-4.35547
19009,0
19010,0
19011,0
19012,7.99609
19013,-8
19014,0.00390625
19015,0
19016,0.00390625
19017,0
19018,-0.00390625
19019,0
19020,-4.25
19021,-4.23828
19022,-4.23047
19023,-4.22266
19024,-4.21094
19025,0
19026,0
19027,0
19028,7.99609
19029,-8
19030,0.00390625
19031,0
19032,0.00390625
19033,0
19034,-0.00390625
19035,0
19036,-4.10547
19037,-4.09375
19038,-4.08594
19039,-4.07813
19040,-4.06641
19041,0
19042,0
19043,0
19044,7.99609
19045,-8
19046,0.00390625
19047,0
19048,0.00390625
19049,0
19050,-0.00390625
19051,0
19052,-3.96094
19053,-3.94922
19054,-3.94141
19055,-3.93359
19056,-3.92188
19057,0
19058,0
19059,0
19060,7.99609
19061,-8
19062,0.00390625
19063,0
19064,0.00390625
19065,0
19066,-0.00390625
19067,0
19068,-3.81641
19069,-3.80469
19070,-3.79688
19071,-3.78906
19072,-3.77734
19073,0
19074,0
19075,0
19076,7.99609
19077,-8
19078,0.00390625
19079,0
19080,0.00390625
19081,0
19082,-0.00390625
19083,0
19084,-3.67188
19085,-3.66016
19086,-3.65234
19087,-3.64453
19088,-3.63281
19089,0
19090,0
19091,0
19092,7.99609
19093,-8
19094,0.00390625
19095,0
19096,0.00390625
19097,0
19098,-0.00390625
19099,0
19100,-3.52734
19101,-3.51563
19102,-3.50781
19103,-3.5
19104,-3.48828
19105,0
19106,0
19107,0
19108,7.99609
19109,-8
19110,0.00390625
19111,0
19112,0.00390625
19113,0
19114,-0.00390625
19115,0
19116,-3.38281
19117,-3.37109
19118,-3.36328
19119,-3.35547
19120,-3.34375
19121,0
19122,0
19123,0
19124,7.99609
19125,-8
19126,0.00390625
19127,0
19128,0.00390625
19129,0
19130,-0.00390625
19131,0
19132,-3.23828
19133,-3.22656
19134,-3.21875
19135,-3.21094
19136,-3.19922
19137,0
19138,0
19139,0
19140,7.99609
19141,-8
19142,0.00390625
19143,0
19144,0.00390625
19145,0
19146,-0.00390625
19147,0
19148,-3.09375
19149,-3.08203
19150,-3.07422
19151,-3.06641
19152,-3.05469
19153,0
19154,0
19155,0
19156,7.99609
19157,-8
19158,0.00390625
19159,0
19160,0.00390625
19161,0
19162,-0.00390625
19163,0
19164,-2.94922
19165,-2.9375
19166,-2.92969
19167,-2.92188
19168,-2.91016
19169,0
19170,0
19171,0
19172,7.99609
19173,-8
19174,0.00390625
19175,0
19176,0.00390625
19177,0
19178,-0.00390625
19179,0
19180,-2.80469
19181,-2.79297
19182,-2.78516
19183,-2.77734
19184,-2.76563
19185,0
19186,0
19187,0
19188,7.99609
19189,-8
19190,0.00390625
19191,0
19192,0.00390625
19193,0
19194,-0.00390625
19195,0
19196,-2.66016
19197,-2.64844
19198,-2.64063
19199,-2.63281
19200,-2.62109
19201,0
19202,0
19203,0
19204,7.99609
19205,-8
19206,0.00390625
19207,0
19208,0.00390625
19209,0
19210,-0.00390625
19211,0
19212,-2.51563
19213,-2.50391
19214,-2.49609
19215,-2.48828
19216,-2.47656
19217,0
19218,0
19219,0
19220,7.99609
19221,-8
19222,0.00390625
19223,0
19224,0.00390625
19225,0
19226,-0.00390625
19227,0
19228,-2.37109
19229,-2.35938
19230,-2.35156
19231,-2.34375
19232,-2.33203
19233,0
19234,0
19235,0
19236,7.99609
19237,-8
19238,0.00390625
19239,0
19240,0.00390625
19241,0
19242,-0.00390625
19243,0
19244,-2.22656
19245,-2.21484
19246,-2.20703
19247,-2.19922
19248,-2.1875
19249,0
19250,0
19251,0
19252,7.99609
19253,-8
19254,0.00390625
19255,0
19256,0.00390625
19257,0
19258,-0.00390625
19259,0
19260,-2.08203
19261,-2.07031
19262,-2.0625
19263,-2.05469
19264,-2.04297
19265,0
19266,0
19267,0
19268,7.99609
19269,-8
19270,0.00390625
19271,0
19272,0.00390625
19273,0
19274,-0.00390625
19275,0
19276,-1.9375
19277,-1.92578
19278,-1.91797
19279,-1.91016
19280,-1.89844
19281,0
19282,0
19283,0
19284,7.99609
19285,-8
19286,0.00390625
19287,0
19288,0.00390625
19289,0
19290,-0.00390625
19291,0
19292,-1.79297
19293,-1.78125
19294,-1.77344
19295,-1.76563
19296,-1.75391
19297,0
19298,0
19299,0
19300,7.99609
19301,-8
19302,0.00390625
19303,0
19304,0.00390625
19305,0
19306,-0.00390625
19307,0
19308,-1.64844
19309,-1.63672
19310,-1.62891
19311,-1.62109
19312,-1.60938
19313,0
19314,0
19315,0
19316,7.99609
19317,-8
19318,0.00390625
19319,0
19320,0.00390625
19321,0
19322,-0.00390625
19323,0
19324,-1.50391
19325,-1.49219
19326,-1.48438
19327,-1.47656
19328,-1.46484
19329,0
19330,0
19331,0
19332,7.99609
19333,-8
19334,0.00390625
19335,0
19336,0.00390625
19337,0
19338,-0.00390625
19339,0
19340,-1.35938
19341,-1.34766
19342,-1.33984
19343,-1.33203
19344,-1.32031
19345,0
19346,0
19347,0
19348,7.99609
19349,-8
19350,0.00390625
19351,0
19352,0.00390625
19353,0
19354,-0.00390625
19355,0
19356,-1.21484
19357,-1.20313
19358,-1.19531
19359,-1.1875
19360,-1.17578
19361,0
19362,0
19363,0
19364,7.99609
19365,-8
19366,0.00390625
19367,0
19368,0.00390625
19369,0
19370,-0.00390625
19371,0
19372,-1.07031
19373,-1.05859
19374,-1.05078
19375,-1.04297
19376,-1.03125
19377,0
19378,0
19379,0
19380,7.99609
19381,-8
19382,0.00390625
19383,0
19384,0.00390625
19385,0
19386,-0.00390625
19387,0
19388,-0.925781
19389,-0.914063
19390,-0.90625
19391,-0.898438
19392,-0.886719
19393,0
19394,0
19395,0
19396,7.99609
19397,-8
19398,0.00390625
19399,0
19400,0.00390625
19401,0
19402,-0.00390625
19403,0
19404,-0.78125
19405,-0.769531
19406,-0.761719
19407,-0.753906
19408,-0.742188
19409,0
19410,0
19411,0
19412,7.99609
19413,-8
19414,0.00390625
19415,0
19416,0.00390625
19417,0
19418,-0.00390625
19419,0
19420,-0.636719
19421,-0.625
19422,-0.617188
19423,-0.609375
19424,-0.597656
19425,0
19426,0
19427,0
19428,7.99609
19429,-8
19430,0.00390625
19431,0
19432,0.00390625
19433,0
19434,-0.00390625
19435,0
19436,-0.492188
19437,-0.480469
19438,-0.472656
19439,-0.464844
19440,-0.453125
19441,0
19442,0
19443,0
19444,7.99609
19445,-8
19446,0.00390625
19447,0
19448,0.00390625
19449,0
19450,-0.00390625
19451,0
19452,-0.347656
19453,-0.335938
19454,-0.328125
19455,-0.320313
19456,-0.308594
19457,0
19458,0
19459,0
19460,7.99609
19461,-8
19462,0.00390625
19463,0
19464,0.00390625
19465,0
19466,-0.00390625
19467,0
19468,-0.203125
19469,-0.191406
19470,-0.183594
19471,-0.175781
19472,-0.164063
19473,0
19474,0
19475,0
19476,7.99609
19477,-8
19478,0.00390625
19479,0
19480,0.00390625
19481,0
19482,-0.00390625
19483,0
19484,-0.0585938
19485,-0.046875
19486,-0.0390625
19487,-0.03125
19488,-0.0195313
19489,0
19490,0
19491,0
19492,7.99609
19493,-8
19494,0.00390625
19495,0
19496,0.00390625
19497,0
19498,-0.00390625
19499,0
19500,0.0859375
19501,0.0976563
19502,0.105469
19503,0.113281
19504,0.125
19505,0
19506,0
19507,0
19508,7.99609
19509,-8
19510,0.00390625
19511,0
19512,0.00390625
19513,0
19514,-0.00390625
19515,0
19516,0.230469
19517,0.242188
19518,0.25
19519,0.257813
19520,0.269531
19521,0
19522,0
19523,0
19524,7.99609
19525,-8
19526,0.00390625
19527,0
19528,0.00390625
19529,0
19530,-0.00390625
19531,0
19532,0.375
19533,0.386719
19534,0.394531
19535,0.402344
19536,0.414063
19537,0
19538,0
19539,0
19540,7.99609
19541,-8
19542,0.00390625
19543,0
19544,0.00390625
19545,0
19546,-0.00390625
19547,0
19548,0.519531
19549,0.53125
19550,0.539063
19551,0.546875
19552,0.558594
19553,0
19554,0
19555,0
19556,7.99609
19557,-8
19558,0.00390625
19559,0
19560,0.00390625
19561,0
19562,-0.00390625
19563,0
19564,0.664063
19565,0.675781
19566,0.683594
19567,0.691406
19568,0.703125
19569,0
19570,0
19571,0
19572,7.99609
19573,-8
19574,0.00390625
19575,0
19576,0.00390625
19577,0
19578,-0.00390625
19579,0
19580,0.808594
19581,0.820313
19582,0.828125
19583,0.835938
19584,0.847656
19585,0
19586,0
19587,0
19588,7.99609
19589,-8
19590,0.00390625
19591,0
19592,0.00390625
19593,0
19594,-0.00390625
19595,0
19596,0.953125
19597,0.964844
19598,0.972656
19599,0.980469
19600,0.992188
19601,0
19602,0
19603,0
19604,7.99609
19605,-8
19606,0.00390625
19607,0
19608,0.00390625
19609,0
19610,-0.00390625
19611,0
19612,1.09766
19613,1.10938
19614,1.11719
19615,1.125
19616,1.13672
19617,0
19618,0
19619,0
19620,7.99609
19621,-8
19622,0.00390625
19623,0
19624,0.00390625
19625,0
19626,-0.00390625
19627,0
19628,1.24219
19629,1.25391
19630,1.26172
19631,1.26953
19632,1.28125
19633,0
19634,0
19635,0
19636,7.99609
19637,-8
19638,0.00390625
19639,0
19640,0.00390625
19641,0
19642,-0.00390625
19643,0
19644,1.38672
19645,1.39844
19646,1.40625
19647,1.41406
19648,1.42578
19649,0
19650,0
19651,0
19652,7.99609
19653,-8
19654,0.00390625
19655,0
19656,0.00390625
19657,0
19658,-0.00390625
19659,0
19660,1.53125
19661,1.54297
19662,1.55078
19663,1.55859
19664,1.57031
19665,0
19666,0
19667,0
19668,7.99609
19669,-8
19670,0.00390625
19671,0
19672,0.00390625
19673,0
19674,-0.00390625
19675,0
19676,1.67578
19677,1.6875
19678,1.69531
19679,1.70313
19680,1.71484
19681,0
19682,0
19683,0
19684,7.99609
19685,-8
19686,0.00390625
19687,0
19688,0.00390625
19689,0
19690,-0.00390625
19691,0
19692,1.82031
19693,1.83203
19694,1.83984
19695,1.84766
19696,1.85938
19697,0
19698,0
19699,0
19700,7.99609
19701,-8
19702,0.00390625
19703,0
19704,0.00390625
19705,0
19706,-0.00390625
19707,0
19708,1.96484
19709,1.97656
19710,1.98438
19711,1.99219
19712,2.00391
19713,0
19714,0
19715,0
19716,7.99609
19717,-8
19718,0.00390625
19719,0
19720,0.00390625
19721,0
19722,-0.00390625
19723,0
19724,2.10938
19725,2.12109
19726,2.12891
19727,2.13672
19728,2.14844
19729,0
19730,0
19731,0
19732,7.99609
19733,-8
19734,0.00390625
19735,0
19736,0.00390625
19737,0
19738,-0.00390625
19739,0
19740,2.25391
19741,2.26563
19742,2.27344
19743,2.28125
19744,2.29297
19745,0
19746,0
19747,0
19748,7.99609
19749,-8
19750,0.00390625
19751,0
19752,0.00390625
19753,0
19754,-0.00390625
19755,0
19756,2.39844
19757,2.41016
19758,2.41797
19759,2.42578
19760,2.4375
19761,0
19762,0
19763,0
19764,7.99609
19765,-8
19766,0.00390625
19767,0
19768,0.00390625
19769,0
19770,-0.00390625
19771,0
19772,2.54297
19773,2.55469
19774,2.5625
19775,2.57031
19776,2.58203
19777,0
19778,0
19779,0
19780,7.99609
19781,-8
19782,0.00390625
19783,0
19784,0.00390625
19785,0
19786,-0.00390625
19787,0
19788,2.6875
19789,2.69922
19790,2.70703
19791,2.71484
19792,2.72656
19793,0
19794,0
19795,0
19796,7.99609
19797,-8
19798,0.00390625
19799,0
19800,0.00390625
19801,0
19802,-0.00390625
19803,0
19804,2.83203
19805,2.84375
19806,2.85156
19807,2.85938
19808,2.87109
19809,0
19810,0
19811,0
19812,7.99609
19813,-8
19814,0.00390625
19815,0
19816,0.00390625
19817,0
19818,-0.00390625
19819,0
19820,2.97656
19821,2.98828
19822,2.99609
19823,3.00391
19824,3.01563
19825,0
19826,0
19827,0
19828,7.99609
19829,-8
19830,0.00390625
19831,0
19832,0.00390625
19833,0
19834,-0.00390625
19835,0
19836,3.12109
19837,3.13281
19838,3.14063
19839,3.14844
19840,3.16016
19841,0
19842,0
19843,0
19844,7.99609
19845,-8
19846,0.00390625
19847,0
19848,0.00390625
19849,0
19850,-0.00390625
19851,0
19852,3.26563
19853,3.27734
19854,3.28516
19855,3.29297
19856,3.30469
19857,0
19858,0
19859,0
19860,7.99609
19861,-8
19862,0.00390625
19863,0
19864,0.00390625
19865,0
19866,-0.00390625
19867,0
19868,3.41016
19869,3.42188
19870,3.42969
19871,3.4375
19872,3.44922
19873,0
19874,0
19875,0
19876,7.99609
19877,-8
19878,0.00390625
19879,0
19880,0.00390625
19881,0
19882,-0.00390625
19883,0
19884,3.55469
19885,3.56641
19886,3.57422
19887,3.58203
19888,3.59375
19889,0
19890,0
19891,0
19892,7.99609
19893,-8
19894,0.00390625
19895,0
19896,0.00390625
19897,0
19898,-0.00390625
19899,0
19900,3.69922
19901,3.71094
19902,3.71875
19903,3.72656
19904,3.73828
19905,0
19906,0
19907,0
19908,7.99609
19909,-8
19910,0.00390625
19911,0
19912,0.00390625
19913,0
19914,-0.00390625
19915,0
19916,3.84375
19917,3.85547
19918,3.86328
19919,3.87109
19920,3.88281
19921,0
19922,0
19923,0
19924,7.99609
19925,-8
19926,0.00390625
19927,0
19928,0.00390625
19929,0
19930,-0.00390625
19931,0
19932,3.98828
19933,4
19934,4.00781
19935,4.01563
19936,4.02734
19937,0
19938,0
19939,0
19940,7.99609
19941,-8
19942,0.00390625
19943,0
19944,0.00390625
19945,0
19946,-0.00390625
19947,0
19948,4.13281
19949,4.14453
19950,4.15234
19951,4.16016
19952,4.17188
19953,0
19954,0
19955,0
19956,7.99609
19957,-8
19958,0.00390625
19959,0
19960,0.00390625
19961,0
19962,-0.00390625
19963,0
19964,4.27734
19965,4.28906
19966,4.29688
19967,4.30469
19968,4.31641
19969,0
19970,0
19971,0
19972,7.99609
19973,-8
19974,0.00390625
19975,0
19976,0.00390625
19977,0
19978,-0.00390625
19979,0
19980,4.42188
19981,4.43359
19982,4.44141
19983,4.44922
19984,4.46094
19985,0
19986,0
19987,0
19988,7.99609
19989,-8
19990,0.00390625
19991,0
19992,0.00390625
19993,0
19994,-0.00390625
19995,0
19996,4.56641
19997,4.57813
19998,4.58594
19999,4.59375
20000,4.60547
