cycle,o_word
1,0
2,0
3,-0.0625
4,1.9375
5,-2
6,0
7,0
8,0.0625
9,-0.0625
10,-0.0625
11,0
12,-1.875
13,-0.75
14,0.4375
15,1.5625
16,1.9375
17,0
18,0
19,-0.0625
20,1.9375
21,-2
22,0
23,0
24,0.0625
25,-0.0625
26,-0.0625
27,0
28,0.625
29,1.75
30,1.9375
31,-2
32,-2
33,0
34,0
35,-0.0625
36,1.9375
37,-2
38,0
39,0
40,0.0625
41,-0.0625
42,-0.0625
43,0
44,1.9375
45,-2
46,-2
47,-1.4375
48,-0.25
49,0
50,0
51,-0.0625
52,1.9375
53,-2
54,0
55,0
56,0.0625
57,-0.0625
58,-0.0625
59,0
60,-2
61,-1.25
62,-0.0625
63,1.0625
64,1.9375
65,0
66,0
67,-0.0625
68,1.9375
69,-2
70,0
71,0
72,0.0625
73,-0.0625
74,-0.0625
75,0
76,0.125
77,1.25
78,1.9375
79,1.9375
80,-2
81,0
82,0
83,-0.0625
84,1.9375
85,-2
86,0
87,0
88,0.0625
89,-0.0625
90,-0.0625
91,0
92,1.9375
93,1.9375
94,-2
95,-1.9375
96,-0.75
97,0
98,0
99,-0.0625
100,1.9375
101,-2
102,0
103,0
104,0.0625
105,-0.0625
106,-0.0625
107,0
108,-2
109,-1.75
110,-0.5625
111,0.5625
112,1.75
113,0
114,0
115,-0.0625
116,1.9375
117,-2
118,0
119,0
120,0.0625
121,-0.0625
122,-0.0625
123,0
124,-0.375
125,0.75
126,1.9375
127,1.9375
128,-2
129,0
130,0
131,-0.0625
132,1.9375
133,-2
134,0
135,0
136,0.0625
137,-0.0625
138,-0.0625
139,0
140,1.9375
141,1.9375
142,-2
143,-2
144,-1.25
145,0
146,0
147,-0.0625
148,1.9375
149,-2
150,0
151,0
152,0.0625
153,-0.0625
154,-0.0625
155,0
156,-2
157,-2
158,-1.0625
159,0.0625
160,1.25
161,0
162,0
163,-0.0625
164,1.9375
165,-2
166,0
167,0
168,0.0625
169,-0.0625
170,-0.0625
171,0
172,-0.875
173,0.25
174,1.4375
175,1.9375
176,1.9375
177,0
178,0
179,-0.0625
180,1.9375
181,-2
182,0
183,0
184,0.0625
185,-0.0625
186,-0.0625
187,0
188,1.625
189,1.9375
190,1.9375
191,-2
192,-1.75
193,0
194,0
195,-0.0625
196,1.9375
197,-2
198,0
199,0
200,0.0625
201,-0.0625
202,-0.0625
203,0
204,-2
205,-2
206,-1.5625
207,-0.4375
208,0.75
209,0
210,0
211,-0.0625
212,1.9375
213,-2
214,0
215,0
216,0.0625
217,-0.0625
218,-0.0625
219,0
220,-1.375
221,-0.25
222,0.9375
223,1.9375
224,1.9375
225,0
226,0
227,-0.0625
228,1.9375
229,-2
230,0
231,0
232,0.0625
233,-0.0625
234,-0.0625
235,0
236,1.125
237,1.9375
238,1.9375
239,-2
240,-2
241,0
242,0
243,-0.0625
244,1.9375
245,-2
246,0
247,0
248,0.0625
249,-0.0625
250,-0.0625
251,0
252,1.9375
253,-2
254,-2
255,-0.9375
256,0.25
257,0
258,0
259,-0.0625
260,1.9375
261,-2
262,0
263,0
264,0.0625
265,-0.0625
266,-0.0625
267,0
268,-1.875
269,-0.75
270,0.4375
271,1.5625
272,1.9375
273,0
274,0
275,-0.0625
276,1.9375
277,-2
278,0
279,0
280,0.0625
281,-0.0625
282,-0.0625
283,0
284,0.625
285,1.75
286,1.9375
287,-2
288,-2
289,0
290,0
291,-0.0625
292,1.9375
293,-2
294,0
295,0
296,0.0625
297,-0.0625
298,-0.0625
299,0
300,1.9375
301,-2
302,-2
303,-1.4375
304,-0.25
305,0
306,0
307,-0.0625
308,1.9375
309,-2
310,0
311,0
312,0.0625
313,-0.0625
314,-0.0625
315,0
316,-2
317,-1.25
318,-0.0625
319,1.0625
320,1.9375
321,0
322,0
323,-0.0625
324,1.9375
325,-2
326,0
327,0
328,0.0625
329,-0.0625
330,-0.0625
331,0
332,0.125
333,1.25
334,1.9375
335,1.9375
336,-2
337,0
338,0
339,-0.0625
340,1.9375
341,-2
342,0
343,0
344,0.0625
345,-0.0625
346,-0.0625
347,0
348,1.9375
349,1.9375
350,-2
351,-1.9375
352,-0.75
353,0
354,0
355,-0.0625
356,1.9375
357,-2
358,0
359,0
360,0.0625
361,-0.0625
362,-0.0625
363,0
364,-2
365,-1.75
366,-0.5625
367,0.5625
368,1.75
369,0
370,0
371,-0.0625
372,1.9375
373,-2
374,0
375,0
376,0.0625
377,-0.0625
378,-0.0625
379,0
380,-0.375
381,0.75
382,1.9375
383,1.9375
384,-2
385,0
386,0
387,-0.0625
388,1.9375
389,-2
390,0
391,0
392,0.0625
393,-0.0625
394,-0.0625
395,0
396,1.9375
397,1.9375
398,-2
399,-2
400,-1.25
401,0
402,0
403,-0.0625
404,1.9375
405,-2
406,0
407,0
408,0.0625
409,-0.0625
410,-0.0625
411,0
412,-2
413,-2
414,-1.0625
415,0.0625
416,1.25
417,0
418,0
419,-0.0625
420,1.9375
421,-2
422,0
423,0
424,0.0625
425,-0.0625
426,-0.0625
427,0
428,-0.875
429,0.25
430,1.4375
431,1.9375
432,1.9375
433,0
434,0
435,-0.0625
436,1.9375
437,-2
438,0
439,0
440,0.0625
441,-0.0625
442,-0.0625
443,0
444,1.625
445,1.9375
446,1.9375
447,-2
448,-1.75
449,0
450,0
451,-0.0625
452,1.9375
453,-2
454,0
455,0
456,0.0625
457,-0.0625
458,-0.0625
459,0
460,-2
461,-2
462,-1.5625
463,-0.4375
464,0.75
465,0
466,0
467,-0.0625
468,1.9375
469,-2
470,0
471,0
472,0.0625
473,-0.0625
474,-0.0625
475,0
476,-1.375
477,-0.25
478,0.9375
479,1.9375
480,1.9375
481,0
482,0
483,-0.0625
484,1.9375
485,-2
486,0
487,0
488,0.0625
489,-0.0625
490,-0.0625
491,0
492,1.125
493,1.9375
494,1.9375
495,-2
496,-2
497,0
498,0
499,-0.0625
500,1.9375
501,-2
502,0
503,0
504,0.0625
505,-0.0625
506,-0.0625
507,0
508,1.9375
509,-2
510,-2
511,-0.9375
512,0.25
513,0
514,0
515,-0.0625
516,1.9375
517,-2
518,0
519,0
520,0.0625
521,-0.0625
522,-0.0625
523,0
524,-1.875
525,-0.75
526,0.4375
527,1.5625
528,1.9375
529,0
530,0
531,-0.0625
532,1.9375
533,-2
534,0
535,0
536,0.0625
537,-0.0625
538,-0.0625
539,0
540,0.625
541,1.75
542,1.9375
543,-2
544,-2
545,0
546,0
547,-0.0625
548,1.9375
549,-2
550,0
551,0
552,0.0625
553,-0.0625
554,-0.0625
555,0
556,1.9375
557,-2
558,-2
559,-1.4375
560,-0.25
561,0
562,0
563,-0.0625
564,1.9375
565,-2
566,0
567,0
568,0.0625
569,-0.0625
570,-0.0625
571,0
572,-2
573,-1.25
574,-0.0625
575,1.0625
576,1.9375
577,0
578,0
579,-0.0625
580,1.9375
581,-2
582,0
583,0
584,0.0625
585,-0.0625
586,-0.0625
587,0
588,0.125
589,1.25
590,1.9375
591,1.9375
592,-2
593,0
594,0
595,-0.0625
596,1.9375
597,-2
598,0
599,0
600,0.0625
601,-0.0625
602,-0.0625
603,0
604,1.9375
605,1.9375
606,-2
607,-1.9375
608,-0.75
609,0
610,0
611,-0.0625
612,1.9375
613,-2
614,0
615,0
616,0.0625
617,-0.0625
618,-0.0625
619,0
620,-2
621,-1.75
622,-0.5625
623,0.5625
624,1.75
625,0
626,0
627,-0.0625
628,1.9375
629,-2
630,0
631,0
632,0.0625
633,-0.0625
634,-0.0625
635,0
636,-0.375
637,0.75
638,1.9375
639,1.9375
640,-2
641,0
642,0
643,-0.0625
644,1.9375
645,-2
646,0
647,0
648,0.0625
649,-0.0625
650,-0.0625
651,0
652,1.9375
653,1.9375
654,-2
655,-2
656,-1.25
657,0
658,0
659,-0.0625
660,1.9375
661,-2
662,0
663,0
664,0.0625
665,-0.0625
666,-0.0625
667,0
668,-2
669,-2
670,-1.0625
671,0.0625
672,1.25
673,0
674,0
675,-0.0625
676,1.9375
677,-2
678,0
679,0
680,0.0625
681,-0.0625
682,-0.0625
683,0
684,-0.875
685,0.25
686,1.4375
687,1.9375
688,1.9375
689,0
690,0
691,-0.0625
692,1.9375
693,-2
694,0
695,0
696,0.0625
697,-0.0625
698,-0.0625
699,0
700,1.625
701,1.9375
702,1.9375
703,-2
704,-1.75
705,0
706,0
707,-0.0625
708,1.9375
709,-2
710,0
711,0
712,0.0625
713,-0.0625
714,-0.0625
715,0
716,-2
717,-2
718,-1.5625
719,-0.4375
720,0.75
721,0
722,0
723,-0.0625
724,1.9375
725,-2
726,0
727,0
728,0.0625
729,-0.0625
730,-0.0625
731,0
732,-1.375
733,-0.25
734,0.9375
735,1.9375
736,1.9375
737,0
738,0
739,-0.0625
740,1.9375
741,-2
742,0
743,0
744,0.0625
745,-0.0625
746,-0.0625
747,0
748,1.125
749,1.9375
750,1.9375
751,-2
752,-2
753,0
754,0
755,-0.0625
756,1.9375
757,-2
758,0
759,0
760,0.0625
761,-0.0625
762,-0.0625
763,0
764,1.9375
765,-2
766,-2
767,-0.9375
768,0.25
769,0
770,0
771,-0.0625
772,1.9375
773,-2
774,0
775,0
776,0.0625
777,-0.0625
778,-0.0625
779,0
780,-1.875
781,-0.75
782,0.4375
783,1.5625
784,1.9375
785,0
786,0
787,-0.0625
788,1.9375
789,-2
790,0
791,0
792,0.0625
793,-0.0625
794,-0.0625
795,0
796,0.625
797,1.75
798,1.9375
799,-2
800,-2
801,0
802,0
803,-0.0625
804,1.9375
805,-2
806,0
807,0
808,0.0625
809,-0.0625
810,-0.0625
811,0
812,1.9375
813,-2
814,-2
815,-1.4375
816,-0.25
817,0
818,0
819,-0.0625
820,1.9375
821,-2
822,0
823,0
824,0.0625
825,-0.0625
826,-0.0625
827,0
828,-2
829,-1.25
830,-0.0625
831,1.0625
832,1.9375
833,0
834,0
835,-0.0625
836,1.9375
837,-2
838,0
839,0
840,0.0625
841,-0.0625
842,-0.0625
843,0
844,0.125
845,1.25
846,1.9375
847,1.9375
848,-2
849,0
850,0
851,-0.0625
852,1.9375
853,-2
854,0
855,0
856,0.0625
857,-0.0625
858,-0.0625
859,0
860,1.9375
861,1.9375
862,-2
863,-1.9375
864,-0.75
865,0
866,0
867,-0.0625
868,1.9375
869,-2
870,0
871,0
872,0.0625
873,-0.0625
874,-0.0625
875,0
876,-2
877,-1.75
878,-0.5625
879,0.5625
880,1.75
881,0
882,0
883,-0.0625
884,1.9375
885,-2
886,0
887,0
888,0.0625
889,-0.0625
890,-0.0625
891,0
892,-0.375
893,0.75
894,1.9375
895,1.9375
896,-2
897,0
898,0
899,-0.0625
900,1.9375
901,-2
902,0
903,0
904,0.0625
905,-0.0625
906,-0.0625
907,0
908,1.9375
909,1.9375
910,-2
911,-2
912,-1.25
913,0
914,0
915,-0.0625
916,1.9375
917,-2
918,0
919,0
920,0.0625
921,-0.0625
922,-0.0625
923,0
924,-2
925,-2
926,-1.0625
927,0.0625
928,1.25
929,0
930,0
931,-0.0625
932,1.9375
933,-2
934,0
935,0
936,0.0625
937,-0.0625
938,-0.0625
939,0
940,-0.875
941,0.25
942,1.4375
943,1.9375
944,1.9375
945,0
946,0
947,-0.0625
948,1.9375
949,-2
950,0
951,0
952,0.0625
953,-0.0625
954,-0.0625
955,0
956,1.625
957,1.9375
958,1.9375
959,-2
960,-1.75
961,0
962,0
963,-0.0625
964,1.9375
965,-2
966,0
967,0
968,0.0625
969,-0.0625
970,-0.0625
971,0
972,-2
973,-2
974,-1.5625
975,-0.4375
976,0.75
977,0
978,0
979,-0.0625
980,1.9375
981,-2
982,0
983,0
984,0.0625
985,-0.0625
986,-0.0625
987,0
988,-1.375
989,-0.25
990,0.9375
991,1.9375
992,1.9375
993,0
994,0
995,-0.0625
996,1.9375
997,-2
998,0
999,0
1000,0.0625
1001,-0.0625
1002,-0.0625
1003,0
1004,1.125
1005,1.9375
1006,1.9375
1007,-2
1008,-2
1009,0
1010,0
1011,-0.0625
1012,1.9375
1013,-2
1014,0
1015,0
1016,0.0625
1017,-0.0625
1018,-0.0625
1019,0
1020,1.9375
1021,-2
1022,-2
1023,-0.9375
1024,0.25
1025,0
1026,0
1027,-0.0625
1028,1.9375
1029,-2
1030,0
1031,0
1032,0.0625
1033,-0.0625
1034,-0.0625
1035,0
1036,-1.875
1037,-0.75
1038,0.4375
1039,1.5625
1040,1.9375
1041,0
1042,0
1043,-0.0625
1044,1.9375
1045,-2
1046,0
1047,0
1048,0.0625
1049,-0.0625
1050,-0.0625
1051,0
1052,0.625
1053,1.75
1054,1.9375
1055,-2
1056,-2
1057,0
1058,0
1059,-0.0625
1060,1.9375
1061,-2
1062,0
1063,0
1064,0.0625
1065,-0.0625
1066,-0.0625
1067,0
1068,1.9375
1069,-2
1070,-2
1071,-1.4375
1072,-0.25
1073,0
1074,0
1075,-0.0625
1076,1.9375
1077,-2
1078,0
1079,0
1080,0.0625
1081,-0.0625
1082,-0.0625
1083,0
1084,-2
1085,-1.25
1086,-0.0625
1087,1.0625
1088,1.9375
1089,0
1090,0
1091,-0.0625
1092,1.9375
1093,-2
1094,0
1095,0
1096,0.0625
1097,-0.0625
1098,-0.0625
1099,0
1100,0.125
1101,1.25
1102,1.9375
1103,1.9375
1104,-2
1105,0
1106,0
1107,-0.0625
1108,1.9375
1109,-2
1110,0
1111,0
1112,0.0625
1113,-0.0625
1114,-0.0625
1115,0
1116,1.9375
1117,1.9375
1118,-2
1119,-1.9375
1120,-0.75
1121,0
1122,0
1123,-0.0625
1124,1.9375
1125,-2
1126,0
1127,0
1128,0.0625
1129,-0.0625
1130,-0.0625
1131,0
1132,-2
1133,-1.75
1134,-0.5625
1135,0.5625
1136,1.75
1137,0
1138,0
1139,-0.0625
1140,1.9375
1141,-2
1142,0
1143,0
1144,0.0625
1145,-0.0625
1146,-0.0625
1147,0
1148,-0.375
1149,0.75
1150,1.9375
1151,1.9375
1152,-2
1153,0
1154,0
1155,-0.0625
1156,1.9375
1157,-2
1158,0
1159,0
1160,0.0625
1161,-0.0625
1162,-0.0625
1163,0
1164,1.9375
1165,1.9375
1166,-2
1167,-2
1168,-1.25
1169,0
1170,0
1171,-0.0625
1172,1.9375
1173,-2
1174,0
1175,0
1176,0.0625
1177,-0.0625
1178,-0.0625
1179,0
1180,-2
1181,-2
1182,-1.0625
1183,0.0625
1184,1.25
1185,0
1186,0
1187,-0.0625
1188,1.9375
1189,-2
1190,0
1191,0
1192,0.0625
1193,-0.0625
1194,-0.0625
1195,0
1196,-0.875
1197,0.25
1198,1.4375
1199,1.9375
1200,1.9375
1201,0
1202,0
1203,-0.0625
1204,1.9375
1205,-2
1206,0
1207,0
1208,0.0625
1209,-0.0625
1210,-0.0625
1211,0
1212,1.625
1213,1.9375
1214,1.9375
1215,-2
1216,-1.75
1217,0
1218,0
1219,-0.0625
1220,1.9375
1221,-2
1222,0
1223,0
1224,0.0625
1225,-0.0625
1226,-0.0625
1227,0
1228,-2
1229,-2
1230,-1.5625
1231,-0.4375
1232,0.75
1233,0
1234,0
1235,-0.0625
1236,1.9375
1237,-2
1238,0
1239,0
1240,0.0625
1241,-0.0625
1242,-0.0625
1243,0
1244,-1.375
1245,-0.25
1246,0.9375
1247,1.9375
1248,1.9375
1249,0
1250,0
1251,-0.0625
1252,1.9375
1253,-2
1254,0
1255,0
1256,0.0625
1257,-0.0625
1258,-0.0625
1259,0
1260,1.125
1261,1.9375
1262,1.9375
1263,-2
1264,-2
1265,0
1266,0
1267,-0.0625
1268,1.9375
1269,-2
1270,0
1271,0
1272,0.0625
1273,-0.0625
1274,-0.0625
1275,0
1276,1.9375
1277,-2
1278,-2
1279,-0.9375
1280,0.25
1281,0
1282,0
1283,-0.0625
1284,1.9375
1285,-2
1286,0
1287,0
1288,0.0625
1289,-0.0625
1290,-0.0625
1291,0
1292,-1.875
1293,-0.75
1294,0.4375
1295,1.5625
1296,1.9375
1297,0
1298,0
1299,-0.0625
1300,1.9375
1301,-2
1302,0
1303,0
1304,0.0625
1305,-0.0625
1306,-0.0625
1307,0
1308,0.625
1309,1.75
1310,1.9375
1311,-2
1312,-2
1313,0
1314,0
1315,-0.0625
1316,1.9375
1317,-2
1318,0
1319,0
1320,0.0625
1321,-0.0625
1322,-0.0625
1323,0
1324,1.9375
1325,-2
1326,-2
1327,-1.4375
1328,-0.25
1329,0
1330,0
1331,-0.0625
1332,1.9375
1333,-2
1334,0
1335,0
1336,0.0625
1337,-0.0625
1338,-0.0625
1339,0
1340,-2
1341,-1.25
1342,-0.0625
1343,1.0625
1344,1.9375
1345,0
1346,0
1347,-0.0625
1348,1.9375
1349,-2
1350,0
1351,0
1352,0.0625
1353,-0.0625
1354,-0.0625
1355,0
1356,0.125
1357,1.25
1358,1.9375
1359,1.9375
1360,-2
1361,0
1362,0
1363,-0.0625
1364,1.9375
1365,-2
1366,0
1367,0
1368,0.0625
1369,-0.0625
1370,-0.0625
1371,0
1372,1.9375
1373,1.9375
1374,-2
1375,-1.9375
1376,-0.75
1377,0
1378,0
1379,-0.0625
1380,1.9375
1381,-2
1382,0
1383,0
1384,0.0625
1385,-0.0625
1386,-0.0625
1387,0
1388,-2
1389,-1.75
1390,-0.5625
1391,0.5625
1392,1.75
1393,0
1394,0
1395,-0.0625
1396,1.9375
1397,-2
1398,0
1399,0
1400,0.0625
1401,-0.0625
1402,-0.0625
1403,0
1404,-0.375
1405,0.75
1406,1.9375
1407,1.9375
1408,-2
1409,0
1410,0
1411,-0.0625
1412,1.9375
1413,-2
1414,0
1415,0
1416,0.0625
1417,-0.0625
1418,-0.0625
1419,0
1420,1.9375
1421,1.9375
1422,-2
1423,-2
1424,-1.25
1425,0
1426,0
1427,-0.0625
1428,1.9375
1429,-2
1430,0
1431,0
1432,0.0625
1433,-0.0625
1434,-0.0625
1435,0
1436,-2
1437,-2
1438,-1.0625
1439,0.0625
1440,1.25
1441,0
1442,0
1443,-0.0625
1444,1.9375
1445,-2
1446,0
1447,0
1448,0.0625
1449,-0.0625
1450,-0.0625
1451,0
1452,-0.875
1453,0.25
1454,1.4375
1455,1.9375
1456,1.9375
1457,0
1458,0
1459,-0.0625
1460,1.9375
1461,-2
1462,0
1463,0
1464,0.0625
1465,-0.0625
1466,-0.0625
1467,0
1468,1.625
1469,1.9375
1470,1.9375
1471,-2
1472,-1.75
1473,0
1474,0
1475,-0.0625
1476,1.9375
1477,-2
1478,0
1479,0
1480,0.0625
1481,-0.0625
1482,-0.0625
1483,0
1484,-2
1485,-2
1486,-1.5625
1487,-0.4375
1488,0.75
1489,0
1490,0
1491,-0.0625
1492,1.9375
1493,-2
1494,0
1495,0
1496,0.0625
1497,-0.0625
1498,-0.0625
1499,0
1500,-1.375
1501,-0.25
1502,0.9375
1503,1.9375
1504,1.9375
1505,0
1506,0
1507,-0.0625
1508,1.9375
1509,-2
1510,0
1511,0
1512,0.0625
1513,-0.0625
1514,-0.0625
1515,0
1516,1.125
1517,1.9375
1518,1.9375
1519,-2
1520,-2
1521,0
1522,0
1523,-0.0625
1524,1.9375
1525,-2
1526,0
1527,0
1528,0.0625
1529,-0.0625
1530,-0.0625
1531,0
1532,1.9375
1533,-2
1534,-2
1535,-0.9375
1536,0.25
1537,0
1538,0
1539,-0.0625
1540,1.9375
1541,-2
1542,0
1543,0
1544,0.0625
1545,-0.0625
1546,-0.0625
1547,0
1548,-1.875
1549,-0.75
1550,0.4375
1551,1.5625
1552,1.9375
1553,0
1554,0
1555,-0.0625
1556,1.9375
1557,-2
1558,0
1559,0
1560,0.0625
1561,-0.0625
1562,-0.0625
1563,0
1564,0.625
1565,1.75
1566,1.9375
1567,-2
1568,-2
1569,0
1570,0
1571,-0.0625
1572,1.9375
1573,-2
1574,0
1575,0
1576,0.0625
1577,-0.0625
1578,-0.0625
1579,0
1580,1.9375
1581,-2
1582,-2
1583,-1.4375
1584,-0.25
1585,0
1586,0
1587,-0.0625
1588,1.9375
1589,-2
1590,0
1591,0
1592,0.0625
1593,-0.0625
1594,-0.0625
1595,0
1596,-2
1597,-1.25
1598,-0.0625
1599,1.0625
1600,1.9375
1601,0
1602,0
1603,-0.0625
1604,1.9375
1605,-2
1606,0
1607,0
1608,0.0625
1609,-0.0625
1610,-0.0625
1611,0
1612,0.125
1613,1.25
1614,1.9375
1615,1.9375
1616,-2
1617,0
1618,0
1619,-0.0625
1620,1.9375
1621,-2
1622,0
1623,0
1624,0.0625
1625,-0.0625
1626,-0.0625
1627,0
1628,1.9375
1629,1.9375
1630,-2
1631,-1.9375
1632,-0.75
1633,0
1634,0
1635,-0.0625
1636,1.9375
1637,-2
1638,0
1639,0
1640,0.0625
1641,-0.0625
1642,-0.0625
1643,0
1644,-2
1645,-1.75
1646,-0.5625
1647,0.5625
1648,1.75
1649,0
1650,0
1651,-0.0625
1652,1.9375
1653,-2
1654,0
1655,0
1656,0.0625
1657,-0.0625
1658,-0.0625
1659,0
1660,-0.375
1661,0.75
1662,1.9375
1663,1.9375
1664,-2
1665,0
1666,0
1667,-0.0625
1668,1.9375
1669,-2
1670,0
1671,0
1672,0.0625
1673,-0.0625
1674,-0.0625
1675,0
1676,1.9375
1677,1.9375
1678,-2
1679,-2
1680,-1.25
1681,0
1682,0
1683,-0.0625
1684,1.9375
1685,-2
1686,0
1687,0
1688,0.0625
1689,-0.0625
1690,-0.0625
1691,0
1692,-2
1693,-2
1694,-1.0625
1695,0.0625
1696,1.25
1697,0
1698,0
1699,-0.0625
1700,1.9375
1701,-2
1702,0
1703,0
1704,0.0625
1705,-0.0625
1706,-0.0625
1707,0
1708,-0.875
1709,0.25
1710,1.4375
1711,1.9375
1712,1.9375
1713,0
1714,0
1715,-0.0625
1716,1.9375
1717,-2
1718,0
1719,0
1720,0.0625
1721,-0.0625
1722,-0.0625
1723,0
1724,1.625
1725,1.9375
1726,1.9375
1727,-2
1728,-1.75
1729,0
1730,0
1731,-0.0625
1732,1.9375
1733,-2
1734,0
1735,0
1736,0.0625
1737,-0.0625
1738,-0.0625
1739,0
1740,-2
1741,-2
1742,-1.5625
1743,-0.4375
1744,0.75
1745,0
1746,0
1747,-0.0625
1748,1.9375
1749,-2
1750,0
1751,0
1752,0.0625
1753,-0.0625
1754,-0.0625
1755,0
1756,-1.375
1757,-0.25
1758,0.9375
1759,1.9375
1760,1.9375
1761,0
1762,0
1763,-0.0625
1764,1.9375
1765,-2
1766,0
1767,0
1768,0.0625
1769,-0.0625
1770,-0.0625
1771,0
1772,1.125
1773,1.9375
1774,1.9375
1775,-2
1776,-2
1777,0
1778,0
1779,-0.0625
1780,1.9375
1781,-2
1782,0
1783,0
1784,0.0625
1785,-0.0625
1786,-0.0625
1787,0
1788,1.9375
1789,-2
1790,-2
1791,-0.9375
1792,0.25
1793,0
1794,0
1795,-0.0625
1796,1.9375
1797,-2
1798,0
1799,0
1800,0.0625
1801,-0.0625
1802,-0.0625
1803,0
1804,-1.875
1805,-0.75
1806,0.4375
1807,1.5625
1808,1.9375
1809,0
1810,0
1811,-0.0625
1812,1.9375
1813,-2
1814,0
1815,0
1816,0.0625
1817,-0.0625
1818,-0.0625
1819,0
1820,0.625
1821,1.75
1822,1.9375
1823,-2
1824,-2
1825,0
1826,0
1827,-0.0625
1828,1.9375
1829,-2
1830,0
1831,0
1832,0.0625
1833,-0.0625
1834,-0.0625
1835,0
1836,1.9375
1837,-2
1838,-2
1839,-1.4375
1840,-0.25
1841,0
1842,0
1843,-0.0625
1844,1.9375
1845,-2
1846,0
1847,0
1848,0.0625
1849,-0.0625
1850,-0.0625
1851,0
1852,-2
1853,-1.25
1854,-0.0625
1855,1.0625
1856,1.9375
1857,0
1858,0
1859,-0.0625
1860,1.9375
1861,-2
1862,0
1863,0
1864,0.0625
1865,-0.0625
1866,-0.0625
1867,0
1868,0.125
1869,1.25
1870,1.9375
1871,1.9375
1872,-2
1873,0
1874,0
1875,-0.0625
1876,1.9375
1877,-2
1878,0
1879,0
1880,0.0625
1881,-0.0625
1882,-0.0625
1883,0
1884,1.9375
1885,1.9375
1886,-2
1887,-1.9375
1888,-0.75
1889,0
1890,0
1891,-0.0625
1892,1.9375
1893,-2
1894,0
1895,0
1896,0.0625
1897,-0.0625
1898,-0.0625
1899,0
1900,-2
1901,-1.75
1902,-0.5625
1903,0.5625
1904,1.75
1905,0
1906,0
1907,-0.0625
1908,1.9375
1909,-2
1910,0
1911,0
1912,0.0625
1913,-0.0625
1914,-0.0625
1915,0
1916,-0.375
1917,0.75
1918,1.9375
1919,1.9375
1920,-2
1921,0
1922,0
1923,-0.0625
1924,1.9375
1925,-2
1926,0
1927,0
1928,0.0625
1929,-0.0625
1930,-0.0625
1931,0
1932,1.9375
1933,1.9375
1934,-2
1935,-2
1936,-1.25
1937,0
1938,0
1939,-0.0625
1940,1.9375
1941,-2
1942,0
1943,0
1944,0.0625
1945,-0.0625
1946,-0.0625
1947,0
1948,-2
1949,-2
1950,-1.0625
1951,0.0625
1952,1.25
1953,0
1954,0
1955,-0.0625
1956,1.9375
1957,-2
1958,0
1959,0
1960,0.0625
1961,-0.0625
1962,-0.0625
1963,0
1964,-0.875
1965,0.25
1966,1.4375
1967,1.9375
1968,1.9375
1969,0
1970,0
1971,-0.0625
1972,1.9375
1973,-2
1974,0
1975,0
1976,0.0625
1977,-0.0625
1978,-0.0625
1979,0
1980,1.625
1981,1.9375
1982,1.9375
1983,-2
1984,-1.75
1985,0
1986,0
1987,-0.0625
1988,1.9375
1989,-2
1990,0
1991,0
1992,0.0625
1993,-0.0625
1994,-0.0625
1995,0
1996,-2
1997,-2
1998,-1.5625
1999,-0.4375
2000,0.75
2001,0
2002,0
2003,-0.0625
2004,1.9375
2005,-2
2006,0
2007,0
2008,0.0625
2009,-0.0625
2010,-0.0625
2011,0
2012,-1.375
2013,-0.25
2014,0.9375
2015,1.9375
2016,1.9375
2017,0
2018,0
2019,-0.0625
2020,1.9375
2021,-2
2022,0
2023,0
2024,0.0625
2025,-0.0625
2026,-0.0625
2027,0
2028,1.125
2029,1.9375
2030,1.9375
2031,-2
2032,-2
2033,0
2034,0
2035,-0.0625
2036,1.9375
2037,-2
2038,0
2039,0
2040,0.0625
2041,-0.0625
2042,-0.0625
2043,0
2044,1.9375
2045,-2
2046,-2
2047,-0.9375
2048,0.25
2049,0
2050,0
2051,-0.0625
2052,1.9375
2053,-2
2054,0
2055,0
2056,0.0625
2057,-0.0625
2058,-0.0625
2059,0
2060,-1.875
2061,-0.75
2062,0.4375
2063,1.5625
2064,1.9375
2065,0
2066,0
2067,-0.0625
2068,1.9375
2069,-2
2070,0
2071,0
2072,0.0625
2073,-0.0625
2074,-0.0625
2075,0
2076,0.625
2077,1.75
2078,1.9375
2079,-2
2080,-2
2081,0
2082,0
2083,-0.0625
2084,1.9375
2085,-2
2086,0
2087,0
2088,0.0625
2089,-0.0625
2090,-0.0625
2091,0
2092,1.9375
2093,-2
2094,-2
2095,-1.4375
2096,-0.25
2097,0
2098,0
2099,-0.0625
2100,1.9375
2101,-2
2102,0
2103,0
2104,0.0625
2105,-0.0625
2106,-0.0625
2107,0
2108,-2
2109,-1.25
2110,-0.0625
2111,1.0625
2112,1.9375
2113,0
2114,0
2115,-0.0625
2116,1.9375
2117,-2
2118,0
2119,0
2120,0.0625
2121,-0.0625
2122,-0.0625
2123,0
2124,0.125
2125,1.25
2126,1.9375
2127,1.9375
2128,-2
2129,0
2130,0
2131,-0.0625
2132,1.9375
2133,-2
2134,0
2135,0
2136,0.0625
2137,-0.0625
2138,-0.0625
2139,0
2140,1.9375
2141,1.9375
2142,-2
2143,-1.9375
2144,-0.75
2145,0
2146,0
2147,-0.0625
2148,1.9375
2149,-2
2150,0
2151,0
2152,0.0625
2153,-0.0625
2154,-0.0625
2155,0
2156,-2
2157,-1.75
2158,-0.5625
2159,0.5625
2160,1.75
2161,0
2162,0
2163,-0.0625
2164,1.9375
2165,-2
2166,0
2167,0
2168,0.0625
2169,-0.0625
2170,-0.0625
2171,0
2172,-0.375
2173,0.75
2174,1.9375
2175,1.9375
2176,-2
2177,0
2178,0
2179,-0.0625
2180,1.9375
2181,-2
2182,0
2183,0
2184,0.0625
2185,-0.0625
2186,-0.0625
2187,0
2188,1.9375
2189,1.9375
2190,-2
2191,-2
2192,-1.25
2193,0
2194,0
2195,-0.0625
2196,1.9375
2197,-2
2198,0
2199,0
2200,0.0625
2201,-0.0625
2202,-0.0625
2203,0
2204,-2
2205,-2
2206,-1.0625
2207,0.0625
2208,1.25
2209,0
2210,0
2211,-0.0625
2212,1.9375
2213,-2
2214,0
2215,0
2216,0.0625
2217,-0.0625
2218,-0.0625
2219,0
2220,-0.875
2221,0.25
2222,1.4375
2223,1.9375
2224,1.9375
2225,0
2226,0
2227,-0.0625
2228,1.9375
2229,-2
2230,0
2231,0
2232,0.0625
2233,-0.0625
2234,-0.0625
2235,0
2236,1.625
2237,1.9375
2238,1.9375
2239,-2
2240,-1.75
2241,0
2242,0
2243,-0.0625
2244,1.9375
2245,-2
2246,0
2247,0
2248,0.0625
2249,-0.0625
2250,-0.0625
2251,0
2252,-2
2253,-2
2254,-1.5625
2255,-0.4375
2256,0.75
2257,0
2258,0
2259,-0.0625
2260,1.9375
2261,-2
2262,0
2263,0
2264,0.0625
2265,-0.0625
2266,-0.0625
2267,0
2268,-1.375
2269,-0.25
2270,0.9375
2271,1.9375
2272,1.9375
2273,0
2274,0
2275,-0.0625
2276,1.9375
2277,-2
2278,0
2279,0
2280,0.0625
2281,-0.0625
2282,-0.0625
2283,0
2284,1.125
2285,1.9375
2286,1.9375
2287,-2
2288,-2
2289,0
2290,0
2291,-0.0625
2292,1.9375
2293,-2
2294,0
2295,0
2296,0.0625
2297,-0.0625
2298,-0.0625
2299,0
2300,1.9375
2301,-2
2302,-2
2303,-0.9375
2304,0.25
2305,0
2306,0
2307,-0.0625
2308,1.9375
2309,-2
2310,0
2311,0
2312,0.0625
2313,-0.0625
2314,-0.0625
2315,0
2316,-1.875
2317,-0.75
2318,0.4375
2319,1.5625
2320,1.9375
2321,0
2322,0
2323,-0.0625
2324,1.9375
2325,-2
2326,0
2327,0
2328,0.0625
2329,-0.0625
2330,-0.0625
2331,0
2332,0.625
2333,1.75
2334,1.9375
2335,-2
2336,-2
2337,0
2338,0
2339,-0.0625
2340,1.9375
2341,-2
2342,0
2343,0
2344,0.0625
2345,-0.0625
2346,-0.0625
2347,0
2348,1.9375
2349,-2
2350,-2
2351,-1.4375
2352,-0.25
2353,0
2354,0
2355,-0.0625
2356,1.9375
2357,-2
2358,0
2359,0
2360,0.0625
2361,-0.0625
2362,-0.0625
2363,0
2364,-2
2365,-1.25
2366,-0.0625
2367,1.0625
2368,1.9375
2369,0
2370,0
2371,-0.0625
2372,1.9375
2373,-2
2374,0
2375,0
2376,0.0625
2377,-0.0625
2378,-0.0625
2379,0
2380,0.125
2381,1.25
2382,1.9375
2383,1.9375
2384,-2
2385,0
2386,0
2387,-0.0625
2388,1.9375
2389,-2
2390,0
2391,0
2392,0.0625
2393,-0.0625
2394,-0.0625
2395,0
2396,1.9375
2397,1.9375
2398,-2
2399,-1.9375
2400,-0.75
2401,0
2402,0
2403,-0.0625
2404,1.9375
2405,-2
2406,0
2407,0
2408,0.0625
2409,-0.0625
2410,-0.0625
2411,0
2412,-2
2413,-1.75
2414,-0.5625
2415,0.5625
2416,1.75
2417,0
2418,0
2419,-0.0625
2420,1.9375
2421,-2
2422,0
2423,0
2424,0.0625
2425,-0.0625
2426,-0.0625
2427,0
2428,-0.375
2429,0.75
2430,1.9375
2431,1.9375
2432,-2
2433,0
2434,0
2435,-0.0625
2436,1.9375
2437,-2
2438,0
2439,0
2440,0.0625
2441,-0.0625
2442,-0.0625
2443,0
2444,1.9375
2445,1.9375
2446,-2
2447,-2
2448,-1.25
2449,0
2450,0
2451,-0.0625
2452,1.9375
2453,-2
2454,0
2455,0
2456,0.0625
2457,-0.0625
2458,-0.0625
2459,0
2460,-2
2461,-2
2462,-1.0625
2463,0.0625
2464,1.25
2465,0
2466,0
2467,-0.0625
2468,1.9375
2469,-2
2470,0
2471,0
2472,0.0625
2473,-0.0625
2474,-0.0625
2475,0
2476,-0.875
2477,0.25
2478,1.4375
2479,1.9375
2480,1.9375
2481,0
2482,0
2483,-0.0625
2484,1.9375
2485,-2
2486,0
2487,0
2488,0.0625
2489,-0.0625
2490,-0.0625
2491,0
2492,1.625
2493,1.9375
2494,1.9375
2495,-2
2496,-1.75
2497,0
2498,0
2499,-0.0625
2500,1.9375
2501,-2
2502,0
2503,0
2504,0.0625
2505,-0.0625
2506,-0.0625
2507,0
2508,-2
2509,-2
2510,-1.5625
2511,-0.4375
2512,0.75
2513,0
2514,0
2515,-0.0625
2516,1.9375
2517,-2
2518,0
2519,0
2520,0.0625
2521,-0.0625
2522,-0.0625
2523,0
2524,-1.375
2525,-0.25
2526,0.9375
2527,1.9375
2528,1.9375
2529,0
2530,0
2531,-0.0625
2532,1.9375
2533,-2
2534,0
2535,0
2536,0.0625
2537,-0.0625
2538,-0.0625
2539,0
2540,1.125
2541,1.9375
2542,1.9375
2543,-2
2544,-2
2545,0
2546,0
2547,-0.0625
2548,1.9375
2549,-2
2550,0
2551,0
2552,0.0625
2553,-0.0625
2554,-0.0625
2555,0
2556,1.9375
2557,-2
2558,-2
2559,-0.9375
2560,0.25
2561,0
2562,0
2563,-0.0625
2564,1.9375
2565,-2
2566,0
2567,0
2568,0.0625
2569,-0.0625
2570,-0.0625
2571,0
2572,-1.875
2573,-0.75
2574,0.4375
2575,1.5625
2576,1.9375
2577,0
2578,0
2579,-0.0625
2580,1.9375
2581,-2
2582,0
2583,0
2584,0.0625
2585,-0.0625
2586,-0.0625
2587,0
2588,0.625
2589,1.75
2590,1.9375
2591,-2
2592,-2
2593,0
2594,0
2595,-0.0625
2596,1.9375
2597,-2
2598,0
2599,0
2600,0.0625
2601,-0.0625
2602,-0.0625
2603,0
2604,1.9375
2605,-2
2606,-2
2607,-1.4375
2608,-0.25
2609,0
2610,0
2611,-0.0625
2612,1.9375
2613,-2
2614,0
2615,0
2616,0.0625
2617,-0.0625
2618,-0.0625
2619,0
2620,-2
2621,-1.25
2622,-0.0625
2623,1.0625
2624,1.9375
2625,0
2626,0
2627,-0.0625
2628,1.9375
2629,-2
2630,0
2631,0
2632,0.0625
2633,-0.0625
2634,-0.0625
2635,0
2636,0.125
2637,1.25
2638,1.9375
2639,1.9375
2640,-2
2641,0
2642,0
2643,-0.0625
2644,1.9375
2645,-2
2646,0
2647,0
2648,0.0625
2649,-0.0625
2650,-0.0625
2651,0
2652,1.9375
2653,1.9375
2654,-2
2655,-1.9375
2656,-0.75
2657,0
2658,0
2659,-0.0625
2660,1.9375
2661,-2
2662,0
2663,0
2664,0.0625
2665,-0.0625
2666,-0.0625
2667,0
2668,-2
2669,-1.75
2670,-0.5625
2671,0.5625
2672,1.75
2673,0
2674,0
2675,-0.0625
2676,1.9375
2677,-2
2678,0
2679,0
2680,0.0625
2681,-0.0625
2682,-0.0625
2683,0
2684,-0.375
2685,0.75
2686,1.9375
2687,1.9375
2688,-2
2689,0
2690,0
2691,-0.0625
2692,1.9375
2693,-2
2694,0
2695,0
2696,0.0625
2697,-0.0625
2698,-0.0625
2699,0
2700,1.9375
2701,1.9375
2702,-2
2703,-2
2704,-1.25
2705,0
2706,0
2707,-0.0625
2708,1.9375
2709,-2
2710,0
2711,0
2712,0.0625
2713,-0.0625
2714,-0.0625
2715,0
2716,-2
2717,-2
2718,-1.0625
2719,0.0625
2720,1.25
2721,0
2722,0
2723,-0.0625
2724,1.9375
2725,-2
2726,0
2727,0
2728,0.0625
2729,-0.0625
2730,-0.0625
2731,0
2732,-0.875
2733,0.25
2734,1.4375
2735,1.9375
2736,1.9375
2737,0
2738,0
2739,-0.0625
2740,1.9375
2741,-2
2742,0
2743,0
2744,0.0625
2745,-0.0625
2746,-0.0625
2747,0
2748,1.625
2749,1.9375
2750,1.9375
2751,-2
2752,-1.75
2753,0
2754,0
2755,-0.0625
2756,1.9375
2757,-2
2758,0
2759,0
2760,0.0625
2761,-0.0625
2762,-0.0625
2763,0
2764,-2
2765,-2
2766,-1.5625
2767,-0.4375
2768,0.75
2769,0
2770,0
2771,-0.0625
2772,1.9375
2773,-2
2774,0
2775,0
2776,0.0625
2777,-0.0625
2778,-0.0625
2779,0
2780,-1.375
2781,-0.25
2782,0.9375
2783,1.9375
2784,1.9375
2785,0
2786,0
2787,-0.0625
2788,1.9375
2789,-2
2790,0
2791,0
2792,0.0625
2793,-0.0625
2794,-0.0625
2795,0
2796,1.125
2797,1.9375
2798,1.9375
2799,-2
2800,-2
2801,0
2802,0
2803,-0.0625
2804,1.9375
2805,-2
2806,0
2807,0
2808,0.0625
2809,-0.0625
2810,-0.0625
2811,0
2812,1.9375
2813,-2
2814,-2
2815,-0.9375
2816,0.25
2817,0
2818,0
2819,-0.0625
2820,1.9375
2821,-2
2822,0
2823,0
2824,0.0625
2825,-0.0625
2826,-0.0625
2827,0
2828,-1.875
2829,-0.75
2830,0.4375
2831,1.5625
2832,1.9375
2833,0
2834,0
2835,-0.0625
2836,1.9375
2837,-2
2838,0
2839,0
2840,0.0625
2841,-0.0625
2842,-0.0625
2843,0
2844,0.625
2845,1.75
2846,1.9375
2847,-2
2848,-2
2849,0
2850,0
2851,-0.0625
2852,1.9375
2853,-2
2854,0
2855,0
2856,0.0625
2857,-0.0625
2858,-0.0625
2859,0
2860,1.9375
2861,-2
2862,-2
2863,-1.4375
2864,-0.25
2865,0
2866,0
2867,-0.0625
2868,1.9375
2869,-2
2870,0
2871,0
2872,0.0625
2873,-0.0625
2874,-0.0625
2875,0
2876,-2
2877,-1.25
2878,-0.0625
2879,1.0625
2880,1.9375
2881,0
2882,0
2883,-0.0625
2884,1.9375
2885,-2
2886,0
2887,0
2888,0.0625
2889,-0.0625
2890,-0.0625
2891,0
2892,0.125
2893,1.25
2894,1.9375
2895,1.9375
2896,-2
2897,0
2898,0
2899,-0.0625
2900,1.9375
2901,-2
2902,0
2903,0
2904,0.0625
2905,-0.0625
2906,-0.0625
2907,0
2908,1.9375
2909,1.9375
2910,-2
2911,-1.9375
2912,-0.75
2913,0
2914,0
2915,-0.0625
2916,1.9375
2917,-2
2918,0
2919,0
2920,0.0625
2921,-0.0625
2922,-0.0625
2923,0
2924,-2
2925,-1.75
2926,-0.5625
2927,0.5625
2928,1.75
2929,0
2930,0
2931,-0.0625
2932,1.9375
2933,-2
2934,0
2935,0
2936,0.0625
2937,-0.0625
2938,-0.0625
2939,0
2940,-0.375
2941,0.75
2942,1.9375
2943,1.9375
2944,-2
2945,0
2946,0
2947,-0.0625
2948,1.9375
2949,-2
2950,0
2951,0
2952,0.0625
2953,-0.0625
2954,-0.0625
2955,0
2956,1.9375
2957,1.9375
2958,-2
2959,-2
2960,-1.25
2961,0
2962,0
2963,-0.0625
2964,1.9375
2965,-2
2966,0
2967,0
2968,0.0625
2969,-0.0625
2970,-0.0625
2971,0
2972,-2
2973,-2
2974,-1.0625
2975,0.0625
2976,1.25
2977,0
2978,0
2979,-0.0625
2980,1.9375
2981,-2
2982,0
2983,0
2984,0.0625
2985,-0.0625
2986,-0.0625
2987,0
2988,-0.875
2989,0.25
2990,1.4375
2991,1.9375
2992,1.9375
2993,0
2994,0
2995,-0.0625
2996,1.9375
2997,-2
2998,0
2999,0
3000,0.0625
3001,-0.0625
3002,-0.0625
3003,0
3004,1.625
3005,1.9375
3006,1.9375
3007,-2
3008,-1.75
3009,0
3010,0
3011,-0.0625
3012,1.9375
3013,-2
3014,0
3015,0
3016,0.0625
3017,-0.0625
3018,-0.0625
3019,0
3020,-2
3021,-2
3022,-1.5625
3023,-0.4375
3024,0.75
3025,0
3026,0
3027,-0.0625
3028,1.9375
3029,-2
3030,0
3031,0
3032,0.0625
3033,-0.0625
3034,-0.0625
3035,0
3036,-1.375
3037,-0.25
3038,0.9375
3039,1.9375
3040,1.9375
3041,0
3042,0
3043,-0.0625
3044,1.9375
3045,-2
3046,0
3047,0
3048,0.0625
3049,-0.0625
3050,-0.0625
3051,0
3052,1.125
3053,1.9375
3054,1.9375
3055,-2
3056,-2
3057,0
3058,0
3059,-0.0625
3060,1.9375
3061,-2
3062,0
3063,0
3064,0.0625
3065,-0.0625
3066,-0.0625
3067,0
3068,1.9375
3069,-2
3070,-2
3071,-0.9375
3072,0.25
3073,0
3074,0
3075,-0.0625
3076,1.9375
3077,-2
3078,0
3079,0
3080,0.0625
3081,-0.0625
3082,-0.0625
3083,0
3084,-1.875
3085,-0.75
3086,0.4375
3087,1.5625
3088,1.9375
3089,0
3090,0
3091,-0.0625
3092,1.9375
3093,-2
3094,0
3095,0
3096,0.0625
3097,-0.0625
3098,-0.0625
3099,0
3100,0.625
3101,1.75
3102,1.9375
3103,-2
3104,-2
3105,0
3106,0
3107,-0.0625
3108,1.9375
3109,-2
3110,0
3111,0
3112,0.0625
3113,-0.0625
3114,-0.0625
3115,0
3116,1.9375
3117,-2
3118,-2
3119,-1.4375
3120,-0.25
3121,0
3122,0
3123,-0.0625
3124,1.9375
3125,-2
3126,0
3127,0
3128,0.0625
3129,-0.0625
3130,-0.0625
3131,0
3132,-2
3133,-1.25
3134,-0.0625
3135,1.0625
3136,1.9375
3137,0
3138,0
3139,-0.0625
3140,1.9375
3141,-2
3142,0
3143,0
3144,0.0625
3145,-0.0625
3146,-0.0625
3147,0
3148,0.125
3149,1.25
3150,1.9375
3151,1.9375
3152,-2
3153,0
3154,0
3155,-0.0625
3156,1.9375
3157,-2
3158,0
3159,0
3160,0.0625
3161,-0.0625
3162,-0.0625
3163,0
3164,1.9375
3165,1.9375
3166,-2
3167,-1.9375
3168,-0.75
3169,0
3170,0
3171,-0.0625
3172,1.9375
3173,-2
3174,0
3175,0
3176,0.0625
3177,-0.0625
3178,-0.0625
3179,0
3180,-2
3181,-1.75
3182,-0.5625
3183,0.5625
3184,1.75
3185,0
3186,0
3187,-0.0625
3188,1.9375
3189,-2
3190,0
3191,0
3192,0.0625
3193,-0.0625
3194,-0.0625
3195,0
3196,-0.375
3197,0.75
3198,1.9375
3199,1.9375
3200,-2
3201,0
3202,0
3203,-0.0625
3204,1.9375
3205,-2
3206,0
3207,0
3208,0.0625
3209,-0.0625
3210,-0.0625
3211,0
3212,1.9375
3213,1.9375
3214,-2
3215,-2
3216,-1.25
3217,0
3218,0
3219,-0.0625
3220,1.9375
3221,-2
3222,0
3223,0
3224,0.0625
3225,-0.0625
3226,-0.0625
3227,0
3228,-2
3229,-2
3230,-1.0625
3231,0.0625
3232,1.25
3233,0
3234,0
3235,-0.0625
3236,1.9375
3237,-2
3238,0
3239,0
3240,0.0625
3241,-0.0625
3242,-0.0625
3243,0
3244,-0.875
3245,0.25
3246,1.4375
3247,1.9375
3248,1.9375
3249,0
3250,0
3251,-0.0625
3252,1.9375
3253,-2
3254,0
3255,0
3256,0.0625
3257,-0.0625
3258,-0.0625
3259,0
3260,1.625
3261,1.9375
3262,1.9375
3263,-2
3264,-1.75
3265,0
3266,0
3267,-0.0625
3268,1.9375
3269,-2
3270,0
3271,0
3272,0.0625
3273,-0.0625
3274,-0.0625
3275,0
3276,-2
3277,-2
3278,-1.5625
3279,-0.4375
3280,0.75
3281,0
3282,0
3283,-0.0625
3284,1.9375
3285,-2
3286,0
3287,0
3288,0.0625
3289,-0.0625
3290,-0.0625
3291,0
3292,-1.375
3293,-0.25
3294,0.9375
3295,1.9375
3296,1.9375
3297,0
3298,0
3299,-0.0625
3300,1.9375
3301,-2
3302,0
3303,0
3304,0.0625
3305,-0.0625
3306,-0.0625
3307,0
3308,1.125
3309,1.9375
3310,1.9375
3311,-2
3312,-2
3313,0
3314,0
3315,-0.0625
3316,1.9375
3317,-2
3318,0
3319,0
3320,0.0625
3321,-0.0625
3322,-0.0625
3323,0
3324,1.9375
3325,-2
3326,-2
3327,-0.9375
3328,0.25
3329,0
3330,0
3331,-0.0625
3332,1.9375
3333,-2
3334,0
3335,0
3336,0.0625
3337,-0.0625
3338,-0.0625
3339,0
3340,-1.875
3341,-0.75
3342,0.4375
3343,1.5625
3344,1.9375
3345,0
3346,0
3347,-0.0625
3348,1.9375
3349,-2
3350,0
3351,0
3352,0.0625
3353,-0.0625
3354,-0.0625
3355,0
3356,0.625
3357,1.75
3358,1.9375
3359,-2
3360,-2
3361,0
3362,0
3363,-0.0625
3364,1.9375
3365,-2
3366,0
3367,0
3368,0.0625
3369,-0.0625
3370,-0.0625
3371,0
3372,1.9375
3373,-2
3374,-2
3375,-1.4375
3376,-0.25
3377,0
3378,0
3379,-0.0625
3380,1.9375
3381,-2
3382,0
3383,0
3384,0.0625
3385,-0.0625
3386,-0.0625
3387,0
3388,-2
3389,-1.25
3390,-0.0625
3391,1.0625
3392,1.9375
3393,0
3394,0
3395,-0.0625
3396,1.9375
3397,-2
3398,0
3399,0
3400,0.0625
3401,-0.0625
3402,-0.0625
3403,0
3404,0.125
3405,1.25
3406,1.9375
3407,1.9375
3408,-2
3409,0
3410,0
3411,-0.0625
3412,1.9375
3413,-2
3414,0
3415,0
3416,0.0625
3417,-0.0625
3418,-0.0625
3419,0
3420,1.9375
3421,1.9375
3422,-2
3423,-1.9375
3424,-0.75
3425,0
3426,0
3427,-0.0625
3428,1.9375
3429,-2
3430,0
3431,0
3432,0.0625
3433,-0.0625
3434,-0.0625
3435,0
3436,-2
3437,-1.75
3438,-0.5625
3439,0.5625
3440,1.75
3441,0
3442,0
3443,-0.0625
3444,1.9375
3445,-2
3446,0
3447,0
3448,0.0625
3449,-0.0625
3450,-0.0625
3451,0
3452,-0.375
3453,0.75
3454,1.9375
3455,1.9375
3456,-2
3457,0
3458,0
3459,-0.0625
3460,1.9375
3461,-2
3462,0
3463,0
3464,0.0625
3465,-0.0625
3466,-0.0625
3467,0
3468,1.9375
3469,1.9375
3470,-2
3471,-2
3472,-1.25
3473,0
3474,0
3475,-0.0625
3476,1.9375
3477,-2
3478,0
3479,0
3480,0.0625
3481,-0.0625
3482,-0.0625
3483,0
3484,-2
3485,-2
3486,-1.0625
3487,0.0625
3488,1.25
3489,0
3490,0
3491,-0.0625
3492,1.9375
3493,-2
3494,0
3495,0
3496,0.0625
3497,-0.0625
3498,-0.0625
3499,0
3500,-0.875
3501,0.25
3502,1.4375
3503,1.9375
3504,1.9375
3505,0
3506,0
3507,-0.0625
3508,1.9375
3509,-2
3510,0
3511,0
3512,0.0625
3513,-0.0625
3514,-0.0625
3515,0
3516,1.625
3517,1.9375
3518,1.9375
3519,-2
3520,-1.75
3521,0
3522,0
3523,-0.0625
3524,1.9375
3525,-2
3526,0
3527,0
3528,0.0625
3529,-0.0625
3530,-0.0625
3531,0
3532,-2
3533,-2
3534,-1.5625
3535,-0.4375
3536,0.75
3537,0
3538,0
3539,-0.0625
3540,1.9375
3541,-2
3542,0
3543,0
3544,0.0625
3545,-0.0625
3546,-0.0625
3547,0
3548,-1.375
3549,-0.25
3550,0.9375
3551,1.9375
3552,1.9375
3553,0
3554,0
3555,-0.0625
3556,1.9375
3557,-2
3558,0
3559,0
3560,0.0625
3561,-0.0625
3562,-0.0625
3563,0
3564,1.125
3565,1.9375
3566,1.9375
3567,-2
3568,-2
3569,0
3570,0
3571,-0.0625
3572,1.9375
3573,-2
3574,0
3575,0
3576,0.0625
3577,-0.0625
3578,-0.0625
3579,0
3580,1.9375
3581,-2
3582,-2
3583,-0.9375
3584,0.25
3585,0
3586,0
3587,-0.0625
3588,1.9375
3589,-2
3590,0
3591,0
3592,0.0625
3593,-0.0625
3594,-0.0625
3595,0
3596,-1.875
3597,-0.75
3598,0.4375
3599,1.5625
3600,1.9375
3601,0
3602,0
3603,-0.0625
3604,1.9375
3605,-2
3606,0
3607,0
3608,0.0625
3609,-0.0625
3610,-0.0625
3611,0
3612,0.625
3613,1.75
3614,1.9375
3615,-2
3616,-2
3617,0
3618,0
3619,-0.0625
3620,1.9375
3621,-2
3622,0
3623,0
3624,0.0625
3625,-0.0625
3626,-0.0625
3627,0
3628,1.9375
3629,-2
3630,-2
3631,-1.4375
3632,-0.25
3633,0
3634,0
3635,-0.0625
3636,1.9375
3637,-2
3638,0
3639,0
3640,0.0625
3641,-0.0625
3642,-0.0625
3643,0
3644,-2
3645,-1.25
3646,-0.0625
3647,1.0625
3648,1.9375
3649,0
3650,0
3651,-0.0625
3652,1.9375
3653,-2
3654,0
3655,0
3656,0.0625
3657,-0.0625
3658,-0.0625
3659,0
3660,0.125
3661,1.25
3662,1.9375
3663,1.9375
3664,-2
3665,0
3666,0
3667,-0.0625
3668,1.9375
3669,-2
3670,0
3671,0
3672,0.0625
3673,-0.0625
3674,-0.0625
3675,0
3676,1.9375
3677,1.9375
3678,-2
3679,-1.9375
3680,-0.75
3681,0
3682,0
3683,-0.0625
3684,1.9375
3685,-2
3686,0
3687,0
3688,0.0625
3689,-0.0625
3690,-0.0625
3691,0
3692,-2
3693,-1.75
3694,-0.5625
3695,0.5625
3696,1.75
3697,0
3698,0
3699,-0.0625
3700,1.9375
3701,-2
3702,0
3703,0
3704,0.0625
3705,-0.0625
3706,-0.0625
3707,0
3708,-0.375
3709,0.75
3710,1.9375
3711,1.9375
3712,-2
3713,0
3714,0
3715,-0.0625
3716,1.9375
3717,-2
3718,0
3719,0
3720,0.0625
3721,-0.0625
3722,-0.0625
3723,0
3724,1.9375
3725,1.9375
3726,-2
3727,-2
3728,-1.25
3729,0
3730,0
3731,-0.0625
3732,1.9375
3733,-2
3734,0
3735,0
3736,0.0625
3737,-0.0625
3738,-0.0625
3739,0
3740,-2
3741,-2
3742,-1.0625
3743,0.0625
3744,1.25
3745,0
3746,0
3747,-0.0625
3748,1.9375
3749,-2
3750,0
3751,0
3752,0.0625
3753,-0.0625
3754,-0.0625
3755,0
3756,-0.875
3757,0.25
3758,1.4375
3759,1.9375
3760,1.9375
3761,0
3762,0
3763,-0.0625
3764,1.9375
3765,-2
3766,0
3767,0
3768,0.0625
3769,-0.0625
3770,-0.0625
3771,0
3772,1.625
3773,1.9375
3774,1.9375
3775,-2
3776,-1.75
3777,0
3778,0
3779,-0.0625
3780,1.9375
3781,-2
3782,0
3783,0
3784,0.0625
3785,-0.0625
3786,-0.0625
3787,0
3788,-2
3789,-2
3790,-1.5625
3791,-0.4375
3792,0.75
3793,0
3794,0
3795,-0.0625
3796,1.9375
3797,-2
3798,0
3799,0
3800,0.0625
3801,-0.0625
3802,-0.0625
3803,0
3804,-1.375
3805,-0.25
3806,0.9375
3807,1.9375
3808,1.9375
3809,0
3810,0
3811,-0.0625
3812,1.9375
3813,-2
3814,0
3815,0
3816,0.0625
3817,-0.0625
3818,-0.0625
3819,0
3820,1.125
3821,1.9375
3822,1.9375
3823,-2
3824,-2
3825,0
3826,0
3827,-0.0625
3828,1.9375
3829,-2
3830,0
3831,0
3832,0.0625
3833,-0.0625
3834,-0.0625
3835,0
3836,1.9375
3837,-2
3838,-2
3839,-0.9375
3840,0.25
3841,0
3842,0
3843,-0.0625
3844,1.9375
3845,-2
3846,0
3847,0
3848,0.0625
3849,-0.0625
3850,-0.0625
3851,0
3852,-1.875
3853,-0.75
3854,0.4375
3855,1.5625
3856,1.9375
3857,0
3858,0
3859,-0.0625
3860,1.9375
3861,-2
3862,0
3863,0
3864,0.0625
3865,-0.0625
3866,-0.0625
3867,0
3868,0.625
3869,1.75
3870,1.9375
3871,-2
3872,-2
3873,0
3874,0
3875,-0.0625
3876,1.9375
3877,-2
3878,0
3879,0
3880,0.0625
3881,-0.0625
3882,-0.0625
3883,0
3884,1.9375
3885,-2
3886,-2
3887,-1.4375
3888,-0.25
3889,0
3890,0
3891,-0.0625
3892,1.9375
3893,-2
3894,0
3895,0
3896,0.0625
3897,-0.0625
3898,-0.0625
3899,0
3900,-2
3901,-1.25
3902,-0.0625
3903,1.0625
3904,1.9375
3905,0
3906,0
3907,-0.0625
3908,1.9375
3909,-2
3910,0
3911,0
3912,0.0625
3913,-0.0625
3914,-0.0625
3915,0
3916,0.125
3917,1.25
3918,1.9375
3919,1.9375
3920,-2
3921,0
3922,0
3923,-0.0625
3924,1.9375
3925,-2
3926,0
3927,0
3928,0.0625
3929,-0.0625
3930,-0.0625
3931,0
3932,1.9375
3933,1.9375
3934,-2
3935,-1.9375
3936,-0.75
3937,0
3938,0
3939,-0.0625
3940,1.9375
3941,-2
3942,0
3943,0
3944,0.0625
3945,-0.0625
3946,-0.0625
3947,0
3948,-2
3949,-1.75
3950,-0.5625
3951,0.5625
3952,1.75
3953,0
3954,0
3955,-0.0625
3956,1.9375
3957,-2
3958,0
3959,0
3960,0.0625
3961,-0.0625
3962,-0.0625
3963,0
3964,-0.375
3965,0.75
3966,1.9375
3967,1.9375
3968,-2
3969,0
3970,0
3971,-0.0625
3972,1.9375
3973,-2
3974,0
3975,0
3976,0.0625
3977,-0.0625
3978,-0.0625
3979,0
3980,1.9375
3981,1.9375
3982,-2
3983,-2
3984,-1.25
3985,0
3986,0
3987,-0.0625
3988,1.9375
3989,-2
3990,0
3991,0
3992,0.0625
3993,-0.0625
3994,-0.0625
3995,0
3996,-2
3997,-2
3998,-1.0625
3999,0.0625
4000,1.25
4001,0
4002,0
4003,-0.0625
4004,1.9375
4005,-2
4006,0
4007,0
4008,0.0625
4009,-0.0625
4010,-0.0625
4011,0
4012,-0.875
4013,0.25
4014,1.4375
4015,1.9375
4016,1.9375
4017,0
4018,0
4019,-0.0625
4020,1.9375
4021,-2
4022,0
4023,0
4024,0.0625
4025,-0.0625
4026,-0.0625
4027,0
4028,1.625
4029,1.9375
4030,1.9375
4031,-2
4032,-1.75
4033,0
4034,0
4035,-0.0625
4036,1.9375
4037,-2
4038,0
4039,0
4040,0.0625
4041,-0.0625
4042,-0.0625
4043,0
4044,-2
4045,-2
4046,-1.5625
4047,-0.4375
4048,0.75
4049,0
4050,0
4051,-0.0625
4052,1.9375
4053,-2
4054,0
4055,0
4056,0.0625
4057,-0.0625
4058,-0.0625
4059,0
4060,-1.375
4061,-0.25
4062,0.9375
4063,1.9375
4064,1.9375
4065,0
4066,0
4067,-0.0625
4068,1.9375
4069,-2
4070,0
4071,0
4072,0.0625
4073,-0.0625
4074,-0.0625
4075,0
4076,1.125
4077,1.9375
4078,1.9375
4079,-2
4080,-2
4081,0
4082,0
4083,-0.0625
4084,1.9375
4085,-2
4086,0
4087,0
4088,0.0625
4089,-0.0625
4090,-0.0625
4091,0
4092,1.9375
4093,-2
4094,-2
4095,-0.9375
4096,0.25
4097,0
4098,0
4099,-0.0625
4100,1.9375
4101,-2
4102,0
4103,0
4104,0.0625
4105,-0.0625
4106,-0.0625
4107,0
4108,-1.875
4109,-0.75
4110,0.4375
4111,1.5625
4112,1.9375
4113,0
4114,0
4115,-0.0625
4116,1.9375
4117,-2
4118,0
4119,0
4120,0.0625
4121,-0.0625
4122,-0.0625
4123,0
4124,0.625
4125,1.75
4126,1.9375
4127,-2
4128,-2
4129,0
4130,0
4131,-0.0625
4132,1.9375
4133,-2
4134,0
4135,0
4136,0.0625
4137,-0.0625
4138,-0.0625
4139,0
4140,1.9375
4141,-2
4142,-2
4143,-1.4375
4144,-0.25
4145,0
4146,0
4147,-0.0625
4148,1.9375
4149,-2
4150,0
4151,0
4152,0.0625
4153,-0.0625
4154,-0.0625
4155,0
4156,-2
4157,-1.25
4158,-0.0625
4159,1.0625
4160,1.9375
4161,0
4162,0
4163,-0.0625
4164,1.9375
4165,-2
4166,0
4167,0
4168,0.0625
4169,-0.0625
4170,-0.0625
4171,0
4172,0.125
4173,1.25
4174,1.9375
4175,1.9375
4176,-2
4177,0
4178,0
4179,-0.0625
4180,1.9375
4181,-2
4182,0
4183,0
4184,0.0625
4185,-0.0625
4186,-0.0625
4187,0
4188,1.9375
4189,1.9375
4190,-2
4191,-1.9375
4192,-0.75
4193,0
4194,0
4195,-0.0625
4196,1.9375
4197,-2
4198,0
4199,0
4200,0.0625
4201,-0.0625
4202,-0.0625
4203,0
4204,-2
4205,-1.75
4206,-0.5625
4207,0.5625
4208,1.75
4209,0
4210,0
4211,-0.0625
4212,1.9375
4213,-2
4214,0
4215,0
4216,0.0625
4217,-0.0625
4218,-0.0625
4219,0
4220,-0.375
4221,0.75
4222,1.9375
4223,1.9375
4224,-2
4225,0
4226,0
4227,-0.0625
4228,1.9375
4229,-2
4230,0
4231,0
4232,0.0625
4233,-0.0625
4234,-0.0625
4235,0
4236,1.9375
4237,1.9375
4238,-2
4239,-2
4240,-1.25
4241,0
4242,0
4243,-0.0625
4244,1.9375
4245,-2
4246,0
4247,0
4248,0.0625
4249,-0.0625
4250,-0.0625
4251,0
4252,-2
4253,-2
4254,-1.0625
4255,0.0625
4256,1.25
4257,0
4258,0
4259,-0.0625
4260,1.9375
4261,-2
4262,0
4263,0
4264,0.0625
4265,-0.0625
4266,-0.0625
4267,0
4268,-0.875
4269,0.25
4270,1.4375
4271,1.9375
4272,1.9375
4273,0
4274,0
4275,-0.0625
4276,1.9375
4277,-2
4278,0
4279,0
4280,0.0625
4281,-0.0625
4282,-0.0625
4283,0
4284,1.625
4285,1.9375
4286,1.9375
4287,-2
4288,-1.75
4289,0
4290,0
4291,-0.0625
4292,1.9375
4293,-2
4294,0
4295,0
4296,0.0625
4297,-0.0625
4298,-0.0625
4299,0
4300,-2
4301,-2
4302,-1.5625
4303,-0.4375
4304,0.75
4305,0
4306,0
4307,-0.0625
4308,1.9375
4309,-2
4310,0
4311,0
4312,0.0625
4313,-0.0625
4314,-0.0625
4315,0
4316,-1.375
4317,-0.25
4318,0.9375
4319,1.9375
4320,1.9375
4321,0
4322,0
4323,-0.0625
4324,1.9375
4325,-2
4326,0
4327,0
4328,0.0625
4329,-0.0625
4330,-0.0625
4331,0
4332,1.125
4333,1.9375
4334,1.9375
4335,-2
4336,-2
4337,0
4338,0
4339,-0.0625
4340,1.9375
4341,-2
4342,0
4343,0
4344,0.0625
4345,-0.0625
4346,-0.0625
4347,0
4348,1.9375
4349,-2
4350,-2
4351,-0.9375
4352,0.25
4353,0
4354,0
4355,-0.0625
4356,1.9375
4357,-2
4358,0
4359,0
4360,0.0625
4361,-0.0625
4362,-0.0625
4363,0
4364,-1.875
4365,-0.75
4366,0.4375
4367,1.5625
4368,1.9375
4369,0
4370,0
4371,-0.0625
4372,1.9375
4373,-2
4374,0
4375,0
4376,0.0625
4377,-0.0625
4378,-0.0625
4379,0
4380,0.625
4381,1.75
4382,1.9375
4383,-2
4384,-2
4385,0
4386,0
4387,-0.0625
4388,1.9375
4389,-2
4390,0
4391,0
4392,0.0625
4393,-0.0625
4394,-0.0625
4395,0
4396,1.9375
4397,-2
4398,-2
4399,-1.4375
4400,-0.25
4401,0
4402,0
4403,-0.0625
4404,1.9375
4405,-2
4406,0
4407,0
4408,0.0625
4409,-0.0625
4410,-0.0625
4411,0
4412,-2
4413,-1.25
4414,-0.0625
4415,1.0625
4416,1.9375
4417,0
4418,0
4419,-0.0625
4420,1.9375
4421,-2
4422,0
4423,0
4424,0.0625
4425,-0.0625
4426,-0.0625
4427,0
4428,0.125
4429,1.25
4430,1.9375
4431,1.9375
4432,-2
4433,0
4434,0
4435,-0.0625
4436,1.9375
4437,-2
4438,0
4439,0
4440,0.0625
4441,-0.0625
4442,-0.0625
4443,0
4444,1.9375
4445,1.9375
4446,-2
4447,-1.9375
4448,-0.75
4449,0
4450,0
4451,-0.0625
4452,1.9375
4453,-2
4454,0
4455,0
4456,0.0625
4457,-0.0625
4458,-0.0625
4459,0
4460,-2
4461,-1.75
4462,-0.5625
4463,0.5625
4464,1.75
4465,0
4466,0
4467,-0.0625
4468,1.9375
4469,-2
4470,0
4471,0
4472,0.0625
4473,-0.0625
4474,-0.0625
4475,0
4476,-0.375
4477,0.75
4478,1.9375
4479,1.9375
4480,-2
4481,0
4482,0
4483,-0.0625
4484,1.9375
4485,-2
4486,0
4487,0
4488,0.0625
4489,-0.0625
4490,-0.0625
4491,0
4492,1.9375
4493,1.9375
4494,-2
4495,-2
4496,-1.25
4497,0
4498,0
4499,-0.0625
4500,1.9375
4501,-2
4502,0
4503,0
4504,0.0625
4505,-0.0625
4506,-0.0625
4507,0
4508,-2
4509,-2
4510,-1.0625
4511,0.0625
4512,1.25
4513,0
4514,0
4515,-0.0625
4516,1.9375
4517,-2
4518,0
4519,0
4520,0.0625
4521,-0.0625
4522,-0.0625
4523,0
4524,-0.875
4525,0.25
4526,1.4375
4527,1.9375
4528,1.9375
4529,0
4530,0
4531,-0.0625
4532,1.9375
4533,-2
4534,0
4535,0
4536,0.0625
4537,-0.0625
4538,-0.0625
4539,0
4540,1.625
4541,1.9375
4542,1.9375
4543,-2
4544,-1.75
4545,0
4546,0
4547,-0.0625
4548,1.9375
4549,-2
4550,0
4551,0
4552,0.0625
4553,-0.0625
4554,-0.0625
4555,0
4556,-2
4557,-2
4558,-1.5625
4559,-0.4375
4560,0.75
4561,0
4562,0
4563,-0.0625
4564,1.9375
4565,-2
4566,0
4567,0
4568,0.0625
4569,-0.0625
4570,-0.0625
4571,0
4572,-1.375
4573,-0.25
4574,0.9375
4575,1.9375
4576,1.9375
4577,0
4578,0
4579,-0.0625
4580,1.9375
4581,-2
4582,0
4583,0
4584,0.0625
4585,-0.0625
4586,-0.0625
4587,0
4588,1.125
4589,1.9375
4590,1.9375
4591,-2
4592,-2
4593,0
4594,0
4595,-0.0625
4596,1.9375
4597,-2
4598,0
4599,0
4600,0.0625
4601,-0.0625
4602,-0.0625
4603,0
4604,1.9375
4605,-2
4606,-2
4607,-0.9375
4608,0.25
4609,0
4610,0
4611,-0.0625
4612,1.9375
4613,-2
4614,0
4615,0
4616,0.0625
4617,-0.0625
4618,-0.0625
4619,0
4620,-1.875
4621,-0.75
4622,0.4375
4623,1.5625
4624,1.9375
4625,0
4626,0
4627,-0.0625
4628,1.9375
4629,-2
4630,0
4631,0
4632,0.0625
4633,-0.0625
4634,-0.0625
4635,0
4636,0.625
4637,1.75
4638,1.9375
4639,-2
4640,-2
4641,0
4642,0
4643,-0.0625
4644,1.9375
4645,-2
4646,0
4647,0
4648,0.0625
4649,-0.0625
4650,-0.0625
4651,0
4652,1.9375
4653,-2
4654,-2
4655,-1.4375
4656,-0.25
4657,0
4658,0
4659,-0.0625
4660,1.9375
4661,-2
4662,0
4663,0
4664,0.0625
4665,-0.0625
4666,-0.0625
4667,0
4668,-2
4669,-1.25
4670,-0.0625
4671,1.0625
4672,1.9375
4673,0
4674,0
4675,-0.0625
4676,1.9375
4677,-2
4678,0
4679,0
4680,0.0625
4681,-0.0625
4682,-0.0625
4683,0
4684,0.125
4685,1.25
4686,1.9375
4687,1.9375
4688,-2
4689,0
4690,0
4691,-0.0625
4692,1.9375
4693,-2
4694,0
4695,0
4696,0.0625
4697,-0.0625
4698,-0.0625
4699,0
4700,1.9375
4701,1.9375
4702,-2
4703,-1.9375
4704,-0.75
4705,0
4706,0
4707,-0.0625
4708,1.9375
4709,-2
4710,0
4711,0
4712,0.0625
4713,-0.0625
4714,-0.0625
4715,0
4716,-2
4717,-1.75
4718,-0.5625
4719,0.5625
4720,1.75
4721,0
4722,0
4723,-0.0625
4724,1.9375
4725,-2
4726,0
4727,0
4728,0.0625
4729,-0.0625
4730,-0.0625
4731,0
4732,-0.375
4733,0.75
4734,1.9375
4735,1.9375
4736,-2
4737,0
4738,0
4739,-0.0625
4740,1.9375
4741,-2
4742,0
4743,0
4744,0.0625
4745,-0.0625
4746,-0.0625
4747,0
4748,1.9375
4749,1.9375
4750,-2
4751,-2
4752,-1.25
4753,0
4754,0
4755,-0.0625
4756,1.9375
4757,-2
4758,0
4759,0
4760,0.0625
4761,-0.0625
4762,-0.0625
4763,0
4764,-2
4765,-2
4766,-1.0625
4767,0.0625
4768,1.25
4769,0
4770,0
4771,-0.0625
4772,1.9375
4773,-2
4774,0
4775,0
4776,0.0625
4777,-0.0625
4778,-0.0625
4779,0
4780,-0.875
4781,0.25
4782,1.4375
4783,1.9375
4784,1.9375
4785,0
4786,0
4787,-0.0625
4788,1.9375
4789,-2
4790,0
4791,0
4792,0.0625
4793,-0.0625
4794,-0.0625
4795,0
4796,1.625
4797,1.9375
4798,1.9375
4799,-2
4800,-1.75
4801,0
4802,0
4803,-0.0625
4804,1.9375
4805,-2
4806,0
4807,0
4808,0.0625
4809,-0.0625
4810,-0.0625
4811,0
4812,-2
4813,-2
4814,-1.5625
4815,-0.4375
4816,0.75
4817,0
4818,0
4819,-0.0625
4820,1.9375
4821,-2
4822,0
4823,0
4824,0.0625
4825,-0.0625
4826,-0.0625
4827,0
4828,-1.375
4829,-0.25
4830,0.9375
4831,1.9375
4832,1.9375
4833,0
4834,0
4835,-0.0625
4836,1.9375
4837,-2
4838,0
4839,0
4840,0.0625
4841,-0.0625
4842,-0.0625
4843,0
4844,1.125
4845,1.9375
4846,1.9375
4847,-2
4848,-2
4849,0
4850,0
4851,-0.0625
4852,1.9375
4853,-2
4854,0
4855,0
4856,0.0625
4857,-0.0625
4858,-0.0625
4859,0
4860,1.9375
4861,-2
4862,-2
4863,-0.9375
4864,0.25
4865,0
4866,0
4867,-0.0625
4868,1.9375
4869,-2
4870,0
4871,0
4872,0.0625
4873,-0.0625
4874,-0.0625
4875,0
4876,-1.875
4877,-0.75
4878,0.4375
4879,1.5625
4880,1.9375
4881,0
4882,0
4883,-0.0625
4884,1.9375
4885,-2
4886,0
4887,0
4888,0.0625
4889,-0.0625
4890,-0.0625
4891,0
4892,0.625
4893,1.75
4894,1.9375
4895,-2
4896,-2
4897,0
4898,0
4899,-0.0625
4900,1.9375
4901,-2
4902,0
4903,0
4904,0.0625
4905,-0.0625
4906,-0.0625
4907,0
4908,1.9375
4909,-2
4910,-2
4911,-1.4375
4912,-0.25
4913,0
4914,0
4915,-0.0625
4916,1.9375
4917,-2
4918,0
4919,0
4920,0.0625
4921,-0.0625
4922,-0.0625
4923,0
4924,-2
4925,-1.25
4926,-0.0625
4927,1.0625
4928,1.9375
4929,0
4930,0
4931,-0.0625
4932,1.9375
4933,-2
4934,0
4935,0
4936,0.0625
4937,-0.0625
4938,-0.0625
4939,0
4940,0.125
4941,1.25
4942,1.9375
4943,1.9375
4944,-2
4945,0
4946,0
4947,-0.0625
4948,1.9375
4949,-2
4950,0
4951,0
4952,0.0625
4953,-0.0625
4954,-0.0625
4955,0
4956,1.9375
4957,1.9375
4958,-2
4959,-1.9375
4960,-0.75
4961,0
4962,0
4963,-0.0625
4964,1.9375
4965,-2
4966,0
4967,0
4968,0.0625
4969,-0.0625
4970,-0.0625
4971,0
4972,-2
4973,-1.75
4974,-0.5625
4975,0.5625
4976,1.75
4977,0
4978,0
4979,-0.0625
4980,1.9375
4981,-2
4982,0
4983,0
4984,0.0625
4985,-0.0625
4986,-0.0625
4987,0
4988,-0.375
4989,0.75
4990,1.9375
4991,1.9375
4992,-2
4993,0
4994,0
4995,-0.0625
4996,1.9375
4997,-2
4998,0
4999,0
5000,0.0625
5001,-0.0625
5002,-0.0625
5003,0
5004,1.9375
5005,1.9375
5006,-2
5007,-2
5008,-1.25
5009,0
5010,0
5011,-0.0625
5012,1.9375
5013,-2
5014,0
5015,0
5016,0.0625
5017,-0.0625
5018,-0.0625
5019,0
5020,-2
5021,-2
5022,-1.0625
5023,0.0625
5024,1.25
5025,0
5026,0
5027,-0.0625
5028,1.9375
5029,-2
5030,0
5031,0
5032,0.0625
5033,-0.0625
5034,-0.0625
5035,0
5036,-0.875
5037,0.25
5038,1.4375
5039,1.9375
5040,1.9375
5041,0
5042,0
5043,-0.0625
5044,1.9375
5045,-2
5046,0
5047,0
5048,0.0625
5049,-0.0625
5050,-0.0625
5051,0
5052,1.625
5053,1.9375
5054,1.9375
5055,-2
5056,-1.75
5057,0
5058,0
5059,-0.0625
5060,1.9375
5061,-2
5062,0
5063,0
5064,0.0625
5065,-0.0625
5066,-0.0625
5067,0
5068,-2
5069,-2
5070,-1.5625
5071,-0.4375
5072,0.75
5073,0
5074,0
5075,-0.0625
5076,1.9375
5077,-2
5078,0
5079,0
5080,0.0625
5081,-0.0625
5082,-0.0625
5083,0
5084,-1.375
5085,-0.25
5086,0.9375
5087,1.9375
5088,1.9375
5089,0
5090,0
5091,-0.0625
5092,1.9375
5093,-2
5094,0
5095,0
5096,0.0625
5097,-0.0625
5098,-0.0625
5099,0
5100,1.125
5101,1.9375
5102,1.9375
5103,-2
5104,-2
5105,0
5106,0
5107,-0.0625
5108,1.9375
5109,-2
5110,0
5111,0
5112,0.0625
5113,-0.0625
5114,-0.0625
5115,0
5116,1.9375
5117,-2
5118,-2
5119,-0.9375
5120,0.25
5121,0
5122,0
5123,-0.0625
5124,1.9375
5125,-2
5126,0
5127,0
5128,0.0625
5129,-0.0625
5130,-0.0625
5131,0
5132,-1.875
5133,-0.75
5134,0.4375
5135,1.5625
5136,1.9375
5137,0
5138,0
5139,-0.0625
5140,1.9375
5141,-2
5142,0
5143,0
5144,0.0625
5145,-0.0625
5146,-0.0625
5147,0
5148,0.625
5149,1.75
5150,1.9375
5151,-2
5152,-2
5153,0
5154,0
5155,-0.0625
5156,1.9375
5157,-2
5158,0
5159,0
5160,0.0625
5161,-0.0625
5162,-0.0625
5163,0
5164,1.9375
5165,-2
5166,-2
5167,-1.4375
5168,-0.25
5169,0
5170,0
5171,-0.0625
5172,1.9375
5173,-2
5174,0
5175,0
5176,0.0625
5177,-0.0625
5178,-0.0625
5179,0
5180,-2
5181,-1.25
5182,-0.0625
5183,1.0625
5184,1.9375
5185,0
5186,0
5187,-0.0625
5188,1.9375
5189,-2
5190,0
5191,0
5192,0.0625
5193,-0.0625
5194,-0.0625
5195,0
5196,0.125
5197,1.25
5198,1.9375
5199,1.9375
5200,-2
5201,0
5202,0
5203,-0.0625
5204,1.9375
5205,-2
5206,0
5207,0
5208,0.0625
5209,-0.0625
5210,-0.0625
5211,0
5212,1.9375
5213,1.9375
5214,-2
5215,-1.9375
5216,-0.75
5217,0
5218,0
5219,-0.0625
5220,1.9375
5221,-2
5222,0
5223,0
5224,0.0625
5225,-0.0625
5226,-0.0625
5227,0
5228,-2
5229,-1.75
5230,-0.5625
5231,0.5625
5232,1.75
5233,0
5234,0
5235,-0.0625
5236,1.9375
5237,-2
5238,0
5239,0
5240,0.0625
5241,-0.0625
5242,-0.0625
5243,0
5244,-0.375
5245,0.75
5246,1.9375
5247,1.9375
5248,-2
5249,0
5250,0
5251,-0.0625
5252,1.9375
5253,-2
5254,0
5255,0
5256,0.0625
5257,-0.0625
5258,-0.0625
5259,0
5260,1.9375
5261,1.9375
5262,-2
5263,-2
5264,-1.25
5265,0
5266,0
5267,-0.0625
5268,1.9375
5269,-2
5270,0
5271,0
5272,0.0625
5273,-0.0625
5274,-0.0625
5275,0
5276,-2
5277,-2
5278,-1.0625
5279,0.0625
5280,1.25
5281,0
5282,0
5283,-0.0625
5284,1.9375
5285,-2
5286,0
5287,0
5288,0.0625
5289,-0.0625
5290,-0.0625
5291,0
5292,-0.875
5293,0.25
5294,1.4375
5295,1.9375
5296,1.9375
5297,0
5298,0
5299,-0.0625
5300,1.9375
5301,-2
5302,0
5303,0
5304,0.0625
5305,-0.0625
5306,-0.0625
5307,0
5308,1.625
5309,1.9375
5310,1.9375
5311,-2
5312,-1.75
5313,0
5314,0
5315,-0.0625
5316,1.9375
5317,-2
5318,0
5319,0
5320,0.0625
5321,-0.0625
5322,-0.0625
5323,0
5324,-2
5325,-2
5326,-1.5625
5327,-0.4375
5328,0.75
5329,0
5330,0
5331,-0.0625
5332,1.9375
5333,-2
5334,0
5335,0
5336,0.0625
5337,-0.0625
5338,-0.0625
5339,0
5340,-1.375
5341,-0.25
5342,0.9375
5343,1.9375
5344,1.9375
5345,0
5346,0
5347,-0.0625
5348,1.9375
5349,-2
5350,0
5351,0
5352,0.0625
5353,-0.0625
5354,-0.0625
5355,0
5356,1.125
5357,1.9375
5358,1.9375
5359,-2
5360,-2
5361,0
5362,0
5363,-0.0625
5364,1.9375
5365,-2
5366,0
5367,0
5368,0.0625
5369,-0.0625
5370,-0.0625
5371,0
5372,1.9375
5373,-2
5374,-2
5375,-0.9375
5376,0.25
5377,0
5378,0
5379,-0.0625
5380,1.9375
5381,-2
5382,0
5383,0
5384,0.0625
5385,-0.0625
5386,-0.0625
5387,0
5388,-1.875
5389,-0.75
5390,0.4375
5391,1.5625
5392,1.9375
5393,0
5394,0
5395,-0.0625
5396,1.9375
5397,-2
5398,0
5399,0
5400,0.0625
5401,-0.0625
5402,-0.0625
5403,0
5404,0.625
5405,1.75
5406,1.9375
5407,-2
5408,-2
5409,0
5410,0
5411,-0.0625
5412,1.9375
5413,-2
5414,0
5415,0
5416,0.0625
5417,-0.0625
5418,-0.0625
5419,0
5420,1.9375
5421,-2
5422,-2
5423,-1.4375
5424,-0.25
5425,0
5426,0
5427,-0.0625
5428,1.9375
5429,-2
5430,0
5431,0
5432,0.0625
5433,-0.0625
5434,-0.0625
5435,0
5436,-2
5437,-1.25
5438,-0.0625
5439,1.0625
5440,1.9375
5441,0
5442,0
5443,-0.0625
5444,1.9375
5445,-2
5446,0
5447,0
5448,0.0625
5449,-0.0625
5450,-0.0625
5451,0
5452,0.125
5453,1.25
5454,1.9375
5455,1.9375
5456,-2
5457,0
5458,0
5459,-0.0625
5460,1.9375
5461,-2
5462,0
5463,0
5464,0.0625
5465,-0.0625
5466,-0.0625
5467,0
5468,1.9375
5469,1.9375
5470,-2
5471,-1.9375
5472,-0.75
5473,0
5474,0
5475,-0.0625
5476,1.9375
5477,-2
5478,0
5479,0
5480,0.0625
5481,-0.0625
5482,-0.0625
5483,0
5484,-2
5485,-1.75
5486,-0.5625
5487,0.5625
5488,1.75
5489,0
5490,0
5491,-0.0625
5492,1.9375
5493,-2
5494,0
5495,0
5496,0.0625
5497,-0.0625
5498,-0.0625
5499,0
5500,-0.375
5501,0.75
5502,1.9375
5503,1.9375
5504,-2
5505,0
5506,0
5507,-0.0625
5508,1.9375
5509,-2
5510,0
5511,0
5512,0.0625
5513,-0.0625
5514,-0.0625
5515,0
5516,1.9375
5517,1.9375
5518,-2
5519,-2
5520,-1.25
5521,0
5522,0
5523,-0.0625
5524,1.9375
5525,-2
5526,0
5527,0
5528,0.0625
5529,-0.0625
5530,-0.0625
5531,0
5532,-2
5533,-2
5534,-1.0625
5535,0.0625
5536,1.25
5537,0
5538,0
5539,-0.0625
5540,1.9375
5541,-2
5542,0
5543,0
5544,0.0625
5545,-0.0625
5546,-0.0625
5547,0
5548,-0.875
5549,0.25
5550,1.4375
5551,1.9375
5552,1.9375
5553,0
5554,0
5555,-0.0625
5556,1.9375
5557,-2
5558,0
5559,0
5560,0.0625
5561,-0.0625
5562,-0.0625
5563,0
5564,1.625
5565,1.9375
5566,1.9375
5567,-2
5568,-1.75
5569,0
5570,0
5571,-0.0625
5572,1.9375
5573,-2
5574,0
5575,0
5576,0.0625
5577,-0.0625
5578,-0.0625
5579,0
5580,-2
5581,-2
5582,-1.5625
5583,-0.4375
5584,0.75
5585,0
5586,0
5587,-0.0625
5588,1.9375
5589,-2
5590,0
5591,0
5592,0.0625
5593,-0.0625
5594,-0.0625
5595,0
5596,-1.375
5597,-0.25
5598,0.9375
5599,1.9375
5600,1.9375
5601,0
5602,0
5603,-0.0625
5604,1.9375
5605,-2
5606,0
5607,0
5608,0.0625
5609,-0.0625
5610,-0.0625
5611,0
5612,1.125
5613,1.9375
5614,1.9375
5615,-2
5616,-2
5617,0
5618,0
5619,-0.0625
5620,1.9375
5621,-2
5622,0
5623,0
5624,0.0625
5625,-0.0625
5626,-0.0625
5627,0
5628,1.9375
5629,-2
5630,-2
5631,-0.9375
5632,0.25
5633,0
5634,0
5635,-0.0625
5636,1.9375
5637,-2
5638,0
5639,0
5640,0.0625
5641,-0.0625
5642,-0.0625
5643,0
5644,-1.875
5645,-0.75
5646,0.4375
5647,1.5625
5648,1.9375
5649,0
5650,0
5651,-0.0625
5652,1.9375
5653,-2
5654,0
5655,0
5656,0.0625
5657,-0.0625
5658,-0.0625
5659,0
5660,0.625
5661,1.75
5662,1.9375
5663,-2
5664,-2
5665,0
5666,0
5667,-0.0625
5668,1.9375
5669,-2
5670,0
5671,0
5672,0.0625
5673,-0.0625
5674,-0.0625
5675,0
5676,1.9375
5677,-2
5678,-2
5679,-1.4375
5680,-0.25
5681,0
5682,0
5683,-0.0625
5684,1.9375
5685,-2
5686,0
5687,0
5688,0.0625
5689,-0.0625
5690,-0.0625
5691,0
5692,-2
5693,-1.25
5694,-0.0625
5695,1.0625
5696,1.9375
5697,0
5698,0
5699,-0.0625
5700,1.9375
5701,-2
5702,0
5703,0
5704,0.0625
5705,-0.0625
5706,-0.0625
5707,0
5708,0.125
5709,1.25
5710,1.9375
5711,1.9375
5712,-2
5713,0
5714,0
5715,-0.0625
5716,1.9375
5717,-2
5718,0
5719,0
5720,0.0625
5721,-0.0625
5722,-0.0625
5723,0
5724,1.9375
5725,1.9375
5726,-2
5727,-1.9375
5728,-0.75
5729,0
5730,0
5731,-0.0625
5732,1.9375
5733,-2
5734,0
5735,0
5736,0.0625
5737,-0.0625
5738,-0.0625
5739,0
5740,-2
5741,-1.75
5742,-0.5625
5743,0.5625
5744,1.75
5745,0
5746,0
5747,-0.0625
5748,1.9375
5749,-2
5750,0
5751,0
5752,0.0625
5753,-0.0625
5754,-0.0625
5755,0
5756,-0.375
5757,0.75
5758,1.9375
5759,1.9375
5760,-2
5761,0
5762,0
5763,-0.0625
5764,1.9375
5765,-2
5766,0
5767,0
5768,0.0625
5769,-0.0625
5770,-0.0625
5771,0
5772,1.9375
5773,1.9375
5774,-2
5775,-2
5776,-1.25
5777,0
5778,0
5779,-0.0625
5780,1.9375
5781,-2
5782,0
5783,0
5784,0.0625
5785,-0.0625
5786,-0.0625
5787,0
5788,-2
5789,-2
5790,-1.0625
5791,0.0625
5792,1.25
5793,0
5794,0
5795,-0.0625
5796,1.9375
5797,-2
5798,0
5799,0
5800,0.0625
5801,-0.0625
5802,-0.0625
5803,0
5804,-0.875
5805,0.25
5806,1.4375
5807,1.9375
5808,1.9375
5809,0
5810,0
5811,-0.0625
5812,1.9375
5813,-2
5814,0
5815,0
5816,0.0625
5817,-0.0625
5818,-0.0625
5819,0
5820,1.625
5821,1.9375
5822,1.9375
5823,-2
5824,-1.75
5825,0
5826,0
5827,-0.0625
5828,1.9375
5829,-2
5830,0
5831,0
5832,0.0625
5833,-0.0625
5834,-0.0625
5835,0
5836,-2
5837,-2
5838,-1.5625
5839,-0.4375
5840,0.75
5841,0
5842,0
5843,-0.0625
5844,1.9375
5845,-2
5846,0
5847,0
5848,0.0625
5849,-0.0625
5850,-0.0625
5851,0
5852,-1.375
5853,-0.25
5854,0.9375
5855,1.9375
5856,1.9375
5857,0
5858,0
5859,-0.0625
5860,1.9375
5861,-2
5862,0
5863,0
5864,0.0625
5865,-0.0625
5866,-0.0625
5867,0
5868,1.125
5869,1.9375
5870,1.9375
5871,-2
5872,-2
5873,0
5874,0
5875,-0.0625
5876,1.9375
5877,-2
5878,0
5879,0
5880,0.0625
5881,-0.0625
5882,-0.0625
5883,0
5884,1.9375
5885,-2
5886,-2
5887,-0.9375
5888,0.25
5889,0
5890,0
5891,-0.0625
5892,1.9375
5893,-2
5894,0
5895,0
5896,0.0625
5897,-0.0625
5898,-0.0625
5899,0
5900,-1.875
5901,-0.75
5902,0.4375
5903,1.5625
5904,1.9375
5905,0
5906,0
5907,-0.0625
5908,1.9375
5909,-2
5910,0
5911,0
5912,0.0625
5913,-0.0625
5914,-0.0625
5915,0
5916,0.625
5917,1.75
5918,1.9375
5919,-2
5920,-2
5921,0
5922,0
5923,-0.0625
5924,1.9375
5925,-2
5926,0
5927,0
5928,0.0625
5929,-0.0625
5930,-0.0625
5931,0
5932,1.9375
5933,-2
5934,-2
5935,-1.4375
5936,-0.25
5937,0
5938,0
5939,-0.0625
5940,1.9375
5941,-2
5942,0
5943,0
5944,0.0625
5945,-0.0625
5946,-0.0625
5947,0
5948,-2
5949,-1.25
5950,-0.0625
5951,1.0625
5952,1.9375
5953,0
5954,0
5955,-0.0625
5956,1.9375
5957,-2
5958,0
5959,0
5960,0.0625
5961,-0.0625
5962,-0.0625
5963,0
5964,0.125
5965,1.25
5966,1.9375
5967,1.9375
5968,-2
5969,0
5970,0
5971,-0.0625
5972,1.9375
5973,-2
5974,0
5975,0
5976,0.0625
5977,-0.0625
5978,-0.0625
5979,0
5980,1.9375
5981,1.9375
5982,-2
5983,-1.9375
5984,-0.75
5985,0
5986,0
5987,-0.0625
5988,1.9375
5989,-2
5990,0
5991,0
5992,0.0625
5993,-0.0625
5994,-0.0625
5995,0
5996,-2
5997,-1.75
5998,-0.5625
5999,0.5625
6000,1.75
6001,0
6002,0
6003,-0.0625
6004,1.9375
6005,-2
6006,0
6007,0
6008,0.0625
6009,-0.0625
6010,-0.0625
6011,0
6012,-0.375
6013,0.75
6014,1.9375
6015,1.9375
6016,-2
6017,0
6018,0
6019,-0.0625
6020,1.9375
6021,-2
6022,0
6023,0
6024,0.0625
6025,-0.0625
6026,-0.0625
6027,0
6028,1.9375
6029,1.9375
6030,-2
6031,-2
6032,-1.25
6033,0
6034,0
6035,-0.0625
6036,1.9375
6037,-2
6038,0
6039,0
6040,0.0625
6041,-0.0625
6042,-0.0625
6043,0
6044,-2
6045,-2
6046,-1.0625
6047,0.0625
6048,1.25
6049,0
6050,0
6051,-0.0625
6052,1.9375
6053,-2
6054,0
6055,0
6056,0.0625
6057,-0.0625
6058,-0.0625
6059,0
6060,-0.875
6061,0.25
6062,1.4375
6063,1.9375
6064,1.9375
6065,0
6066,0
6067,-0.0625
6068,1.9375
6069,-2
6070,0
6071,0
6072,0.0625
6073,-0.0625
6074,-0.0625
6075,0
6076,1.625
6077,1.9375
6078,1.9375
6079,-2
6080,-1.75
6081,0
6082,0
6083,-0.0625
6084,1.9375
6085,-2
6086,0
6087,0
6088,0.0625
6089,-0.0625
6090,-0.0625
6091,0
6092,-2
6093,-2
6094,-1.5625
6095,-0.4375
6096,0.75
6097,0
6098,0
6099,-0.0625
6100,1.9375
6101,-2
6102,0
6103,0
6104,0.0625
6105,-0.0625
6106,-0.0625
6107,0
6108,-1.375
6109,-0.25
6110,0.9375
6111,1.9375
6112,1.9375
6113,0
6114,0
6115,-0.0625
6116,1.9375
6117,-2
6118,0
6119,0
6120,0.0625
6121,-0.0625
6122,-0.0625
6123,0
6124,1.125
6125,1.9375
6126,1.9375
6127,-2
6128,-2
6129,0
6130,0
6131,-0.0625
6132,1.9375
6133,-2
6134,0
6135,0
6136,0.0625
6137,-0.0625
6138,-0.0625
6139,0
6140,1.9375
6141,-2
6142,-2
6143,-0.9375
6144,0.25
6145,0
6146,0
6147,-0.0625
6148,1.9375
6149,-2
6150,0
6151,0
6152,0.0625
6153,-0.0625
6154,-0.0625
6155,0
6156,-1.875
6157,-0.75
6158,0.4375
6159,1.5625
6160,1.9375
6161,0
6162,0
6163,-0.0625
6164,1.9375
6165,-2
6166,0
6167,0
6168,0.0625
6169,-0.0625
6170,-0.0625
6171,0
6172,0.625
6173,1.75
6174,1.9375
6175,-2
6176,-2
6177,0
6178,0
6179,-0.0625
6180,1.9375
6181,-2
6182,0
6183,0
6184,0.0625
6185,-0.0625
6186,-0.0625
6187,0
6188,1.9375
6189,-2
6190,-2
6191,-1.4375
6192,-0.25
6193,0
6194,0
6195,-0.0625
6196,1.9375
6197,-2
6198,0
6199,0
6200,0.0625
6201,-0.0625
6202,-0.0625
6203,0
6204,-2
6205,-1.25
6206,-0.0625
6207,1.0625
6208,1.9375
6209,0
6210,0
6211,-0.0625
6212,1.9375
6213,-2
6214,0
6215,0
6216,0.0625
6217,-0.0625
6218,-0.0625
6219,0
6220,0.125
6221,1.25
6222,1.9375
6223,1.9375
6224,-2
6225,0
6226,0
6227,-0.0625
6228,1.9375
6229,-2
6230,0
6231,0
6232,0.0625
6233,-0.0625
6234,-0.0625
6235,0
6236,1.9375
6237,1.9375
6238,-2
6239,-1.9375
6240,-0.75
6241,0
6242,0
6243,-0.0625
6244,1.9375
6245,-2
6246,0
6247,0
6248,0.0625
6249,-0.0625
6250,-0.0625
6251,0
6252,-2
6253,-1.75
6254,-0.5625
6255,0.5625
6256,1.75
6257,0
6258,0
6259,-0.0625
6260,1.9375
6261,-2
6262,0
6263,0
6264,0.0625
6265,-0.0625
6266,-0.0625
6267,0
6268,-0.375
6269,0.75
6270,1.9375
6271,1.9375
6272,-2
6273,0
6274,0
6275,-0.0625
6276,1.9375
6277,-2
6278,0
6279,0
6280,0.0625
6281,-0.0625
6282,-0.0625
6283,0
6284,1.9375
6285,1.9375
6286,-2
6287,-2
6288,-1.25
6289,0
6290,0
6291,-0.0625
6292,1.9375
6293,-2
6294,0
6295,0
6296,0.0625
6297,-0.0625
6298,-0.0625
6299,0
6300,-2
6301,-2
6302,-1.0625
6303,0.0625
6304,1.25
6305,0
6306,0
6307,-0.0625
6308,1.9375
6309,-2
6310,0
6311,0
6312,0.0625
6313,-0.0625
6314,-0.0625
6315,0
6316,-0.875
6317,0.25
6318,1.4375
6319,1.9375
6320,1.9375
6321,0
6322,0
6323,-0.0625
6324,1.9375
6325,-2
6326,0
6327,0
6328,0.0625
6329,-0.0625
6330,-0.0625
6331,0
6332,1.625
6333,1.9375
6334,1.9375
6335,-2
6336,-1.75
6337,0
6338,0
6339,-0.0625
6340,1.9375
6341,-2
6342,0
6343,0
6344,0.0625
6345,-0.0625
6346,-0.0625
6347,0
6348,-2
6349,-2
6350,-1.5625
6351,-0.4375
6352,0.75
6353,0
6354,0
6355,-0.0625
6356,1.9375
6357,-2
6358,0
6359,0
6360,0.0625
6361,-0.0625
6362,-0.0625
6363,0
6364,-1.375
6365,-0.25
6366,0.9375
6367,1.9375
6368,1.9375
6369,0
6370,0
6371,-0.0625
6372,1.9375
6373,-2
6374,0
6375,0
6376,0.0625
6377,-0.0625
6378,-0.0625
6379,0
6380,1.125
6381,1.9375
6382,1.9375
6383,-2
6384,-2
6385,0
6386,0
6387,-0.0625
6388,1.9375
6389,-2
6390,0
6391,0
6392,0.0625
6393,-0.0625
6394,-0.0625
6395,0
6396,1.9375
6397,-2
6398,-2
6399,-0.9375
6400,0.25
6401,0
6402,0
6403,-0.0625
6404,1.9375
6405,-2
6406,0
6407,0
6408,0.0625
6409,-0.0625
6410,-0.0625
6411,0
6412,-1.875
6413,-0.75
6414,0.4375
6415,1.5625
6416,1.9375
6417,0
6418,0
6419,-0.0625
6420,1.9375
6421,-2
6422,0
6423,0
6424,0.0625
6425,-0.0625
6426,-0.0625
6427,0
6428,0.625
6429,1.75
6430,1.9375
6431,-2
6432,-2
6433,0
6434,0
6435,-0.0625
6436,1.9375
6437,-2
6438,0
6439,0
6440,0.0625
6441,-0.0625
6442,-0.0625
6443,0
6444,1.9375
6445,-2
6446,-2
6447,-1.4375
6448,-0.25
6449,0
6450,0
6451,-0.0625
6452,1.9375
6453,-2
6454,0
6455,0
6456,0.0625
6457,-0.0625
6458,-0.0625
6459,0
6460,-2
6461,-1.25
6462,-0.0625
6463,1.0625
6464,1.9375
6465,0
6466,0
6467,-0.0625
6468,1.9375
6469,-2
6470,0
6471,0
6472,0.0625
6473,-0.0625
6474,-0.0625
6475,0
6476,0.125
6477,1.25
6478,1.9375
6479,1.9375
6480,-2
6481,0
6482,0
6483,-0.0625
6484,1.9375
6485,-2
6486,0
6487,0
6488,0.0625
6489,-0.0625
6490,-0.0625
6491,0
6492,1.9375
6493,1.9375
6494,-2
6495,-1.9375
6496,-0.75
6497,0
6498,0
6499,-0.0625
6500,1.9375
6501,-2
6502,0
6503,0
6504,0.0625
6505,-0.0625
6506,-0.0625
6507,0
6508,-2
6509,-1.75
6510,-0.5625
6511,0.5625
6512,1.75
6513,0
6514,0
6515,-0.0625
6516,1.9375
6517,-2
6518,0
6519,0
6520,0.0625
6521,-0.0625
6522,-0.0625
6523,0
6524,-0.375
6525,0.75
6526,1.9375
6527,1.9375
6528,-2
6529,0
6530,0
6531,-0.0625
6532,1.9375
6533,-2
6534,0
6535,0
6536,0.0625
6537,-0.0625
6538,-0.0625
6539,0
6540,1.9375
6541,1.9375
6542,-2
6543,-2
6544,-1.25
6545,0
6546,0
6547,-0.0625
6548,1.9375
6549,-2
6550,0
6551,0
6552,0.0625
6553,-0.0625
6554,-0.0625
6555,0
6556,-2
6557,-2
6558,-1.0625
6559,0.0625
6560,1.25
6561,0
6562,0
6563,-0.0625
6564,1.9375
6565,-2
6566,0
6567,0
6568,0.0625
6569,-0.0625
6570,-0.0625
6571,0
6572,-0.875
6573,0.25
6574,1.4375
6575,1.9375
6576,1.9375
6577,0
6578,0
6579,-0.0625
6580,1.9375
6581,-2
6582,0
6583,0
6584,0.0625
6585,-0.0625
6586,-0.0625
6587,0
6588,1.625
6589,1.9375
6590,1.9375
6591,-2
6592,-1.75
6593,0
6594,0
6595,-0.0625
6596,1.9375
6597,-2
6598,0
6599,0
6600,0.0625
6601,-0.0625
6602,-0.0625
6603,0
6604,-2
6605,-2
6606,-1.5625
6607,-0.4375
6608,0.75
6609,0
6610,0
6611,-0.0625
6612,1.9375
6613,-2
6614,0
6615,0
6616,0.0625
6617,-0.0625
6618,-0.0625
6619,0
6620,-1.375
6621,-0.25
6622,0.9375
6623,1.9375
6624,1.9375
6625,0
6626,0
6627,-0.0625
6628,1.9375
6629,-2
6630,0
6631,0
6632,0.0625
6633,-0.0625
6634,-0.0625
6635,0
6636,1.125
6637,1.9375
6638,1.9375
6639,-2
6640,-2
6641,0
6642,0
6643,-0.0625
6644,1.9375
6645,-2
6646,0
6647,0
6648,0.0625
6649,-0.0625
6650,-0.0625
6651,0
6652,1.9375
6653,-2
6654,-2
6655,-0.9375
6656,0.25
6657,0
6658,0
6659,-0.0625
6660,1.9375
6661,-2
6662,0
6663,0
6664,0.0625
6665,-0.0625
6666,-0.0625
6667,0
6668,-1.875
6669,-0.75
6670,0.4375
6671,1.5625
6672,1.9375
6673,0
6674,0
6675,-0.0625
6676,1.9375
6677,-2
6678,0
6679,0
6680,0.0625
6681,-0.0625
6682,-0.0625
6683,0
6684,0.625
6685,1.75
6686,1.9375
6687,-2
6688,-2
6689,0
6690,0
6691,-0.0625
6692,1.9375
6693,-2
6694,0
6695,0
6696,0.0625
6697,-0.0625
6698,-0.0625
6699,0
6700,1.9375
6701,-2
6702,-2
6703,-1.4375
6704,-0.25
6705,0
6706,0
6707,-0.0625
6708,1.9375
6709,-2
6710,0
6711,0
6712,0.0625
6713,-0.0625
6714,-0.0625
6715,0
6716,-2
6717,-1.25
6718,-0.0625
6719,1.0625
6720,1.9375
6721,0
6722,0
6723,-0.0625
6724,1.9375
6725,-2
6726,0
6727,0
6728,0.0625
6729,-0.0625
6730,-0.0625
6731,0
6732,0.125
6733,1.25
6734,1.9375
6735,1.9375
6736,-2
6737,0
6738,0
6739,-0.0625
6740,1.9375
6741,-2
6742,0
6743,0
6744,0.0625
6745,-0.0625
6746,-0.0625
6747,0
6748,1.9375
6749,1.9375
6750,-2
6751,-1.9375
6752,-0.75
6753,0
6754,0
6755,-0.0625
6756,1.9375
6757,-2
6758,0
6759,0
6760,0.0625
6761,-0.0625
6762,-0.0625
6763,0
6764,-2
6765,-1.75
6766,-0.5625
6767,0.5625
6768,1.75
6769,0
6770,0
6771,-0.0625
6772,1.9375
6773,-2
6774,0
6775,0
6776,0.0625
6777,-0.0625
6778,-0.0625
6779,0
6780,-0.375
6781,0.75
6782,1.9375
6783,1.9375
6784,-2
6785,0
6786,0
6787,-0.0625
6788,1.9375
6789,-2
6790,0
6791,0
6792,0.0625
6793,-0.0625
6794,-0.0625
6795,0
6796,1.9375
6797,1.9375
6798,-2
6799,-2
6800,-1.25
6801,0
6802,0
6803,-0.0625
6804,1.9375
6805,-2
6806,0
6807,0
6808,0.0625
6809,-0.0625
6810,-0.0625
6811,0
6812,-2
6813,-2
6814,-1.0625
6815,0.0625
6816,1.25
6817,0
6818,0
6819,-0.0625
6820,1.9375
6821,-2
6822,0
6823,0
6824,0.0625
6825,-0.0625
6826,-0.0625
6827,0
6828,-0.875
6829,0.25
6830,1.4375
6831,1.9375
6832,1.9375
6833,0
6834,0
6835,-0.0625
6836,1.9375
6837,-2
6838,0
6839,0
6840,0.0625
6841,-0.0625
6842,-0.0625
6843,0
6844,1.625
6845,1.9375
6846,1.9375
6847,-2
6848,-1.75
6849,0
6850,0
6851,-0.0625
6852,1.9375
6853,-2
6854,0
6855,0
6856,0.0625
6857,-0.0625
6858,-0.0625
6859,0
6860,-2
6861,-2
6862,-1.5625
6863,-0.4375
6864,0.75
6865,0
6866,0
6867,-0.0625
6868,1.9375
6869,-2
6870,0
6871,0
6872,0.0625
6873,-0.0625
6874,-0.0625
6875,0
6876,-1.375
6877,-0.25
6878,0.9375
6879,1.9375
6880,1.9375
6881,0
6882,0
6883,-0.0625
6884,1.9375
6885,-2
6886,0
6887,0
6888,0.0625
6889,-0.0625
6890,-0.0625
6891,0
6892,1.125
6893,1.9375
6894,1.9375
6895,-2
6896,-2
6897,0
6898,0
6899,-0.0625
6900,1.9375
6901,-2
6902,0
6903,0
6904,0.0625
6905,-0.0625
6906,-0.0625
6907,0
6908,1.9375
6909,-2
6910,-2
6911,-0.9375
6912,0.25
6913,0
6914,0
6915,-0.0625
6916,1.9375
6917,-2
6918,0
6919,0
6920,0.0625
6921,-0.0625
6922,-0.0625
6923,0
6924,-1.875
6925,-0.75
6926,0.4375
6927,1.5625
6928,1.9375
6929,0
6930,0
6931,-0.0625
6932,1.9375
6933,-2
6934,0
6935,0
6936,0.0625
6937,-0.0625
6938,-0.0625
6939,0
6940,0.625
6941,1.75
6942,1.9375
6943,-2
6944,-2
6945,0
6946,0
6947,-0.0625
6948,1.9375
6949,-2
6950,0
6951,0
6952,0.0625
6953,-0.0625
6954,-0.0625
6955,0
6956,1.9375
6957,-2
6958,-2
6959,-1.4375
6960,-0.25
6961,0
6962,0
6963,-0.0625
6964,1.9375
6965,-2
6966,0
6967,0
6968,0.0625
6969,-0.0625
6970,-0.0625
6971,0
6972,-2
6973,-1.25
6974,-0.0625
6975,1.0625
6976,1.9375
6977,0
6978,0
6979,-0.0625
6980,1.9375
6981,-2
6982,0
6983,0
6984,0.0625
6985,-0.0625
6986,-0.0625
6987,0
6988,0.125
6989,1.25
6990,1.9375
6991,1.9375
6992,-2
6993,0
6994,0
6995,-0.0625
6996,1.9375
6997,-2
6998,0
6999,0
7000,0.0625
7001,-0.0625
7002,-0.0625
7003,0
7004,1.9375
7005,1.9375
7006,-2
7007,-1.9375
7008,-0.75
7009,0
7010,0
7011,-0.0625
7012,1.9375
7013,-2
7014,0
7015,0
7016,0.0625
7017,-0.0625
7018,-0.0625
7019,0
7020,-2
7021,-1.75
7022,-0.5625
7023,0.5625
7024,1.75
7025,0
7026,0
7027,-0.0625
7028,1.9375
7029,-2
7030,0
7031,0
7032,0.0625
7033,-0.0625
7034,-0.0625
7035,0
7036,-0.375
7037,0.75
7038,1.9375
7039,1.9375
7040,-2
7041,0
7042,0
7043,-0.0625
7044,1.9375
7045,-2
7046,0
7047,0
7048,0.0625
7049,-0.0625
7050,-0.0625
7051,0
7052,1.9375
7053,1.9375
7054,-2
7055,-2
7056,-1.25
7057,0
7058,0
7059,-0.0625
7060,1.9375
7061,-2
7062,0
7063,0
7064,0.0625
7065,-0.0625
7066,-0.0625
7067,0
7068,-2
7069,-2
7070,-1.0625
7071,0.0625
7072,1.25
7073,0
7074,0
7075,-0.0625
7076,1.9375
7077,-2
7078,0
7079,0
7080,0.0625
7081,-0.0625
7082,-0.0625
7083,0
7084,-0.875
7085,0.25
7086,1.4375
7087,1.9375
7088,1.9375
7089,0
7090,0
7091,-0.0625
7092,1.9375
7093,-2
7094,0
7095,0
7096,0.0625
7097,-0.0625
7098,-0.0625
7099,0
7100,1.625
7101,1.9375
7102,1.9375
7103,-2
7104,-1.75
7105,0
7106,0
7107,-0.0625
7108,1.9375
7109,-2
7110,0
7111,0
7112,0.0625
7113,-0.0625
7114,-0.0625
7115,0
7116,-2
7117,-2
7118,-1.5625
7119,-0.4375
7120,0.75
7121,0
7122,0
7123,-0.0625
7124,1.9375
7125,-2
7126,0
7127,0
7128,0.0625
7129,-0.0625
7130,-0.0625
7131,0
7132,-1.375
7133,-0.25
7134,0.9375
7135,1.9375
7136,1.9375
7137,0
7138,0
7139,-0.0625
7140,1.9375
7141,-2
7142,0
7143,0
7144,0.0625
7145,-0.0625
7146,-0.0625
7147,0
7148,1.125
7149,1.9375
7150,1.9375
7151,-2
7152,-2
7153,0
7154,0
7155,-0.0625
7156,1.9375
7157,-2
7158,0
7159,0
7160,0.0625
7161,-0.0625
7162,-0.0625
7163,0
7164,1.9375
7165,-2
7166,-2
7167,-0.9375
7168,0.25
7169,0
7170,0
7171,-0.0625
7172,1.9375
7173,-2
7174,0
7175,0
7176,0.0625
7177,-0.0625
7178,-0.0625
7179,0
7180,-1.875
7181,-0.75
7182,0.4375
7183,1.5625
7184,1.9375
7185,0
7186,0
7187,-0.0625
7188,1.9375
7189,-2
7190,0
7191,0
7192,0.0625
7193,-0.0625
7194,-0.0625
7195,0
7196,0.625
7197,1.75
7198,1.9375
7199,-2
7200,-2
7201,0
7202,0
7203,-0.0625
7204,1.9375
7205,-2
7206,0
7207,0
7208,0.0625
7209,-0.0625
7210,-0.0625
7211,0
7212,1.9375
7213,-2
7214,-2
7215,-1.4375
7216,-0.25
7217,0
7218,0
7219,-0.0625
7220,1.9375
7221,-2
7222,0
7223,0
7224,0.0625
7225,-0.0625
7226,-0.0625
7227,0
7228,-2
7229,-1.25
7230,-0.0625
7231,1.0625
7232,1.9375
7233,0
7234,0
7235,-0.0625
7236,1.9375
7237,-2
7238,0
7239,0
7240,0.0625
7241,-0.0625
7242,-0.0625
7243,0
7244,0.125
7245,1.25
7246,1.9375
7247,1.9375
7248,-2
7249,0
7250,0
7251,-0.0625
7252,1.9375
7253,-2
7254,0
7255,0
7256,0.0625
7257,-0.0625
7258,-0.0625
7259,0
7260,1.9375
7261,1.9375
7262,-2
7263,-1.9375
7264,-0.75
7265,0
7266,0
7267,-0.0625
7268,1.9375
7269,-2
7270,0
7271,0
7272,0.0625
7273,-0.0625
7274,-0.0625
7275,0
7276,-2
7277,-1.75
7278,-0.5625
7279,0.5625
7280,1.75
7281,0
7282,0
7283,-0.0625
7284,1.9375
7285,-2
7286,0
7287,0
7288,0.0625
7289,-0.0625
7290,-0.0625
7291,0
7292,-0.375
7293,0.75
7294,1.9375
7295,1.9375
7296,-2
7297,0
7298,0
7299,-0.0625
7300,1.9375
7301,-2
7302,0
7303,0
7304,0.0625
7305,-0.0625
7306,-0.0625
7307,0
7308,1.9375
7309,1.9375
7310,-2
7311,-2
7312,-1.25
7313,0
7314,0
7315,-0.0625
7316,1.9375
7317,-2
7318,0
7319,0
7320,0.0625
7321,-0.0625
7322,-0.0625
7323,0
7324,-2
7325,-2
7326,-1.0625
7327,0.0625
7328,1.25
7329,0
7330,0
7331,-0.0625
7332,1.9375
7333,-2
7334,0
7335,0
7336,0.0625
7337,-0.0625
7338,-0.0625
7339,0
7340,-0.875
7341,0.25
7342,1.4375
7343,1.9375
7344,1.9375
7345,0
7346,0
7347,-0.0625
7348,1.9375
7349,-2
7350,0
7351,0
7352,0.0625
7353,-0.0625
7354,-0.0625
7355,0
7356,1.625
7357,1.9375
7358,1.9375
7359,-2
7360,-1.75
7361,0
7362,0
7363,-0.0625
7364,1.9375
7365,-2
7366,0
7367,0
7368,0.0625
7369,-0.0625
7370,-0.0625
7371,0
7372,-2
7373,-2
7374,-1.5625
7375,-0.4375
7376,0.75
7377,0
7378,0
7379,-0.0625
7380,1.9375
7381,-2
7382,0
7383,0
7384,0.0625
7385,-0.0625
7386,-0.0625
7387,0
7388,-1.375
7389,-0.25
7390,0.9375
7391,1.9375
7392,1.9375
7393,0
7394,0
7395,-0.0625
7396,1.9375
7397,-2
7398,0
7399,0
7400,0.0625
7401,-0.0625
7402,-0.0625
7403,0
7404,1.125
7405,1.9375
7406,1.9375
7407,-2
7408,-2
7409,0
7410,0
7411,-0.0625
7412,1.9375
7413,-2
7414,0
7415,0
7416,0.0625
7417,-0.0625
7418,-0.0625
7419,0
7420,1.9375
7421,-2
7422,-2
7423,-0.9375
7424,0.25
7425,0
7426,0
7427,-0.0625
7428,1.9375
7429,-2
7430,0
7431,0
7432,0.0625
7433,-0.0625
7434,-0.0625
7435,0
7436,-1.875
7437,-0.75
7438,0.4375
7439,1.5625
7440,1.9375
7441,0
7442,0
7443,-0.0625
7444,1.9375
7445,-2
7446,0
7447,0
7448,0.0625
7449,-0.0625
7450,-0.0625
7451,0
7452,0.625
7453,1.75
7454,1.9375
7455,-2
7456,-2
7457,0
7458,0
7459,-0.0625
7460,1.9375
7461,-2
7462,0
7463,0
7464,0.0625
7465,-0.0625
7466,-0.0625
7467,0
7468,1.9375
7469,-2
7470,-2
7471,-1.4375
7472,-0.25
7473,0
7474,0
7475,-0.0625
7476,1.9375
7477,-2
7478,0
7479,0
7480,0.0625
7481,-0.0625
7482,-0.0625
7483,0
7484,-2
7485,-1.25
7486,-0.0625
7487,1.0625
7488,1.9375
7489,0
7490,0
7491,-0.0625
7492,1.9375
7493,-2
7494,0
7495,0
7496,0.0625
7497,-0.0625
7498,-0.0625
7499,0
7500,0.125
7501,1.25
7502,1.9375
7503,1.9375
7504,-2
7505,0
7506,0
7507,-0.0625
7508,1.9375
7509,-2
7510,0
7511,0
7512,0.0625
7513,-0.0625
7514,-0.0625
7515,0
7516,1.9375
7517,1.9375
7518,-2
7519,-1.9375
7520,-0.75
7521,0
7522,0
7523,-0.0625
7524,1.9375
7525,-2
7526,0
7527,0
7528,0.0625
7529,-0.0625
7530,-0.0625
7531,0
7532,-2
7533,-1.75
7534,-0.5625
7535,0.5625
7536,1.75
7537,0
7538,0
7539,-0.0625
7540,1.9375
7541,-2
7542,0
7543,0
7544,0.0625
7545,-0.0625
7546,-0.0625
7547,0
7548,-0.375
7549,0.75
7550,1.9375
7551,1.9375
7552,-2
7553,0
7554,0
7555,-0.0625
7556,1.9375
7557,-2
7558,0
7559,0
7560,0.0625
7561,-0.0625
7562,-0.0625
7563,0
7564,1.9375
7565,1.9375
7566,-2
7567,-2
7568,-1.25
7569,0
7570,0
7571,-0.0625
7572,1.9375
7573,-2
7574,0
7575,0
7576,0.0625
7577,-0.0625
7578,-0.0625
7579,0
7580,-2
7581,-2
7582,-1.0625
7583,0.0625
7584,1.25
7585,0
7586,0
7587,-0.0625
7588,1.9375
7589,-2
7590,0
7591,0
7592,0.0625
7593,-0.0625
7594,-0.0625
7595,0
7596,-0.875
7597,0.25
7598,1.4375
7599,1.9375
7600,1.9375
7601,0
7602,0
7603,-0.0625
7604,1.9375
7605,-2
7606,0
7607,0
7608,0.0625
7609,-0.0625
7610,-0.0625
7611,0
7612,1.625
7613,1.9375
7614,1.9375
7615,-2
7616,-1.75
7617,0
7618,0
7619,-0.0625
7620,1.9375
7621,-2
7622,0
7623,0
7624,0.0625
7625,-0.0625
7626,-0.0625
7627,0
7628,-2
7629,-2
7630,-1.5625
7631,-0.4375
7632,0.75
7633,0
7634,0
7635,-0.0625
7636,1.9375
7637,-2
7638,0
7639,0
7640,0.0625
7641,-0.0625
7642,-0.0625
7643,0
7644,-1.375
7645,-0.25
7646,0.9375
7647,1.9375
7648,1.9375
7649,0
7650,0
7651,-0.0625
7652,1.9375
7653,-2
7654,0
7655,0
7656,0.0625
7657,-0.0625
7658,-0.0625
7659,0
7660,1.125
7661,1.9375
7662,1.9375
7663,-2
7664,-2
7665,0
7666,0
7667,-0.0625
7668,1.9375
7669,-2
7670,0
7671,0
7672,0.0625
7673,-0.0625
7674,-0.0625
7675,0
7676,1.9375
7677,-2
7678,-2
7679,-0.9375
7680,0.25
7681,0
7682,0
7683,-0.0625
7684,1.9375
7685,-2
7686,0
7687,0
7688,0.0625
7689,-0.0625
7690,-0.0625
7691,0
7692,-1.875
7693,-0.75
7694,0.4375
7695,1.5625
7696,1.9375
7697,0
7698,0
7699,-0.0625
7700,1.9375
7701,-2
7702,0
7703,0
7704,0.0625
7705,-0.0625
7706,-0.0625
7707,0
7708,0.625
7709,1.75
7710,1.9375
7711,-2
7712,-2
7713,0
7714,0
7715,-0.0625
7716,1.9375
7717,-2
7718,0
7719,0
7720,0.0625
7721,-0.0625
7722,-0.0625
7723,0
7724,1.9375
7725,-2
7726,-2
7727,-1.4375
7728,-0.25
7729,0
7730,0
7731,-0.0625
7732,1.9375
7733,-2
7734,0
7735,0
7736,0.0625
7737,-0.0625
7738,-0.0625
7739,0
7740,-2
7741,-1.25
7742,-0.0625
7743,1.0625
7744,1.9375
7745,0
7746,0
7747,-0.0625
7748,1.9375
7749,-2
7750,0
7751,0
7752,0.0625
7753,-0.0625
7754,-0.0625
7755,0
7756,0.125
7757,1.25
7758,1.9375
7759,1.9375
7760,-2
7761,0
7762,0
7763,-0.0625
7764,1.9375
7765,-2
7766,0
7767,0
7768,0.0625
7769,-0.0625
7770,-0.0625
7771,0
7772,1.9375
7773,1.9375
7774,-2
7775,-1.9375
7776,-0.75
7777,0
7778,0
7779,-0.0625
7780,1.9375
7781,-2
7782,0
7783,0
7784,0.0625
7785,-0.0625
7786,-0.0625
7787,0
7788,-2
7789,-1.75
7790,-0.5625
7791,0.5625
7792,1.75
7793,0
7794,0
7795,-0.0625
7796,1.9375
7797,-2
7798,0
7799,0
7800,0.0625
7801,-0.0625
7802,-0.0625
7803,0
7804,-0.375
7805,0.75
7806,1.9375
7807,1.9375
7808,-2
7809,0
7810,0
7811,-0.0625
7812,1.9375
7813,-2
7814,0
7815,0
7816,0.0625
7817,-0.0625
7818,-0.0625
7819,0
7820,1.9375
7821,1.9375
7822,-2
7823,-2
7824,-1.25
7825,0
7826,0
7827,-0.0625
7828,1.9375
7829,-2
7830,0
7831,0
7832,0.0625
7833,-0.0625
7834,-0.0625
7835,0
7836,-2
7837,-2
7838,-1.0625
7839,0.0625
7840,1.25
7841,0
7842,0
7843,-0.0625
7844,1.9375
7845,-2
7846,0
7847,0
7848,0.0625
7849,-0.0625
7850,-0.0625
7851,0
7852,-0.875
7853,0.25
7854,1.4375
7855,1.9375
7856,1.9375
7857,0
7858,0
7859,-0.0625
7860,1.9375
7861,-2
7862,0
7863,0
7864,0.0625
7865,-0.0625
7866,-0.0625
7867,0
7868,1.625
7869,1.9375
7870,1.9375
7871,-2
7872,-1.75
7873,0
7874,0
7875,-0.0625
7876,1.9375
7877,-2
7878,0
7879,0
7880,0.0625
7881,-0.0625
7882,-0.0625
7883,0
7884,-2
7885,-2
7886,-1.5625
7887,-0.4375
7888,0.75
7889,0
7890,0
7891,-0.0625
7892,1.9375
7893,-2
7894,0
7895,0
7896,0.0625
7897,-0.0625
7898,-0.0625
7899,0
7900,-1.375
7901,-0.25
7902,0.9375
7903,1.9375
7904,1.9375
7905,0
7906,0
7907,-0.0625
7908,1.9375
7909,-2
7910,0
7911,0
7912,0.0625
7913,-0.0625
7914,-0.0625
7915,0
7916,1.125
7917,1.9375
7918,1.9375
7919,-2
7920,-2
7921,0
7922,0
7923,-0.0625
7924,1.9375
7925,-2
7926,0
7927,0
7928,0.0625
7929,-0.0625
7930,-0.0625
7931,0
7932,1.9375
7933,-2
7934,-2
7935,-0.9375
7936,0.25
7937,0
7938,0
7939,-0.0625
7940,1.9375
7941,-2
7942,0
7943,0
7944,0.0625
7945,-0.0625
7946,-0.0625
7947,0
7948,-1.875
7949,-0.75
7950,0.4375
7951,1.5625
7952,1.9375
7953,0
7954,0
7955,-0.0625
7956,1.9375
7957,-2
7958,0
7959,0
7960,0.0625
7961,-0.0625
7962,-0.0625
7963,0
7964,0.625
7965,1.75
7966,1.9375
7967,-2
7968,-2
7969,0
7970,0
7971,-0.0625
7972,1.9375
7973,-2
7974,0
7975,0
7976,0.0625
7977,-0.0625
7978,-0.0625
7979,0
7980,1.9375
7981,-2
7982,-2
7983,-1.4375
7984,-0.25
7985,0
7986,0
7987,-0.0625
7988,1.9375
7989,-2
7990,0
7991,0
7992,0.0625
7993,-0.0625
7994,-0.0625
7995,0
7996,-2
7997,-1.25
7998,-0.0625
7999,1.0625
8000,1.9375
8001,0
8002,0
8003,-0.0625
8004,1.9375
8005,-2
8006,0
8007,0
8008,0.0625
8009,-0.0625
8010,-0.0625
8011,0
8012,0.125
8013,1.25
8014,1.9375
8015,1.9375
8016,-2
8017,0
8018,0
8019,-0.0625
8020,1.9375
8021,-2
8022,0
8023,0
8024,0.0625
8025,-0.0625
8026,-0.0625
8027,0
8028,1.9375
8029,1.9375
8030,-2
8031,-1.9375
8032,-0.75
8033,0
8034,0
8035,-0.0625
8036,1.9375
8037,-2
8038,0
8039,0
8040,0.0625
8041,-0.0625
8042,-0.0625
8043,0
8044,-2
8045,-1.75
8046,-0.5625
8047,0.5625
8048,1.75
8049,0
8050,0
8051,-0.0625
8052,1.9375
8053,-2
8054,0
8055,0
8056,0.0625
8057,-0.0625
8058,-0.0625
8059,0
8060,-0.375
8061,0.75
8062,1.9375
8063,1.9375
8064,-2
8065,0
8066,0
8067,-0.0625
8068,1.9375
8069,-2
8070,0
8071,0
8072,0.0625
8073,-0.0625
8074,-0.0625
8075,0
8076,1.9375
8077,1.9375
8078,-2
8079,-2
8080,-1.25
8081,0
8082,0
8083,-0.0625
8084,1.9375
8085,-2
8086,0
8087,0
8088,0.0625
8089,-0.0625
8090,-0.0625
8091,0
8092,-2
8093,-2
8094,-1.0625
8095,0.0625
8096,1.25
8097,0
8098,0
8099,-0.0625
8100,1.9375
8101,-2
8102,0
8103,0
8104,0.0625
8105,-0.0625
8106,-0.0625
8107,0
8108,-0.875
8109,0.25
8110,1.4375
8111,1.9375
8112,1.9375
8113,0
8114,0
8115,-0.0625
8116,1.9375
8117,-2
8118,0
8119,0
8120,0.0625
8121,-0.0625
8122,-0.0625
8123,0
8124,1.625
8125,1.9375
8126,1.9375
8127,-2
8128,-1.75
8129,0
8130,0
8131,-0.0625
8132,1.9375
8133,-2
8134,0
8135,0
8136,0.0625
8137,-0.0625
8138,-0.0625
8139,0
8140,-2
8141,-2
8142,-1.5625
8143,-0.4375
8144,0.75
8145,0
8146,0
8147,-0.0625
8148,1.9375
8149,-2
8150,0
8151,0
8152,0.0625
8153,-0.0625
8154,-0.0625
8155,0
8156,-1.375
8157,-0.25
8158,0.9375
8159,1.9375
8160,1.9375
8161,0
8162,0
8163,-0.0625
8164,1.9375
8165,-2
8166,0
8167,0
8168,0.0625
8169,-0.0625
8170,-0.0625
8171,0
8172,1.125
8173,1.9375
8174,1.9375
8175,-2
8176,-2
8177,0
8178,0
8179,-0.0625
8180,1.9375
8181,-2
8182,0
8183,0
8184,0.0625
8185,-0.0625
8186,-0.0625
8187,0
8188,1.9375
8189,-2
8190,-2
8191,-0.9375
8192,0.25
8193,0
8194,0
8195,-0.0625
8196,1.9375
8197,-2
8198,0
8199,0
8200,0.0625
8201,-0.0625
8202,-0.0625
8203,0
8204,-1.875
8205,-0.75
8206,0.4375
8207,1.5625
8208,1.9375
8209,0
8210,0
8211,-0.0625
8212,1.9375
8213,-2
8214,0
8215,0
8216,0.0625
8217,-0.0625
8218,-0.0625
8219,0
8220,0.625
8221,1.75
8222,1.9375
8223,-2
8224,-2
8225,0
8226,0
8227,-0.0625
8228,1.9375
8229,-2
8230,0
8231,0
8232,0.0625
8233,-0.0625
8234,-0.0625
8235,0
8236,1.9375
8237,-2
8238,-2
8239,-1.4375
8240,-0.25
8241,0
8242,0
8243,-0.0625
8244,1.9375
8245,-2
8246,0
8247,0
8248,0.0625
8249,-0.0625
8250,-0.0625
8251,0
8252,-2
8253,-1.25
8254,-0.0625
8255,1.0625
8256,1.9375
8257,0
8258,0
8259,-0.0625
8260,1.9375
8261,-2
8262,0
8263,0
8264,0.0625
8265,-0.0625
8266,-0.0625
8267,0
8268,0.125
8269,1.25
8270,1.9375
8271,1.9375
8272,-2
8273,0
8274,0
8275,-0.0625
8276,1.9375
8277,-2
8278,0
8279,0
8280,0.0625
8281,-0.0625
8282,-0.0625
8283,0
8284,1.9375
8285,1.9375
8286,-2
8287,-1.9375
8288,-0.75
8289,0
8290,0
8291,-0.0625
8292,1.9375
8293,-2
8294,0
8295,0
8296,0.0625
8297,-0.0625
8298,-0.0625
8299,0
8300,-2
8301,-1.75
8302,-0.5625
8303,0.5625
8304,1.75
8305,0
8306,0
8307,-0.0625
8308,1.9375
8309,-2
8310,0
8311,0
8312,0.0625
8313,-0.0625
8314,-0.0625
8315,0
8316,-0.375
8317,0.75
8318,1.9375
8319,1.9375
8320,-2
8321,0
8322,0
8323,-0.0625
8324,1.9375
8325,-2
8326,0
8327,0
8328,0.0625
8329,-0.0625
8330,-0.0625
8331,0
8332,1.9375
8333,1.9375
8334,-2
8335,-2
8336,-1.25
8337,0
8338,0
8339,-0.0625
8340,1.9375
8341,-2
8342,0
8343,0
8344,0.0625
8345,-0.0625
8346,-0.0625
8347,0
8348,-2
8349,-2
8350,-1.0625
8351,0.0625
8352,1.25
8353,0
8354,0
8355,-0.0625
8356,1.9375
8357,-2
8358,0
8359,0
8360,0.0625
8361,-0.0625
8362,-0.0625
8363,0
8364,-0.875
8365,0.25
8366,1.4375
8367,1.9375
8368,1.9375
8369,0
8370,0
8371,-0.0625
8372,1.9375
8373,-2
8374,0
8375,0
8376,0.0625
8377,-0.0625
8378,-0.0625
8379,0
8380,1.625
8381,1.9375
8382,1.9375
8383,-2
8384,-1.75
8385,0
8386,0
8387,-0.0625
8388,1.9375
8389,-2
8390,0
8391,0
8392,0.0625
8393,-0.0625
8394,-0.0625
8395,0
8396,-2
8397,-2
8398,-1.5625
8399,-0.4375
8400,0.75
8401,0
8402,0
8403,-0.0625
8404,1.9375
8405,-2
8406,0
8407,0
8408,0.0625
8409,-0.0625
8410,-0.0625
8411,0
8412,-1.375
8413,-0.25
8414,0.9375
8415,1.9375
8416,1.9375
8417,0
8418,0
8419,-0.0625
8420,1.9375
8421,-2
8422,0
8423,0
8424,0.0625
8425,-0.0625
8426,-0.0625
8427,0
8428,1.125
8429,1.9375
8430,1.9375
8431,-2
8432,-2
8433,0
8434,0
8435,-0.0625
8436,1.9375
8437,-2
8438,0
8439,0
8440,0.0625
8441,-0.0625
8442,-0.0625
8443,0
8444,1.9375
8445,-2
8446,-2
8447,-0.9375
8448,0.25
8449,0
8450,0
8451,-0.0625
8452,1.9375
8453,-2
8454,0
8455,0
8456,0.0625
8457,-0.0625
8458,-0.0625
8459,0
8460,-1.875
8461,-0.75
8462,0.4375
8463,1.5625
8464,1.9375
8465,0
8466,0
8467,-0.0625
8468,1.9375
8469,-2
8470,0
8471,0
8472,0.0625
8473,-0.0625
8474,-0.0625
8475,0
8476,0.625
8477,1.75
8478,1.9375
8479,-2
8480,-2
8481,0
8482,0
8483,-0.0625
8484,1.9375
8485,-2
8486,0
8487,0
8488,0.0625
8489,-0.0625
8490,-0.0625
8491,0
8492,1.9375
8493,-2
8494,-2
8495,-1.4375
8496,-0.25
8497,0
8498,0
8499,-0.0625
8500,1.9375
8501,-2
8502,0
8503,0
8504,0.0625
8505,-0.0625
8506,-0.0625
8507,0
8508,-2
8509,-1.25
8510,-0.0625
8511,1.0625
8512,1.9375
8513,0
8514,0
8515,-0.0625
8516,1.9375
8517,-2
8518,0
8519,0
8520,0.0625
8521,-0.0625
8522,-0.0625
8523,0
8524,0.125
8525,1.25
8526,1.9375
8527,1.9375
8528,-2
8529,0
8530,0
8531,-0.0625
8532,1.9375
8533,-2
8534,0
8535,0
8536,0.0625
8537,-0.0625
8538,-0.0625
8539,0
8540,1.9375
8541,1.9375
8542,-2
8543,-1.9375
8544,-0.75
8545,0
8546,0
8547,-0.0625
8548,1.9375
8549,-2
8550,0
8551,0
8552,0.0625
8553,-0.0625
8554,-0.0625
8555,0
8556,-2
8557,-1.75
8558,-0.5625
8559,0.5625
8560,1.75
8561,0
8562,0
8563,-0.0625
8564,1.9375
8565,-2
8566,0
8567,0
8568,0.0625
8569,-0.0625
8570,-0.0625
8571,0
8572,-0.375
8573,0.75
8574,1.9375
8575,1.9375
8576,-2
8577,0
8578,0
8579,-0.0625
8580,1.9375
8581,-2
8582,0
8583,0
8584,0.0625
8585,-0.0625
8586,-0.0625
8587,0
8588,1.9375
8589,1.9375
8590,-2
8591,-2
8592,-1.25
8593,0
8594,0
8595,-0.0625
8596,1.9375
8597,-2
8598,0
8599,0
8600,0.0625
8601,-0.0625
8602,-0.0625
8603,0
8604,-2
8605,-2
8606,-1.0625
8607,0.0625
8608,1.25
8609,0
8610,0
8611,-0.0625
8612,1.9375
8613,-2
8614,0
8615,0
8616,0.0625
8617,-0.0625
8618,-0.0625
8619,0
8620,-0.875
8621,0.25
8622,1.4375
8623,1.9375
8624,1.9375
8625,0
8626,0
8627,-0.0625
8628,1.9375
8629,-2
8630,0
8631,0
8632,0.0625
8633,-0.0625
8634,-0.0625
8635,0
8636,1.625
8637,1.9375
8638,1.9375
8639,-2
8640,-1.75
8641,0
8642,0
8643,-0.0625
8644,1.9375
8645,-2
8646,0
8647,0
8648,0.0625
8649,-0.0625
8650,-0.0625
8651,0
8652,-2
8653,-2
8654,-1.5625
8655,-0.4375
8656,0.75
8657,0
8658,0
8659,-0.0625
8660,1.9375
8661,-2
8662,0
8663,0
8664,0.0625
8665,-0.0625
8666,-0.0625
8667,0
8668,-1.375
8669,-0.25
8670,0.9375
8671,1.9375
8672,1.9375
8673,0
8674,0
8675,-0.0625
8676,1.9375
8677,-2
8678,0
8679,0
8680,0.0625
8681,-0.0625
8682,-0.0625
8683,0
8684,1.125
8685,1.9375
8686,1.9375
8687,-2
8688,-2
8689,0
8690,0
8691,-0.0625
8692,1.9375
8693,-2
8694,0
8695,0
8696,0.0625
8697,-0.0625
8698,-0.0625
8699,0
8700,1.9375
8701,-2
8702,-2
8703,-0.9375
8704,0.25
8705,0
8706,0
8707,-0.0625
8708,1.9375
8709,-2
8710,0
8711,0
8712,0.0625
8713,-0.0625
8714,-0.0625
8715,0
8716,-1.875
8717,-0.75
8718,0.4375
8719,1.5625
8720,1.9375
8721,0
8722,0
8723,-0.0625
8724,1.9375
8725,-2
8726,0
8727,0
8728,0.0625
8729,-0.0625
8730,-0.0625
8731,0
8732,0.625
8733,1.75
8734,1.9375
8735,-2
8736,-2
8737,0
8738,0
8739,-0.0625
8740,1.9375
8741,-2
8742,0
8743,0
8744,0.0625
8745,-0.0625
8746,-0.0625
8747,0
8748,1.9375
8749,-2
8750,-2
8751,-1.4375
8752,-0.25
8753,0
8754,0
8755,-0.0625
8756,1.9375
8757,-2
8758,0
8759,0
8760,0.0625
8761,-0.0625
8762,-0.0625
8763,0
8764,-2
8765,-1.25
8766,-0.0625
8767,1.0625
8768,1.9375
8769,0
8770,0
8771,-0.0625
8772,1.9375
8773,-2
8774,0
8775,0
8776,0.0625
8777,-0.0625
8778,-0.0625
8779,0
8780,0.125
8781,1.25
8782,1.9375
8783,1.9375
8784,-2
8785,0
8786,0
8787,-0.0625
8788,1.9375
8789,-2
8790,0
8791,0
8792,0.0625
8793,-0.0625
8794,-0.0625
8795,0
8796,1.9375
8797,1.9375
8798,-2
8799,-1.9375
8800,-0.75
8801,0
8802,0
8803,-0.0625
8804,1.9375
8805,-2
8806,0
8807,0
8808,0.0625
8809,-0.0625
8810,-0.0625
8811,0
8812,-2
8813,-1.75
8814,-0.5625
8815,0.5625
8816,1.75
8817,0
8818,0
8819,-0.0625
8820,1.9375
8821,-2
8822,0
8823,0
8824,0.0625
8825,-0.0625
8826,-0.0625
8827,0
8828,-0.375
8829,0.75
8830,1.9375
8831,1.9375
8832,-2
8833,0
8834,0
8835,-0.0625
8836,1.9375
8837,-2
8838,0
8839,0
8840,0.0625
8841,-0.0625
8842,-0.0625
8843,0
8844,1.9375
8845,1.9375
8846,-2
8847,-2
8848,-1.25
8849,0
8850,0
8851,-0.0625
8852,1.9375
8853,-2
8854,0
8855,0
8856,0.0625
8857,-0.0625
8858,-0.0625
8859,0
8860,-2
8861,-2
8862,-1.0625
8863,0.0625
8864,1.25
8865,0
8866,0
8867,-0.0625
8868,1.9375
8869,-2
8870,0
8871,0
8872,0.0625
8873,-0.0625
8874,-0.0625
8875,0
8876,-0.875
8877,0.25
8878,1.4375
8879,1.9375
8880,1.9375
8881,0
8882,0
8883,-0.0625
8884,1.9375
8885,-2
8886,0
8887,0
8888,0.0625
8889,-0.0625
8890,-0.0625
8891,0
8892,1.625
8893,1.9375
8894,1.9375
8895,-2
8896,-1.75
8897,0
8898,0
8899,-0.0625
8900,1.9375
8901,-2
8902,0
8903,0
8904,0.0625
8905,-0.0625
8906,-0.0625
8907,0
8908,-2
8909,-2
8910,-1.5625
8911,-0.4375
8912,0.75
8913,0
8914,0
8915,-0.0625
8916,1.9375
8917,-2
8918,0
8919,0
8920,0.0625
8921,-0.0625
8922,-0.0625
8923,0
8924,-1.375
8925,-0.25
8926,0.9375
8927,1.9375
8928,1.9375
8929,0
8930,0
8931,-0.0625
8932,1.9375
8933,-2
8934,0
8935,0
8936,0.0625
8937,-0.0625
8938,-0.0625
8939,0
8940,1.125
8941,1.9375
8942,1.9375
8943,-2
8944,-2
8945,0
8946,0
8947,-0.0625
8948,1.9375
8949,-2
8950,0
8951,0
8952,0.0625
8953,-0.0625
8954,-0.0625
8955,0
8956,1.9375
8957,-2
8958,-2
8959,-0.9375
8960,0.25
8961,0
8962,0
8963,-0.0625
8964,1.9375
8965,-2
8966,0
8967,0
8968,0.0625
8969,-0.0625
8970,-0.0625
8971,0
8972,-1.875
8973,-0.75
8974,0.4375
8975,1.5625
8976,1.9375
8977,0
8978,0
8979,-0.0625
8980,1.9375
8981,-2
8982,0
8983,0
8984,0.0625
8985,-0.0625
8986,-0.0625
8987,0
8988,0.625
8989,1.75
8990,1.9375
8991,-2
8992,-2
8993,0
8994,0
8995,-0.0625
8996,1.9375
8997,-2
8998,0
8999,0
9000,0.0625
9001,-0.0625
9002,-0.0625
9003,0
9004,1.9375
9005,-2
9006,-2
9007,-1.4375
9008,-0.25
9009,0
9010,0
9011,-0.0625
9012,1.9375
9013,-2
9014,0
9015,0
9016,0.0625
9017,-0.0625
9018,-0.0625
9019,0
9020,-2
9021,-1.25
9022,-0.0625
9023,1.0625
9024,1.9375
9025,0
9026,0
9027,-0.0625
9028,1.9375
9029,-2
9030,0
9031,0
9032,0.0625
9033,-0.0625
9034,-0.0625
9035,0
9036,0.125
9037,1.25
9038,1.9375
9039,1.9375
9040,-2
9041,0
9042,0
9043,-0.0625
9044,1.9375
9045,-2
9046,0
9047,0
9048,0.0625
9049,-0.0625
9050,-0.0625
9051,0
9052,1.9375
9053,1.9375
9054,-2
9055,-1.9375
9056,-0.75
9057,0
9058,0
9059,-0.0625
9060,1.9375
9061,-2
9062,0
9063,0
9064,0.0625
9065,-0.0625
9066,-0.0625
9067,0
9068,-2
9069,-1.75
9070,-0.5625
9071,0.5625
9072,1.75
9073,0
9074,0
9075,-0.0625
9076,1.9375
9077,-2
9078,0
9079,0
9080,0.0625
9081,-0.0625
9082,-0.0625
9083,0
9084,-0.375
9085,0.75
9086,1.9375
9087,1.9375
9088,-2
9089,0
9090,0
9091,-0.0625
9092,1.9375
9093,-2
9094,0
9095,0
9096,0.0625
9097,-0.0625
9098,-0.0625
9099,0
9100,1.9375
9101,1.9375
9102,-2
9103,-2
9104,-1.25
9105,0
9106,0
9107,-0.0625
9108,1.9375
9109,-2
9110,0
9111,0
9112,0.0625
9113,-0.0625
9114,-0.0625
9115,0
9116,-2
9117,-2
9118,-1.0625
9119,0.0625
9120,1.25
9121,0
9122,0
9123,-0.0625
9124,1.9375
9125,-2
9126,0
9127,0
9128,0.0625
9129,-0.0625
9130,-0.0625
9131,0
9132,-0.875
9133,0.25
9134,1.4375
9135,1.9375
9136,1.9375
9137,0
9138,0
9139,-0.0625
9140,1.9375
9141,-2
9142,0
9143,0
9144,0.0625
9145,-0.0625
9146,-0.0625
9147,0
9148,1.625
9149,1.9375
9150,1.9375
9151,-2
9152,-1.75
9153,0
9154,0
9155,-0.0625
9156,1.9375
9157,-2
9158,0
9159,0
9160,0.0625
9161,-0.0625
9162,-0.0625
9163,0
9164,-2
9165,-2
9166,-1.5625
9167,-0.4375
9168,0.75
9169,0
9170,0
9171,-0.0625
9172,1.9375
9173,-2
9174,0
9175,0
9176,0.0625
9177,-0.0625
9178,-0.0625
9179,0
9180,-1.375
9181,-0.25
9182,0.9375
9183,1.9375
9184,1.9375
9185,0
9186,0
9187,-0.0625
9188,1.9375
9189,-2
9190,0
9191,0
9192,0.0625
9193,-0.0625
9194,-0.0625
9195,0
9196,1.125
9197,1.9375
9198,1.9375
9199,-2
9200,-2
9201,0
9202,0
9203,-0.0625
9204,1.9375
9205,-2
9206,0
9207,0
9208,0.0625
9209,-0.0625
9210,-0.0625
9211,0
9212,1.9375
9213,-2
9214,-2
9215,-0.9375
9216,0.25
9217,0
9218,0
9219,-0.0625
9220,1.9375
9221,-2
9222,0
9223,0
9224,0.0625
9225,-0.0625
9226,-0.0625
9227,0
9228,-1.875
9229,-0.75
9230,0.4375
9231,1.5625
9232,1.9375
9233,0
9234,0
9235,-0.0625
9236,1.9375
9237,-2
9238,0
9239,0
9240,0.0625
9241,-0.0625
9242,-0.0625
9243,0
9244,0.625
9245,1.75
9246,1.9375
9247,-2
9248,-2
9249,0
9250,0
9251,-0.0625
9252,1.9375
9253,-2
9254,0
9255,0
9256,0.0625
9257,-0.0625
9258,-0.0625
9259,0
9260,1.9375
9261,-2
9262,-2
9263,-1.4375
9264,-0.25
9265,0
9266,0
9267,-0.0625
9268,1.9375
9269,-2
9270,0
9271,0
9272,0.0625
9273,-0.0625
9274,-0.0625
9275,0
9276,-2
9277,-1.25
9278,-0.0625
9279,1.0625
9280,1.9375
9281,0
9282,0
9283,-0.0625
9284,1.9375
9285,-2
9286,0
9287,0
9288,0.0625
9289,-0.0625
9290,-0.0625
9291,0
9292,0.125
9293,1.25
9294,1.9375
9295,1.9375
9296,-2
9297,0
9298,0
9299,-0.0625
9300,1.9375
9301,-2
9302,0
9303,0
9304,0.0625
9305,-0.0625
9306,-0.0625
9307,0
9308,1.9375
9309,1.9375
9310,-2
9311,-1.9375
9312,-0.75
9313,0
9314,0
9315,-0.0625
9316,1.9375
9317,-2
9318,0
9319,0
9320,0.0625
9321,-0.0625
9322,-0.0625
9323,0
9324,-2
9325,-1.75
9326,-0.5625
9327,0.5625
9328,1.75
9329,0
9330,0
9331,-0.0625
9332,1.9375
9333,-2
9334,0
9335,0
9336,0.0625
9337,-0.0625
9338,-0.0625
9339,0
9340,-0.375
9341,0.75
9342,1.9375
9343,1.9375
9344,-2
9345,0
9346,0
9347,-0.0625
9348,1.9375
9349,-2
9350,0
9351,0
9352,0.0625
9353,-0.0625
9354,-0.0625
9355,0
9356,1.9375
9357,1.9375
9358,-2
9359,-2
9360,-1.25
9361,0
9362,0
9363,-0.0625
9364,1.9375
9365,-2
9366,0
9367,0
9368,0.0625
9369,-0.0625
9370,-0.0625
9371,0
9372,-2
9373,-2
9374,-1.0625
9375,0.0625
9376,1.25
9377,0
9378,0
9379,-0.0625
9380,1.9375
9381,-2
9382,0
9383,0
9384,0.0625
9385,-0.0625
9386,-0.0625
9387,0
9388,-0.875
9389,0.25
9390,1.4375
9391,1.9375
9392,1.9375
9393,0
9394,0
9395,-0.0625
9396,1.9375
9397,-2
9398,0
9399,0
9400,0.0625
9401,-0.0625
9402,-0.0625
9403,0
9404,1.625
9405,1.9375
9406,1.9375
9407,-2
9408,-1.75
9409,0
9410,0
9411,-0.0625
9412,1.9375
9413,-2
9414,0
9415,0
9416,0.0625
9417,-0.0625
9418,-0.0625
9419,0
9420,-2
9421,-2
9422,-1.5625
9423,-0.4375
9424,0.75
9425,0
9426,0
9427,-0.0625
9428,1.9375
9429,-2
9430,0
9431,0
9432,0.0625
9433,-0.0625
9434,-0.0625
9435,0
9436,-1.375
9437,-0.25
9438,0.9375
9439,1.9375
9440,1.9375
9441,0
9442,0
9443,-0.0625
9444,1.9375
9445,-2
9446,0
9447,0
9448,0.0625
9449,-0.0625
9450,-0.0625
9451,0
9452,1.125
9453,1.9375
9454,1.9375
9455,-2
9456,-2
9457,0
9458,0
9459,-0.0625
9460,1.9375
9461,-2
9462,0
9463,0
9464,0.0625
9465,-0.0625
9466,-0.0625
9467,0
9468,1.9375
9469,-2
9470,-2
9471,-0.9375
9472,0.25
9473,0
9474,0
9475,-0.0625
9476,1.9375
9477,-2
9478,0
9479,0
9480,0.0625
9481,-0.0625
9482,-0.0625
9483,0
9484,-1.875
9485,-0.75
9486,0.4375
9487,1.5625
9488,1.9375
9489,0
9490,0
9491,-0.0625
9492,1.9375
9493,-2
9494,0
9495,0
9496,0.0625
9497,-0.0625
9498,-0.0625
9499,0
9500,0.625
9501,1.75
9502,1.9375
9503,-2
9504,-2
9505,0
9506,0
9507,-0.0625
9508,1.9375
9509,-2
9510,0
9511,0
9512,0.0625
9513,-0.0625
9514,-0.0625
9515,0
9516,1.9375
9517,-2
9518,-2
9519,-1.4375
9520,-0.25
9521,0
9522,0
9523,-0.0625
9524,1.9375
9525,-2
9526,0
9527,0
9528,0.0625
9529,-0.0625
9530,-0.0625
9531,0
9532,-2
9533,-1.25
9534,-0.0625
9535,1.0625
9536,1.9375
9537,0
9538,0
9539,-0.0625
9540,1.9375
9541,-2
9542,0
9543,0
9544,0.0625
9545,-0.0625
9546,-0.0625
9547,0
9548,0.125
9549,1.25
9550,1.9375
9551,1.9375
9552,-2
9553,0
9554,0
9555,-0.0625
9556,1.9375
9557,-2
9558,0
9559,0
9560,0.0625
9561,-0.0625
9562,-0.0625
9563,0
9564,1.9375
9565,1.9375
9566,-2
9567,-1.9375
9568,-0.75
9569,0
9570,0
9571,-0.0625
9572,1.9375
9573,-2
9574,0
9575,0
9576,0.0625
9577,-0.0625
9578,-0.0625
9579,0
9580,-2
9581,-1.75
9582,-0.5625
9583,0.5625
9584,1.75
9585,0
9586,0
9587,-0.0625
9588,1.9375
9589,-2
9590,0
9591,0
9592,0.0625
9593,-0.0625
9594,-0.0625
9595,0
9596,-0.375
9597,0.75
9598,1.9375
9599,1.9375
9600,-2
9601,0
9602,0
9603,-0.0625
9604,1.9375
9605,-2
9606,0
9607,0
9608,0.0625
9609,-0.0625
9610,-0.0625
9611,0
9612,1.9375
9613,1.9375
9614,-2
9615,-2
9616,-1.25
9617,0
9618,0
9619,-0.0625
9620,1.9375
9621,-2
9622,0
9623,0
9624,0.0625
9625,-0.0625
9626,-0.0625
9627,0
9628,-2
9629,-2
9630,-1.0625
9631,0.0625
9632,1.25
9633,0
9634,0
9635,-0.0625
9636,1.9375
9637,-2
9638,0
9639,0
9640,0.0625
9641,-0.0625
9642,-0.0625
9643,0
9644,-0.875
9645,0.25
9646,1.4375
9647,1.9375
9648,1.9375
9649,0
9650,0
9651,-0.0625
9652,1.9375
9653,-2
9654,0
9655,0
9656,0.0625
9657,-0.0625
9658,-0.0625
9659,0
9660,1.625
9661,1.9375
9662,1.9375
9663,-2
9664,-1.75
9665,0
9666,0
9667,-0.0625
9668,1.9375
9669,-2
9670,0
9671,0
9672,0.0625
9673,-0.0625
9674,-0.0625
9675,0
9676,-2
9677,-2
9678,-1.5625
9679,-0.4375
9680,0.75
9681,0
9682,0
9683,-0.0625
9684,1.9375
9685,-2
9686,0
9687,0
9688,0.0625
9689,-0.0625
9690,-0.0625
9691,0
9692,-1.375
9693,-0.25
9694,0.9375
9695,1.9375
9696,1.9375
9697,0
9698,0
9699,-0.0625
9700,1.9375
9701,-2
9702,0
9703,0
9704,0.0625
9705,-0.0625
9706,-0.0625
9707,0
9708,1.125
9709,1.9375
9710,1.9375
9711,-2
9712,-2
9713,0
9714,0
9715,-0.0625
9716,1.9375
9717,-2
9718,0
9719,0
9720,0.0625
9721,-0.0625
9722,-0.0625
9723,0
9724,1.9375
9725,-2
9726,-2
9727,-0.9375
9728,0.25
9729,0
9730,0
9731,-0.0625
9732,1.9375
9733,-2
9734,0
9735,0
9736,0.0625
9737,-0.0625
9738,-0.0625
9739,0
9740,-1.875
9741,-0.75
9742,0.4375
9743,1.5625
9744,1.9375
9745,0
9746,0
9747,-0.0625
9748,1.9375
9749,-2
9750,0
9751,0
9752,0.0625
9753,-0.0625
9754,-0.0625
9755,0
9756,0.625
9757,1.75
9758,1.9375
9759,-2
9760,-2
9761,0
9762,0
9763,-0.0625
9764,1.9375
9765,-2
9766,0
9767,0
9768,0.0625
9769,-0.0625
9770,-0.0625
9771,0
9772,1.9375
9773,-2
9774,-2
9775,-1.4375
9776,-0.25
9777,0
9778,0
9779,-0.0625
9780,1.9375
9781,-2
9782,0
9783,0
9784,0.0625
9785,-0.0625
9786,-0.0625
9787,0
9788,-2
9789,-1.25
9790,-0.0625
9791,1.0625
9792,1.9375
9793,0
9794,0
9795,-0.0625
9796,1.9375
9797,-2
9798,0
9799,0
9800,0.0625
9801,-0.0625
9802,-0.0625
9803,0
9804,0.125
9805,1.25
9806,1.9375
9807,1.9375
9808,-2
9809,0
9810,0
9811,-0.0625
9812,1.9375
9813,-2
9814,0
9815,0
9816,0.0625
9817,-0.0625
9818,-0.0625
9819,0
9820,1.9375
9821,1.9375
9822,-2
9823,-1.9375
9824,-0.75
9825,0
9826,0
9827,-0.0625
9828,1.9375
9829,-2
9830,0
9831,0
9832,0.0625
9833,-0.0625
9834,-0.0625
9835,0
9836,-2
9837,-1.75
9838,-0.5625
9839,0.5625
9840,1.75
9841,0
9842,0
9843,-0.0625
9844,1.9375
9845,-2
9846,0
9847,0
9848,0.0625
9849,-0.0625
9850,-0.0625
9851,0
9852,-0.375
9853,0.75
9854,1.9375
9855,1.9375
9856,-2
9857,0
9858,0
9859,-0.0625
9860,1.9375
9861,-2
9862,0
9863,0
9864,0.0625
9865,-0.0625
9866,-0.0625
9867,0
9868,1.9375
9869,1.9375
9870,-2
9871,-2
9872,-1.25
9873,0
9874,0
9875,-0.0625
9876,1.9375
9877,-2
9878,0
9879,0
9880,0.0625
9881,-0.0625
9882,-0.0625
9883,0
9884,-2
9885,-2
9886,-1.0625
9887,0.0625
9888,1.25
9889,0
9890,0
9891,-0.0625
9892,1.9375
9893,-2
9894,0
9895,0
9896,0.0625
9897,-0.0625
9898,-0.0625
9899,0
9900,-0.875
9901,0.25
9902,1.4375
9903,1.9375
9904,1.9375
9905,0
9906,0
9907,-0.0625
9908,1.9375
9909,-2
9910,0
9911,0
9912,0.0625
9913,-0.0625
9914,-0.0625
9915,0
9916,1.625
9917,1.9375
9918,1.9375
9919,-2
9920,-1.75
9921,0
9922,0
9923,-0.0625
9924,1.9375
9925,-2
9926,0
9927,0
9928,0.0625
9929,-0.0625
9930,-0.0625
9931,0
9932,-2
9933,-2
9934,-1.5625
9935,-0.4375
9936,0.75
9937,0
9938,0
9939,-0.0625
9940,1.9375
9941,-2
9942,0
9943,0
9944,0.0625
9945,-0.0625
9946,-0.0625
9947,0
9948,-1.375
9949,-0.25
9950,0.9375
9951,1.9375
9952,1.9375
9953,0
9954,0
9955,-0.0625
9956,1.9375
9957,-2
9958,0
9959,0
9960,0.0625
9961,-0.0625
9962,-0.0625
9963,0
9964,1.125
9965,1.9375
9966,1.9375
9967,-2
9968,-2
9969,0
9970,0
9971,-0.0625
9972,1.9375
9973,-2
9974,0
9975,0
9976,0.0625
9977,-0.0625
9978,-0.0625
9979,0
9980,1.9375
9981,-2
9982,-2
9983,-0.9375
9984,0.25
9985,0
9986,0
9987,-0.0625
9988,1.9375
9989,-2
9990,0
9991,0
9992,0.0625
9993,-0.0625
9994,-0.0625
9995,0
9996,-1.875
9997,-0.75
9998,0.4375
9999,1.5625
10000,1.9375
10001,0
10002,0
10003,-0.0625
10004,1.9375
10005,-2
10006,0
10007,0
10008,0.0625
10009,-0.0625
10010,-0.0625
10011,0
10012,0.625
10013,1.75
10014,1.9375
10015,-2
10016,-2
10017,0
10018,0
10019,-0.0625
10020,1.9375
10021,-2
10022,0
10023,0
10024,0.0625
10025,-0.0625
10026,-0.0625
10027,0
10028,1.9375
10029,-2
10030,-2
10031,-1.4375
10032,-0.25
10033,0
10034,0
10035,-0.0625
10036,1.9375
10037,-2
10038,0
10039,0
10040,0.0625
10041,-0.0625
10042,-0.0625
10043,0
10044,-2
10045,-1.25
10046,-0.0625
10047,1.0625
10048,1.9375
10049,0
10050,0
10051,-0.0625
10052,1.9375
10053,-2
10054,0
10055,0
10056,0.0625
10057,-0.0625
10058,-0.0625
10059,0
10060,0.125
10061,1.25
10062,1.9375
10063,1.9375
10064,-2
10065,0
10066,0
10067,-0.0625
10068,1.9375
10069,-2
10070,0
10071,0
10072,0.0625
10073,-0.0625
10074,-0.0625
10075,0
10076,1.9375
10077,1.9375
10078,-2
10079,-1.9375
10080,-0.75
10081,0
10082,0
10083,-0.0625
10084,1.9375
10085,-2
10086,0
10087,0
10088,0.0625
10089,-0.0625
10090,-0.0625
10091,0
10092,-2
10093,-1.75
10094,-0.5625
10095,0.5625
10096,1.75
10097,0
10098,0
10099,-0.0625
10100,1.9375
10101,-2
10102,0
10103,0
10104,0.0625
10105,-0.0625
10106,-0.0625
10107,0
10108,-0.375
10109,0.75
10110,1.9375
10111,1.9375
10112,-2
10113,0
10114,0
10115,-0.0625
10116,1.9375
10117,-2
10118,0
10119,0
10120,0.0625
10121,-0.0625
10122,-0.0625
10123,0
10124,1.9375
10125,1.9375
10126,-2
10127,-2
10128,-1.25
10129,0
10130,0
10131,-0.0625
10132,1.9375
10133,-2
10134,0
10135,0
10136,0.0625
10137,-0.0625
10138,-0.0625
10139,0
10140,-2
10141,-2
10142,-1.0625
10143,0.0625
10144,1.25
10145,0
10146,0
10147,-0.0625
10148,1.9375
10149,-2
10150,0
10151,0
10152,0.0625
10153,-0.0625
10154,-0.0625
10155,0
10156,-0.875
10157,0.25
10158,1.4375
10159,1.9375
10160,1.9375
10161,0
10162,0
10163,-0.0625
10164,1.9375
10165,-2
10166,0
10167,0
10168,0.0625
10169,-0.0625
10170,-0.0625
10171,0
10172,1.625
10173,1.9375
10174,1.9375
10175,-2
10176,-1.75
10177,0
10178,0
10179,-0.0625
10180,1.9375
10181,-2
10182,0
10183,0
10184,0.0625
10185,-0.0625
10186,-0.0625
10187,0
10188,-2
10189,-2
10190,-1.5625
10191,-0.4375
10192,0.75
10193,0
10194,0
10195,-0.0625
10196,1.9375
10197,-2
10198,0
10199,0
10200,0.0625
10201,-0.0625
10202,-0.0625
10203,0
10204,-1.375
10205,-0.25
10206,0.9375
10207,1.9375
10208,1.9375
10209,0
10210,0
10211,-0.0625
10212,1.9375
10213,-2
10214,0
10215,0
10216,0.0625
10217,-0.0625
10218,-0.0625
10219,0
10220,1.125
10221,1.9375
10222,1.9375
10223,-2
10224,-2
10225,0
10226,0
10227,-0.0625
10228,1.9375
10229,-2
10230,0
10231,0
10232,0.0625
10233,-0.0625
10234,-0.0625
10235,0
10236,1.9375
10237,-2
10238,-2
10239,-0.9375
10240,0.25
10241,0
10242,0
10243,-0.0625
10244,1.9375
10245,-2
10246,0
10247,0
10248,0.0625
10249,-0.0625
10250,-0.0625
10251,0
10252,-1.875
10253,-0.75
10254,0.4375
10255,1.5625
10256,1.9375
10257,0
10258,0
10259,-0.0625
10260,1.9375
10261,-2
10262,0
10263,0
10264,0.0625
10265,-0.0625
10266,-0.0625
10267,0
10268,0.625
10269,1.75
10270,1.9375
10271,-2
10272,-2
10273,0
10274,0
10275,-0.0625
10276,1.9375
10277,-2
10278,0
10279,0
10280,0.0625
10281,-0.0625
10282,-0.0625
10283,0
10284,1.9375
10285,-2
10286,-2
10287,-1.4375
10288,-0.25
10289,0
10290,0
10291,-0.0625
10292,1.9375
10293,-2
10294,0
10295,0
10296,0.0625
10297,-0.0625
10298,-0.0625
10299,0
10300,-2
10301,-1.25
10302,-0.0625
10303,1.0625
10304,1.9375
10305,0
10306,0
10307,-0.0625
10308,1.9375
10309,-2
10310,0
10311,0
10312,0.0625
10313,-0.0625
10314,-0.0625
10315,0
10316,0.125
10317,1.25
10318,1.9375
10319,1.9375
10320,-2
10321,0
10322,0
10323,-0.0625
10324,1.9375
10325,-2
10326,0
10327,0
10328,0.0625
10329,-0.0625
10330,-0.0625
10331,0
10332,1.9375
10333,1.9375
10334,-2
10335,-1.9375
10336,-0.75
10337,0
10338,0
10339,-0.0625
10340,1.9375
10341,-2
10342,0
10343,0
10344,0.0625
10345,-0.0625
10346,-0.0625
10347,0
10348,-2
10349,-1.75
10350,-0.5625
10351,0.5625
10352,1.75
10353,0
10354,0
10355,-0.0625
10356,1.9375
10357,-2
10358,0
10359,0
10360,0.0625
10361,-0.0625
10362,-0.0625
10363,0
10364,-0.375
10365,0.75
10366,1.9375
10367,1.9375
10368,-2
10369,0
10370,0
10371,-0.0625
10372,1.9375
10373,-2
10374,0
10375,0
10376,0.0625
10377,-0.0625
10378,-0.0625
10379,0
10380,1.9375
10381,1.9375
10382,-2
10383,-2
10384,-1.25
10385,0
10386,0
10387,-0.0625
10388,1.9375
10389,-2
10390,0
10391,0
10392,0.0625
10393,-0.0625
10394,-0.0625
10395,0
10396,-2
10397,-2
10398,-1.0625
10399,0.0625
10400,1.25
10401,0
10402,0
10403,-0.0625
10404,1.9375
10405,-2
10406,0
10407,0
10408,0.0625
10409,-0.0625
10410,-0.0625
10411,0
10412,-0.875
10413,0.25
10414,1.4375
10415,1.9375
10416,1.9375
10417,0
10418,0
10419,-0.0625
10420,1.9375
10421,-2
10422,0
10423,0
10424,0.0625
10425,-0.0625
10426,-0.0625
10427,0
10428,1.625
10429,1.9375
10430,1.9375
10431,-2
10432,-1.75
10433,0
10434,0
10435,-0.0625
10436,1.9375
10437,-2
10438,0
10439,0
10440,0.0625
10441,-0.0625
10442,-0.0625
10443,0
10444,-2
10445,-2
10446,-1.5625
10447,-0.4375
10448,0.75
10449,0
10450,0
10451,-0.0625
10452,1.9375
10453,-2
10454,0
10455,0
10456,0.0625
10457,-0.0625
10458,-0.0625
10459,0
10460,-1.375
10461,-0.25
10462,0.9375
10463,1.9375
10464,1.9375
10465,0
10466,0
10467,-0.0625
10468,1.9375
10469,-2
10470,0
10471,0
10472,0.0625
10473,-0.0625
10474,-0.0625
10475,0
10476,1.125
10477,1.9375
10478,1.9375
10479,-2
10480,-2
10481,0
10482,0
10483,-0.0625
10484,1.9375
10485,-2
10486,0
10487,0
10488,0.0625
10489,-0.0625
10490,-0.0625
10491,0
10492,1.9375
10493,-2
10494,-2
10495,-0.9375
10496,0.25
10497,0
10498,0
10499,-0.0625
10500,1.9375
10501,-2
10502,0
10503,0
10504,0.0625
10505,-0.0625
10506,-0.0625
10507,0
10508,-1.875
10509,-0.75
10510,0.4375
10511,1.5625
10512,1.9375
10513,0
10514,0
10515,-0.0625
10516,1.9375
10517,-2
10518,0
10519,0
10520,0.0625
10521,-0.0625
10522,-0.0625
10523,0
10524,0.625
10525,1.75
10526,1.9375
10527,-2
10528,-2
10529,0
10530,0
10531,-0.0625
10532,1.9375
10533,-2
10534,0
10535,0
10536,0.0625
10537,-0.0625
10538,-0.0625
10539,0
10540,1.9375
10541,-2
10542,-2
10543,-1.4375
10544,-0.25
10545,0
10546,0
10547,-0.0625
10548,1.9375
10549,-2
10550,0
10551,0
10552,0.0625
10553,-0.0625
10554,-0.0625
10555,0
10556,-2
10557,-1.25
10558,-0.0625
10559,1.0625
10560,1.9375
10561,0
10562,0
10563,-0.0625
10564,1.9375
10565,-2
10566,0
10567,0
10568,0.0625
10569,-0.0625
10570,-0.0625
10571,0
10572,0.125
10573,1.25
10574,1.9375
10575,1.9375
10576,-2
10577,0
10578,0
10579,-0.0625
10580,1.9375
10581,-2
10582,0
10583,0
10584,0.0625
10585,-0.0625
10586,-0.0625
10587,0
10588,1.9375
10589,1.9375
10590,-2
10591,-1.9375
10592,-0.75
10593,0
10594,0
10595,-0.0625
10596,1.9375
10597,-2
10598,0
10599,0
10600,0.0625
10601,-0.0625
10602,-0.0625
10603,0
10604,-2
10605,-1.75
10606,-0.5625
10607,0.5625
10608,1.75
10609,0
10610,0
10611,-0.0625
10612,1.9375
10613,-2
10614,0
10615,0
10616,0.0625
10617,-0.0625
10618,-0.0625
10619,0
10620,-0.375
10621,0.75
10622,1.9375
10623,1.9375
10624,-2
10625,0
10626,0
10627,-0.0625
10628,1.9375
10629,-2
10630,0
10631,0
10632,0.0625
10633,-0.0625
10634,-0.0625
10635,0
10636,1.9375
10637,1.9375
10638,-2
10639,-2
10640,-1.25
10641,0
10642,0
10643,-0.0625
10644,1.9375
10645,-2
10646,0
10647,0
10648,0.0625
10649,-0.0625
10650,-0.0625
10651,0
10652,-2
10653,-2
10654,-1.0625
10655,0.0625
10656,1.25
10657,0
10658,0
10659,-0.0625
10660,1.9375
10661,-2
10662,0
10663,0
10664,0.0625
10665,-0.0625
10666,-0.0625
10667,0
10668,-0.875
10669,0.25
10670,1.4375
10671,1.9375
10672,1.9375
10673,0
10674,0
10675,-0.0625
10676,1.9375
10677,-2
10678,0
10679,0
10680,0.0625
10681,-0.0625
10682,-0.0625
10683,0
10684,1.625
10685,1.9375
10686,1.9375
10687,-2
10688,-1.75
10689,0
10690,0
10691,-0.0625
10692,1.9375
10693,-2
10694,0
10695,0
10696,0.0625
10697,-0.0625
10698,-0.0625
10699,0
10700,-2
10701,-2
10702,-1.5625
10703,-0.4375
10704,0.75
10705,0
10706,0
10707,-0.0625
10708,1.9375
10709,-2
10710,0
10711,0
10712,0.0625
10713,-0.0625
10714,-0.0625
10715,0
10716,-1.375
10717,-0.25
10718,0.9375
10719,1.9375
10720,1.9375
10721,0
10722,0
10723,-0.0625
10724,1.9375
10725,-2
10726,0
10727,0
10728,0.0625
10729,-0.0625
10730,-0.0625
10731,0
10732,1.125
10733,1.9375
10734,1.9375
10735,-2
10736,-2
10737,0
10738,0
10739,-0.0625
10740,1.9375
10741,-2
10742,0
10743,0
10744,0.0625
10745,-0.0625
10746,-0.0625
10747,0
10748,1.9375
10749,-2
10750,-2
10751,-0.9375
10752,0.25
10753,0
10754,0
10755,-0.0625
10756,1.9375
10757,-2
10758,0
10759,0
10760,0.0625
10761,-0.0625
10762,-0.0625
10763,0
10764,-1.875
10765,-0.75
10766,0.4375
10767,1.5625
10768,1.9375
10769,0
10770,0
10771,-0.0625
10772,1.9375
10773,-2
10774,0
10775,0
10776,0.0625
10777,-0.0625
10778,-0.0625
10779,0
10780,0.625
10781,1.75
10782,1.9375
10783,-2
10784,-2
10785,0
10786,0
10787,-0.0625
10788,1.9375
10789,-2
10790,0
10791,0
10792,0.0625
10793,-0.0625
10794,-0.0625
10795,0
10796,1.9375
10797,-2
10798,-2
10799,-1.4375
10800,-0.25
10801,0
10802,0
10803,-0.0625
10804,1.9375
10805,-2
10806,0
10807,0
10808,0.0625
10809,-0.0625
10810,-0.0625
10811,0
10812,-2
10813,-1.25
10814,-0.0625
10815,1.0625
10816,1.9375
10817,0
10818,0
10819,-0.0625
10820,1.9375
10821,-2
10822,0
10823,0
10824,0.0625
10825,-0.0625
10826,-0.0625
10827,0
10828,0.125
10829,1.25
10830,1.9375
10831,1.9375
10832,-2
10833,0
10834,0
10835,-0.0625
10836,1.9375
10837,-2
10838,0
10839,0
10840,0.0625
10841,-0.0625
10842,-0.0625
10843,0
10844,1.9375
10845,1.9375
10846,-2
10847,-1.9375
10848,-0.75
10849,0
10850,0
10851,-0.0625
10852,1.9375
10853,-2
10854,0
10855,0
10856,0.0625
10857,-0.0625
10858,-0.0625
10859,0
10860,-2
10861,-1.75
10862,-0.5625
10863,0.5625
10864,1.75
10865,0
10866,0
10867,-0.0625
10868,1.9375
10869,-2
10870,0
10871,0
10872,0.0625
10873,-0.0625
10874,-0.0625
10875,0
10876,-0.375
10877,0.75
10878,1.9375
10879,1.9375
10880,-2
10881,0
10882,0
10883,-0.0625
10884,1.9375
10885,-2
10886,0
10887,0
10888,0.0625
10889,-0.0625
10890,-0.0625
10891,0
10892,1.9375
10893,1.9375
10894,-2
10895,-2
10896,-1.25
10897,0
10898,0
10899,-0.0625
10900,1.9375
10901,-2
10902,0
10903,0
10904,0.0625
10905,-0.0625
10906,-0.0625
10907,0
10908,-2
10909,-2
10910,-1.0625
10911,0.0625
10912,1.25
10913,0
10914,0
10915,-0.0625
10916,1.9375
10917,-2
10918,0
10919,0
10920,0.0625
10921,-0.0625
10922,-0.0625
10923,0
10924,-0.875
10925,0.25
10926,1.4375
10927,1.9375
10928,1.9375
10929,0
10930,0
10931,-0.0625
10932,1.9375
10933,-2
10934,0
10935,0
10936,0.0625
10937,-0.0625
10938,-0.0625
10939,0
10940,1.625
10941,1.9375
10942,1.9375
10943,-2
10944,-1.75
10945,0
10946,0
10947,-0.0625
10948,1.9375
10949,-2
10950,0
10951,0
10952,0.0625
10953,-0.0625
10954,-0.0625
10955,0
10956,-2
10957,-2
10958,-1.5625
10959,-0.4375
10960,0.75
10961,0
10962,0
10963,-0.0625
10964,1.9375
10965,-2
10966,0
10967,0
10968,0.0625
10969,-0.0625
10970,-0.0625
10971,0
10972,-1.375
10973,-0.25
10974,0.9375
10975,1.9375
10976,1.9375
10977,0
10978,0
10979,-0.0625
10980,1.9375
10981,-2
10982,0
10983,0
10984,0.0625
10985,-0.0625
10986,-0.0625
10987,0
10988,1.125
10989,1.9375
10990,1.9375
10991,-2
10992,-2
10993,0
10994,0
10995,-0.0625
10996,1.9375
10997,-2
10998,0
10999,0
11000,0.0625
11001,-0.0625
11002,-0.0625
11003,0
11004,1.9375
11005,-2
11006,-2
11007,-0.9375
11008,0.25
11009,0
11010,0
11011,-0.0625
11012,1.9375
11013,-2
11014,0
11015,0
11016,0.0625
11017,-0.0625
11018,-0.0625
11019,0
11020,-1.875
11021,-0.75
11022,0.4375
11023,1.5625
11024,1.9375
11025,0
11026,0
11027,-0.0625
11028,1.9375
11029,-2
11030,0
11031,0
11032,0.0625
11033,-0.0625
11034,-0.0625
11035,0
11036,0.625
11037,1.75
11038,1.9375
11039,-2
11040,-2
11041,0
11042,0
11043,-0.0625
11044,1.9375
11045,-2
11046,0
11047,0
11048,0.0625
11049,-0.0625
11050,-0.0625
11051,0
11052,1.9375
11053,-2
11054,-2
11055,-1.4375
11056,-0.25
11057,0
11058,0
11059,-0.0625
11060,1.9375
11061,-2
11062,0
11063,0
11064,0.0625
11065,-0.0625
11066,-0.0625
11067,0
11068,-2
11069,-1.25
11070,-0.0625
11071,1.0625
11072,1.9375
11073,0
11074,0
11075,-0.0625
11076,1.9375
11077,-2
11078,0
11079,0
11080,0.0625
11081,-0.0625
11082,-0.0625
11083,0
11084,0.125
11085,1.25
11086,1.9375
11087,1.9375
11088,-2
11089,0
11090,0
11091,-0.0625
11092,1.9375
11093,-2
11094,0
11095,0
11096,0.0625
11097,-0.0625
11098,-0.0625
11099,0
11100,1.9375
11101,1.9375
11102,-2
11103,-1.9375
11104,-0.75
11105,0
11106,0
11107,-0.0625
11108,1.9375
11109,-2
11110,0
11111,0
11112,0.0625
11113,-0.0625
11114,-0.0625
11115,0
11116,-2
11117,-1.75
11118,-0.5625
11119,0.5625
11120,1.75
11121,0
11122,0
11123,-0.0625
11124,1.9375
11125,-2
11126,0
11127,0
11128,0.0625
11129,-0.0625
11130,-0.0625
11131,0
11132,-0.375
11133,0.75
11134,1.9375
11135,1.9375
11136,-2
11137,0
11138,0
11139,-0.0625
11140,1.9375
11141,-2
11142,0
11143,0
11144,0.0625
11145,-0.0625
11146,-0.0625
11147,0
11148,1.9375
11149,1.9375
11150,-2
11151,-2
11152,-1.25
11153,0
11154,0
11155,-0.0625
11156,1.9375
11157,-2
11158,0
11159,0
11160,0.0625
11161,-0.0625
11162,-0.0625
11163,0
11164,-2
11165,-2
11166,-1.0625
11167,0.0625
11168,1.25
11169,0
11170,0
11171,-0.0625
11172,1.9375
11173,-2
11174,0
11175,0
11176,0.0625
11177,-0.0625
11178,-0.0625
11179,0
11180,-0.875
11181,0.25
11182,1.4375
11183,1.9375
11184,1.9375
11185,0
11186,0
11187,-0.0625
11188,1.9375
11189,-2
11190,0
11191,0
11192,0.0625
11193,-0.0625
11194,-0.0625
11195,0
11196,1.625
11197,1.9375
11198,1.9375
11199,-2
11200,-1.75
11201,0
11202,0
11203,-0.0625
11204,1.9375
11205,-2
11206,0
11207,0
11208,0.0625
11209,-0.0625
11210,-0.0625
11211,0
11212,-2
11213,-2
11214,-1.5625
11215,-0.4375
11216,0.75
11217,0
11218,0
11219,-0.0625
11220,1.9375
11221,-2
11222,0
11223,0
11224,0.0625
11225,-0.0625
11226,-0.0625
11227,0
11228,-1.375
11229,-0.25
11230,0.9375
11231,1.9375
11232,1.9375
11233,0
11234,0
11235,-0.0625
11236,1.9375
11237,-2
11238,0
11239,0
11240,0.0625
11241,-0.0625
11242,-0.0625
11243,0
11244,1.125
11245,1.9375
11246,1.9375
11247,-2
11248,-2
11249,0
11250,0
11251,-0.0625
11252,1.9375
11253,-2
11254,0
11255,0
11256,0.0625
11257,-0.0625
11258,-0.0625
11259,0
11260,1.9375
11261,-2
11262,-2
11263,-0.9375
11264,0.25
11265,0
11266,0
11267,-0.0625
11268,1.9375
11269,-2
11270,0
11271,0
11272,0.0625
11273,-0.0625
11274,-0.0625
11275,0
11276,-1.875
11277,-0.75
11278,0.4375
11279,1.5625
11280,1.9375
11281,0
11282,0
11283,-0.0625
11284,1.9375
11285,-2
11286,0
11287,0
11288,0.0625
11289,-0.0625
11290,-0.0625
11291,0
11292,0.625
11293,1.75
11294,1.9375
11295,-2
11296,-2
11297,0
11298,0
11299,-0.0625
11300,1.9375
11301,-2
11302,0
11303,0
11304,0.0625
11305,-0.0625
11306,-0.0625
11307,0
11308,1.9375
11309,-2
11310,-2
11311,-1.4375
11312,-0.25
11313,0
11314,0
11315,-0.0625
11316,1.9375
11317,-2
11318,0
11319,0
11320,0.0625
11321,-0.0625
11322,-0.0625
11323,0
11324,-2
11325,-1.25
11326,-0.0625
11327,1.0625
11328,1.9375
11329,0
11330,0
11331,-0.0625
11332,1.9375
11333,-2
11334,0
11335,0
11336,0.0625
11337,-0.0625
11338,-0.0625
11339,0
11340,0.125
11341,1.25
11342,1.9375
11343,1.9375
11344,-2
11345,0
11346,0
11347,-0.0625
11348,1.9375
11349,-2
11350,0
11351,0
11352,0.0625
11353,-0.0625
11354,-0.0625
11355,0
11356,1.9375
11357,1.9375
11358,-2
11359,-1.9375
11360,-0.75
11361,0
11362,0
11363,-0.0625
11364,1.9375
11365,-2
11366,0
11367,0
11368,0.0625
11369,-0.0625
11370,-0.0625
11371,0
11372,-2
11373,-1.75
11374,-0.5625
11375,0.5625
11376,1.75
11377,0
11378,0
11379,-0.0625
11380,1.9375
11381,-2
11382,0
11383,0
11384,0.0625
11385,-0.0625
11386,-0.0625
11387,0
11388,-0.375
11389,0.75
11390,1.9375
11391,1.9375
11392,-2
11393,0
11394,0
11395,-0.0625
11396,1.9375
11397,-2
11398,0
11399,0
11400,0.0625
11401,-0.0625
11402,-0.0625
11403,0
11404,1.9375
11405,1.9375
11406,-2
11407,-2
11408,-1.25
11409,0
11410,0
11411,-0.0625
11412,1.9375
11413,-2
11414,0
11415,0
11416,0.0625
11417,-0.0625
11418,-0.0625
11419,0
11420,-2
11421,-2
11422,-1.0625
11423,0.0625
11424,1.25
11425,0
11426,0
11427,-0.0625
11428,1.9375
11429,-2
11430,0
11431,0
11432,0.0625
11433,-0.0625
11434,-0.0625
11435,0
11436,-0.875
11437,0.25
11438,1.4375
11439,1.9375
11440,1.9375
11441,0
11442,0
11443,-0.0625
11444,1.9375
11445,-2
11446,0
11447,0
11448,0.0625
11449,-0.0625
11450,-0.0625
11451,0
11452,1.625
11453,1.9375
11454,1.9375
11455,-2
11456,-1.75
11457,0
11458,0
11459,-0.0625
11460,1.9375
11461,-2
11462,0
11463,0
11464,0.0625
11465,-0.0625
11466,-0.0625
11467,0
11468,-2
11469,-2
11470,-1.5625
11471,-0.4375
11472,0.75
11473,0
11474,0
11475,-0.0625
11476,1.9375
11477,-2
11478,0
11479,0
11480,0.0625
11481,-0.0625
11482,-0.0625
11483,0
11484,-1.375
11485,-0.25
11486,0.9375
11487,1.9375
11488,1.9375
11489,0
11490,0
11491,-0.0625
11492,1.9375
11493,-2
11494,0
11495,0
11496,0.0625
11497,-0.0625
11498,-0.0625
11499,0
11500,1.125
11501,1.9375
11502,1.9375
11503,-2
11504,-2
11505,0
11506,0
11507,-0.0625
11508,1.9375
11509,-2
11510,0
11511,0
11512,0.0625
11513,-0.0625
11514,-0.0625
11515,0
11516,1.9375
11517,-2
11518,-2
11519,-0.9375
11520,0.25
11521,0
11522,0
11523,-0.0625
11524,1.9375
11525,-2
11526,0
11527,0
11528,0.0625
11529,-0.0625
11530,-0.0625
11531,0
11532,-1.875
11533,-0.75
11534,0.4375
11535,1.5625
11536,1.9375
11537,0
11538,0
11539,-0.0625
11540,1.9375
11541,-2
11542,0
11543,0
11544,0.0625
11545,-0.0625
11546,-0.0625
11547,0
11548,0.625
11549,1.75
11550,1.9375
11551,-2
11552,-2
11553,0
11554,0
11555,-0.0625
11556,1.9375
11557,-2
11558,0
11559,0
11560,0.0625
11561,-0.0625
11562,-0.0625
11563,0
11564,1.9375
11565,-2
11566,-2
11567,-1.4375
11568,-0.25
11569,0
11570,0
11571,-0.0625
11572,1.9375
11573,-2
11574,0
11575,0
11576,0.0625
11577,-0.0625
11578,-0.0625
11579,0
11580,-2
11581,-1.25
11582,-0.0625
11583,1.0625
11584,1.9375
11585,0
11586,0
11587,-0.0625
11588,1.9375
11589,-2
11590,0
11591,0
11592,0.0625
11593,-0.0625
11594,-0.0625
11595,0
11596,0.125
11597,1.25
11598,1.9375
11599,1.9375
11600,-2
11601,0
11602,0
11603,-0.0625
11604,1.9375
11605,-2
11606,0
11607,0
11608,0.0625
11609,-0.0625
11610,-0.0625
11611,0
11612,1.9375
11613,1.9375
11614,-2
11615,-1.9375
11616,-0.75
11617,0
11618,0
11619,-0.0625
11620,1.9375
11621,-2
11622,0
11623,0
11624,0.0625
11625,-0.0625
11626,-0.0625
11627,0
11628,-2
11629,-1.75
11630,-0.5625
11631,0.5625
11632,1.75
11633,0
11634,0
11635,-0.0625
11636,1.9375
11637,-2
11638,0
11639,0
11640,0.0625
11641,-0.0625
11642,-0.0625
11643,0
11644,-0.375
11645,0.75
11646,1.9375
11647,1.9375
11648,-2
11649,0
11650,0
11651,-0.0625
11652,1.9375
11653,-2
11654,0
11655,0
11656,0.0625
11657,-0.0625
11658,-0.0625
11659,0
11660,1.9375
11661,1.9375
11662,-2
11663,-2
11664,-1.25
11665,0
11666,0
11667,-0.0625
11668,1.9375
11669,-2
11670,0
11671,0
11672,0.0625
11673,-0.0625
11674,-0.0625
11675,0
11676,-2
11677,-2
11678,-1.0625
11679,0.0625
11680,1.25
11681,0
11682,0
11683,-0.0625
11684,1.9375
11685,-2
11686,0
11687,0
11688,0.0625
11689,-0.0625
11690,-0.0625
11691,0
11692,-0.875
11693,0.25
11694,1.4375
11695,1.9375
11696,1.9375
11697,0
11698,0
11699,-0.0625
11700,1.9375
11701,-2
11702,0
11703,0
11704,0.0625
11705,-0.0625
11706,-0.0625
11707,0
11708,1.625
11709,1.9375
11710,1.9375
11711,-2
11712,-1.75
11713,0
11714,0
11715,-0.0625
11716,1.9375
11717,-2
11718,0
11719,0
11720,0.0625
11721,-0.0625
11722,-0.0625
11723,0
11724,-2
11725,-2
11726,-1.5625
11727,-0.4375
11728,0.75
11729,0
11730,0
11731,-0.0625
11732,1.9375
11733,-2
11734,0
11735,0
11736,0.0625
11737,-0.0625
11738,-0.0625
11739,0
11740,-1.375
11741,-0.25
11742,0.9375
11743,1.9375
11744,1.9375
11745,0
11746,0
11747,-0.0625
11748,1.9375
11749,-2
11750,0
11751,0
11752,0.0625
11753,-0.0625
11754,-0.0625
11755,0
11756,1.125
11757,1.9375
11758,1.9375
11759,-2
11760,-2
11761,0
11762,0
11763,-0.0625
11764,1.9375
11765,-2
11766,0
11767,0
11768,0.0625
11769,-0.0625
11770,-0.0625
11771,0
11772,1.9375
11773,-2
11774,-2
11775,-0.9375
11776,0.25
11777,0
11778,0
11779,-0.0625
11780,1.9375
11781,-2
11782,0
11783,0
11784,0.0625
11785,-0.0625
11786,-0.0625
11787,0
11788,-1.875
11789,-0.75
11790,0.4375
11791,1.5625
11792,1.9375
11793,0
11794,0
11795,-0.0625
11796,1.9375
11797,-2
11798,0
11799,0
11800,0.0625
11801,-0.0625
11802,-0.0625
11803,0
11804,0.625
11805,1.75
11806,1.9375
11807,-2
11808,-2
11809,0
11810,0
11811,-0.0625
11812,1.9375
11813,-2
11814,0
11815,0
11816,0.0625
11817,-0.0625
11818,-0.0625
11819,0
11820,1.9375
11821,-2
11822,-2
11823,-1.4375
11824,-0.25
11825,0
11826,0
11827,-0.0625
11828,1.9375
11829,-2
11830,0
11831,0
11832,0.0625
11833,-0.0625
11834,-0.0625
11835,0
11836,-2
11837,-1.25
11838,-0.0625
11839,1.0625
11840,1.9375
11841,0
11842,0
11843,-0.0625
11844,1.9375
11845,-2
11846,0
11847,0
11848,0.0625
11849,-0.0625
11850,-0.0625
11851,0
11852,0.125
11853,1.25
11854,1.9375
11855,1.9375
11856,-2
11857,0
11858,0
11859,-0.0625
11860,1.9375
11861,-2
11862,0
11863,0
11864,0.0625
11865,-0.0625
11866,-0.0625
11867,0
11868,1.9375
11869,1.9375
11870,-2
11871,-1.9375
11872,-0.75
11873,0
11874,0
11875,-0.0625
11876,1.9375
11877,-2
11878,0
11879,0
11880,0.0625
11881,-0.0625
11882,-0.0625
11883,0
11884,-2
11885,-1.75
11886,-0.5625
11887,0.5625
11888,1.75
11889,0
11890,0
11891,-0.0625
11892,1.9375
11893,-2
11894,0
11895,0
11896,0.0625
11897,-0.0625
11898,-0.0625
11899,0
11900,-0.375
11901,0.75
11902,1.9375
11903,1.9375
11904,-2
11905,0
11906,0
11907,-0.0625
11908,1.9375
11909,-2
11910,0
11911,0
11912,0.0625
11913,-0.0625
11914,-0.0625
11915,0
11916,1.9375
11917,1.9375
11918,-2
11919,-2
11920,-1.25
11921,0
11922,0
11923,-0.0625
11924,1.9375
11925,-2
11926,0
11927,0
11928,0.0625
11929,-0.0625
11930,-0.0625
11931,0
11932,-2
11933,-2
11934,-1.0625
11935,0.0625
11936,1.25
11937,0
11938,0
11939,-0.0625
11940,1.9375
11941,-2
11942,0
11943,0
11944,0.0625
11945,-0.0625
11946,-0.0625
11947,0
11948,-0.875
11949,0.25
11950,1.4375
11951,1.9375
11952,1.9375
11953,0
11954,0
11955,-0.0625
11956,1.9375
11957,-2
11958,0
11959,0
11960,0.0625
11961,-0.0625
11962,-0.0625
11963,0
11964,1.625
11965,1.9375
11966,1.9375
11967,-2
11968,-1.75
11969,0
11970,0
11971,-0.0625
11972,1.9375
11973,-2
11974,0
11975,0
11976,0.0625
11977,-0.0625
11978,-0.0625
11979,0
11980,-2
11981,-2
11982,-1.5625
11983,-0.4375
11984,0.75
11985,0
11986,0
11987,-0.0625
11988,1.9375
11989,-2
11990,0
11991,0
11992,0.0625
11993,-0.0625
11994,-0.0625
11995,0
11996,-1.375
11997,-0.25
11998,0.9375
11999,1.9375
12000,1.9375
12001,0
12002,0
12003,-0.0625
12004,1.9375
12005,-2
12006,0
12007,0
12008,0.0625
12009,-0.0625
12010,-0.0625
12011,0
12012,1.125
12013,1.9375
12014,1.9375
12015,-2
12016,-2
12017,0
12018,0
12019,-0.0625
12020,1.9375
12021,-2
12022,0
12023,0
12024,0.0625
12025,-0.0625
12026,-0.0625
12027,0
12028,1.9375
12029,-2
12030,-2
12031,-0.9375
12032,0.25
12033,0
12034,0
12035,-0.0625
12036,1.9375
12037,-2
12038,0
12039,0
12040,0.0625
12041,-0.0625
12042,-0.0625
12043,0
12044,-1.875
12045,-0.75
12046,0.4375
12047,1.5625
12048,1.9375
12049,0
12050,0
12051,-0.0625
12052,1.9375
12053,-2
12054,0
12055,0
12056,0.0625
12057,-0.0625
12058,-0.0625
12059,0
12060,0.625
12061,1.75
12062,1.9375
12063,-2
12064,-2
12065,0
12066,0
12067,-0.0625
12068,1.9375
12069,-2
12070,0
12071,0
12072,0.0625
12073,-0.0625
12074,-0.0625
12075,0
12076,1.9375
12077,-2
12078,-2
12079,-1.4375
12080,-0.25
12081,0
12082,0
12083,-0.0625
12084,1.9375
12085,-2
12086,0
12087,0
12088,0.0625
12089,-0.0625
12090,-0.0625
12091,0
12092,-2
12093,-1.25
12094,-0.0625
12095,1.0625
12096,1.9375
12097,0
12098,0
12099,-0.0625
12100,1.9375
12101,-2
12102,0
12103,0
12104,0.0625
12105,-0.0625
12106,-0.0625
12107,0
12108,0.125
12109,1.25
12110,1.9375
12111,1.9375
12112,-2
12113,0
12114,0
12115,-0.0625
12116,1.9375
12117,-2
12118,0
12119,0
12120,0.0625
12121,-0.0625
12122,-0.0625
12123,0
12124,1.9375
12125,1.9375
12126,-2
12127,-1.9375
12128,-0.75
12129,0
12130,0
12131,-0.0625
12132,1.9375
12133,-2
12134,0
12135,0
12136,0.0625
12137,-0.0625
12138,-0.0625
12139,0
12140,-2
12141,-1.75
12142,-0.5625
12143,0.5625
12144,1.75
12145,0
12146,0
12147,-0.0625
12148,1.9375
12149,-2
12150,0
12151,0
12152,0.0625
12153,-0.0625
12154,-0.0625
12155,0
12156,-0.375
12157,0.75
12158,1.9375
12159,1.9375
12160,-2
12161,0
12162,0
12163,-0.0625
12164,1.9375
12165,-2
12166,0
12167,0
12168,0.0625
12169,-0.0625
12170,-0.0625
12171,0
12172,1.9375
12173,1.9375
12174,-2
12175,-2
12176,-1.25
12177,0
12178,0
12179,-0.0625
12180,1.9375
12181,-2
12182,0
12183,0
12184,0.0625
12185,-0.0625
12186,-0.0625
12187,0
12188,-2
12189,-2
12190,-1.0625
12191,0.0625
12192,1.25
12193,0
12194,0
12195,-0.0625
12196,1.9375
12197,-2
12198,0
12199,0
12200,0.0625
12201,-0.0625
12202,-0.0625
12203,0
12204,-0.875
12205,0.25
12206,1.4375
12207,1.9375
12208,1.9375
12209,0
12210,0
12211,-0.0625
12212,1.9375
12213,-2
12214,0
12215,0
12216,0.0625
12217,-0.0625
12218,-0.0625
12219,0
12220,1.625
12221,1.9375
12222,1.9375
12223,-2
12224,-1.75
12225,0
12226,0
12227,-0.0625
12228,1.9375
12229,-2
12230,0
12231,0
12232,0.0625
12233,-0.0625
12234,-0.0625
12235,0
12236,-2
12237,-2
12238,-1.5625
12239,-0.4375
12240,0.75
12241,0
12242,0
12243,-0.0625
12244,1.9375
12245,-2
12246,0
12247,0
12248,0.0625
12249,-0.0625
12250,-0.0625
12251,0
12252,-1.375
12253,-0.25
12254,0.9375
12255,1.9375
12256,1.9375
12257,0
12258,0
12259,-0.0625
12260,1.9375
12261,-2
12262,0
12263,0
12264,0.0625
12265,-0.0625
12266,-0.0625
12267,0
12268,1.125
12269,1.9375
12270,1.9375
12271,-2
12272,-2
12273,0
12274,0
12275,-0.0625
12276,1.9375
12277,-2
12278,0
12279,0
12280,0.0625
12281,-0.0625
12282,-0.0625
12283,0
12284,1.9375
12285,-2
12286,-2
12287,-0.9375
12288,0.25
12289,0
12290,0
12291,-0.0625
12292,1.9375
12293,-2
12294,0
12295,0
12296,0.0625
12297,-0.0625
12298,-0.0625
12299,0
12300,-1.875
12301,-0.75
12302,0.4375
12303,1.5625
12304,1.9375
12305,0
12306,0
12307,-0.0625
12308,1.9375
12309,-2
12310,0
12311,0
12312,0.0625
12313,-0.0625
12314,-0.0625
12315,0
12316,0.625
12317,1.75
12318,1.9375
12319,-2
12320,-2
12321,0
12322,0
12323,-0.0625
12324,1.9375
12325,-2
12326,0
12327,0
12328,0.0625
12329,-0.0625
12330,-0.0625
12331,0
12332,1.9375
12333,-2
12334,-2
12335,-1.4375
12336,-0.25
12337,0
12338,0
12339,-0.0625
12340,1.9375
12341,-2
12342,0
12343,0
12344,0.0625
12345,-0.0625
12346,-0.0625
12347,0
12348,-2
12349,-1.25
12350,-0.0625
12351,1.0625
12352,1.9375
12353,0
12354,0
12355,-0.0625
12356,1.9375
12357,-2
12358,0
12359,0
12360,0.0625
12361,-0.0625
12362,-0.0625
12363,0
12364,0.125
12365,1.25
12366,1.9375
12367,1.9375
12368,-2
12369,0
12370,0
12371,-0.0625
12372,1.9375
12373,-2
12374,0
12375,0
12376,0.0625
12377,-0.0625
12378,-0.0625
12379,0
12380,1.9375
12381,1.9375
12382,-2
12383,-1.9375
12384,-0.75
12385,0
12386,0
12387,-0.0625
12388,1.9375
12389,-2
12390,0
12391,0
12392,0.0625
12393,-0.0625
12394,-0.0625
12395,0
12396,-2
12397,-1.75
12398,-0.5625
12399,0.5625
12400,1.75
12401,0
12402,0
12403,-0.0625
12404,1.9375
12405,-2
12406,0
12407,0
12408,0.0625
12409,-0.0625
12410,-0.0625
12411,0
12412,-0.375
12413,0.75
12414,1.9375
12415,1.9375
12416,-2
12417,0
12418,0
12419,-0.0625
12420,1.9375
12421,-2
12422,0
12423,0
12424,0.0625
12425,-0.0625
12426,-0.0625
12427,0
12428,1.9375
12429,1.9375
12430,-2
12431,-2
12432,-1.25
12433,0
12434,0
12435,-0.0625
12436,1.9375
12437,-2
12438,0
12439,0
12440,0.0625
12441,-0.0625
12442,-0.0625
12443,0
12444,-2
12445,-2
12446,-1.0625
12447,0.0625
12448,1.25
12449,0
12450,0
12451,-0.0625
12452,1.9375
12453,-2
12454,0
12455,0
12456,0.0625
12457,-0.0625
12458,-0.0625
12459,0
12460,-0.875
12461,0.25
12462,1.4375
12463,1.9375
12464,1.9375
12465,0
12466,0
12467,-0.0625
12468,1.9375
12469,-2
12470,0
12471,0
12472,0.0625
12473,-0.0625
12474,-0.0625
12475,0
12476,1.625
12477,1.9375
12478,1.9375
12479,-2
12480,-1.75
12481,0
12482,0
12483,-0.0625
12484,1.9375
12485,-2
12486,0
12487,0
12488,0.0625
12489,-0.0625
12490,-0.0625
12491,0
12492,-2
12493,-2
12494,-1.5625
12495,-0.4375
12496,0.75
12497,0
12498,0
12499,-0.0625
12500,1.9375
12501,-2
12502,0
12503,0
12504,0.0625
12505,-0.0625
12506,-0.0625
12507,0
12508,-1.375
12509,-0.25
12510,0.9375
12511,1.9375
12512,1.9375
12513,0
12514,0
12515,-0.0625
12516,1.9375
12517,-2
12518,0
12519,0
12520,0.0625
12521,-0.0625
12522,-0.0625
12523,0
12524,1.125
12525,1.9375
12526,1.9375
12527,-2
12528,-2
12529,0
12530,0
12531,-0.0625
12532,1.9375
12533,-2
12534,0
12535,0
12536,0.0625
12537,-0.0625
12538,-0.0625
12539,0
12540,1.9375
12541,-2
12542,-2
12543,-0.9375
12544,0.25
12545,0
12546,0
12547,-0.0625
12548,1.9375
12549,-2
12550,0
12551,0
12552,0.0625
12553,-0.0625
12554,-0.0625
12555,0
12556,-1.875
12557,-0.75
12558,0.4375
12559,1.5625
12560,1.9375
12561,0
12562,0
12563,-0.0625
12564,1.9375
12565,-2
12566,0
12567,0
12568,0.0625
12569,-0.0625
12570,-0.0625
12571,0
12572,0.625
12573,1.75
12574,1.9375
12575,-2
12576,-2
12577,0
12578,0
12579,-0.0625
12580,1.9375
12581,-2
12582,0
12583,0
12584,0.0625
12585,-0.0625
12586,-0.0625
12587,0
12588,1.9375
12589,-2
12590,-2
12591,-1.4375
12592,-0.25
12593,0
12594,0
12595,-0.0625
12596,1.9375
12597,-2
12598,0
12599,0
12600,0.0625
12601,-0.0625
12602,-0.0625
12603,0
12604,-2
12605,-1.25
12606,-0.0625
12607,1.0625
12608,1.9375
12609,0
12610,0
12611,-0.0625
12612,1.9375
12613,-2
12614,0
12615,0
12616,0.0625
12617,-0.0625
12618,-0.0625
12619,0
12620,0.125
12621,1.25
12622,1.9375
12623,1.9375
12624,-2
12625,0
12626,0
12627,-0.0625
12628,1.9375
12629,-2
12630,0
12631,0
12632,0.0625
12633,-0.0625
12634,-0.0625
12635,0
12636,1.9375
12637,1.9375
12638,-2
12639,-1.9375
12640,-0.75
12641,0
12642,0
12643,-0.0625
12644,1.9375
12645,-2
12646,0
12647,0
12648,0.0625
12649,-0.0625
12650,-0.0625
12651,0
12652,-2
12653,-1.75
12654,-0.5625
12655,0.5625
12656,1.75
12657,0
12658,0
12659,-0.0625
12660,1.9375
12661,-2
12662,0
12663,0
12664,0.0625
12665,-0.0625
12666,-0.0625
12667,0
12668,-0.375
12669,0.75
12670,1.9375
12671,1.9375
12672,-2
12673,0
12674,0
12675,-0.0625
12676,1.9375
12677,-2
12678,0
12679,0
12680,0.0625
12681,-0.0625
12682,-0.0625
12683,0
12684,1.9375
12685,1.9375
12686,-2
12687,-2
12688,-1.25
12689,0
12690,0
12691,-0.0625
12692,1.9375
12693,-2
12694,0
12695,0
12696,0.0625
12697,-0.0625
12698,-0.0625
12699,0
12700,-2
12701,-2
12702,-1.0625
12703,0.0625
12704,1.25
12705,0
12706,0
12707,-0.0625
12708,1.9375
12709,-2
12710,0
12711,0
12712,0.0625
12713,-0.0625
12714,-0.0625
12715,0
12716,-0.875
12717,0.25
12718,1.4375
12719,1.9375
12720,1.9375
12721,0
12722,0
12723,-0.0625
12724,1.9375
12725,-2
12726,0
12727,0
12728,0.0625
12729,-0.0625
12730,-0.0625
12731,0
12732,1.625
12733,1.9375
12734,1.9375
12735,-2
12736,-1.75
12737,0
12738,0
12739,-0.0625
12740,1.9375
12741,-2
12742,0
12743,0
12744,0.0625
12745,-0.0625
12746,-0.0625
12747,0
12748,-2
12749,-2
12750,-1.5625
12751,-0.4375
12752,0.75
12753,0
12754,0
12755,-0.0625
12756,1.9375
12757,-2
12758,0
12759,0
12760,0.0625
12761,-0.0625
12762,-0.0625
12763,0
12764,-1.375
12765,-0.25
12766,0.9375
12767,1.9375
12768,1.9375
12769,0
12770,0
12771,-0.0625
12772,1.9375
12773,-2
12774,0
12775,0
12776,0.0625
12777,-0.0625
12778,-0.0625
12779,0
12780,1.125
12781,1.9375
12782,1.9375
12783,-2
12784,-2
12785,0
12786,0
12787,-0.0625
12788,1.9375
12789,-2
12790,0
12791,0
12792,0.0625
12793,-0.0625
12794,-0.0625
12795,0
12796,1.9375
12797,-2
12798,-2
12799,-0.9375
12800,0.25
12801,0
12802,0
12803,-0.0625
12804,1.9375
12805,-2
12806,0
12807,0
12808,0.0625
12809,-0.0625
12810,-0.0625
12811,0
12812,-1.875
12813,-0.75
12814,0.4375
12815,1.5625
12816,1.9375
12817,0
12818,0
12819,-0.0625
12820,1.9375
12821,-2
12822,0
12823,0
12824,0.0625
12825,-0.0625
12826,-0.0625
12827,0
12828,0.625
12829,1.75
12830,1.9375
12831,-2
12832,-2
12833,0
12834,0
12835,-0.0625
12836,1.9375
12837,-2
12838,0
12839,0
12840,0.0625
12841,-0.0625
12842,-0.0625
12843,0
12844,1.9375
12845,-2
12846,-2
12847,-1.4375
12848,-0.25
12849,0
12850,0
12851,-0.0625
12852,1.9375
12853,-2
12854,0
12855,0
12856,0.0625
12857,-0.0625
12858,-0.0625
12859,0
12860,-2
12861,-1.25
12862,-0.0625
12863,1.0625
12864,1.9375
12865,0
12866,0
12867,-0.0625
12868,1.9375
12869,-2
12870,0
12871,0
12872,0.0625
12873,-0.0625
12874,-0.0625
12875,0
12876,0.125
12877,1.25
12878,1.9375
12879,1.9375
12880,-2
12881,0
12882,0
12883,-0.0625
12884,1.9375
12885,-2
12886,0
12887,0
12888,0.0625
12889,-0.0625
12890,-0.0625
12891,0
12892,1.9375
12893,1.9375
12894,-2
12895,-1.9375
12896,-0.75
12897,0
12898,0
12899,-0.0625
12900,1.9375
12901,-2
12902,0
12903,0
12904,0.0625
12905,-0.0625
12906,-0.0625
12907,0
12908,-2
12909,-1.75
12910,-0.5625
12911,0.5625
12912,1.75
12913,0
12914,0
12915,-0.0625
12916,1.9375
12917,-2
12918,0
12919,0
12920,0.0625
12921,-0.0625
12922,-0.0625
12923,0
12924,-0.375
12925,0.75
12926,1.9375
12927,1.9375
12928,-2
12929,0
12930,0
12931,-0.0625
12932,1.9375
12933,-2
12934,0
12935,0
12936,0.0625
12937,-0.0625
12938,-0.0625
12939,0
12940,1.9375
12941,1.9375
12942,-2
12943,-2
12944,-1.25
12945,0
12946,0
12947,-0.0625
12948,1.9375
12949,-2
12950,0
12951,0
12952,0.0625
12953,-0.0625
12954,-0.0625
12955,0
12956,-2
12957,-2
12958,-1.0625
12959,0.0625
12960,1.25
12961,0
12962,0
12963,-0.0625
12964,1.9375
12965,-2
12966,0
12967,0
12968,0.0625
12969,-0.0625
12970,-0.0625
12971,0
12972,-0.875
12973,0.25
12974,1.4375
12975,1.9375
12976,1.9375
12977,0
12978,0
12979,-0.0625
12980,1.9375
12981,-2
12982,0
12983,0
12984,0.0625
12985,-0.0625
12986,-0.0625
12987,0
12988,1.625
12989,1.9375
12990,1.9375
12991,-2
12992,-1.75
12993,0
12994,0
12995,-0.0625
12996,1.9375
12997,-2
12998,0
12999,0
13000,0.0625
13001,-0.0625
13002,-0.0625
13003,0
13004,-2
13005,-2
13006,-1.5625
13007,-0.4375
13008,0.75
13009,0
13010,0
13011,-0.0625
13012,1.9375
13013,-2
13014,0
13015,0
13016,0.0625
13017,-0.0625
13018,-0.0625
13019,0
13020,-1.375
13021,-0.25
13022,0.9375
13023,1.9375
13024,1.9375
13025,0
13026,0
13027,-0.0625
13028,1.9375
13029,-2
13030,0
13031,0
13032,0.0625
13033,-0.0625
13034,-0.0625
13035,0
13036,1.125
13037,1.9375
13038,1.9375
13039,-2
13040,-2
13041,0
13042,0
13043,-0.0625
13044,1.9375
13045,-2
13046,0
13047,0
13048,0.0625
13049,-0.0625
13050,-0.0625
13051,0
13052,1.9375
13053,-2
13054,-2
13055,-0.9375
13056,0.25
13057,0
13058,0
13059,-0.0625
13060,1.9375
13061,-2
13062,0
13063,0
13064,0.0625
13065,-0.0625
13066,-0.0625
13067,0
13068,-1.875
13069,-0.75
13070,0.4375
13071,1.5625
13072,1.9375
13073,0
13074,0
13075,-0.0625
13076,1.9375
13077,-2
13078,0
13079,0
13080,0.0625
13081,-0.0625
13082,-0.0625
13083,0
13084,0.625
13085,1.75
13086,1.9375
13087,-2
13088,-2
13089,0
13090,0
13091,-0.0625
13092,1.9375
13093,-2
13094,0
13095,0
13096,0.0625
13097,-0.0625
13098,-0.0625
13099,0
13100,1.9375
13101,-2
13102,-2
13103,-1.4375
13104,-0.25
13105,0
13106,0
13107,-0.0625
13108,1.9375
13109,-2
13110,0
13111,0
13112,0.0625
13113,-0.0625
13114,-0.0625
13115,0
13116,-2
13117,-1.25
13118,-0.0625
13119,1.0625
13120,1.9375
13121,0
13122,0
13123,-0.0625
13124,1.9375
13125,-2
13126,0
13127,0
13128,0.0625
13129,-0.0625
13130,-0.0625
13131,0
13132,0.125
13133,1.25
13134,1.9375
13135,1.9375
13136,-2
13137,0
13138,0
13139,-0.0625
13140,1.9375
13141,-2
13142,0
13143,0
13144,0.0625
13145,-0.0625
13146,-0.0625
13147,0
13148,1.9375
13149,1.9375
13150,-2
13151,-1.9375
13152,-0.75
13153,0
13154,0
13155,-0.0625
13156,1.9375
13157,-2
13158,0
13159,0
13160,0.0625
13161,-0.0625
13162,-0.0625
13163,0
13164,-2
13165,-1.75
13166,-0.5625
13167,0.5625
13168,1.75
13169,0
13170,0
13171,-0.0625
13172,1.9375
13173,-2
13174,0
13175,0
13176,0.0625
13177,-0.0625
13178,-0.0625
13179,0
13180,-0.375
13181,0.75
13182,1.9375
13183,1.9375
13184,-2
13185,0
13186,0
13187,-0.0625
13188,1.9375
13189,-2
13190,0
13191,0
13192,0.0625
13193,-0.0625
13194,-0.0625
13195,0
13196,1.9375
13197,1.9375
13198,-2
13199,-2
13200,-1.25
13201,0
13202,0
13203,-0.0625
13204,1.9375
13205,-2
13206,0
13207,0
13208,0.0625
13209,-0.0625
13210,-0.0625
13211,0
13212,-2
13213,-2
13214,-1.0625
13215,0.0625
13216,1.25
13217,0
13218,0
13219,-0.0625
13220,1.9375
13221,-2
13222,0
13223,0
13224,0.0625
13225,-0.0625
13226,-0.0625
13227,0
13228,-0.875
13229,0.25
13230,1.4375
13231,1.9375
13232,1.9375
13233,0
13234,0
13235,-0.0625
13236,1.9375
13237,-2
13238,0
13239,0
13240,0.0625
13241,-0.0625
13242,-0.0625
13243,0
13244,1.625
13245,1.9375
13246,1.9375
13247,-2
13248,-1.75
13249,0
13250,0
13251,-0.0625
13252,1.9375
13253,-2
13254,0
13255,0
13256,0.0625
13257,-0.0625
13258,-0.0625
13259,0
13260,-2
13261,-2
13262,-1.5625
13263,-0.4375
13264,0.75
13265,0
13266,0
13267,-0.0625
13268,1.9375
13269,-2
13270,0
13271,0
13272,0.0625
13273,-0.0625
13274,-0.0625
13275,0
13276,-1.375
13277,-0.25
13278,0.9375
13279,1.9375
13280,1.9375
13281,0
13282,0
13283,-0.0625
13284,1.9375
13285,-2
13286,0
13287,0
13288,0.0625
13289,-0.0625
13290,-0.0625
13291,0
13292,1.125
13293,1.9375
13294,1.9375
13295,-2
13296,-2
13297,0
13298,0
13299,-0.0625
13300,1.9375
13301,-2
13302,0
13303,0
13304,0.0625
13305,-0.0625
13306,-0.0625
13307,0
13308,1.9375
13309,-2
13310,-2
13311,-0.9375
13312,0.25
13313,0
13314,0
13315,-0.0625
13316,1.9375
13317,-2
13318,0
13319,0
13320,0.0625
13321,-0.0625
13322,-0.0625
13323,0
13324,-1.875
13325,-0.75
13326,0.4375
13327,1.5625
13328,1.9375
13329,0
13330,0
13331,-0.0625
13332,1.9375
13333,-2
13334,0
13335,0
13336,0.0625
13337,-0.0625
13338,-0.0625
13339,0
13340,0.625
13341,1.75
13342,1.9375
13343,-2
13344,-2
13345,0
13346,0
13347,-0.0625
13348,1.9375
13349,-2
13350,0
13351,0
13352,0.0625
13353,-0.0625
13354,-0.0625
13355,0
13356,1.9375
13357,-2
13358,-2
13359,-1.4375
13360,-0.25
13361,0
13362,0
13363,-0.0625
13364,1.9375
13365,-2
13366,0
13367,0
13368,0.0625
13369,-0.0625
13370,-0.0625
13371,0
13372,-2
13373,-1.25
13374,-0.0625
13375,1.0625
13376,1.9375
13377,0
13378,0
13379,-0.0625
13380,1.9375
13381,-2
13382,0
13383,0
13384,0.0625
13385,-0.0625
13386,-0.0625
13387,0
13388,0.125
13389,1.25
13390,1.9375
13391,1.9375
13392,-2
13393,0
13394,0
13395,-0.0625
13396,1.9375
13397,-2
13398,0
13399,0
13400,0.0625
13401,-0.0625
13402,-0.0625
13403,0
13404,1.9375
13405,1.9375
13406,-2
13407,-1.9375
13408,-0.75
13409,0
13410,0
13411,-0.0625
13412,1.9375
13413,-2
13414,0
13415,0
13416,0.0625
13417,-0.0625
13418,-0.0625
13419,0
13420,-2
13421,-1.75
13422,-0.5625
13423,0.5625
13424,1.75
13425,0
13426,0
13427,-0.0625
13428,1.9375
13429,-2
13430,0
13431,0
13432,0.0625
13433,-0.0625
13434,-0.0625
13435,0
13436,-0.375
13437,0.75
13438,1.9375
13439,1.9375
13440,-2
13441,0
13442,0
13443,-0.0625
13444,1.9375
13445,-2
13446,0
13447,0
13448,0.0625
13449,-0.0625
13450,-0.0625
13451,0
13452,1.9375
13453,1.9375
13454,-2
13455,-2
13456,-1.25
13457,0
13458,0
13459,-0.0625
13460,1.9375
13461,-2
13462,0
13463,0
13464,0.0625
13465,-0.0625
13466,-0.0625
13467,0
13468,-2
13469,-2
13470,-1.0625
13471,0.0625
13472,1.25
13473,0
13474,0
13475,-0.0625
13476,1.9375
13477,-2
13478,0
13479,0
13480,0.0625
13481,-0.0625
13482,-0.0625
13483,0
13484,-0.875
13485,0.25
13486,1.4375
13487,1.9375
13488,1.9375
13489,0
13490,0
13491,-0.0625
13492,1.9375
13493,-2
13494,0
13495,0
13496,0.0625
13497,-0.0625
13498,-0.0625
13499,0
13500,1.625
13501,1.9375
13502,1.9375
13503,-2
13504,-1.75
13505,0
13506,0
13507,-0.0625
13508,1.9375
13509,-2
13510,0
13511,0
13512,0.0625
13513,-0.0625
13514,-0.0625
13515,0
13516,-2
13517,-2
13518,-1.5625
13519,-0.4375
13520,0.75
13521,0
13522,0
13523,-0.0625
13524,1.9375
13525,-2
13526,0
13527,0
13528,0.0625
13529,-0.0625
13530,-0.0625
13531,0
13532,-1.375
13533,-0.25
13534,0.9375
13535,1.9375
13536,1.9375
13537,0
13538,0
13539,-0.0625
13540,1.9375
13541,-2
13542,0
13543,0
13544,0.0625
13545,-0.0625
13546,-0.0625
13547,0
13548,1.125
13549,1.9375
13550,1.9375
13551,-2
13552,-2
13553,0
13554,0
13555,-0.0625
13556,1.9375
13557,-2
13558,0
13559,0
13560,0.0625
13561,-0.0625
13562,-0.0625
13563,0
13564,1.9375
13565,-2
13566,-2
13567,-0.9375
13568,0.25
13569,0
13570,0
13571,-0.0625
13572,1.9375
13573,-2
13574,0
13575,0
13576,0.0625
13577,-0.0625
13578,-0.0625
13579,0
13580,-1.875
13581,-0.75
13582,0.4375
13583,1.5625
13584,1.9375
13585,0
13586,0
13587,-0.0625
13588,1.9375
13589,-2
13590,0
13591,0
13592,0.0625
13593,-0.0625
13594,-0.0625
13595,0
13596,0.625
13597,1.75
13598,1.9375
13599,-2
13600,-2
13601,0
13602,0
13603,-0.0625
13604,1.9375
13605,-2
13606,0
13607,0
13608,0.0625
13609,-0.0625
13610,-0.0625
13611,0
13612,1.9375
13613,-2
13614,-2
13615,-1.4375
13616,-0.25
13617,0
13618,0
13619,-0.0625
13620,1.9375
13621,-2
13622,0
13623,0
13624,0.0625
13625,-0.0625
13626,-0.0625
13627,0
13628,-2
13629,-1.25
13630,-0.0625
13631,1.0625
13632,1.9375
13633,0
13634,0
13635,-0.0625
13636,1.9375
13637,-2
13638,0
13639,0
13640,0.0625
13641,-0.0625
13642,-0.0625
13643,0
13644,0.125
13645,1.25
13646,1.9375
13647,1.9375
13648,-2
13649,0
13650,0
13651,-0.0625
13652,1.9375
13653,-2
13654,0
13655,0
13656,0.0625
13657,-0.0625
13658,-0.0625
13659,0
13660,1.9375
13661,1.9375
13662,-2
13663,-1.9375
13664,-0.75
13665,0
13666,0
13667,-0.0625
13668,1.9375
13669,-2
13670,0
13671,0
13672,0.0625
13673,-0.0625
13674,-0.0625
13675,0
13676,-2
13677,-1.75
13678,-0.5625
13679,0.5625
13680,1.75
13681,0
13682,0
13683,-0.0625
13684,1.9375
13685,-2
13686,0
13687,0
13688,0.0625
13689,-0.0625
13690,-0.0625
13691,0
13692,-0.375
13693,0.75
13694,1.9375
13695,1.9375
13696,-2
13697,0
13698,0
13699,-0.0625
13700,1.9375
13701,-2
13702,0
13703,0
13704,0.0625
13705,-0.0625
13706,-0.0625
13707,0
13708,1.9375
13709,1.9375
13710,-2
13711,-2
13712,-1.25
13713,0
13714,0
13715,-0.0625
13716,1.9375
13717,-2
13718,0
13719,0
13720,0.0625
13721,-0.0625
13722,-0.0625
13723,0
13724,-2
13725,-2
13726,-1.0625
13727,0.0625
13728,1.25
13729,0
13730,0
13731,-0.0625
13732,1.9375
13733,-2
13734,0
13735,0
13736,0.0625
13737,-0.0625
13738,-0.0625
13739,0
13740,-0.875
13741,0.25
13742,1.4375
13743,1.9375
13744,1.9375
13745,0
13746,0
13747,-0.0625
13748,1.9375
13749,-2
13750,0
13751,0
13752,0.0625
13753,-0.0625
13754,-0.0625
13755,0
13756,1.625
13757,1.9375
13758,1.9375
13759,-2
13760,-1.75
13761,0
13762,0
13763,-0.0625
13764,1.9375
13765,-2
13766,0
13767,0
13768,0.0625
13769,-0.0625
13770,-0.0625
13771,0
13772,-2
13773,-2
13774,-1.5625
13775,-0.4375
13776,0.75
13777,0
13778,0
13779,-0.0625
13780,1.9375
13781,-2
13782,0
13783,0
13784,0.0625
13785,-0.0625
13786,-0.0625
13787,0
13788,-1.375
13789,-0.25
13790,0.9375
13791,1.9375
13792,1.9375
13793,0
13794,0
13795,-0.0625
13796,1.9375
13797,-2
13798,0
13799,0
13800,0.0625
13801,-0.0625
13802,-0.0625
13803,0
13804,1.125
13805,1.9375
13806,1.9375
13807,-2
13808,-2
13809,0
13810,0
13811,-0.0625
13812,1.9375
13813,-2
13814,0
13815,0
13816,0.0625
13817,-0.0625
13818,-0.0625
13819,0
13820,1.9375
13821,-2
13822,-2
13823,-0.9375
13824,0.25
13825,0
13826,0
13827,-0.0625
13828,1.9375
13829,-2
13830,0
13831,0
13832,0.0625
13833,-0.0625
13834,-0.0625
13835,0
13836,-1.875
13837,-0.75
13838,0.4375
13839,1.5625
13840,1.9375
13841,0
13842,0
13843,-0.0625
13844,1.9375
13845,-2
13846,0
13847,0
13848,0.0625
13849,-0.0625
13850,-0.0625
13851,0
13852,0.625
13853,1.75
13854,1.9375
13855,-2
13856,-2
13857,0
13858,0
13859,-0.0625
13860,1.9375
13861,-2
13862,0
13863,0
13864,0.0625
13865,-0.0625
13866,-0.0625
13867,0
13868,1.9375
13869,-2
13870,-2
13871,-1.4375
13872,-0.25
13873,0
13874,0
13875,-0.0625
13876,1.9375
13877,-2
13878,0
13879,0
13880,0.0625
13881,-0.0625
13882,-0.0625
13883,0
13884,-2
13885,-1.25
13886,-0.0625
13887,1.0625
13888,1.9375
13889,0
13890,0
13891,-0.0625
13892,1.9375
13893,-2
13894,0
13895,0
13896,0.0625
13897,-0.0625
13898,-0.0625
13899,0
13900,0.125
13901,1.25
13902,1.9375
13903,1.9375
13904,-2
13905,0
13906,0
13907,-0.0625
13908,1.9375
13909,-2
13910,0
13911,0
13912,0.0625
13913,-0.0625
13914,-0.0625
13915,0
13916,1.9375
13917,1.9375
13918,-2
13919,-1.9375
13920,-0.75
13921,0
13922,0
13923,-0.0625
13924,1.9375
13925,-2
13926,0
13927,0
13928,0.0625
13929,-0.0625
13930,-0.0625
13931,0
13932,-2
13933,-1.75
13934,-0.5625
13935,0.5625
13936,1.75
13937,0
13938,0
13939,-0.0625
13940,1.9375
13941,-2
13942,0
13943,0
13944,0.0625
13945,-0.0625
13946,-0.0625
13947,0
13948,-0.375
13949,0.75
13950,1.9375
13951,1.9375
13952,-2
13953,0
13954,0
13955,-0.0625
13956,1.9375
13957,-2
13958,0
13959,0
13960,0.0625
13961,-0.0625
13962,-0.0625
13963,0
13964,1.9375
13965,1.9375
13966,-2
13967,-2
13968,-1.25
13969,0
13970,0
13971,-0.0625
13972,1.9375
13973,-2
13974,0
13975,0
13976,0.0625
13977,-0.0625
13978,-0.0625
13979,0
13980,-2
13981,-2
13982,-1.0625
13983,0.0625
13984,1.25
13985,0
13986,0
13987,-0.0625
13988,1.9375
13989,-2
13990,0
13991,0
13992,0.0625
13993,-0.0625
13994,-0.0625
13995,0
13996,-0.875
13997,0.25
13998,1.4375
13999,1.9375
14000,1.9375
14001,0
14002,0
14003,-0.0625
14004,1.9375
14005,-2
14006,0
14007,0
14008,0.0625
14009,-0.0625
14010,-0.0625
14011,0
14012,1.625
14013,1.9375
14014,1.9375
14015,-2
14016,-1.75
14017,0
14018,0
14019,-0.0625
14020,1.9375
14021,-2
14022,0
14023,0
14024,0.0625
14025,-0.0625
14026,-0.0625
14027,0
14028,-2
14029,-2
14030,-1.5625
14031,-0.4375
14032,0.75
14033,0
14034,0
14035,-0.0625
14036,1.9375
14037,-2
14038,0
14039,0
14040,0.0625
14041,-0.0625
14042,-0.0625
14043,0
14044,-1.375
14045,-0.25
14046,0.9375
14047,1.9375
14048,1.9375
14049,0
14050,0
14051,-0.0625
14052,1.9375
14053,-2
14054,0
14055,0
14056,0.0625
14057,-0.0625
14058,-0.0625
14059,0
14060,1.125
14061,1.9375
14062,1.9375
14063,-2
14064,-2
14065,0
14066,0
14067,-0.0625
14068,1.9375
14069,-2
14070,0
14071,0
14072,0.0625
14073,-0.0625
14074,-0.0625
14075,0
14076,1.9375
14077,-2
14078,-2
14079,-0.9375
14080,0.25
14081,0
14082,0
14083,-0.0625
14084,1.9375
14085,-2
14086,0
14087,0
14088,0.0625
14089,-0.0625
14090,-0.0625
14091,0
14092,-1.875
14093,-0.75
14094,0.4375
14095,1.5625
14096,1.9375
14097,0
14098,0
14099,-0.0625
14100,1.9375
14101,-2
14102,0
14103,0
14104,0.0625
14105,-0.0625
14106,-0.0625
14107,0
14108,0.625
14109,1.75
14110,1.9375
14111,-2
14112,-2
14113,0
14114,0
14115,-0.0625
14116,1.9375
14117,-2
14118,0
14119,0
14120,0.0625
14121,-0.0625
14122,-0.0625
14123,0
14124,1.9375
14125,-2
14126,-2
14127,-1.4375
14128,-0.25
14129,0
14130,0
14131,-0.0625
14132,1.9375
14133,-2
14134,0
14135,0
14136,0.0625
14137,-0.0625
14138,-0.0625
14139,0
14140,-2
14141,-1.25
14142,-0.0625
14143,1.0625
14144,1.9375
14145,0
14146,0
14147,-0.0625
14148,1.9375
14149,-2
14150,0
14151,0
14152,0.0625
14153,-0.0625
14154,-0.0625
14155,0
14156,0.125
14157,1.25
14158,1.9375
14159,1.9375
14160,-2
14161,0
14162,0
14163,-0.0625
14164,1.9375
14165,-2
14166,0
14167,0
14168,0.0625
14169,-0.0625
14170,-0.0625
14171,0
14172,1.9375
14173,1.9375
14174,-2
14175,-1.9375
14176,-0.75
14177,0
14178,0
14179,-0.0625
14180,1.9375
14181,-2
14182,0
14183,0
14184,0.0625
14185,-0.0625
14186,-0.0625
14187,0
14188,-2
14189,-1.75
14190,-0.5625
14191,0.5625
14192,1.75
14193,0
14194,0
14195,-0.0625
14196,1.9375
14197,-2
14198,0
14199,0
14200,0.0625
14201,-0.0625
14202,-0.0625
14203,0
14204,-0.375
14205,0.75
14206,1.9375
14207,1.9375
14208,-2
14209,0
14210,0
14211,-0.0625
14212,1.9375
14213,-2
14214,0
14215,0
14216,0.0625
14217,-0.0625
14218,-0.0625
14219,0
14220,1.9375
14221,1.9375
14222,-2
14223,-2
14224,-1.25
14225,0
14226,0
14227,-0.0625
14228,1.9375
14229,-2
14230,0
14231,0
14232,0.0625
14233,-0.0625
14234,-0.0625
14235,0
14236,-2
14237,-2
14238,-1.0625
14239,0.0625
14240,1.25
14241,0
14242,0
14243,-0.0625
14244,1.9375
14245,-2
14246,0
14247,0
14248,0.0625
14249,-0.0625
14250,-0.0625
14251,0
14252,-0.875
14253,0.25
14254,1.4375
14255,1.9375
14256,1.9375
14257,0
14258,0
14259,-0.0625
14260,1.9375
14261,-2
14262,0
14263,0
14264,0.0625
14265,-0.0625
14266,-0.0625
14267,0
14268,1.625
14269,1.9375
14270,1.9375
14271,-2
14272,-1.75
14273,0
14274,0
14275,-0.0625
14276,1.9375
14277,-2
14278,0
14279,0
14280,0.0625
14281,-0.0625
14282,-0.0625
14283,0
14284,-2
14285,-2
14286,-1.5625
14287,-0.4375
14288,0.75
14289,0
14290,0
14291,-0.0625
14292,1.9375
14293,-2
14294,0
14295,0
14296,0.0625
14297,-0.0625
14298,-0.0625
14299,0
14300,-1.375
14301,-0.25
14302,0.9375
14303,1.9375
14304,1.9375
14305,0
14306,0
14307,-0.0625
14308,1.9375
14309,-2
14310,0
14311,0
14312,0.0625
14313,-0.0625
14314,-0.0625
14315,0
14316,1.125
14317,1.9375
14318,1.9375
14319,-2
14320,-2
14321,0
14322,0
14323,-0.0625
14324,1.9375
14325,-2
14326,0
14327,0
14328,0.0625
14329,-0.0625
14330,-0.0625
14331,0
14332,1.9375
14333,-2
14334,-2
14335,-0.9375
14336,0.25
14337,0
14338,0
14339,-0.0625
14340,1.9375
14341,-2
14342,0
14343,0
14344,0.0625
14345,-0.0625
14346,-0.0625
14347,0
14348,-1.875
14349,-0.75
14350,0.4375
14351,1.5625
14352,1.9375
14353,0
14354,0
14355,-0.0625
14356,1.9375
14357,-2
14358,0
14359,0
14360,0.0625
14361,-0.0625
14362,-0.0625
14363,0
14364,0.625
14365,1.75
14366,1.9375
14367,-2
14368,-2
14369,0
14370,0
14371,-0.0625
14372,1.9375
14373,-2
14374,0
14375,0
14376,0.0625
14377,-0.0625
14378,-0.0625
14379,0
14380,1.9375
14381,-2
14382,-2
14383,-1.4375
14384,-0.25
14385,0
14386,0
14387,-0.0625
14388,1.9375
14389,-2
14390,0
14391,0
14392,0.0625
14393,-0.0625
14394,-0.0625
14395,0
14396,-2
14397,-1.25
14398,-0.0625
14399,1.0625
14400,1.9375
14401,0
14402,0
14403,-0.0625
14404,1.9375
14405,-2
14406,0
14407,0
14408,0.0625
14409,-0.0625
14410,-0.0625
14411,0
14412,0.125
14413,1.25
14414,1.9375
14415,1.9375
14416,-2
14417,0
14418,0
14419,-0.0625
14420,1.9375
14421,-2
14422,0
14423,0
14424,0.0625
14425,-0.0625
14426,-0.0625
14427,0
14428,1.9375
14429,1.9375
14430,-2
14431,-1.9375
14432,-0.75
14433,0
14434,0
14435,-0.0625
14436,1.9375
14437,-2
14438,0
14439,0
14440,0.0625
14441,-0.0625
14442,-0.0625
14443,0
14444,-2
14445,-1.75
14446,-0.5625
14447,0.5625
14448,1.75
14449,0
14450,0
14451,-0.0625
14452,1.9375
14453,-2
14454,0
14455,0
14456,0.0625
14457,-0.0625
14458,-0.0625
14459,0
14460,-0.375
14461,0.75
14462,1.9375
14463,1.9375
14464,-2
14465,0
14466,0
14467,-0.0625
14468,1.9375
14469,-2
14470,0
14471,0
14472,0.0625
14473,-0.0625
14474,-0.0625
14475,0
14476,1.9375
14477,1.9375
14478,-2
14479,-2
14480,-1.25
14481,0
14482,0
14483,-0.0625
14484,1.9375
14485,-2
14486,0
14487,0
14488,0.0625
14489,-0.0625
14490,-0.0625
14491,0
14492,-2
14493,-2
14494,-1.0625
14495,0.0625
14496,1.25
14497,0
14498,0
14499,-0.0625
14500,1.9375
14501,-2
14502,0
14503,0
14504,0.0625
14505,-0.0625
14506,-0.0625
14507,0
14508,-0.875
14509,0.25
14510,1.4375
14511,1.9375
14512,1.9375
14513,0
14514,0
14515,-0.0625
14516,1.9375
14517,-2
14518,0
14519,0
14520,0.0625
14521,-0.0625
14522,-0.0625
14523,0
14524,1.625
14525,1.9375
14526,1.9375
14527,-2
14528,-1.75
14529,0
14530,0
14531,-0.0625
14532,1.9375
14533,-2
14534,0
14535,0
14536,0.0625
14537,-0.0625
14538,-0.0625
14539,0
14540,-2
14541,-2
14542,-1.5625
14543,-0.4375
14544,0.75
14545,0
14546,0
14547,-0.0625
14548,1.9375
14549,-2
14550,0
14551,0
14552,0.0625
14553,-0.0625
14554,-0.0625
14555,0
14556,-1.375
14557,-0.25
14558,0.9375
14559,1.9375
14560,1.9375
14561,0
14562,0
14563,-0.0625
14564,1.9375
14565,-2
14566,0
14567,0
14568,0.0625
14569,-0.0625
14570,-0.0625
14571,0
14572,1.125
14573,1.9375
14574,1.9375
14575,-2
14576,-2
14577,0
14578,0
14579,-0.0625
14580,1.9375
14581,-2
14582,0
14583,0
14584,0.0625
14585,-0.0625
14586,-0.0625
14587,0
14588,1.9375
14589,-2
14590,-2
14591,-0.9375
14592,0.25
14593,0
14594,0
14595,-0.0625
14596,1.9375
14597,-2
14598,0
14599,0
14600,0.0625
14601,-0.0625
14602,-0.0625
14603,0
14604,-1.875
14605,-0.75
14606,0.4375
14607,1.5625
14608,1.9375
14609,0
14610,0
14611,-0.0625
14612,1.9375
14613,-2
14614,0
14615,0
14616,0.0625
14617,-0.0625
14618,-0.0625
14619,0
14620,0.625
14621,1.75
14622,1.9375
14623,-2
14624,-2
14625,0
14626,0
14627,-0.0625
14628,1.9375
14629,-2
14630,0
14631,0
14632,0.0625
14633,-0.0625
14634,-0.0625
14635,0
14636,1.9375
14637,-2
14638,-2
14639,-1.4375
14640,-0.25
14641,0
14642,0
14643,-0.0625
14644,1.9375
14645,-2
14646,0
14647,0
14648,0.0625
14649,-0.0625
14650,-0.0625
14651,0
14652,-2
14653,-1.25
14654,-0.0625
14655,1.0625
14656,1.9375
14657,0
14658,0
14659,-0.0625
14660,1.9375
14661,-2
14662,0
14663,0
14664,0.0625
14665,-0.0625
14666,-0.0625
14667,0
14668,0.125
14669,1.25
14670,1.9375
14671,1.9375
14672,-2
14673,0
14674,0
14675,-0.0625
14676,1.9375
14677,-2
14678,0
14679,0
14680,0.0625
14681,-0.0625
14682,-0.0625
14683,0
14684,1.9375
14685,1.9375
14686,-2
14687,-1.9375
14688,-0.75
14689,0
14690,0
14691,-0.0625
14692,1.9375
14693,-2
14694,0
14695,0
14696,0.0625
14697,-0.0625
14698,-0.0625
14699,0
14700,-2
14701,-1.75
14702,-0.5625
14703,0.5625
14704,1.75
14705,0
14706,0
14707,-0.0625
14708,1.9375
14709,-2
14710,0
14711,0
14712,0.0625
14713,-0.0625
14714,-0.0625
14715,0
14716,-0.375
14717,0.75
14718,1.9375
14719,1.9375
14720,-2
14721,0
14722,0
14723,-0.0625
14724,1.9375
14725,-2
14726,0
14727,0
14728,0.0625
14729,-0.0625
14730,-0.0625
14731,0
14732,1.9375
14733,1.9375
14734,-2
14735,-2
14736,-1.25
14737,0
14738,0
14739,-0.0625
14740,1.9375
14741,-2
14742,0
14743,0
14744,0.0625
14745,-0.0625
14746,-0.0625
14747,0
14748,-2
14749,-2
14750,-1.0625
14751,0.0625
14752,1.25
14753,0
14754,0
14755,-0.0625
14756,1.9375
14757,-2
14758,0
14759,0
14760,0.0625
14761,-0.0625
14762,-0.0625
14763,0
14764,-0.875
14765,0.25
14766,1.4375
14767,1.9375
14768,1.9375
14769,0
14770,0
14771,-0.0625
14772,1.9375
14773,-2
14774,0
14775,0
14776,0.0625
14777,-0.0625
14778,-0.0625
14779,0
14780,1.625
14781,1.9375
14782,1.9375
14783,-2
14784,-1.75
14785,0
14786,0
14787,-0.0625
14788,1.9375
14789,-2
14790,0
14791,0
14792,0.0625
14793,-0.0625
14794,-0.0625
14795,0
14796,-2
14797,-2
14798,-1.5625
14799,-0.4375
14800,0.75
14801,0
14802,0
14803,-0.0625
14804,1.9375
14805,-2
14806,0
14807,0
14808,0.0625
14809,-0.0625
14810,-0.0625
14811,0
14812,-1.375
14813,-0.25
14814,0.9375
14815,1.9375
14816,1.9375
14817,0
14818,0
14819,-0.0625
14820,1.9375
14821,-2
14822,0
14823,0
14824,0.0625
14825,-0.0625
14826,-0.0625
14827,0
14828,1.125
14829,1.9375
14830,1.9375
14831,-2
14832,-2
14833,0
14834,0
14835,-0.0625
14836,1.9375
14837,-2
14838,0
14839,0
14840,0.0625
14841,-0.0625
14842,-0.0625
14843,0
14844,1.9375
14845,-2
14846,-2
14847,-0.9375
14848,0.25
14849,0
14850,0
14851,-0.0625
14852,1.9375
14853,-2
14854,0
14855,0
14856,0.0625
14857,-0.0625
14858,-0.0625
14859,0
14860,-1.875
14861,-0.75
14862,0.4375
14863,1.5625
14864,1.9375
14865,0
14866,0
14867,-0.0625
14868,1.9375
14869,-2
14870,0
14871,0
14872,0.0625
14873,-0.0625
14874,-0.0625
14875,0
14876,0.625
14877,1.75
14878,1.9375
14879,-2
14880,-2
14881,0
14882,0
14883,-0.0625
14884,1.9375
14885,-2
14886,0
14887,0
14888,0.0625
14889,-0.0625
14890,-0.0625
14891,0
14892,1.9375
14893,-2
14894,-2
14895,-1.4375
14896,-0.25
14897,0
14898,0
14899,-0.0625
14900,1.9375
14901,-2
14902,0
14903,0
14904,0.0625
14905,-0.0625
14906,-0.0625
14907,0
14908,-2
14909,-1.25
14910,-0.0625
14911,1.0625
14912,1.9375
14913,0
14914,0
14915,-0.0625
14916,1.9375
14917,-2
14918,0
14919,0
14920,0.0625
14921,-0.0625
14922,-0.0625
14923,0
14924,0.125
14925,1.25
14926,1.9375
14927,1.9375
14928,-2
14929,0
14930,0
14931,-0.0625
14932,1.9375
14933,-2
14934,0
14935,0
14936,0.0625
14937,-0.0625
14938,-0.0625
14939,0
14940,1.9375
14941,1.9375
14942,-2
14943,-1.9375
14944,-0.75
14945,0
14946,0
14947,-0.0625
14948,1.9375
14949,-2
14950,0
14951,0
14952,0.0625
14953,-0.0625
14954,-0.0625
14955,0
14956,-2
14957,-1.75
14958,-0.5625
14959,0.5625
14960,1.75
14961,0
14962,0
14963,-0.0625
14964,1.9375
14965,-2
14966,0
14967,0
14968,0.0625
14969,-0.0625
14970,-0.0625
14971,0
14972,-0.375
14973,0.75
14974,1.9375
14975,1.9375
14976,-2
14977,0
14978,0
14979,-0.0625
14980,1.9375
14981,-2
14982,0
14983,0
14984,0.0625
14985,-0.0625
14986,-0.0625
14987,0
14988,1.9375
14989,1.9375
14990,-2
14991,-2
14992,-1.25
14993,0
14994,0
14995,-0.0625
14996,1.9375
14997,-2
14998,0
14999,0
15000,0.0625
15001,-0.0625
15002,-0.0625
15003,0
15004,-2
15005,-2
15006,-1.0625
15007,0.0625
15008,1.25
15009,0
15010,0
15011,-0.0625
15012,1.9375
15013,-2
15014,0
15015,0
15016,0.0625
15017,-0.0625
15018,-0.0625
15019,0
15020,-0.875
15021,0.25
15022,1.4375
15023,1.9375
15024,1.9375
15025,0
15026,0
15027,-0.0625
15028,1.9375
15029,-2
15030,0
15031,0
15032,0.0625
15033,-0.0625
15034,-0.0625
15035,0
15036,1.625
15037,1.9375
15038,1.9375
15039,-2
15040,-1.75
15041,0
15042,0
15043,-0.0625
15044,1.9375
15045,-2
15046,0
15047,0
15048,0.0625
15049,-0.0625
15050,-0.0625
15051,0
15052,-2
15053,-2
15054,-1.5625
15055,-0.4375
15056,0.75
15057,0
15058,0
15059,-0.0625
15060,1.9375
15061,-2
15062,0
15063,0
15064,0.0625
15065,-0.0625
15066,-0.0625
15067,0
15068,-1.375
15069,-0.25
15070,0.9375
15071,1.9375
15072,1.9375
15073,0
15074,0
15075,-0.0625
15076,1.9375
15077,-2
15078,0
15079,0
15080,0.0625
15081,-0.0625
15082,-0.0625
15083,0
15084,1.125
15085,1.9375
15086,1.9375
15087,-2
15088,-2
15089,0
15090,0
15091,-0.0625
15092,1.9375
15093,-2
15094,0
15095,0
15096,0.0625
15097,-0.0625
15098,-0.0625
15099,0
15100,1.9375
15101,-2
15102,-2
15103,-0.9375
15104,0.25
15105,0
15106,0
15107,-0.0625
15108,1.9375
15109,-2
15110,0
15111,0
15112,0.0625
15113,-0.0625
15114,-0.0625
15115,0
15116,-1.875
15117,-0.75
15118,0.4375
15119,1.5625
15120,1.9375
15121,0
15122,0
15123,-0.0625
15124,1.9375
15125,-2
15126,0
15127,0
15128,0.0625
15129,-0.0625
15130,-0.0625
15131,0
15132,0.625
15133,1.75
15134,1.9375
15135,-2
15136,-2
15137,0
15138,0
15139,-0.0625
15140,1.9375
15141,-2
15142,0
15143,0
15144,0.0625
15145,-0.0625
15146,-0.0625
15147,0
15148,1.9375
15149,-2
15150,-2
15151,-1.4375
15152,-0.25
15153,0
15154,0
15155,-0.0625
15156,1.9375
15157,-2
15158,0
15159,0
15160,0.0625
15161,-0.0625
15162,-0.0625
15163,0
15164,-2
15165,-1.25
15166,-0.0625
15167,1.0625
15168,1.9375
15169,0
15170,0
15171,-0.0625
15172,1.9375
15173,-2
15174,0
15175,0
15176,0.0625
15177,-0.0625
15178,-0.0625
15179,0
15180,0.125
15181,1.25
15182,1.9375
15183,1.9375
15184,-2
15185,0
15186,0
15187,-0.0625
15188,1.9375
15189,-2
15190,0
15191,0
15192,0.0625
15193,-0.0625
15194,-0.0625
15195,0
15196,1.9375
15197,1.9375
15198,-2
15199,-1.9375
15200,-0.75
15201,0
15202,0
15203,-0.0625
15204,1.9375
15205,-2
15206,0
15207,0
15208,0.0625
15209,-0.0625
15210,-0.0625
15211,0
15212,-2
15213,-1.75
15214,-0.5625
15215,0.5625
15216,1.75
15217,0
15218,0
15219,-0.0625
15220,1.9375
15221,-2
15222,0
15223,0
15224,0.0625
15225,-0.0625
15226,-0.0625
15227,0
15228,-0.375
15229,0.75
15230,1.9375
15231,1.9375
15232,-2
15233,0
15234,0
15235,-0.0625
15236,1.9375
15237,-2
15238,0
15239,0
15240,0.0625
15241,-0.0625
15242,-0.0625
15243,0
15244,1.9375
15245,1.9375
15246,-2
15247,-2
15248,-1.25
15249,0
15250,0
15251,-0.0625
15252,1.9375
15253,-2
15254,0
15255,0
15256,0.0625
15257,-0.0625
15258,-0.0625
15259,0
15260,-2
15261,-2
15262,-1.0625
15263,0.0625
15264,1.25
15265,0
15266,0
15267,-0.0625
15268,1.9375
15269,-2
15270,0
15271,0
15272,0.0625
15273,-0.0625
15274,-0.0625
15275,0
15276,-0.875
15277,0.25
15278,1.4375
15279,1.9375
15280,1.9375
15281,0
15282,0
15283,-0.0625
15284,1.9375
15285,-2
15286,0
15287,0
15288,0.0625
15289,-0.0625
15290,-0.0625
15291,0
15292,1.625
15293,1.9375
15294,1.9375
15295,-2
15296,-1.75
15297,0
15298,0
15299,-0.0625
15300,1.9375
15301,-2
15302,0
15303,0
15304,0.0625
15305,-0.0625
15306,-0.0625
15307,0
15308,-2
15309,-2
15310,-1.5625
15311,-0.4375
15312,0.75
15313,0
15314,0
15315,-0.0625
15316,1.9375
15317,-2
15318,0
15319,0
15320,0.0625
15321,-0.0625
15322,-0.0625
15323,0
15324,-1.375
15325,-0.25
15326,0.9375
15327,1.9375
15328,1.9375
15329,0
15330,0
15331,-0.0625
15332,1.9375
15333,-2
15334,0
15335,0
15336,0.0625
15337,-0.0625
15338,-0.0625
15339,0
15340,1.125
15341,1.9375
15342,1.9375
15343,-2
15344,-2
15345,0
15346,0
15347,-0.0625
15348,1.9375
15349,-2
15350,0
15351,0
15352,0.0625
15353,-0.0625
15354,-0.0625
15355,0
15356,1.9375
15357,-2
15358,-2
15359,-0.9375
15360,0.25
15361,0
15362,0
15363,-0.0625
15364,1.9375
15365,-2
15366,0
15367,0
15368,0.0625
15369,-0.0625
15370,-0.0625
15371,0
15372,-1.875
15373,-0.75
15374,0.4375
15375,1.5625
15376,1.9375
15377,0
15378,0
15379,-0.0625
15380,1.9375
15381,-2
15382,0
15383,0
15384,0.0625
15385,-0.0625
15386,-0.0625
15387,0
15388,0.625
15389,1.75
15390,1.9375
15391,-2
15392,-2
15393,0
15394,0
15395,-0.0625
15396,1.9375
15397,-2
15398,0
15399,0
15400,0.0625
15401,-0.0625
15402,-0.0625
15403,0
15404,1.9375
15405,-2
15406,-2
15407,-1.4375
15408,-0.25
15409,0
15410,0
15411,-0.0625
15412,1.9375
15413,-2
15414,0
15415,0
15416,0.0625
15417,-0.0625
15418,-0.0625
15419,0
15420,-2
15421,-1.25
15422,-0.0625
15423,1.0625
15424,1.9375
15425,0
15426,0
15427,-0.0625
15428,1.9375
15429,-2
15430,0
15431,0
15432,0.0625
15433,-0.0625
15434,-0.0625
15435,0
15436,0.125
15437,1.25
15438,1.9375
15439,1.9375
15440,-2
15441,0
15442,0
15443,-0.0625
15444,1.9375
15445,-2
15446,0
15447,0
15448,0.0625
15449,-0.0625
15450,-0.0625
15451,0
15452,1.9375
15453,1.9375
15454,-2
15455,-1.9375
15456,-0.75
15457,0
15458,0
15459,-0.0625
15460,1.9375
15461,-2
15462,0
15463,0
15464,0.0625
15465,-0.0625
15466,-0.0625
15467,0
15468,-2
15469,-1.75
15470,-0.5625
15471,0.5625
15472,1.75
15473,0
15474,0
15475,-0.0625
15476,1.9375
15477,-2
15478,0
15479,0
15480,0.0625
15481,-0.0625
15482,-0.0625
15483,0
15484,-0.375
15485,0.75
15486,1.9375
15487,1.9375
15488,-2
15489,0
15490,0
15491,-0.0625
15492,1.9375
15493,-2
15494,0
15495,0
15496,0.0625
15497,-0.0625
15498,-0.0625
15499,0
15500,1.9375
15501,1.9375
15502,-2
15503,-2
15504,-1.25
15505,0
15506,0
15507,-0.0625
15508,1.9375
15509,-2
15510,0
15511,0
15512,0.0625
15513,-0.0625
15514,-0.0625
15515,0
15516,-2
15517,-2
15518,-1.0625
15519,0.0625
15520,1.25
15521,0
15522,0
15523,-0.0625
15524,1.9375
15525,-2
15526,0
15527,0
15528,0.0625
15529,-0.0625
15530,-0.0625
15531,0
15532,-0.875
15533,0.25
15534,1.4375
15535,1.9375
15536,1.9375
15537,0
15538,0
15539,-0.0625
15540,1.9375
15541,-2
15542,0
15543,0
15544,0.0625
15545,-0.0625
15546,-0.0625
15547,0
15548,1.625
15549,1.9375
15550,1.9375
15551,-2
15552,-1.75
15553,0
15554,0
15555,-0.0625
15556,1.9375
15557,-2
15558,0
15559,0
15560,0.0625
15561,-0.0625
15562,-0.0625
15563,0
15564,-2
15565,-2
15566,-1.5625
15567,-0.4375
15568,0.75
15569,0
15570,0
15571,-0.0625
15572,1.9375
15573,-2
15574,0
15575,0
15576,0.0625
15577,-0.0625
15578,-0.0625
15579,0
15580,-1.375
15581,-0.25
15582,0.9375
15583,1.9375
15584,1.9375
15585,0
15586,0
15587,-0.0625
15588,1.9375
15589,-2
15590,0
15591,0
15592,0.0625
15593,-0.0625
15594,-0.0625
15595,0
15596,1.125
15597,1.9375
15598,1.9375
15599,-2
15600,-2
15601,0
15602,0
15603,-0.0625
15604,1.9375
15605,-2
15606,0
15607,0
15608,0.0625
15609,-0.0625
15610,-0.0625
15611,0
15612,1.9375
15613,-2
15614,-2
15615,-0.9375
15616,0.25
15617,0
15618,0
15619,-0.0625
15620,1.9375
15621,-2
15622,0
15623,0
15624,0.0625
15625,-0.0625
15626,-0.0625
15627,0
15628,-1.875
15629,-0.75
15630,0.4375
15631,1.5625
15632,1.9375
15633,0
15634,0
15635,-0.0625
15636,1.9375
15637,-2
15638,0
15639,0
15640,0.0625
15641,-0.0625
15642,-0.0625
15643,0
15644,0.625
15645,1.75
15646,1.9375
15647,-2
15648,-2
15649,0
15650,0
15651,-0.0625
15652,1.9375
15653,-2
15654,0
15655,0
15656,0.0625
15657,-0.0625
15658,-0.0625
15659,0
15660,1.9375
15661,-2
15662,-2
15663,-1.4375
15664,-0.25
15665,0
15666,0
15667,-0.0625
15668,1.9375
15669,-2
15670,0
15671,0
15672,0.0625
15673,-0.0625
15674,-0.0625
15675,0
15676,-2
15677,-1.25
15678,-0.0625
15679,1.0625
15680,1.9375
15681,0
15682,0
15683,-0.0625
15684,1.9375
15685,-2
15686,0
15687,0
15688,0.0625
15689,-0.0625
15690,-0.0625
15691,0
15692,0.125
15693,1.25
15694,1.9375
15695,1.9375
15696,-2
15697,0
15698,0
15699,-0.0625
15700,1.9375
15701,-2
15702,0
15703,0
15704,0.0625
15705,-0.0625
15706,-0.0625
15707,0
15708,1.9375
15709,1.9375
15710,-2
15711,-1.9375
15712,-0.75
15713,0
15714,0
15715,-0.0625
15716,1.9375
15717,-2
15718,0
15719,0
15720,0.0625
15721,-0.0625
15722,-0.0625
15723,0
15724,-2
15725,-1.75
15726,-0.5625
15727,0.5625
15728,1.75
15729,0
15730,0
15731,-0.0625
15732,1.9375
15733,-2
15734,0
15735,0
15736,0.0625
15737,-0.0625
15738,-0.0625
15739,0
15740,-0.375
15741,0.75
15742,1.9375
15743,1.9375
15744,-2
15745,0
15746,0
15747,-0.0625
15748,1.9375
15749,-2
15750,0
15751,0
15752,0.0625
15753,-0.0625
15754,-0.0625
15755,0
15756,1.9375
15757,1.9375
15758,-2
15759,-2
15760,-1.25
15761,0
15762,0
15763,-0.0625
15764,1.9375
15765,-2
15766,0
15767,0
15768,0.0625
15769,-0.0625
15770,-0.0625
15771,0
15772,-2
15773,-2
15774,-1.0625
15775,0.0625
15776,1.25
15777,0
15778,0
15779,-0.0625
15780,1.9375
15781,-2
15782,0
15783,0
15784,0.0625
15785,-0.0625
15786,-0.0625
15787,0
15788,-0.875
15789,0.25
15790,1.4375
15791,1.9375
15792,1.9375
15793,0
15794,0
15795,-0.0625
15796,1.9375
15797,-2
15798,0
15799,0
15800,0.0625
15801,-0.0625
15802,-0.0625
15803,0
15804,1.625
15805,1.9375
15806,1.9375
15807,-2
15808,-1.75
15809,0
15810,0
15811,-0.0625
15812,1.9375
15813,-2
15814,0
15815,0
15816,0.0625
15817,-0.0625
15818,-0.0625
15819,0
15820,-2
15821,-2
15822,-1.5625
15823,-0.4375
15824,0.75
15825,0
15826,0
15827,-0.0625
15828,1.9375
15829,-2
15830,0
15831,0
15832,0.0625
15833,-0.0625
15834,-0.0625
15835,0
15836,-1.375
15837,-0.25
15838,0.9375
15839,1.9375
15840,1.9375
15841,0
15842,0
15843,-0.0625
15844,1.9375
15845,-2
15846,0
15847,0
15848,0.0625
15849,-0.0625
15850,-0.0625
15851,0
15852,1.125
15853,1.9375
15854,1.9375
15855,-2
15856,-2
15857,0
15858,0
15859,-0.0625
15860,1.9375
15861,-2
15862,0
15863,0
15864,0.0625
15865,-0.0625
15866,-0.0625
15867,0
15868,1.9375
15869,-2
15870,-2
15871,-0.9375
15872,0.25
15873,0
15874,0
15875,-0.0625
15876,1.9375
15877,-2
15878,0
15879,0
15880,0.0625
15881,-0.0625
15882,-0.0625
15883,0
15884,-1.875
15885,-0.75
15886,0.4375
15887,1.5625
15888,1.9375
15889,0
15890,0
15891,-0.0625
15892,1.9375
15893,-2
15894,0
15895,0
15896,0.0625
15897,-0.0625
15898,-0.0625
15899,0
15900,0.625
15901,1.75
15902,1.9375
15903,-2
15904,-2
15905,0
15906,0
15907,-0.0625
15908,1.9375
15909,-2
15910,0
15911,0
15912,0.0625
15913,-0.0625
15914,-0.0625
15915,0
15916,1.9375
15917,-2
15918,-2
15919,-1.4375
15920,-0.25
15921,0
15922,0
15923,-0.0625
15924,1.9375
15925,-2
15926,0
15927,0
15928,0.0625
15929,-0.0625
15930,-0.0625
15931,0
15932,-2
15933,-1.25
15934,-0.0625
15935,1.0625
15936,1.9375
15937,0
15938,0
15939,-0.0625
15940,1.9375
15941,-2
15942,0
15943,0
15944,0.0625
15945,-0.0625
15946,-0.0625
15947,0
15948,0.125
15949,1.25
15950,1.9375
15951,1.9375
15952,-2
15953,0
15954,0
15955,-0.0625
15956,1.9375
15957,-2
15958,0
15959,0
15960,0.0625
15961,-0.0625
15962,-0.0625
15963,0
15964,1.9375
15965,1.9375
15966,-2
15967,-1.9375
15968,-0.75
15969,0
15970,0
15971,-0.0625
15972,1.9375
15973,-2
15974,0
15975,0
15976,0.0625
15977,-0.0625
15978,-0.0625
15979,0
15980,-2
15981,-1.75
15982,-0.5625
15983,0.5625
15984,1.75
15985,0
15986,0
15987,-0.0625
15988,1.9375
15989,-2
15990,0
15991,0
15992,0.0625
15993,-0.0625
15994,-0.0625
15995,0
15996,-0.375
15997,0.75
15998,1.9375
15999,1.9375
16000,-2
16001,0
16002,0
16003,-0.0625
16004,1.9375
16005,-2
16006,0
16007,0
16008,0.0625
16009,-0.0625
16010,-0.0625
16011,0
16012,1.9375
16013,1.9375
16014,-2
16015,-2
16016,-1.25
16017,0
16018,0
16019,-0.0625
16020,1.9375
16021,-2
16022,0
16023,0
16024,0.0625
16025,-0.0625
16026,-0.0625
16027,0
16028,-2
16029,-2
16030,-1.0625
16031,0.0625
16032,1.25
16033,0
16034,0
16035,-0.0625
16036,1.9375
16037,-2
16038,0
16039,0
16040,0.0625
16041,-0.0625
16042,-0.0625
16043,0
16044,-0.875
16045,0.25
16046,1.4375
16047,1.9375
16048,1.9375
16049,0
16050,0
16051,-0.0625
16052,1.9375
16053,-2
16054,0
16055,0
16056,0.0625
16057,-0.0625
16058,-0.0625
16059,0
16060,1.625
16061,1.9375
16062,1.9375
16063,-2
16064,-1.75
16065,0
16066,0
16067,-0.0625
16068,1.9375
16069,-2
16070,0
16071,0
16072,0.0625
16073,-0.0625
16074,-0.0625
16075,0
16076,-2
16077,-2
16078,-1.5625
16079,-0.4375
16080,0.75
16081,0
16082,0
16083,-0.0625
16084,1.9375
16085,-2
16086,0
16087,0
16088,0.0625
16089,-0.0625
16090,-0.0625
16091,0
16092,-1.375
16093,-0.25
16094,0.9375
16095,1.9375
16096,1.9375
16097,0
16098,0
16099,-0.0625
16100,1.9375
16101,-2
16102,0
16103,0
16104,0.0625
16105,-0.0625
16106,-0.0625
16107,0
16108,1.125
16109,1.9375
16110,1.9375
16111,-2
16112,-2
16113,0
16114,0
16115,-0.0625
16116,1.9375
16117,-2
16118,0
16119,0
16120,0.0625
16121,-0.0625
16122,-0.0625
16123,0
16124,1.9375
16125,-2
16126,-2
16127,-0.9375
16128,0.25
16129,0
16130,0
16131,-0.0625
16132,1.9375
16133,-2
16134,0
16135,0
16136,0.0625
16137,-0.0625
16138,-0.0625
16139,0
16140,-1.875
16141,-0.75
16142,0.4375
16143,1.5625
16144,1.9375
16145,0
16146,0
16147,-0.0625
16148,1.9375
16149,-2
16150,0
16151,0
16152,0.0625
16153,-0.0625
16154,-0.0625
16155,0
16156,0.625
16157,1.75
16158,1.9375
16159,-2
16160,-2
16161,0
16162,0
16163,-0.0625
16164,1.9375
16165,-2
16166,0
16167,0
16168,0.0625
16169,-0.0625
16170,-0.0625
16171,0
16172,1.9375
16173,-2
16174,-2
16175,-1.4375
16176,-0.25
16177,0
16178,0
16179,-0.0625
16180,1.9375
16181,-2
16182,0
16183,0
16184,0.0625
16185,-0.0625
16186,-0.0625
16187,0
16188,-2
16189,-1.25
16190,-0.0625
16191,1.0625
16192,1.9375
16193,0
16194,0
16195,-0.0625
16196,1.9375
16197,-2
16198,0
16199,0
16200,0.0625
16201,-0.0625
16202,-0.0625
16203,0
16204,0.125
16205,1.25
16206,1.9375
16207,1.9375
16208,-2
16209,0
16210,0
16211,-0.0625
16212,1.9375
16213,-2
16214,0
16215,0
16216,0.0625
16217,-0.0625
16218,-0.0625
16219,0
16220,1.9375
16221,1.9375
16222,-2
16223,-1.9375
16224,-0.75
16225,0
16226,0
16227,-0.0625
16228,1.9375
16229,-2
16230,0
16231,0
16232,0.0625
16233,-0.0625
16234,-0.0625
16235,0
16236,-2
16237,-1.75
16238,-0.5625
16239,0.5625
16240,1.75
16241,0
16242,0
16243,-0.0625
16244,1.9375
16245,-2
16246,0
16247,0
16248,0.0625
16249,-0.0625
16250,-0.0625
16251,0
16252,-0.375
16253,0.75
16254,1.9375
16255,1.9375
16256,-2
16257,0
16258,0
16259,-0.0625
16260,1.9375
16261,-2
16262,0
16263,0
16264,0.0625
16265,-0.0625
16266,-0.0625
16267,0
16268,1.9375
16269,1.9375
16270,-2
16271,-2
16272,-1.25
16273,0
16274,0
16275,-0.0625
16276,1.9375
16277,-2
16278,0
16279,0
16280,0.0625
16281,-0.0625
16282,-0.0625
16283,0
16284,-2
16285,-2
16286,-1.0625
16287,0.0625
16288,1.25
16289,0
16290,0
16291,-0.0625
16292,1.9375
16293,-2
16294,0
16295,0
16296,0.0625
16297,-0.0625
16298,-0.0625
16299,0
16300,-0.875
16301,0.25
16302,1.4375
16303,1.9375
16304,1.9375
16305,0
16306,0
16307,-0.0625
16308,1.9375
16309,-2
16310,0
16311,0
16312,0.0625
16313,-0.0625
16314,-0.0625
16315,0
16316,1.625
16317,1.9375
16318,1.9375
16319,-2
16320,-1.75
16321,0
16322,0
16323,-0.0625
16324,1.9375
16325,-2
16326,0
16327,0
16328,0.0625
16329,-0.0625
16330,-0.0625
16331,0
16332,-2
16333,-2
16334,-1.5625
16335,-0.4375
16336,0.75
16337,0
16338,0
16339,-0.0625
16340,1.9375
16341,-2
16342,0
16343,0
16344,0.0625
16345,-0.0625
16346,-0.0625
16347,0
16348,-1.375
16349,-0.25
16350,0.9375
16351,1.9375
16352,1.9375
16353,0
16354,0
16355,-0.0625
16356,1.9375
16357,-2
16358,0
16359,0
16360,0.0625
16361,-0.0625
16362,-0.0625
16363,0
16364,1.125
16365,1.9375
16366,1.9375
16367,-2
16368,-2
16369,0
16370,0
16371,-0.0625
16372,1.9375
16373,-2
16374,0
16375,0
16376,0.0625
16377,-0.0625
16378,-0.0625
16379,0
16380,1.9375
16381,-2
16382,-2
16383,-0.9375
16384,0.25
16385,0
16386,0
16387,-0.0625
16388,1.9375
16389,-2
16390,0
16391,0
16392,0.0625
16393,-0.0625
16394,-0.0625
16395,0
16396,-1.875
16397,-0.75
16398,0.4375
16399,1.5625
16400,1.9375
16401,0
16402,0
16403,-0.0625
16404,1.9375
16405,-2
16406,0
16407,0
16408,0.0625
16409,-0.0625
16410,-0.0625
16411,0
16412,0.625
16413,1.75
16414,1.9375
16415,-2
16416,-2
16417,0
16418,0
16419,-0.0625
16420,1.9375
16421,-2
16422,0
16423,0
16424,0.0625
16425,-0.0625
16426,-0.0625
16427,0
16428,1.9375
16429,-2
16430,-2
16431,-1.4375
16432,-0.25
16433,0
16434,0
16435,-0.0625
16436,1.9375
16437,-2
16438,0
16439,0
16440,0.0625
16441,-0.0625
16442,-0.0625
16443,0
16444,-2
16445,-1.25
16446,-0.0625
16447,1.0625
16448,1.9375
16449,0
16450,0
16451,-0.0625
16452,1.9375
16453,-2
16454,0
16455,0
16456,0.0625
16457,-0.0625
16458,-0.0625
16459,0
16460,0.125
16461,1.25
16462,1.9375
16463,1.9375
16464,-2
16465,0
16466,0
16467,-0.0625
16468,1.9375
16469,-2
16470,0
16471,0
16472,0.0625
16473,-0.0625
16474,-0.0625
16475,0
16476,1.9375
16477,1.9375
16478,-2
16479,-1.9375
16480,-0.75
16481,0
16482,0
16483,-0.0625
16484,1.9375
16485,-2
16486,0
16487,0
16488,0.0625
16489,-0.0625
16490,-0.0625
16491,0
16492,-2
16493,-1.75
16494,-0.5625
16495,0.5625
16496,1.75
16497,0
16498,0
16499,-0.0625
16500,1.9375
16501,-2
16502,0
16503,0
16504,0.0625
16505,-0.0625
16506,-0.0625
16507,0
16508,-0.375
16509,0.75
16510,1.9375
16511,1.9375
16512,-2
16513,0
16514,0
16515,-0.0625
16516,1.9375
16517,-2
16518,0
16519,0
16520,0.0625
16521,-0.0625
16522,-0.0625
16523,0
16524,1.9375
16525,1.9375
16526,-2
16527,-2
16528,-1.25
16529,0
16530,0
16531,-0.0625
16532,1.9375
16533,-2
16534,0
16535,0
16536,0.0625
16537,-0.0625
16538,-0.0625
16539,0
16540,-2
16541,-2
16542,-1.0625
16543,0.0625
16544,1.25
16545,0
16546,0
16547,-0.0625
16548,1.9375
16549,-2
16550,0
16551,0
16552,0.0625
16553,-0.0625
16554,-0.0625
16555,0
16556,-0.875
16557,0.25
16558,1.4375
16559,1.9375
16560,1.9375
16561,0
16562,0
16563,-0.0625
16564,1.9375
16565,-2
16566,0
16567,0
16568,0.0625
16569,-0.0625
16570,-0.0625
16571,0
16572,1.625
16573,1.9375
16574,1.9375
16575,-2
16576,-1.75
16577,0
16578,0
16579,-0.0625
16580,1.9375
16581,-2
16582,0
16583,0
16584,0.0625
16585,-0.0625
16586,-0.0625
16587,0
16588,-2
16589,-2
16590,-1.5625
16591,-0.4375
16592,0.75
16593,0
16594,0
16595,-0.0625
16596,1.9375
16597,-2
16598,0
16599,0
16600,0.0625
16601,-0.0625
16602,-0.0625
16603,0
16604,-1.375
16605,-0.25
16606,0.9375
16607,1.9375
16608,1.9375
16609,0
16610,0
16611,-0.0625
16612,1.9375
16613,-2
16614,0
16615,0
16616,0.0625
16617,-0.0625
16618,-0.0625
16619,0
16620,1.125
16621,1.9375
16622,1.9375
16623,-2
16624,-2
16625,0
16626,0
16627,-0.0625
16628,1.9375
16629,-2
16630,0
16631,0
16632,0.0625
16633,-0.0625
16634,-0.0625
16635,0
16636,1.9375
16637,-2
16638,-2
16639,-0.9375
16640,0.25
16641,0
16642,0
16643,-0.0625
16644,1.9375
16645,-2
16646,0
16647,0
16648,0.0625
16649,-0.0625
16650,-0.0625
16651,0
16652,-1.875
16653,-0.75
16654,0.4375
16655,1.5625
16656,1.9375
16657,0
16658,0
16659,-0.0625
16660,1.9375
16661,-2
16662,0
16663,0
16664,0.0625
16665,-0.0625
16666,-0.0625
16667,0
16668,0.625
16669,1.75
16670,1.9375
16671,-2
16672,-2
16673,0
16674,0
16675,-0.0625
16676,1.9375
16677,-2
16678,0
16679,0
16680,0.0625
16681,-0.0625
16682,-0.0625
16683,0
16684,1.9375
16685,-2
16686,-2
16687,-1.4375
16688,-0.25
16689,0
16690,0
16691,-0.0625
16692,1.9375
16693,-2
16694,0
16695,0
16696,0.0625
16697,-0.0625
16698,-0.0625
16699,0
16700,-2
16701,-1.25
16702,-0.0625
16703,1.0625
16704,1.9375
16705,0
16706,0
16707,-0.0625
16708,1.9375
16709,-2
16710,0
16711,0
16712,0.0625
16713,-0.0625
16714,-0.0625
16715,0
16716,0.125
16717,1.25
16718,1.9375
16719,1.9375
16720,-2
16721,0
16722,0
16723,-0.0625
16724,1.9375
16725,-2
16726,0
16727,0
16728,0.0625
16729,-0.0625
16730,-0.0625
16731,0
16732,1.9375
16733,1.9375
16734,-2
16735,-1.9375
16736,-0.75
16737,0
16738,0
16739,-0.0625
16740,1.9375
16741,-2
16742,0
16743,0
16744,0.0625
16745,-0.0625
16746,-0.0625
16747,0
16748,-2
16749,-1.75
16750,-0.5625
16751,0.5625
16752,1.75
16753,0
16754,0
16755,-0.0625
16756,1.9375
16757,-2
16758,0
16759,0
16760,0.0625
16761,-0.0625
16762,-0.0625
16763,0
16764,-0.375
16765,0.75
16766,1.9375
16767,1.9375
16768,-2
16769,0
16770,0
16771,-0.0625
16772,1.9375
16773,-2
16774,0
16775,0
16776,0.0625
16777,-0.0625
16778,-0.0625
16779,0
16780,1.9375
16781,1.9375
16782,-2
16783,-2
16784,-1.25
16785,0
16786,0
16787,-0.0625
16788,1.9375
16789,-2
16790,0
16791,0
16792,0.0625
16793,-0.0625
16794,-0.0625
16795,0
16796,-2
16797,-2
16798,-1.0625
16799,0.0625
16800,1.25
16801,0
16802,0
16803,-0.0625
16804,1.9375
16805,-2
16806,0
16807,0
16808,0.0625
16809,-0.0625
16810,-0.0625
16811,0
16812,-0.875
16813,0.25
16814,1.4375
16815,1.9375
16816,1.9375
16817,0
16818,0
16819,-0.0625
16820,1.9375
16821,-2
16822,0
16823,0
16824,0.0625
16825,-0.0625
16826,-0.0625
16827,0
16828,1.625
16829,1.9375
16830,1.9375
16831,-2
16832,-1.75
16833,0
16834,0
16835,-0.0625
16836,1.9375
16837,-2
16838,0
16839,0
16840,0.0625
16841,-0.0625
16842,-0.0625
16843,0
16844,-2
16845,-2
16846,-1.5625
16847,-0.4375
16848,0.75
16849,0
16850,0
16851,-0.0625
16852,1.9375
16853,-2
16854,0
16855,0
16856,0.0625
16857,-0.0625
16858,-0.0625
16859,0
16860,-1.375
16861,-0.25
16862,0.9375
16863,1.9375
16864,1.9375
16865,0
16866,0
16867,-0.0625
16868,1.9375
16869,-2
16870,0
16871,0
16872,0.0625
16873,-0.0625
16874,-0.0625
16875,0
16876,1.125
16877,1.9375
16878,1.9375
16879,-2
16880,-2
16881,0
16882,0
16883,-0.0625
16884,1.9375
16885,-2
16886,0
16887,0
16888,0.0625
16889,-0.0625
16890,-0.0625
16891,0
16892,1.9375
16893,-2
16894,-2
16895,-0.9375
16896,0.25
16897,0
16898,0
16899,-0.0625
16900,1.9375
16901,-2
16902,0
16903,0
16904,0.0625
16905,-0.0625
16906,-0.0625
16907,0
16908,-1.875
16909,-0.75
16910,0.4375
16911,1.5625
16912,1.9375
16913,0
16914,0
16915,-0.0625
16916,1.9375
16917,-2
16918,0
16919,0
16920,0.0625
16921,-0.0625
16922,-0.0625
16923,0
16924,0.625
16925,1.75
16926,1.9375
16927,-2
16928,-2
16929,0
16930,0
16931,-0.0625
16932,1.9375
16933,-2
16934,0
16935,0
16936,0.0625
16937,-0.0625
16938,-0.0625
16939,0
16940,1.9375
16941,-2
16942,-2
16943,-1.4375
16944,-0.25
16945,0
16946,0
16947,-0.0625
16948,1.9375
16949,-2
16950,0
16951,0
16952,0.0625
16953,-0.0625
16954,-0.0625
16955,0
16956,-2
16957,-1.25
16958,-0.0625
16959,1.0625
16960,1.9375
16961,0
16962,0
16963,-0.0625
16964,1.9375
16965,-2
16966,0
16967,0
16968,0.0625
16969,-0.0625
16970,-0.0625
16971,0
16972,0.125
16973,1.25
16974,1.9375
16975,1.9375
16976,-2
16977,0
16978,0
16979,-0.0625
16980,1.9375
16981,-2
16982,0
16983,0
16984,0.0625
16985,-0.0625
16986,-0.0625
16987,0
16988,1.9375
16989,1.9375
16990,-2
16991,-1.9375
16992,-0.75
16993,0
16994,0
16995,-0.0625
16996,1.9375
16997,-2
16998,0
16999,0
17000,0.0625
17001,-0.0625
17002,-0.0625
17003,0
17004,-2
17005,-1.75
17006,-0.5625
17007,0.5625
17008,1.75
17009,0
17010,0
17011,-0.0625
17012,1.9375
17013,-2
17014,0
17015,0
17016,0.0625
17017,-0.0625
17018,-0.0625
17019,0
17020,-0.375
17021,0.75
17022,1.9375
17023,1.9375
17024,-2
17025,0
17026,0
17027,-0.0625
17028,1.9375
17029,-2
17030,0
17031,0
17032,0.0625
17033,-0.0625
17034,-0.0625
17035,0
17036,1.9375
17037,1.9375
17038,-2
17039,-2
17040,-1.25
17041,0
17042,0
17043,-0.0625
17044,1.9375
17045,-2
17046,0
17047,0
17048,0.0625
17049,-0.0625
17050,-0.0625
17051,0
17052,-2
17053,-2
17054,-1.0625
17055,0.0625
17056,1.25
17057,0
17058,0
17059,-0.0625
17060,1.9375
17061,-2
17062,0
17063,0
17064,0.0625
17065,-0.0625
17066,-0.0625
17067,0
17068,-0.875
17069,0.25
17070,1.4375
17071,1.9375
17072,1.9375
17073,0
17074,0
17075,-0.0625
17076,1.9375
17077,-2
17078,0
17079,0
17080,0.0625
17081,-0.0625
17082,-0.0625
17083,0
17084,1.625
17085,1.9375
17086,1.9375
17087,-2
17088,-1.75
17089,0
17090,0
17091,-0.0625
17092,1.9375
17093,-2
17094,0
17095,0
17096,0.0625
17097,-0.0625
17098,-0.0625
17099,0
17100,-2
17101,-2
17102,-1.5625
17103,-0.4375
17104,0.75
17105,0
17106,0
17107,-0.0625
17108,1.9375
17109,-2
17110,0
17111,0
17112,0.0625
17113,-0.0625
17114,-0.0625
17115,0
17116,-1.375
17117,-0.25
17118,0.9375
17119,1.9375
17120,1.9375
17121,0
17122,0
17123,-0.0625
17124,1.9375
17125,-2
17126,0
17127,0
17128,0.0625
17129,-0.0625
17130,-0.0625
17131,0
17132,1.125
17133,1.9375
17134,1.9375
17135,-2
17136,-2
17137,0
17138,0
17139,-0.0625
17140,1.9375
17141,-2
17142,0
17143,0
17144,0.0625
17145,-0.0625
17146,-0.0625
17147,0
17148,1.9375
17149,-2
17150,-2
17151,-0.9375
17152,0.25
17153,0
17154,0
17155,-0.0625
17156,1.9375
17157,-2
17158,0
17159,0
17160,0.0625
17161,-0.0625
17162,-0.0625
17163,0
17164,-1.875
17165,-0.75
17166,0.4375
17167,1.5625
17168,1.9375
17169,0
17170,0
17171,-0.0625
17172,1.9375
17173,-2
17174,0
17175,0
17176,0.0625
17177,-0.0625
17178,-0.0625
17179,0
17180,0.625
17181,1.75
17182,1.9375
17183,-2
17184,-2
17185,0
17186,0
17187,-0.0625
17188,1.9375
17189,-2
17190,0
17191,0
17192,0.0625
17193,-0.0625
17194,-0.0625
17195,0
17196,1.9375
17197,-2
17198,-2
17199,-1.4375
17200,-0.25
17201,0
17202,0
17203,-0.0625
17204,1.9375
17205,-2
17206,0
17207,0
17208,0.0625
17209,-0.0625
17210,-0.0625
17211,0
17212,-2
17213,-1.25
17214,-0.0625
17215,1.0625
17216,1.9375
17217,0
17218,0
17219,-0.0625
17220,1.9375
17221,-2
17222,0
17223,0
17224,0.0625
17225,-0.0625
17226,-0.0625
17227,0
17228,0.125
17229,1.25
17230,1.9375
17231,1.9375
17232,-2
17233,0
17234,0
17235,-0.0625
17236,1.9375
17237,-2
17238,0
17239,0
17240,0.0625
17241,-0.0625
17242,-0.0625
17243,0
17244,1.9375
17245,1.9375
17246,-2
17247,-1.9375
17248,-0.75
17249,0
17250,0
17251,-0.0625
17252,1.9375
17253,-2
17254,0
17255,0
17256,0.0625
17257,-0.0625
17258,-0.0625
17259,0
17260,-2
17261,-1.75
17262,-0.5625
17263,0.5625
17264,1.75
17265,0
17266,0
17267,-0.0625
17268,1.9375
17269,-2
17270,0
17271,0
17272,0.0625
17273,-0.0625
17274,-0.0625
17275,0
17276,-0.375
17277,0.75
17278,1.9375
17279,1.9375
17280,-2
17281,0
17282,0
17283,-0.0625
17284,1.9375
17285,-2
17286,0
17287,0
17288,0.0625
17289,-0.0625
17290,-0.0625
17291,0
17292,1.9375
17293,1.9375
17294,-2
17295,-2
17296,-1.25
17297,0
17298,0
17299,-0.0625
17300,1.9375
17301,-2
17302,0
17303,0
17304,0.0625
17305,-0.0625
17306,-0.0625
17307,0
17308,-2
17309,-2
17310,-1.0625
17311,0.0625
17312,1.25
17313,0
17314,0
17315,-0.0625
17316,1.9375
17317,-2
17318,0
17319,0
17320,0.0625
17321,-0.0625
17322,-0.0625
17323,0
17324,-0.875
17325,0.25
17326,1.4375
17327,1.9375
17328,1.9375
17329,0
17330,0
17331,-0.0625
17332,1.9375
17333,-2
17334,0
17335,0
17336,0.0625
17337,-0.0625
17338,-0.0625
17339,0
17340,1.625
17341,1.9375
17342,1.9375
17343,-2
17344,-1.75
17345,0
17346,0
17347,-0.0625
17348,1.9375
17349,-2
17350,0
17351,0
17352,0.0625
17353,-0.0625
17354,-0.0625
17355,0
17356,-2
17357,-2
17358,-1.5625
17359,-0.4375
17360,0.75
17361,0
17362,0
17363,-0.0625
17364,1.9375
17365,-2
17366,0
17367,0
17368,0.0625
17369,-0.0625
17370,-0.0625
17371,0
17372,-1.375
17373,-0.25
17374,0.9375
17375,1.9375
17376,1.9375
17377,0
17378,0
17379,-0.0625
17380,1.9375
17381,-2
17382,0
17383,0
17384,0.0625
17385,-0.0625
17386,-0.0625
17387,0
17388,1.125
17389,1.9375
17390,1.9375
17391,-2
17392,-2
17393,0
17394,0
17395,-0.0625
17396,1.9375
17397,-2
17398,0
17399,0
17400,0.0625
17401,-0.0625
17402,-0.0625
17403,0
17404,1.9375
17405,-2
17406,-2
17407,-0.9375
17408,0.25
17409,0
17410,0
17411,-0.0625
17412,1.9375
17413,-2
17414,0
17415,0
17416,0.0625
17417,-0.0625
17418,-0.0625
17419,0
17420,-1.875
17421,-0.75
17422,0.4375
17423,1.5625
17424,1.9375
17425,0
17426,0
17427,-0.0625
17428,1.9375
17429,-2
17430,0
17431,0
17432,0.0625
17433,-0.0625
17434,-0.0625
17435,0
17436,0.625
17437,1.75
17438,1.9375
17439,-2
17440,-2
17441,0
17442,0
17443,-0.0625
17444,1.9375
17445,-2
17446,0
17447,0
17448,0.0625
17449,-0.0625
17450,-0.0625
17451,0
17452,1.9375
17453,-2
17454,-2
17455,-1.4375
17456,-0.25
17457,0
17458,0
17459,-0.0625
17460,1.9375
17461,-2
17462,0
17463,0
17464,0.0625
17465,-0.0625
17466,-0.0625
17467,0
17468,-2
17469,-1.25
17470,-0.0625
17471,1.0625
17472,1.9375
17473,0
17474,0
17475,-0.0625
17476,1.9375
17477,-2
17478,0
17479,0
17480,0.0625
17481,-0.0625
17482,-0.0625
17483,0
17484,0.125
17485,1.25
17486,1.9375
17487,1.9375
17488,-2
17489,0
17490,0
17491,-0.0625
17492,1.9375
17493,-2
17494,0
17495,0
17496,0.0625
17497,-0.0625
17498,-0.0625
17499,0
17500,1.9375
17501,1.9375
17502,-2
17503,-1.9375
17504,-0.75
17505,0
17506,0
17507,-0.0625
17508,1.9375
17509,-2
17510,0
17511,0
17512,0.0625
17513,-0.0625
17514,-0.0625
17515,0
17516,-2
17517,-1.75
17518,-0.5625
17519,0.5625
17520,1.75
17521,0
17522,0
17523,-0.0625
17524,1.9375
17525,-2
17526,0
17527,0
17528,0.0625
17529,-0.0625
17530,-0.0625
17531,0
17532,-0.375
17533,0.75
17534,1.9375
17535,1.9375
17536,-2
17537,0
17538,0
17539,-0.0625
17540,1.9375
17541,-2
17542,0
17543,0
17544,0.0625
17545,-0.0625
17546,-0.0625
17547,0
17548,1.9375
17549,1.9375
17550,-2
17551,-2
17552,-1.25
17553,0
17554,0
17555,-0.0625
17556,1.9375
17557,-2
17558,0
17559,0
17560,0.0625
17561,-0.0625
17562,-0.0625
17563,0
17564,-2
17565,-2
17566,-1.0625
17567,0.0625
17568,1.25
17569,0
17570,0
17571,-0.0625
17572,1.9375
17573,-2
17574,0
17575,0
17576,0.0625
17577,-0.0625
17578,-0.0625
17579,0
17580,-0.875
17581,0.25
17582,1.4375
17583,1.9375
17584,1.9375
17585,0
17586,0
17587,-0.0625
17588,1.9375
17589,-2
17590,0
17591,0
17592,0.0625
17593,-0.0625
17594,-0.0625
17595,0
17596,1.625
17597,1.9375
17598,1.9375
17599,-2
17600,-1.75
17601,0
17602,0
17603,-0.0625
17604,1.9375
17605,-2
17606,0
17607,0
17608,0.0625
17609,-0.0625
17610,-0.0625
17611,0
17612,-2
17613,-2
17614,-1.5625
17615,-0.4375
17616,0.75
17617,0
17618,0
17619,-0.0625
17620,1.9375
17621,-2
17622,0
17623,0
17624,0.0625
17625,-0.0625
17626,-0.0625
17627,0
17628,-1.375
17629,-0.25
17630,0.9375
17631,1.9375
17632,1.9375
17633,0
17634,0
17635,-0.0625
17636,1.9375
17637,-2
17638,0
17639,0
17640,0.0625
17641,-0.0625
17642,-0.0625
17643,0
17644,1.125
17645,1.9375
17646,1.9375
17647,-2
17648,-2
17649,0
17650,0
17651,-0.0625
17652,1.9375
17653,-2
17654,0
17655,0
17656,0.0625
17657,-0.0625
17658,-0.0625
17659,0
17660,1.9375
17661,-2
17662,-2
17663,-0.9375
17664,0.25
17665,0
17666,0
17667,-0.0625
17668,1.9375
17669,-2
17670,0
17671,0
17672,0.0625
17673,-0.0625
17674,-0.0625
17675,0
17676,-1.875
17677,-0.75
17678,0.4375
17679,1.5625
17680,1.9375
17681,0
17682,0
17683,-0.0625
17684,1.9375
17685,-2
17686,0
17687,0
17688,0.0625
17689,-0.0625
17690,-0.0625
17691,0
17692,0.625
17693,1.75
17694,1.9375
17695,-2
17696,-2
17697,0
17698,0
17699,-0.0625
17700,1.9375
17701,-2
17702,0
17703,0
17704,0.0625
17705,-0.0625
17706,-0.0625
17707,0
17708,1.9375
17709,-2
17710,-2
17711,-1.4375
17712,-0.25
17713,0
17714,0
17715,-0.0625
17716,1.9375
17717,-2
17718,0
17719,0
17720,0.0625
17721,-0.0625
17722,-0.0625
17723,0
17724,-2
17725,-1.25
17726,-0.0625
17727,1.0625
17728,1.9375
17729,0
17730,0
17731,-0.0625
17732,1.9375
17733,-2
17734,0
17735,0
17736,0.0625
17737,-0.0625
17738,-0.0625
17739,0
17740,0.125
17741,1.25
17742,1.9375
17743,1.9375
17744,-2
17745,0
17746,0
17747,-0.0625
17748,1.9375
17749,-2
17750,0
17751,0
17752,0.0625
17753,-0.0625
17754,-0.0625
17755,0
17756,1.9375
17757,1.9375
17758,-2
17759,-1.9375
17760,-0.75
17761,0
17762,0
17763,-0.0625
17764,1.9375
17765,-2
17766,0
17767,0
17768,0.0625
17769,-0.0625
17770,-0.0625
17771,0
17772,-2
17773,-1.75
17774,-0.5625
17775,0.5625
17776,1.75
17777,0
17778,0
17779,-0.0625
17780,1.9375
17781,-2
17782,0
17783,0
17784,0.0625
17785,-0.0625
17786,-0.0625
17787,0
17788,-0.375
17789,0.75
17790,1.9375
17791,1.9375
17792,-2
17793,0
17794,0
17795,-0.0625
17796,1.9375
17797,-2
17798,0
17799,0
17800,0.0625
17801,-0.0625
17802,-0.0625
17803,0
17804,1.9375
17805,1.9375
17806,-2
17807,-2
17808,-1.25
17809,0
17810,0
17811,-0.0625
17812,1.9375
17813,-2
17814,0
17815,0
17816,0.0625
17817,-0.0625
17818,-0.0625
17819,0
17820,-2
17821,-2
17822,-1.0625
17823,0.0625
17824,1.25
17825,0
17826,0
17827,-0.0625
17828,1.9375
17829,-2
17830,0
17831,0
17832,0.0625
17833,-0.0625
17834,-0.0625
17835,0
17836,-0.875
17837,0.25
17838,1.4375
17839,1.9375
17840,1.9375
17841,0
17842,0
17843,-0.0625
17844,1.9375
17845,-2
17846,0
17847,0
17848,0.0625
17849,-0.0625
17850,-0.0625
17851,0
17852,1.625
17853,1.9375
17854,1.9375
17855,-2
17856,-1.75
17857,0
17858,0
17859,-0.0625
17860,1.9375
17861,-2
17862,0
17863,0
17864,0.0625
17865,-0.0625
17866,-0.0625
17867,0
17868,-2
17869,-2
17870,-1.5625
17871,-0.4375
17872,0.75
17873,0
17874,0
17875,-0.0625
17876,1.9375
17877,-2
17878,0
17879,0
17880,0.0625
17881,-0.0625
17882,-0.0625
17883,0
17884,-1.375
17885,-0.25
17886,0.9375
17887,1.9375
17888,1.9375
17889,0
17890,0
17891,-0.0625
17892,1.9375
17893,-2
17894,0
17895,0
17896,0.0625
17897,-0.0625
17898,-0.0625
17899,0
17900,1.125
17901,1.9375
17902,1.9375
17903,-2
17904,-2
17905,0
17906,0
17907,-0.0625
17908,1.9375
17909,-2
17910,0
17911,0
17912,0.0625
17913,-0.0625
17914,-0.0625
17915,0
17916,1.9375
17917,-2
17918,-2
17919,-0.9375
17920,0.25
17921,0
17922,0
17923,-0.0625
17924,1.9375
17925,-2
17926,0
17927,0
17928,0.0625
17929,-0.0625
17930,-0.0625
17931,0
17932,-1.875
17933,-0.75
17934,0.4375
17935,1.5625
17936,1.9375
17937,0
17938,0
17939,-0.0625
17940,1.9375
17941,-2
17942,0
17943,0
17944,0.0625
17945,-0.0625
17946,-0.0625
17947,0
17948,0.625
17949,1.75
17950,1.9375
17951,-2
17952,-2
17953,0
17954,0
17955,-0.0625
17956,1.9375
17957,-2
17958,0
17959,0
17960,0.0625
17961,-0.0625
17962,-0.0625
17963,0
17964,1.9375
17965,-2
17966,-2
17967,-1.4375
17968,-0.25
17969,0
17970,0
17971,-0.0625
17972,1.9375
17973,-2
17974,0
17975,0
17976,0.0625
17977,-0.0625
17978,-0.0625
17979,0
17980,-2
17981,-1.25
17982,-0.0625
17983,1.0625
17984,1.9375
17985,0
17986,0
17987,-0.0625
17988,1.9375
17989,-2
17990,0
17991,0
17992,0.0625
17993,-0.0625
17994,-0.0625
17995,0
17996,0.125
17997,1.25
17998,1.9375
17999,1.9375
18000,-2
18001,0
18002,0
18003,-0.0625
18004,1.9375
18005,-2
18006,0
18007,0
18008,0.0625
18009,-0.0625
18010,-0.0625
18011,0
18012,1.9375
18013,1.9375
18014,-2
18015,-1.9375
18016,-0.75
18017,0
18018,0
18019,-0.0625
18020,1.9375
18021,-2
18022,0
18023,0
18024,0.0625
18025,-0.0625
18026,-0.0625
18027,0
18028,-2
18029,-1.75
18030,-0.5625
18031,0.5625
18032,1.75
18033,0
18034,0
18035,-0.0625
18036,1.9375
18037,-2
18038,0
18039,0
18040,0.0625
18041,-0.0625
18042,-0.0625
18043,0
18044,-0.375
18045,0.75
18046,1.9375
18047,1.9375
18048,-2
18049,0
18050,0
18051,-0.0625
18052,1.9375
18053,-2
18054,0
18055,0
18056,0.0625
18057,-0.0625
18058,-0.0625
18059,0
18060,1.9375
18061,1.9375
18062,-2
18063,-2
18064,-1.25
18065,0
18066,0
18067,-0.0625
18068,1.9375
18069,-2
18070,0
18071,0
18072,0.0625
18073,-0.0625
18074,-0.0625
18075,0
18076,-2
18077,-2
18078,-1.0625
18079,0.0625
18080,1.25
18081,0
18082,0
18083,-0.0625
18084,1.9375
18085,-2
18086,0
18087,0
18088,0.0625
18089,-0.0625
18090,-0.0625
18091,0
18092,-0.875
18093,0.25
18094,1.4375
18095,1.9375
18096,1.9375
18097,0
18098,0
18099,-0.0625
18100,1.9375
18101,-2
18102,0
18103,0
18104,0.0625
18105,-0.0625
18106,-0.0625
18107,0
18108,1.625
18109,1.9375
18110,1.9375
18111,-2
18112,-1.75
18113,0
18114,0
18115,-0.0625
18116,1.9375
18117,-2
18118,0
18119,0
18120,0.0625
18121,-0.0625
18122,-0.0625
18123,0
18124,-2
18125,-2
18126,-1.5625
18127,-0.4375
18128,0.75
18129,0
18130,0
18131,-0.0625
18132,1.9375
18133,-2
18134,0
18135,0
18136,0.0625
18137,-0.0625
18138,-0.0625
18139,0
18140,-1.375
18141,-0.25
18142,0.9375
18143,1.9375
18144,1.9375
18145,0
18146,0
18147,-0.0625
18148,1.9375
18149,-2
18150,0
18151,0
18152,0.0625
18153,-0.0625
18154,-0.0625
18155,0
18156,1.125
18157,1.9375
18158,1.9375
18159,-2
18160,-2
18161,0
18162,0
18163,-0.0625
18164,1.9375
18165,-2
18166,0
18167,0
18168,0.0625
18169,-0.0625
18170,-0.0625
18171,0
18172,1.9375
18173,-2
18174,-2
18175,-0.9375
18176,0.25
18177,0
18178,0
18179,-0.0625
18180,1.9375
18181,-2
18182,0
18183,0
18184,0.0625
18185,-0.0625
18186,-0.0625
18187,0
18188,-1.875
18189,-0.75
18190,0.4375
18191,1.5625
18192,1.9375
18193,0
18194,0
18195,-0.0625
18196,1.9375
18197,-2
18198,0
18199,0
18200,0.0625
18201,-0.0625
18202,-0.0625
18203,0
18204,0.625
18205,1.75
18206,1.9375
18207,-2
18208,-2
18209,0
18210,0
18211,-0.0625
18212,1.9375
18213,-2
18214,0
18215,0
18216,0.0625
18217,-0.0625
18218,-0.0625
18219,0
18220,1.9375
18221,-2
18222,-2
18223,-1.4375
18224,-0.25
18225,0
18226,0
18227,-0.0625
18228,1.9375
18229,-2
18230,0
18231,0
18232,0.0625
18233,-0.0625
18234,-0.0625
18235,0
18236,-2
18237,-1.25
18238,-0.0625
18239,1.0625
18240,1.9375
18241,0
18242,0
18243,-0.0625
18244,1.9375
18245,-2
18246,0
18247,0
18248,0.0625
18249,-0.0625
18250,-0.0625
18251,0
18252,0.125
18253,1.25
18254,1.9375
18255,1.9375
18256,-2
18257,0
18258,0
18259,-0.0625
18260,1.9375
18261,-2
18262,0
18263,0
18264,0.0625
18265,-0.0625
18266,-0.0625
18267,0
18268,1.9375
18269,1.9375
18270,-2
18271,-1.9375
18272,-0.75
18273,0
18274,0
18275,-0.0625
18276,1.9375
18277,-2
18278,0
18279,0
18280,0.0625
18281,-0.0625
18282,-0.0625
18283,0
18284,-2
18285,-1.75
18286,-0.5625
18287,0.5625
18288,1.75
18289,0
18290,0
18291,-0.0625
18292,1.9375
18293,-2
18294,0
18295,0
18296,0.0625
18297,-0.0625
18298,-0.0625
18299,0
18300,-0.375
18301,0.75
18302,1.9375
18303,1.9375
18304,-2
18305,0
18306,0
18307,-0.0625
18308,1.9375
18309,-2
18310,0
18311,0
18312,0.0625
18313,-0.0625
18314,-0.0625
18315,0
18316,1.9375
18317,1.9375
18318,-2
18319,-2
18320,-1.25
18321,0
18322,0
18323,-0.0625
18324,1.9375
18325,-2
18326,0
18327,0
18328,0.0625
18329,-0.0625
18330,-0.0625
18331,0
18332,-2
18333,-2
18334,-1.0625
18335,0.0625
18336,1.25
18337,0
18338,0
18339,-0.0625
18340,1.9375
18341,-2
18342,0
18343,0
18344,0.0625
18345,-0.0625
18346,-0.0625
18347,0
18348,-0.875
18349,0.25
18350,1.4375
18351,1.9375
18352,1.9375
18353,0
18354,0
18355,-0.0625
18356,1.9375
18357,-2
18358,0
18359,0
18360,0.0625
18361,-0.0625
18362,-0.0625
18363,0
18364,1.625
18365,1.9375
18366,1.9375
18367,-2
18368,-1.75
18369,0
18370,0
18371,-0.0625
18372,1.9375
18373,-2
18374,0
18375,0
18376,0.0625
18377,-0.0625
18378,-0.0625
18379,0
18380,-2
18381,-2
18382,-1.5625
18383,-0.4375
18384,0.75
18385,0
18386,0
18387,-0.0625
18388,1.9375
18389,-2
18390,0
18391,0
18392,0.0625
18393,-0.0625
18394,-0.0625
18395,0
18396,-1.375
18397,-0.25
18398,0.9375
18399,1.9375
18400,1.9375
18401,0
18402,0
18403,-0.0625
18404,1.9375
18405,-2
18406,0
18407,0
18408,0.0625
18409,-0.0625
18410,-0.0625
18411,0
18412,1.125
18413,1.9375
18414,1.9375
18415,-2
18416,-2
18417,0
18418,0
18419,-0.0625
18420,1.9375
18421,-2
18422,0
18423,0
18424,0.0625
18425,-0.0625
18426,-0.0625
18427,0
18428,1.9375
18429,-2
18430,-2
18431,-0.9375
18432,0.25
18433,0
18434,0
18435,-0.0625
18436,1.9375
18437,-2
18438,0
18439,0
18440,0.0625
18441,-0.0625
18442,-0.0625
18443,0
18444,-1.875
18445,-0.75
18446,0.4375
18447,1.5625
18448,1.9375
18449,0
18450,0
18451,-0.0625
18452,1.9375
18453,-2
18454,0
18455,0
18456,0.0625
18457,-0.0625
18458,-0.0625
18459,0
18460,0.625
18461,1.75
18462,1.9375
18463,-2
18464,-2
18465,0
18466,0
18467,-0.0625
18468,1.9375
18469,-2
18470,0
18471,0
18472,0.0625
18473,-0.0625
18474,-0.0625
18475,0
18476,1.9375
18477,-2
18478,-2
18479,-1.4375
18480,-0.25
18481,0
18482,0
18483,-0.0625
18484,1.9375
18485,-2
18486,0
18487,0
18488,0.0625
18489,-0.0625
18490,-0.0625
18491,0
18492,-2
18493,-1.25
18494,-0.0625
18495,1.0625
18496,1.9375
18497,0
18498,0
18499,-0.0625
18500,1.9375
18501,-2
18502,0
18503,0
18504,0.0625
18505,-0.0625
18506,-0.0625
18507,0
18508,0.125
18509,1.25
18510,1.9375
18511,1.9375
18512,-2
18513,0
18514,0
18515,-0.0625
18516,1.9375
18517,-2
18518,0
18519,0
18520,0.0625
18521,-0.0625
18522,-0.0625
18523,0
18524,1.9375
18525,1.9375
18526,-2
18527,-1.9375
18528,-0.75
18529,0
18530,0
18531,-0.0625
18532,1.9375
18533,-2
18534,0
18535,0
18536,0.0625
18537,-0.0625
18538,-0.0625
18539,0
18540,-2
18541,-1.75
18542,-0.5625
18543,0.5625
18544,1.75
18545,0
18546,0
18547,-0.0625
18548,1.9375
18549,-2
18550,0
18551,0
18552,0.0625
18553,-0.0625
18554,-0.0625
18555,0
18556,-0.375
18557,0.75
18558,1.9375
18559,1.9375
18560,-2
18561,0
18562,0
18563,-0.0625
18564,1.9375
18565,-2
18566,0
18567,0
18568,0.0625
18569,-0.0625
18570,-0.0625
18571,0
18572,1.9375
18573,1.9375
18574,-2
18575,-2
18576,-1.25
18577,0
18578,0
18579,-0.0625
18580,1.9375
18581,-2
18582,0
18583,0
18584,0.0625
18585,-0.0625
18586,-0.0625
18587,0
18588,-2
18589,-2
18590,-1.0625
18591,0.0625
18592,1.25
18593,0
18594,0
18595,-0.0625
18596,1.9375
18597,-2
18598,0
18599,0
18600,0.0625
18601,-0.0625
18602,-0.0625
18603,0
18604,-0.875
18605,0.25
18606,1.4375
18607,1.9375
18608,1.9375
18609,0
18610,0
18611,-0.0625
18612,1.9375
18613,-2
18614,0
18615,0
18616,0.0625
18617,-0.0625
18618,-0.0625
18619,0
18620,1.625
18621,1.9375
18622,1.9375
18623,-2
18624,-1.75
18625,0
18626,0
18627,-0.0625
18628,1.9375
18629,-2
18630,0
18631,0
18632,0.0625
18633,-0.0625
18634,-0.0625
18635,0
18636,-2
18637,-2
18638,-1.5625
18639,-0.4375
18640,0.75
18641,0
18642,0
18643,-0.0625
18644,1.9375
18645,-2
18646,0
18647,0
18648,0.0625
18649,-0.0625
18650,-0.0625
18651,0
18652,-1.375
18653,-0.25
18654,0.9375
18655,1.9375
18656,1.9375
18657,0
18658,0
18659,-0.0625
18660,1.9375
18661,-2
18662,0
18663,0
18664,0.0625
18665,-0.0625
18666,-0.0625
18667,0
18668,1.125
18669,1.9375
18670,1.9375
18671,-2
18672,-2
18673,0
18674,0
18675,-0.0625
18676,1.9375
18677,-2
18678,0
18679,0
18680,0.0625
18681,-0.0625
18682,-0.0625
18683,0
18684,1.9375
18685,-2
18686,-2
18687,-0.9375
18688,0.25
18689,0
18690,0
18691,-0.0625
18692,1.9375
18693,-2
18694,0
18695,0
18696,0.0625
18697,-0.0625
18698,-0.0625
18699,0
18700,-1.875
18701,-0.75
18702,0.4375
18703,1.5625
18704,1.9375
18705,0
18706,0
18707,-0.0625
18708,1.9375
18709,-2
18710,0
18711,0
18712,0.0625
18713,-0.0625
18714,-0.0625
18715,0
18716,0.625
18717,1.75
18718,1.9375
18719,-2
18720,-2
18721,0
18722,0
18723,-0.0625
18724,1.9375
18725,-2
18726,0
18727,0
18728,0.0625
18729,-0.0625
18730,-0.0625
18731,0
18732,1.9375
18733,-2
18734,-2
18735,-1.4375
18736,-0.25
18737,0
18738,0
18739,-0.0625
18740,1.9375
18741,-2
18742,0
18743,0
18744,0.0625
18745,-0.0625
18746,-0.0625
18747,0
18748,-2
18749,-1.25
18750,-0.0625
18751,1.0625
18752,1.9375
18753,0
18754,0
18755,-0.0625
18756,1.9375
18757,-2
18758,0
18759,0
18760,0.0625
18761,-0.0625
18762,-0.0625
18763,0
18764,0.125
18765,1.25
18766,1.9375
18767,1.9375
18768,-2
18769,0
18770,0
18771,-0.0625
18772,1.9375
18773,-2
18774,0
18775,0
18776,0.0625
18777,-0.0625
18778,-0.0625
18779,0
18780,1.9375
18781,1.9375
18782,-2
18783,-1.9375
18784,-0.75
18785,0
18786,0
18787,-0.0625
18788,1.9375
18789,-2
18790,0
18791,0
18792,0.0625
18793,-0.0625
18794,-0.0625
18795,0
18796,-2
18797,-1.75
18798,-0.5625
18799,0.5625
18800,1.75
18801,0
18802,0
18803,-0.0625
18804,1.9375
18805,-2
18806,0
18807,0
18808,0.0625
18809,-0.0625
18810,-0.0625
18811,0
18812,-0.375
18813,0.75
18814,1.9375
18815,1.9375
18816,-2
18817,0
18818,0
18819,-0.0625
18820,1.9375
18821,-2
18822,0
18823,0
18824,0.0625
18825,-0.0625
18826,-0.0625
18827,0
18828,1.9375
18829,1.9375
18830,-2
18831,-2
18832,-1.25
18833,0
18834,0
18835,-0.0625
18836,1.9375
18837,-2
18838,0
18839,0
18840,0.0625
18841,-0.0625
18842,-0.0625
18843,0
18844,-2
18845,-2
18846,-1.0625
18847,0.0625
18848,1.25
18849,0
18850,0
18851,-0.0625
18852,1.9375
18853,-2
18854,0
18855,0
18856,0.0625
18857,-0.0625
18858,-0.0625
18859,0
18860,-0.875
18861,0.25
18862,1.4375
18863,1.9375
18864,1.9375
18865,0
18866,0
18867,-0.0625
18868,1.9375
18869,-2
18870,0
18871,0
18872,0.0625
18873,-0.0625
18874,-0.0625
18875,0
18876,1.625
18877,1.9375
18878,1.9375
18879,-2
18880,-1.75
18881,0
18882,0
18883,-0.0625
18884,1.9375
18885,-2
18886,0
18887,0
18888,0.0625
18889,-0.0625
18890,-0.0625
18891,0
18892,-2
18893,-2
18894,-1.5625
18895,-0.4375
18896,0.75
18897,0
18898,0
18899,-0.0625
18900,1.9375
18901,-2
18902,0
18903,0
18904,0.0625
18905,-0.0625
18906,-0.0625
18907,0
18908,-1.375
18909,-0.25
18910,0.9375
18911,1.9375
18912,1.9375
18913,0
18914,0
18915,-0.0625
18916,1.9375
18917,-2
18918,0
18919,0
18920,0.0625
18921,-0.0625
18922,-0.0625
18923,0
18924,1.125
18925,1.9375
18926,1.9375
18927,-2
18928,-2
18929,0
18930,0
18931,-0.0625
18932,1.9375
18933,-2
18934,0
18935,0
18936,0.0625
18937,-0.0625
18938,-0.0625
18939,0
18940,1.9375
18941,-2
18942,-2
18943,-0.9375
18944,0.25
18945,0
18946,0
18947,-0.0625
18948,1.9375
18949,-2
18950,0
18951,0
18952,0.0625
18953,-0.0625
18954,-0.0625
18955,0
18956,-1.875
18957,-0.75
18958,0.4375
18959,1.5625
18960,1.9375
18961,0
18962,0
18963,-0.0625
18964,1.9375
18965,-2
18966,0
18967,0
18968,0.0625
18969,-0.0625
18970,-0.0625
18971,0
18972,0.625
18973,1.75
18974,1.9375
18975,-2
18976,-2
18977,0
18978,0
18979,-0.0625
18980,1.9375
18981,-2
18982,0
18983,0
18984,0.0625
18985,-0.0625
18986,-0.0625
18987,0
18988,1.9375
18989,-2
18990,-2
18991,-1.4375
18992,-0.25
18993,0
18994,0
18995,-0.0625
18996,1.9375
18997,-2
18998,0
18999,0
19000,0.0625
19001,-0.0625
19002,-0.0625
19003,0
19004,-2
19005,-1.25
19006,-0.0625
19007,1.0625
19008,1.9375
19009,0
19010,0
19011,-0.0625
19012,1.9375
19013,-2
19014,0
19015,0
19016,0.0625
19017,-0.0625
19018,-0.0625
19019,0
19020,0.125
19021,1.25
19022,1.9375
19023,1.9375
19024,-2
19025,0
19026,0
19027,-0.0625
19028,1.9375
19029,-2
19030,0
19031,0
19032,0.0625
19033,-0.0625
19034,-0.0625
19035,0
19036,1.9375
19037,1.9375
19038,-2
19039,-1.9375
19040,-0.75
19041,0
19042,0
19043,-0.0625
19044,1.9375
19045,-2
19046,0
19047,0
19048,0.0625
19049,-0.0625
19050,-0.0625
19051,0
19052,-2
19053,-1.75
19054,-0.5625
19055,0.5625
19056,1.75
19057,0
19058,0
19059,-0.0625
19060,1.9375
19061,-2
19062,0
19063,0
19064,0.0625
19065,-0.0625
19066,-0.0625
19067,0
19068,-0.375
19069,0.75
19070,1.9375
19071,1.9375
19072,-2
19073,0
19074,0
19075,-0.0625
19076,1.9375
19077,-2
19078,0
19079,0
19080,0.0625
19081,-0.0625
19082,-0.0625
19083,0
19084,1.9375
19085,1.9375
19086,-2
19087,-2
19088,-1.25
19089,0
19090,0
19091,-0.0625
19092,1.9375
19093,-2
19094,0
19095,0
19096,0.0625
19097,-0.0625
19098,-0.0625
19099,0
19100,-2
19101,-2
19102,-1.0625
19103,0.0625
19104,1.25
19105,0
19106,0
19107,-0.0625
19108,1.9375
19109,-2
19110,0
19111,0
19112,0.0625
19113,-0.0625
19114,-0.0625
19115,0
19116,-0.875
19117,0.25
19118,1.4375
19119,1.9375
19120,1.9375
19121,0
19122,0
19123,-0.0625
19124,1.9375
19125,-2
19126,0
19127,0
19128,0.0625
19129,-0.0625
19130,-0.0625
19131,0
19132,1.625
19133,1.9375
19134,1.9375
19135,-2
19136,-1.75
19137,0
19138,0
19139,-0.0625
19140,1.9375
19141,-2
19142,0
19143,0
19144,0.0625
19145,-0.0625
19146,-0.0625
19147,0
19148,-2
19149,-2
19150,-1.5625
19151,-0.4375
19152,0.75
19153,0
19154,0
19155,-0.0625
19156,1.9375
19157,-2
19158,0
19159,0
19160,0.0625
19161,-0.0625
19162,-0.0625
19163,0
19164,-1.375
19165,-0.25
19166,0.9375
19167,1.9375
19168,1.9375
19169,0
19170,0
19171,-0.0625
19172,1.9375
19173,-2
19174,0
19175,0
19176,0.0625
19177,-0.0625
19178,-0.0625
19179,0
19180,1.125
19181,1.9375
19182,1.9375
19183,-2
19184,-2
19185,0
19186,0
19187,-0.0625
19188,1.9375
19189,-2
19190,0
19191,0
19192,0.0625
19193,-0.0625
19194,-0.0625
19195,0
19196,1.9375
19197,-2
19198,-2
19199,-0.9375
19200,0.25
19201,0
19202,0
19203,-0.0625
19204,1.9375
19205,-2
19206,0
19207,0
19208,0.0625
19209,-0.0625
19210,-0.0625
19211,0
19212,-1.875
19213,-0.75
19214,0.4375
19215,1.5625
19216,1.9375
19217,0
19218,0
19219,-0.0625
19220,1.9375
19221,-2
19222,0
19223,0
19224,0.0625
19225,-0.0625
19226,-0.0625
19227,0
19228,0.625
19229,1.75
19230,1.9375
19231,-2
19232,-2
19233,0
19234,0
19235,-0.0625
19236,1.9375
19237,-2
19238,0
19239,0
19240,0.0625
19241,-0.0625
19242,-0.0625
19243,0
19244,1.9375
19245,-2
19246,-2
19247,-1.4375
19248,-0.25
19249,0
19250,0
19251,-0.0625
19252,1.9375
19253,-2
19254,0
19255,0
19256,0.0625
19257,-0.0625
19258,-0.0625
19259,0
19260,-2
19261,-1.25
19262,-0.0625
19263,1.0625
19264,1.9375
19265,0
19266,0
19267,-0.0625
19268,1.9375
19269,-2
19270,0
19271,0
19272,0.0625
19273,-0.0625
19274,-0.0625
19275,0
19276,0.125
19277,1.25
19278,1.9375
19279,1.9375
19280,-2
19281,0
19282,0
19283,-0.0625
19284,1.9375
19285,-2
19286,0
19287,0
19288,0.0625
19289,-0.0625
19290,-0.0625
19291,0
19292,1.9375
19293,1.9375
19294,-2
19295,-1.9375
19296,-0.75
19297,0
19298,0
19299,-0.0625
19300,1.9375
19301,-2
19302,0
19303,0
19304,0.0625
19305,-0.0625
19306,-0.0625
19307,0
19308,-2
19309,-1.75
19310,-0.5625
19311,0.5625
19312,1.75
19313,0
19314,0
19315,-0.0625
19316,1.9375
19317,-2
19318,0
19319,0
19320,0.0625
19321,-0.0625
19322,-0.0625
19323,0
19324,-0.375
19325,0.75
19326,1.9375
19327,1.9375
19328,-2
19329,0
19330,0
19331,-0.0625
19332,1.9375
19333,-2
19334,0
19335,0
19336,0.0625
19337,-0.0625
19338,-0.0625
19339,0
19340,1.9375
19341,1.9375
19342,-2
19343,-2
19344,-1.25
19345,0
19346,0
19347,-0.0625
19348,1.9375
19349,-2
19350,0
19351,0
19352,0.0625
19353,-0.0625
19354,-0.0625
19355,0
19356,-2
19357,-2
19358,-1.0625
19359,0.0625
19360,1.25
19361,0
19362,0
19363,-0.0625
19364,1.9375
19365,-2
19366,0
19367,0
19368,0.0625
19369,-0.0625
19370,-0.0625
19371,0
19372,-0.875
19373,0.25
19374,1.4375
19375,1.9375
19376,1.9375
19377,0
19378,0
19379,-0.0625
19380,1.9375
19381,-2
19382,0
19383,0
19384,0.0625
19385,-0.0625
19386,-0.0625
19387,0
19388,1.625
19389,1.9375
19390,1.9375
19391,-2
19392,-1.75
19393,0
19394,0
19395,-0.0625
19396,1.9375
19397,-2
19398,0
19399,0
19400,0.0625
19401,-0.0625
19402,-0.0625
19403,0
19404,-2
19405,-2
19406,-1.5625
19407,-0.4375
19408,0.75
19409,0
19410,0
19411,-0.0625
19412,1.9375
19413,-2
19414,0
19415,0
19416,0.0625
19417,-0.0625
19418,-0.0625
19419,0
19420,-1.375
19421,-0.25
19422,0.9375
19423,1.9375
19424,1.9375
19425,0
19426,0
19427,-0.0625
19428,1.9375
19429,-2
19430,0
19431,0
19432,0.0625
19433,-0.0625
19434,-0.0625
19435,0
19436,1.125
19437,1.9375
19438,1.9375
19439,-2
19440,-2
19441,0
19442,0
19443,-0.0625
19444,1.9375
19445,-2
19446,0
19447,0
19448,0.0625
19449,-0.0625
19450,-0.0625
19451,0
19452,1.9375
19453,-2
19454,-2
19455,-0.9375
19456,0.25
19457,0
19458,0
19459,-0.0625
19460,1.9375
19461,-2
19462,0
19463,0
19464,0.0625
19465,-0.0625
19466,-0.0625
19467,0
19468,-1.875
19469,-0.75
19470,0.4375
19471,1.5625
19472,1.9375
19473,0
19474,0
19475,-0.0625
19476,1.9375
19477,-2
19478,0
19479,0
19480,0.0625
19481,-0.0625
19482,-0.0625
19483,0
19484,0.625
19485,1.75
19486,1.9375
19487,-2
19488,-2
19489,0
19490,0
19491,-0.0625
19492,1.9375
19493,-2
19494,0
19495,0
19496,0.0625
19497,-0.0625
19498,-0.0625
19499,0
19500,1.9375
19501,-2
19502,-2
19503,-1.4375
19504,-0.25
19505,0
19506,0
19507,-0.0625
19508,1.9375
19509,-2
19510,0
19511,0
19512,0.0625
19513,-0.0625
19514,-0.0625
19515,0
19516,-2
19517,-1.25
19518,-0.0625
19519,1.0625
19520,1.9375
19521,0
19522,0
19523,-0.0625
19524,1.9375
19525,-2
19526,0
19527,0
19528,0.0625
19529,-0.0625
19530,-0.0625
19531,0
19532,0.125
19533,1.25
19534,1.9375
19535,1.9375
19536,-2
19537,0
19538,0
19539,-0.0625
19540,1.9375
19541,-2
19542,0
19543,0
19544,0.0625
19545,-0.0625
19546,-0.0625
19547,0
19548,1.9375
19549,1.9375
19550,-2
19551,-1.9375
19552,-0.75
19553,0
19554,0
19555,-0.0625
19556,1.9375
19557,-2
19558,0
19559,0
19560,0.0625
19561,-0.0625
19562,-0.0625
19563,0
19564,-2
19565,-1.75
19566,-0.5625
19567,0.5625
19568,1.75
19569,0
19570,0
19571,-0.0625
19572,1.9375
19573,-2
19574,0
19575,0
19576,0.0625
19577,-0.0625
19578,-0.0625
19579,0
19580,-0.375
19581,0.75
19582,1.9375
19583,1.9375
19584,-2
19585,0
19586,0
19587,-0.0625
19588,1.9375
19589,-2
19590,0
19591,0
19592,0.0625
19593,-0.0625
19594,-0.0625
19595,0
19596,1.9375
19597,1.9375
19598,-2
19599,-2
19600,-1.25
19601,0
19602,0
19603,-0.0625
19604,1.9375
19605,-2
19606,0
19607,0
19608,0.0625
19609,-0.0625
19610,-0.0625
19611,0
19612,-2
19613,-2
19614,-1.0625
19615,0.0625
19616,1.25
19617,0
19618,0
19619,-0.0625
19620,1.9375
19621,-2
19622,0
19623,0
19624,0.0625
19625,-0.0625
19626,-0.0625
19627,0
19628,-0.875
19629,0.25
19630,1.4375
19631,1.9375
19632,1.9375
19633,0
19634,0
19635,-0.0625
19636,1.9375
19637,-2
19638,0
19639,0
19640,0.0625
19641,-0.0625
19642,-0.0625
19643,0
19644,1.625
19645,1.9375
19646,1.9375
19647,-2
19648,-1.75
19649,0
19650,0
19651,-0.0625
19652,1.9375
19653,-2
19654,0
19655,0
19656,0.0625
19657,-0.0625
19658,-0.0625
19659,0
19660,-2
19661,-2
19662,-1.5625
19663,-0.4375
19664,0.75
19665,0
19666,0
19667,-0.0625
19668,1.9375
19669,-2
19670,0
19671,0
19672,0.0625
19673,-0.0625
19674,-0.0625
19675,0
19676,-1.375
19677,-0.25
19678,0.9375
19679,1.9375
19680,1.9375
19681,0
19682,0
19683,-0.0625
19684,1.9375
19685,-2
19686,0
19687,0
19688,0.0625
19689,-0.0625
19690,-0.0625
19691,0
19692,1.125
19693,1.9375
19694,1.9375
19695,-2
19696,-2
19697,0
19698,0
19699,-0.0625
19700,1.9375
19701,-2
19702,0
19703,0
19704,0.0625
19705,-0.0625
19706,-0.0625
19707,0
19708,1.9375
19709,-2
19710,-2
19711,-0.9375
19712,0.25
19713,0
19714,0
19715,-0.0625
19716,1.9375
19717,-2
19718,0
19719,0
19720,0.0625
19721,-0.0625
19722,-0.0625
19723,0
19724,-1.875
19725,-0.75
19726,0.4375
19727,1.5625
19728,1.9375
19729,0
19730,0
19731,-0.0625
19732,1.9375
19733,-2
19734,0
19735,0
19736,0.0625
19737,-0.0625
19738,-0.0625
19739,0
19740,0.625
19741,1.75
19742,1.9375
19743,-2
19744,-2
19745,0
19746,0
19747,-0.0625
19748,1.9375
19749,-2
19750,0
19751,0
19752,0.0625
19753,-0.0625
19754,-0.0625
19755,0
19756,1.9375
19757,-2
19758,-2
19759,-1.4375
19760,-0.25
19761,0
19762,0
19763,-0.0625
19764,1.9375
19765,-2
19766,0
19767,0
19768,0.0625
19769,-0.0625
19770,-0.0625
19771,0
19772,-2
19773,-1.25
19774,-0.0625
19775,1.0625
19776,1.9375
19777,0
19778,0
19779,-0.0625
19780,1.9375
19781,-2
19782,0
19783,0
19784,0.0625
19785,-0.0625
19786,-0.0625
19787,0
19788,0.125
19789,1.25
19790,1.9375
19791,1.9375
19792,-2
19793,0
19794,0
19795,-0.0625
19796,1.9375
19797,-2
19798,0
19799,0
19800,0.0625
19801,-0.0625
19802,-0.0625
19803,0
19804,1.9375
19805,1.9375
19806,-2
19807,-1.9375
19808,-0.75
19809,0
19810,0
19811,-0.0625
19812,1.9375
19813,-2
19814,0
19815,0
19816,0.0625
19817,-0.0625
19818,-0.0625
19819,0
19820,-2
19821,-1.75
19822,-0.5625
19823,0.5625
19824,1.75
19825,0
19826,0
19827,-0.0625
19828,1.9375
19829,-2
19830,0
19831,0
19832,0.0625
19833,-0.0625
19834,-0.0625
19835,0
19836,-0.375
19837,0.75
19838,1.9375
19839,1.9375
19840,-2
19841,0
19842,0
19843,-0.0625
19844,1.9375
19845,-2
19846,0
19847,0
19848,0.0625
19849,-0.0625
19850,-0.0625
19851,0
19852,1.9375
19853,1.9375
19854,-2
19855,-2
19856,-1.25
19857,0
19858,0
19859,-0.0625
19860,1.9375
19861,-2
19862,0
19863,0
19864,0.0625
19865,-0.0625
19866,-0.0625
19867,0
19868,-2
19869,-2
19870,-1.0625
19871,0.0625
19872,1.25
19873,0
19874,0
19875,-0.0625
19876,1.9375
19877,-2
19878,0
19879,0
19880,0.0625
19881,-0.0625
19882,-0.0625
19883,0
19884,-0.875
19885,0.25
19886,1.4375
19887,1.9375
19888,1.9375
19889,0
19890,0
19891,-0.0625
19892,1.9375
19893,-2
19894,0
19895,0
19896,0.0625
19897,-0.0625
19898,-0.0625
19899,0
19900,1.625
19901,1.9375
19902,1.9375
19903,-2
19904,-1.75
19905,0
19906,0
19907,-0.0625
19908,1.9375
19909,-2
19910,0
19911,0
19912,0.0625
19913,-0.0625
19914,-0.0625
19915,0
19916,-2
19917,-2
19918,-1.5625
19919,-0.4375
19920,0.75
19921,0
19922,0
19923,-0.0625
19924,1.9375
19925,-2
19926,0
19927,0
19928,0.0625
19929,-0.0625
19930,-0.0625
19931,0
19932,-1.375
19933,-0.25
19934,0.9375
19935,1.9375
19936,1.9375
19937,0
19938,0
19939,-0.0625
19940,1.9375
19941,-2
19942,0
19943,0
19944,0.0625
19945,-0.0625
19946,-0.0625
19947,0
19948,1.125
19949,1.9375
19950,1.9375
19951,-2
19952,-2
19953,0
19954,0
19955,-0.0625
19956,1.9375
19957,-2
19958,0
19959,0
19960,0.0625
19961,-0.0625
19962,-0.0625
19963,0
19964,1.9375
19965,-2
19966,-2
19967,-0.9375
19968,0.25
19969,0
19970,0
19971,-0.0625
19972,1.9375
19973,-2
19974,0
19975,0
19976,0.0625
19977,-0.0625
19978,-0.0625
19979,0
19980,-1.875
19981,-0.75
19982,0.4375
19983,1.5625
19984,1.9375
19985,0
19986,0
19987,-0.0625
19988,1.9375
19989,-2
19990,0
19991,0
19992,0.0625
19993,-0.0625
19994,-0.0625
19995,0
19996,0.625
19997,1.75
19998,1.9375
19999,-2
20000,-2
